  0
SECTION
  2
HEADER
  9
$ANGBASE
  50
0.0
  9
$ANGDIR
  70
1
  9
$MEASUREMENT
  70
0
  0
ENDSEC
  0
SECTION
  2
TABLES
  0
TABLE
  2
LTYPE
  70
4
  0
LTYPE
  5
40F
  2
CONTINUOUS
  70
0
  3
Solid line
  72
65
  73
0
  40
0.0
  0
LTYPE
  5
410
  2
DASHDOT
 70
0
  3
Dash Dot ____ _ ____ _
 72
65
 73
4
 40
2.0
 49
1.25
 49
-0.25
 49
0.25
 49
-0.25
  0
LTYPE
  5
411
  2
DASHED
 70
0
  3
Dashed __ __ __ __ __
 72
65
 73
2
 40
0.75
 49
0.5
 49
-0.25
  0
LTYPE
  5
43B
  2
DOTTED
 70
0
  3
Dotted .  .  .  .
 72
65
 73
2
 40
0.2
 49
0.0
 49
-0.2
  0
ENDTAB
  0
TABLE
  2
STYLE
  70
4
  0
STYLE
  2
KICAD
  70
0
  40
0
  41
1
  42
1
  50
0
  71
0
  3
isocp.shx
  0
STYLE
  2
KICADB
  70
0
  40
0
  41
1
  42
1
  50
0
  71
0
  3
isocp.shx
  0
STYLE
  2
KICADI
  70
0
  40
0
  41
1
  42
1
  50
15
  71
0
  3
isocp.shx
  0
STYLE
  2
KICADBI
  70
0
  40
0
  41
1
  42
1
  50
15
  71
0
  3
isocp.shx
  0
ENDTAB
  0
TABLE
  2
LAYER
  70
1
  0
LAYER
  2
BLACK
  70
0
  62
7
  6
CONTINUOUS
  0
ENDTAB
  0
ENDSEC
  0
SECTION
  2
ENTITIES
0
LINE
8
BLACK
6
CONTINUOUS
10
7.1247013385826774
20
-4.7129675196850389
11
7.1282616535433068
21
-4.7150230708661418
0
LINE
8
BLACK
6
CONTINUOUS
10
7.1282616535433068
20
-4.7150230708661418
11
7.1311685826771649
21
-4.71793
0
LINE
8
BLACK
6
CONTINUOUS
10
7.1311685826771649
20
-4.71793
11
7.1332241338582678
21
-4.7214903149606302
0
LINE
8
BLACK
6
CONTINUOUS
10
7.1332241338582678
20
-4.7214903149606302
11
7.1342881496062986
21
-4.7254612992125979
0
LINE
8
BLACK
6
CONTINUOUS
10
7.1342881496062986
20
-4.7254612992125979
11
7.1342881496062986
21
-4.7295723228346453
0
LINE
8
BLACK
6
CONTINUOUS
10
7.1342881496062986
20
-4.7295723228346453
11
7.1332241338582678
21
-4.733543307086614
0
LINE
8
BLACK
6
CONTINUOUS
10
7.1332241338582678
20
-4.733543307086614
11
7.1311685826771649
21
-4.7371036220472442
0
LINE
8
BLACK
6
CONTINUOUS
10
7.1311685826771649
20
-4.7371036220472442
11
7.1282616535433068
21
-4.7400105511811024
0
LINE
8
BLACK
6
CONTINUOUS
10
7.1282616535433068
20
-4.7400105511811024
11
7.1247013385826774
21
-4.7420661023622044
0
LINE
8
BLACK
6
CONTINUOUS
10
7.1247013385826774
20
-4.7420661023622044
11
7.1207303543307088
21
-4.7431301181102361
0
LINE
8
BLACK
6
CONTINUOUS
10
7.1207303543307088
20
-4.7431301181102361
11
7.1166193307086614
21
-4.7431301181102361
0
LINE
8
BLACK
6
CONTINUOUS
10
7.1166193307086614
20
-4.7431301181102361
11
7.1126483464566927
21
-4.7420661023622044
0
LINE
8
BLACK
6
CONTINUOUS
10
7.1126483464566927
20
-4.7420661023622044
11
7.1090880314960625
21
-4.7400105511811024
0
LINE
8
BLACK
6
CONTINUOUS
10
7.1090880314960625
20
-4.7400105511811024
11
7.1061811023622043
21
-4.7371036220472442
0
LINE
8
BLACK
6
CONTINUOUS
10
7.1061811023622043
20
-4.7371036220472442
11
7.1041255511811023
21
-4.733543307086614
0
LINE
8
BLACK
6
CONTINUOUS
10
7.1041255511811023
20
-4.733543307086614
11
7.1030615354330706
21
-4.7295723228346453
0
LINE
8
BLACK
6
CONTINUOUS
10
7.1030615354330706
20
-4.7295723228346453
11
7.1030615354330706
21
-4.7254612992125979
0
LINE
8
BLACK
6
CONTINUOUS
10
7.1030615354330706
20
-4.7254612992125979
11
7.1041255511811023
21
-4.7214903149606302
0
LINE
8
BLACK
6
CONTINUOUS
10
7.1041255511811023
20
-4.7214903149606302
11
7.1061811023622043
21
-4.71793
0
LINE
8
BLACK
6
CONTINUOUS
10
7.1061811023622043
20
-4.71793
11
7.1090880314960625
21
-4.7150230708661418
0
LINE
8
BLACK
6
CONTINUOUS
10
7.1090880314960625
20
-4.7150230708661418
11
7.1126483464566927
21
-4.7129675196850389
0
LINE
8
BLACK
6
CONTINUOUS
10
7.1126483464566927
20
-4.7129675196850389
11
7.1166193307086614
21
-4.7119035039370081
0
LINE
8
BLACK
6
CONTINUOUS
10
7.1166193307086614
20
-4.7119035039370081
11
7.1207303543307088
21
-4.7119035039370081
0
LINE
8
BLACK
6
CONTINUOUS
10
7.1207303543307088
20
-4.7119035039370081
11
7.1247013385826774
21
-4.7129675196850389
0
LINE
8
BLACK
6
CONTINUOUS
10
5.3192680708661415
20
-4.6852708661417326
11
5.3228283858267718
21
-4.6873264173228346
0
LINE
8
BLACK
6
CONTINUOUS
10
5.3228283858267718
20
-4.6873264173228346
11
5.3257353149606299
21
-4.6902333464566928
0
LINE
8
BLACK
6
CONTINUOUS
10
5.3257353149606299
20
-4.6902333464566928
11
5.3277908661417319
21
-4.693793661417323
0
LINE
8
BLACK
6
CONTINUOUS
10
5.3277908661417319
20
-4.693793661417323
11
5.3288548818897636
21
-4.6977646456692916
0
LINE
8
BLACK
6
CONTINUOUS
10
5.3288548818897636
20
-4.6977646456692916
11
5.3288548818897636
21
-4.7018756692913382
0
LINE
8
BLACK
6
CONTINUOUS
10
5.3288548818897636
20
-4.7018756692913382
11
5.3277908661417319
21
-4.7058466535433068
0
LINE
8
BLACK
6
CONTINUOUS
10
5.3277908661417319
20
-4.7058466535433068
11
5.3257353149606299
21
-4.709406968503937
0
LINE
8
BLACK
6
CONTINUOUS
10
5.3257353149606299
20
-4.709406968503937
11
5.3228283858267718
21
-4.7123138976377952
0
LINE
8
BLACK
6
CONTINUOUS
10
5.3228283858267718
20
-4.7123138976377952
11
5.3192680708661415
21
-4.7143694488188972
0
LINE
8
BLACK
6
CONTINUOUS
10
5.3192680708661415
20
-4.7143694488188972
11
5.3152970866141729
21
-4.7154334645669289
0
LINE
8
BLACK
6
CONTINUOUS
10
5.3152970866141729
20
-4.7154334645669289
11
5.3111860629921255
21
-4.7154334645669289
0
LINE
8
BLACK
6
CONTINUOUS
10
5.3111860629921255
20
-4.7154334645669289
11
5.3072150787401577
21
-4.7143694488188972
0
LINE
8
BLACK
6
CONTINUOUS
10
5.3072150787401577
20
-4.7143694488188972
11
5.3036547637795275
21
-4.7123138976377952
0
LINE
8
BLACK
6
CONTINUOUS
10
5.3036547637795275
20
-4.7123138976377952
11
5.3007478346456693
21
-4.709406968503937
0
LINE
8
BLACK
6
CONTINUOUS
10
5.3007478346456693
20
-4.709406968503937
11
5.2986922834645664
21
-4.7058466535433068
0
LINE
8
BLACK
6
CONTINUOUS
10
5.2986922834645664
20
-4.7058466535433068
11
5.2976282677165356
21
-4.7018756692913382
0
LINE
8
BLACK
6
CONTINUOUS
10
5.2976282677165356
20
-4.7018756692913382
11
5.2976282677165356
21
-4.6977646456692916
0
LINE
8
BLACK
6
CONTINUOUS
10
5.2976282677165356
20
-4.6977646456692916
11
5.2986922834645664
21
-4.693793661417323
0
LINE
8
BLACK
6
CONTINUOUS
10
5.2986922834645664
20
-4.693793661417323
11
5.3007478346456693
21
-4.6902333464566928
0
LINE
8
BLACK
6
CONTINUOUS
10
5.3007478346456693
20
-4.6902333464566928
11
5.3036547637795275
21
-4.6873264173228346
0
LINE
8
BLACK
6
CONTINUOUS
10
5.3036547637795275
20
-4.6873264173228346
11
5.3072150787401577
21
-4.6852708661417326
0
LINE
8
BLACK
6
CONTINUOUS
10
5.3072150787401577
20
-4.6852708661417326
11
5.3111860629921255
21
-4.6842068503937009
0
LINE
8
BLACK
6
CONTINUOUS
10
5.3111860629921255
20
-4.6842068503937009
11
5.3152970866141729
21
-4.6842068503937009
0
LINE
8
BLACK
6
CONTINUOUS
10
5.3152970866141729
20
-4.6842068503937009
11
5.3192680708661415
21
-4.6852708661417326
0
LINE
8
BLACK
6
CONTINUOUS
10
5.5203844881889763
20
-4.6956506692913385
11
5.5239448031496066
21
-4.6977062204724405
0
LINE
8
BLACK
6
CONTINUOUS
10
5.5239448031496066
20
-4.6977062204724405
11
5.5268517322834647
21
-4.7006131496062995
0
LINE
8
BLACK
6
CONTINUOUS
10
5.5268517322834647
20
-4.7006131496062995
11
5.5289072834645667
21
-4.7041734645669289
0
LINE
8
BLACK
6
CONTINUOUS
10
5.5289072834645667
20
-4.7041734645669289
11
5.5299712992125984
21
-4.7081444488188975
0
LINE
8
BLACK
6
CONTINUOUS
10
5.5299712992125984
20
-4.7081444488188975
11
5.5299712992125984
21
-4.7122554724409449
0
LINE
8
BLACK
6
CONTINUOUS
10
5.5299712992125984
20
-4.7122554724409449
11
5.5289072834645667
21
-4.7162264566929135
0
LINE
8
BLACK
6
CONTINUOUS
10
5.5289072834645667
20
-4.7162264566929135
11
5.5268517322834647
21
-4.7197867716535429
0
LINE
8
BLACK
6
CONTINUOUS
10
5.5268517322834647
20
-4.7197867716535429
11
5.5239448031496066
21
-4.722693700787401
0
LINE
8
BLACK
6
CONTINUOUS
10
5.5239448031496066
20
-4.722693700787401
11
5.5203844881889763
21
-4.7247492519685039
0
LINE
8
BLACK
6
CONTINUOUS
10
5.5203844881889763
20
-4.7247492519685039
11
5.5164135039370077
21
-4.7258132677165356
0
LINE
8
BLACK
6
CONTINUOUS
10
5.5164135039370077
20
-4.7258132677165356
11
5.5123024803149603
21
-4.7258132677165356
0
LINE
8
BLACK
6
CONTINUOUS
10
5.5123024803149603
20
-4.7258132677165356
11
5.5083314960629917
21
-4.7247492519685039
0
LINE
8
BLACK
6
CONTINUOUS
10
5.5083314960629917
20
-4.7247492519685039
11
5.5047711811023623
21
-4.722693700787401
0
LINE
8
BLACK
6
CONTINUOUS
10
5.5047711811023623
20
-4.722693700787401
11
5.5018642519685041
21
-4.7197867716535429
0
LINE
8
BLACK
6
CONTINUOUS
10
5.5018642519685041
20
-4.7197867716535429
11
5.4998087007874012
21
-4.7162264566929135
0
LINE
8
BLACK
6
CONTINUOUS
10
5.4998087007874012
20
-4.7162264566929135
11
5.4987446850393695
21
-4.7122554724409449
0
LINE
8
BLACK
6
CONTINUOUS
10
5.4987446850393695
20
-4.7122554724409449
11
5.4987446850393695
21
-4.7081444488188975
0
LINE
8
BLACK
6
CONTINUOUS
10
5.4987446850393695
20
-4.7081444488188975
11
5.4998087007874012
21
-4.7041734645669289
0
LINE
8
BLACK
6
CONTINUOUS
10
5.4998087007874012
20
-4.7041734645669289
11
5.5018642519685041
21
-4.7006131496062995
0
LINE
8
BLACK
6
CONTINUOUS
10
5.5018642519685041
20
-4.7006131496062995
11
5.5047711811023623
21
-4.6977062204724405
0
LINE
8
BLACK
6
CONTINUOUS
10
5.5047711811023623
20
-4.6977062204724405
11
5.5083314960629917
21
-4.6956506692913385
0
LINE
8
BLACK
6
CONTINUOUS
10
5.5083314960629917
20
-4.6956506692913385
11
5.5123024803149603
21
-4.6945866535433067
0
LINE
8
BLACK
6
CONTINUOUS
10
5.5123024803149603
20
-4.6945866535433067
11
5.5164135039370077
21
-4.6945866535433067
0
LINE
8
BLACK
6
CONTINUOUS
10
5.5164135039370077
20
-4.6945866535433067
11
5.5203844881889763
21
-4.6956506692913385
0
LINE
8
BLACK
6
CONTINUOUS
10
5.4987013385826771
20
-4.6589675196850395
11
5.5022616535433073
21
-4.6610230708661415
0
LINE
8
BLACK
6
CONTINUOUS
10
5.5022616535433073
20
-4.6610230708661415
11
5.5051685826771655
21
-4.6639299999999997
0
LINE
8
BLACK
6
CONTINUOUS
10
5.5051685826771655
20
-4.6639299999999997
11
5.5072241338582675
21
-4.6674903149606299
0
LINE
8
BLACK
6
CONTINUOUS
10
5.5072241338582675
20
-4.6674903149606299
11
5.5082881496062992
21
-4.6714612992125986
0
LINE
8
BLACK
6
CONTINUOUS
10
5.5082881496062992
20
-4.6714612992125986
11
5.5082881496062992
21
-4.675572322834646
0
LINE
8
BLACK
6
CONTINUOUS
10
5.5082881496062992
20
-4.675572322834646
11
5.5072241338582675
21
-4.6795433070866137
0
LINE
8
BLACK
6
CONTINUOUS
10
5.5072241338582675
20
-4.6795433070866137
11
5.5051685826771655
21
-4.683103622047244
0
LINE
8
BLACK
6
CONTINUOUS
10
5.5051685826771655
20
-4.683103622047244
11
5.5022616535433073
21
-4.6860105511811021
0
LINE
8
BLACK
6
CONTINUOUS
10
5.5022616535433073
20
-4.6860105511811021
11
5.4987013385826771
21
-4.688066102362205
0
LINE
8
BLACK
6
CONTINUOUS
10
5.4987013385826771
20
-4.688066102362205
11
5.4947303543307084
21
-4.6891301181102358
0
LINE
8
BLACK
6
CONTINUOUS
10
5.4947303543307084
20
-4.6891301181102358
11
5.490619330708661
21
-4.6891301181102358
0
LINE
8
BLACK
6
CONTINUOUS
10
5.490619330708661
20
-4.6891301181102358
11
5.4866483464566924
21
-4.688066102362205
0
LINE
8
BLACK
6
CONTINUOUS
10
5.4866483464566924
20
-4.688066102362205
11
5.4830880314960631
21
-4.6860105511811021
0
LINE
8
BLACK
6
CONTINUOUS
10
5.4830880314960631
20
-4.6860105511811021
11
5.4801811023622049
21
-4.683103622047244
0
LINE
8
BLACK
6
CONTINUOUS
10
5.4801811023622049
20
-4.683103622047244
11
5.478125551181102
21
-4.6795433070866137
0
LINE
8
BLACK
6
CONTINUOUS
10
5.478125551181102
20
-4.6795433070866137
11
5.4770615354330712
21
-4.675572322834646
0
LINE
8
BLACK
6
CONTINUOUS
10
5.4770615354330712
20
-4.675572322834646
11
5.4770615354330712
21
-4.6714612992125986
0
LINE
8
BLACK
6
CONTINUOUS
10
5.4770615354330712
20
-4.6714612992125986
11
5.478125551181102
21
-4.6674903149606299
0
LINE
8
BLACK
6
CONTINUOUS
10
5.478125551181102
20
-4.6674903149606299
11
5.4801811023622049
21
-4.6639299999999997
0
LINE
8
BLACK
6
CONTINUOUS
10
5.4801811023622049
20
-4.6639299999999997
11
5.4830880314960631
21
-4.6610230708661415
0
LINE
8
BLACK
6
CONTINUOUS
10
5.4830880314960631
20
-4.6610230708661415
11
5.4866483464566924
21
-4.6589675196850395
0
LINE
8
BLACK
6
CONTINUOUS
10
5.4866483464566924
20
-4.6589675196850395
11
5.490619330708661
21
-4.6579035039370078
0
LINE
8
BLACK
6
CONTINUOUS
10
5.490619330708661
20
-4.6579035039370078
11
5.4947303543307084
21
-4.6579035039370078
0
LINE
8
BLACK
6
CONTINUOUS
10
5.4947303543307084
20
-4.6579035039370078
11
5.4987013385826771
21
-4.6589675196850395
0
LINE
8
BLACK
6
CONTINUOUS
10
5.3192682677165353
20
-4.5973769685039372
11
5.3228285826771655
21
-4.5994325196850392
0
LINE
8
BLACK
6
CONTINUOUS
10
5.3228285826771655
20
-4.5994325196850392
11
5.3257355118110237
21
-4.6023394488188973
0
LINE
8
BLACK
6
CONTINUOUS
10
5.3257355118110237
20
-4.6023394488188973
11
5.3277910629921257
21
-4.6058997637795276
0
LINE
8
BLACK
6
CONTINUOUS
10
5.3277910629921257
20
-4.6058997637795276
11
5.3288550787401574
21
-4.6098707480314962
0
LINE
8
BLACK
6
CONTINUOUS
10
5.3288550787401574
20
-4.6098707480314962
11
5.3288550787401574
21
-4.6139817716535436
0
LINE
8
BLACK
6
CONTINUOUS
10
5.3288550787401574
20
-4.6139817716535436
11
5.3277910629921257
21
-4.6179527559055114
0
LINE
8
BLACK
6
CONTINUOUS
10
5.3277910629921257
20
-4.6179527559055114
11
5.3257355118110237
21
-4.6215130708661416
0
LINE
8
BLACK
6
CONTINUOUS
10
5.3257355118110237
20
-4.6215130708661416
11
5.3228285826771655
21
-4.6244199999999998
0
LINE
8
BLACK
6
CONTINUOUS
10
5.3228285826771655
20
-4.6244199999999998
11
5.3192682677165353
21
-4.6264755511811027
0
LINE
8
BLACK
6
CONTINUOUS
10
5.3192682677165353
20
-4.6264755511811027
11
5.3152972834645666
21
-4.6275395669291335
0
LINE
8
BLACK
6
CONTINUOUS
10
5.3152972834645666
20
-4.6275395669291335
11
5.3111862598425192
21
-4.6275395669291335
0
LINE
8
BLACK
6
CONTINUOUS
10
5.3111862598425192
20
-4.6275395669291335
11
5.3072152755905506
21
-4.6264755511811027
0
LINE
8
BLACK
6
CONTINUOUS
10
5.3072152755905506
20
-4.6264755511811027
11
5.3036549606299213
21
-4.6244199999999998
0
LINE
8
BLACK
6
CONTINUOUS
10
5.3036549606299213
20
-4.6244199999999998
11
5.3007480314960631
21
-4.6215130708661416
0
LINE
8
BLACK
6
CONTINUOUS
10
5.3007480314960631
20
-4.6215130708661416
11
5.2986924803149602
21
-4.6179527559055114
0
LINE
8
BLACK
6
CONTINUOUS
10
5.2986924803149602
20
-4.6179527559055114
11
5.2976284645669294
21
-4.6139817716535436
0
LINE
8
BLACK
6
CONTINUOUS
10
5.2976284645669294
20
-4.6139817716535436
11
5.2976284645669294
21
-4.6098707480314962
0
LINE
8
BLACK
6
CONTINUOUS
10
5.2976284645669294
20
-4.6098707480314962
11
5.2986924803149602
21
-4.6058997637795276
0
LINE
8
BLACK
6
CONTINUOUS
10
5.2986924803149602
20
-4.6058997637795276
11
5.3007480314960631
21
-4.6023394488188973
0
LINE
8
BLACK
6
CONTINUOUS
10
5.3007480314960631
20
-4.6023394488188973
11
5.3036549606299213
21
-4.5994325196850392
0
LINE
8
BLACK
6
CONTINUOUS
10
5.3036549606299213
20
-4.5994325196850392
11
5.3072152755905506
21
-4.5973769685039372
0
LINE
8
BLACK
6
CONTINUOUS
10
5.3072152755905506
20
-4.5973769685039372
11
5.3111862598425192
21
-4.5963129527559055
0
LINE
8
BLACK
6
CONTINUOUS
10
5.3111862598425192
20
-4.5963129527559055
11
5.3152972834645666
21
-4.5963129527559055
0
LINE
8
BLACK
6
CONTINUOUS
10
5.3152972834645666
20
-4.5963129527559055
11
5.3192682677165353
21
-4.5973769685039372
0
LINE
8
BLACK
6
CONTINUOUS
10
6.0637980314960629
20
-3.4713448031496061
11
6.0673583464566931
21
-3.4734003543307086
0
LINE
8
BLACK
6
CONTINUOUS
10
6.0673583464566931
20
-3.4734003543307086
11
6.0702652755905513
21
-3.4763072834645667
0
LINE
8
BLACK
6
CONTINUOUS
10
6.0702652755905513
20
-3.4763072834645667
11
6.0723208267716533
21
-3.4798675984251966
0
LINE
8
BLACK
6
CONTINUOUS
10
6.0723208267716533
20
-3.4798675984251966
11
6.073384842519685
21
-3.4838385826771652
0
LINE
8
BLACK
6
CONTINUOUS
10
6.073384842519685
20
-3.4838385826771652
11
6.073384842519685
21
-3.4840912992125985
0
LINE
8
BLACK
6
CONTINUOUS
10
6.073384842519685
20
-3.4840912992125985
11
6.1416205511811022
21
-3.5523270078740157
0
LINE
8
BLACK
6
CONTINUOUS
10
6.1416205511811022
20
-3.5523270078740157
11
6.1425998031496061
21
-3.5535201968503936
0
LINE
8
BLACK
6
CONTINUOUS
10
6.1425998031496061
20
-3.5535201968503936
11
6.1437755118110235
21
-3.5563586220472438
0
LINE
8
BLACK
6
CONTINUOUS
10
6.1437755118110235
20
-3.5563586220472438
11
6.143926811023622
21
-3.5578947637795273
0
LINE
8
BLACK
6
CONTINUOUS
10
6.143926811023622
20
-3.5578947637795273
11
6.143926811023622
21
-3.7470398425196851
0
LINE
8
BLACK
6
CONTINUOUS
10
6.143926811023622
20
-3.7470398425196851
11
6.2346205511811021
21
-3.8377335826771652
0
LINE
8
BLACK
6
CONTINUOUS
10
6.2346205511811021
20
-3.8377335826771652
11
6.235599803149606
21
-3.8389268110236219
0
LINE
8
BLACK
6
CONTINUOUS
10
6.235599803149606
20
-3.8389268110236219
11
6.2367755118110235
21
-3.8417652362204722
0
LINE
8
BLACK
6
CONTINUOUS
10
6.2367755118110235
20
-3.8417652362204722
11
6.236926811023622
21
-3.8433013779527556
0
LINE
8
BLACK
6
CONTINUOUS
10
6.236926811023622
20
-3.8433013779527556
11
6.236926811023622
21
-3.9811388582677165
0
LINE
8
BLACK
6
CONTINUOUS
10
6.236926811023622
20
-3.9811388582677165
11
6.2367755118110235
21
-3.982675
0
LINE
8
BLACK
6
CONTINUOUS
10
6.2367755118110235
20
-3.982675
11
6.235599803149606
21
-3.9855134251968503
0
LINE
8
BLACK
6
CONTINUOUS
10
6.235599803149606
20
-3.9855134251968503
11
6.2346205511811021
21
-3.9867066141732281
0
LINE
8
BLACK
6
CONTINUOUS
10
6.2346205511811021
20
-3.9867066141732281
11
5.9956162598425191
21
-4.2257109055118107
0
LINE
8
BLACK
6
CONTINUOUS
10
5.9956162598425191
20
-4.2257109055118107
11
5.9944230708661417
21
-4.2266901574803146
0
LINE
8
BLACK
6
CONTINUOUS
10
5.9944230708661417
20
-4.2266901574803146
11
5.9915846456692909
21
-4.2278658661417321
0
LINE
8
BLACK
6
CONTINUOUS
10
5.9915846456692909
20
-4.2278658661417321
11
5.9900485039370075
21
-4.2280171653543306
0
LINE
8
BLACK
6
CONTINUOUS
10
5.9900485039370075
20
-4.2280171653543306
11
5.8923100000000002
21
-4.2280171653543306
0
LINE
8
BLACK
6
CONTINUOUS
10
5.8923100000000002
20
-4.2280171653543306
11
5.5422425984251964
21
-4.5780845669291335
0
LINE
8
BLACK
6
CONTINUOUS
10
5.5422425984251964
20
-4.5780845669291335
11
5.541049409448819
21
-4.5790638188976374
0
LINE
8
BLACK
6
CONTINUOUS
10
5.541049409448819
20
-4.5790638188976374
11
5.5382109842519682
21
-4.5802395275590548
0
LINE
8
BLACK
6
CONTINUOUS
10
5.5382109842519682
20
-4.5802395275590548
11
5.5366748425196848
21
-4.5803908267716533
0
LINE
8
BLACK
6
CONTINUOUS
10
5.5366748425196848
20
-4.5803908267716533
11
4.7956748425196851
21
-4.5803908267716533
0
LINE
8
BLACK
6
CONTINUOUS
10
4.7956748425196851
20
-4.5803908267716533
11
4.7941387007874017
21
-4.5802395275590548
0
LINE
8
BLACK
6
CONTINUOUS
10
4.7941387007874017
20
-4.5802395275590548
11
4.7913002755905509
21
-4.5790638188976374
0
LINE
8
BLACK
6
CONTINUOUS
10
4.7913002755905509
20
-4.5790638188976374
11
4.7901070866141735
21
-4.5780845669291335
0
LINE
8
BLACK
6
CONTINUOUS
10
4.7901070866141735
20
-4.5780845669291335
11
4.7348393700787401
21
-4.522816850393701
0
LINE
8
BLACK
6
CONTINUOUS
10
4.7348393700787401
20
-4.522816850393701
11
4.7338601181102362
21
-4.5216236614173226
0
LINE
8
BLACK
6
CONTINUOUS
10
4.7338601181102362
20
-4.5216236614173226
11
4.7326844094488187
21
-4.5187852362204719
0
LINE
8
BLACK
6
CONTINUOUS
10
4.7326844094488187
20
-4.5187852362204719
11
4.7325331102362203
21
-4.5172490944881885
0
LINE
8
BLACK
6
CONTINUOUS
10
4.7325331102362203
20
-4.5172490944881885
11
4.7325331102362203
21
-4.1907828740157482
0
LINE
8
BLACK
6
CONTINUOUS
10
4.7325331102362203
20
-4.1907828740157482
11
4.7308203149606296
21
-4.1897940157480313
0
LINE
8
BLACK
6
CONTINUOUS
10
4.7308203149606296
20
-4.1897940157480313
11
4.7279133858267715
21
-4.1868870866141732
0
LINE
8
BLACK
6
CONTINUOUS
10
4.7279133858267715
20
-4.1868870866141732
11
4.7258578346456694
21
-4.1833267716535429
0
LINE
8
BLACK
6
CONTINUOUS
10
4.7258578346456694
20
-4.1833267716535429
11
4.7247938188976377
21
-4.1793557874015743
0
LINE
8
BLACK
6
CONTINUOUS
10
4.7247938188976377
20
-4.1793557874015743
11
4.7247938188976377
21
-4.1752447637795278
0
LINE
8
BLACK
6
CONTINUOUS
10
4.7247938188976377
20
-4.1752447637795278
11
4.7258578346456694
21
-4.1712737795275592
0
LINE
8
BLACK
6
CONTINUOUS
10
4.7258578346456694
20
-4.1712737795275592
11
4.7279133858267715
21
-4.1677134645669289
0
LINE
8
BLACK
6
CONTINUOUS
10
4.7279133858267715
20
-4.1677134645669289
11
4.7308203149606296
21
-4.1648065354330708
0
LINE
8
BLACK
6
CONTINUOUS
10
4.7308203149606296
20
-4.1648065354330708
11
4.7343806299212599
21
-4.1627509842519688
0
LINE
8
BLACK
6
CONTINUOUS
10
4.7343806299212599
20
-4.1627509842519688
11
4.7383516141732285
21
-4.161686968503937
0
LINE
8
BLACK
6
CONTINUOUS
10
4.7383516141732285
20
-4.161686968503937
11
4.7424626377952759
21
-4.161686968503937
0
LINE
8
BLACK
6
CONTINUOUS
10
4.7424626377952759
20
-4.161686968503937
11
4.7464336220472436
21
-4.1627509842519688
0
LINE
8
BLACK
6
CONTINUOUS
10
4.7464336220472436
20
-4.1627509842519688
11
4.7499939370078739
21
-4.1648065354330708
0
LINE
8
BLACK
6
CONTINUOUS
10
4.7499939370078739
20
-4.1648065354330708
11
4.752900866141732
21
-4.1677134645669289
0
LINE
8
BLACK
6
CONTINUOUS
10
4.752900866141732
20
-4.1677134645669289
11
4.7549564173228349
21
-4.1712737795275592
0
LINE
8
BLACK
6
CONTINUOUS
10
4.7549564173228349
20
-4.1712737795275592
11
4.7560204330708657
21
-4.1752447637795278
0
LINE
8
BLACK
6
CONTINUOUS
10
4.7560204330708657
20
-4.1752447637795278
11
4.7560204330708657
21
-4.1793557874015743
0
LINE
8
BLACK
6
CONTINUOUS
10
4.7560204330708657
20
-4.1793557874015743
11
4.7549564173228349
21
-4.1833267716535429
0
LINE
8
BLACK
6
CONTINUOUS
10
4.7549564173228349
20
-4.1833267716535429
11
4.752900866141732
21
-4.1868870866141732
0
LINE
8
BLACK
6
CONTINUOUS
10
4.752900866141732
20
-4.1868870866141732
11
4.7499939370078739
21
-4.1897940157480313
0
LINE
8
BLACK
6
CONTINUOUS
10
4.7499939370078739
20
-4.1897940157480313
11
4.7482811417322832
21
-4.1907828740157482
0
LINE
8
BLACK
6
CONTINUOUS
10
4.7482811417322832
20
-4.1907828740157482
11
4.7482811417322832
21
-4.5139875984251967
0
LINE
8
BLACK
6
CONTINUOUS
10
4.7482811417322832
20
-4.5139875984251967
11
4.7989363385826769
21
-4.5646427952755904
0
LINE
8
BLACK
6
CONTINUOUS
10
4.7989363385826769
20
-4.5646427952755904
11
5.533413346456693
21
-4.5646427952755904
0
LINE
8
BLACK
6
CONTINUOUS
10
5.533413346456693
20
-4.5646427952755904
11
5.8834807480314959
21
-4.2145753937007875
0
LINE
8
BLACK
6
CONTINUOUS
10
5.8834807480314959
20
-4.2145753937007875
11
5.8846739370078742
21
-4.2135961417322836
0
LINE
8
BLACK
6
CONTINUOUS
10
5.8846739370078742
20
-4.2135961417322836
11
5.8875123622047241
21
-4.2124204330708661
0
LINE
8
BLACK
6
CONTINUOUS
10
5.8875123622047241
20
-4.2124204330708661
11
5.8890485039370075
21
-4.2122691338582676
0
LINE
8
BLACK
6
CONTINUOUS
10
5.8890485039370075
20
-4.2122691338582676
11
5.9867870078740157
21
-4.2122691338582676
0
LINE
8
BLACK
6
CONTINUOUS
10
5.9867870078740157
20
-4.2122691338582676
11
6.221178779527559
21
-3.9778773622047243
0
LINE
8
BLACK
6
CONTINUOUS
10
6.221178779527559
20
-3.9778773622047243
11
6.221178779527559
21
-3.8465628740157478
0
LINE
8
BLACK
6
CONTINUOUS
10
6.221178779527559
20
-3.8465628740157478
11
6.1304850393700789
21
-3.7558691338582677
0
LINE
8
BLACK
6
CONTINUOUS
10
6.1304850393700789
20
-3.7558691338582677
11
6.129505787401575
21
-3.7546759448818898
0
LINE
8
BLACK
6
CONTINUOUS
10
6.129505787401575
20
-3.7546759448818898
11
6.1283300787401576
21
-3.7518375196850391
0
LINE
8
BLACK
6
CONTINUOUS
10
6.1283300787401576
20
-3.7518375196850391
11
6.1281787795275591
21
-3.7503013779527556
0
LINE
8
BLACK
6
CONTINUOUS
10
6.1281787795275591
20
-3.7503013779527556
11
6.1281787795275591
21
-3.5611562598425195
0
LINE
8
BLACK
6
CONTINUOUS
10
6.1281787795275591
20
-3.5611562598425195
11
6.0661233464566928
21
-3.4991008267716537
0
LINE
8
BLACK
6
CONTINUOUS
10
6.0661233464566928
20
-3.4991008267716537
11
6.0637980314960629
21
-3.5004433858267716
0
LINE
8
BLACK
6
CONTINUOUS
10
6.0637980314960629
20
-3.5004433858267716
11
6.0598270472440943
21
-3.5015074015748029
0
LINE
8
BLACK
6
CONTINUOUS
10
6.0598270472440943
20
-3.5015074015748029
11
6.0557160236220469
21
-3.5015074015748029
0
LINE
8
BLACK
6
CONTINUOUS
10
6.0557160236220469
20
-3.5015074015748029
11
6.0517450393700782
21
-3.5004433858267716
0
LINE
8
BLACK
6
CONTINUOUS
10
6.0517450393700782
20
-3.5004433858267716
11
6.0481847244094489
21
-3.4983878346456692
0
LINE
8
BLACK
6
CONTINUOUS
10
6.0481847244094489
20
-3.4983878346456692
11
6.0452777952755907
21
-3.495480905511811
0
LINE
8
BLACK
6
CONTINUOUS
10
6.0452777952755907
20
-3.495480905511811
11
6.0432222440944878
21
-3.4919205905511812
0
LINE
8
BLACK
6
CONTINUOUS
10
6.0432222440944878
20
-3.4919205905511812
11
6.042158228346457
21
-3.4879496062992126
0
LINE
8
BLACK
6
CONTINUOUS
10
6.042158228346457
20
-3.4879496062992126
11
6.042158228346457
21
-3.4838385826771652
0
LINE
8
BLACK
6
CONTINUOUS
10
6.042158228346457
20
-3.4838385826771652
11
6.0432222440944878
21
-3.4798675984251966
0
LINE
8
BLACK
6
CONTINUOUS
10
6.0432222440944878
20
-3.4798675984251966
11
6.0452777952755907
21
-3.4763072834645667
0
LINE
8
BLACK
6
CONTINUOUS
10
6.0452777952755907
20
-3.4763072834645667
11
6.0481847244094489
21
-3.4734003543307086
0
LINE
8
BLACK
6
CONTINUOUS
10
6.0481847244094489
20
-3.4734003543307086
11
6.0517450393700782
21
-3.4713448031496061
0
LINE
8
BLACK
6
CONTINUOUS
10
6.0517450393700782
20
-3.4713448031496061
11
6.0557160236220469
21
-3.4702807874015749
0
LINE
8
BLACK
6
CONTINUOUS
10
6.0557160236220469
20
-3.4702807874015749
11
6.0598270472440943
21
-3.4702807874015749
0
LINE
8
BLACK
6
CONTINUOUS
10
6.0598270472440943
20
-3.4702807874015749
11
6.0637980314960629
21
-3.4713448031496061
0
LINE
8
BLACK
6
CONTINUOUS
10
6.2548226377952751
20
-3.7020475984251968
11
6.2583829527559054
21
-3.7041031496062993
0
LINE
8
BLACK
6
CONTINUOUS
10
6.2583829527559054
20
-3.7041031496062993
11
6.2612898818897635
21
-3.7070100787401574
0
LINE
8
BLACK
6
CONTINUOUS
10
6.2612898818897635
20
-3.7070100787401574
11
6.2633454330708664
21
-3.7105703937007872
0
LINE
8
BLACK
6
CONTINUOUS
10
6.2633454330708664
20
-3.7105703937007872
11
6.2644094488188973
21
-3.7145413779527559
0
LINE
8
BLACK
6
CONTINUOUS
10
6.2644094488188973
20
-3.7145413779527559
11
6.2644094488188973
21
-3.7186524015748033
0
LINE
8
BLACK
6
CONTINUOUS
10
6.2644094488188973
20
-3.7186524015748033
11
6.2641081889763779
21
-3.719776653543307
0
LINE
8
BLACK
6
CONTINUOUS
10
6.2641081889763779
20
-3.719776653543307
11
6.2840285433070866
21
-3.719776653543307
0
LINE
8
BLACK
6
CONTINUOUS
10
6.2840285433070866
20
-3.719776653543307
11
6.28556468503937
21
-3.7199279527559055
0
LINE
8
BLACK
6
CONTINUOUS
10
6.28556468503937
20
-3.7199279527559055
11
6.2884031102362199
21
-3.721103661417323
0
LINE
8
BLACK
6
CONTINUOUS
10
6.2884031102362199
20
-3.721103661417323
11
6.2895962992125982
21
-3.7220829133858269
0
LINE
8
BLACK
6
CONTINUOUS
10
6.2895962992125982
20
-3.7220829133858269
11
6.3641087401574801
21
-3.79659531496063
0
LINE
8
BLACK
6
CONTINUOUS
10
6.3641087401574801
20
-3.79659531496063
11
6.365087992125984
21
-3.7977885433070866
0
LINE
8
BLACK
6
CONTINUOUS
10
6.365087992125984
20
-3.7977885433070866
11
6.3662637007874014
21
-3.8006269685039369
0
LINE
8
BLACK
6
CONTINUOUS
10
6.3662637007874014
20
-3.8006269685039369
11
6.3664149999999999
21
-3.8021631102362203
0
LINE
8
BLACK
6
CONTINUOUS
10
6.3664149999999999
20
-3.8021631102362203
11
6.3664149999999999
21
-4.4536506692913385
0
LINE
8
BLACK
6
CONTINUOUS
10
6.3664149999999999
20
-4.4536506692913385
11
6.3662637007874014
21
-4.4551868110236219
0
LINE
8
BLACK
6
CONTINUOUS
10
6.3662637007874014
20
-4.4551868110236219
11
6.365087992125984
21
-4.4580252362204726
0
LINE
8
BLACK
6
CONTINUOUS
10
6.365087992125984
20
-4.4580252362204726
11
6.3641087401574801
21
-4.4592184645669288
0
LINE
8
BLACK
6
CONTINUOUS
10
6.3641087401574801
20
-4.4592184645669288
11
6.3057762598425198
21
-4.5175509055118113
0
LINE
8
BLACK
6
CONTINUOUS
10
6.3057762598425198
20
-4.5175509055118113
11
6.3062881496062992
21
-4.5194612992125984
0
LINE
8
BLACK
6
CONTINUOUS
10
6.3062881496062992
20
-4.5194612992125984
11
6.3062881496062992
21
-4.5235723228346458
0
LINE
8
BLACK
6
CONTINUOUS
10
6.3062881496062992
20
-4.5235723228346458
11
6.3052241338582675
21
-4.5275433070866145
0
LINE
8
BLACK
6
CONTINUOUS
10
6.3052241338582675
20
-4.5275433070866145
11
6.3031685826771655
21
-4.5311036220472438
0
LINE
8
BLACK
6
CONTINUOUS
10
6.3031685826771655
20
-4.5311036220472438
11
6.3002616535433074
21
-4.534010551181102
0
LINE
8
BLACK
6
CONTINUOUS
10
6.3002616535433074
20
-4.534010551181102
11
6.2967013385826771
21
-4.5360661023622049
0
LINE
8
BLACK
6
CONTINUOUS
10
6.2967013385826771
20
-4.5360661023622049
11
6.2927303543307085
21
-4.5371301181102357
0
LINE
8
BLACK
6
CONTINUOUS
10
6.2927303543307085
20
-4.5371301181102357
11
6.2886193307086611
21
-4.5371301181102357
0
LINE
8
BLACK
6
CONTINUOUS
10
6.2886193307086611
20
-4.5371301181102357
11
6.2846483464566925
21
-4.5360661023622049
0
LINE
8
BLACK
6
CONTINUOUS
10
6.2846483464566925
20
-4.5360661023622049
11
6.2810880314960631
21
-4.534010551181102
0
LINE
8
BLACK
6
CONTINUOUS
10
6.2810880314960631
20
-4.534010551181102
11
6.2781811023622049
21
-4.5311036220472438
0
LINE
8
BLACK
6
CONTINUOUS
10
6.2781811023622049
20
-4.5311036220472438
11
6.276125551181102
21
-4.5275433070866145
0
LINE
8
BLACK
6
CONTINUOUS
10
6.276125551181102
20
-4.5275433070866145
11
6.2750615354330703
21
-4.5235723228346458
0
LINE
8
BLACK
6
CONTINUOUS
10
6.2750615354330703
20
-4.5235723228346458
11
6.2750615354330703
21
-4.5194612992125984
0
LINE
8
BLACK
6
CONTINUOUS
10
6.2750615354330703
20
-4.5194612992125984
11
6.276125551181102
21
-4.5154903149606298
0
LINE
8
BLACK
6
CONTINUOUS
10
6.276125551181102
20
-4.5154903149606298
11
6.2781811023622049
21
-4.5119299999999996
0
LINE
8
BLACK
6
CONTINUOUS
10
6.2781811023622049
20
-4.5119299999999996
11
6.2810880314960631
21
-4.5090230708661414
0
LINE
8
BLACK
6
CONTINUOUS
10
6.2810880314960631
20
-4.5090230708661414
11
6.2846483464566925
21
-4.5069675196850394
0
LINE
8
BLACK
6
CONTINUOUS
10
6.2846483464566925
20
-4.5069675196850394
11
6.2886193307086611
21
-4.5059035039370077
0
LINE
8
BLACK
6
CONTINUOUS
10
6.2886193307086611
20
-4.5059035039370077
11
6.2927303543307085
21
-4.5059035039370077
0
LINE
8
BLACK
6
CONTINUOUS
10
6.2927303543307085
20
-4.5059035039370077
11
6.2946407086614169
21
-4.5064153543307084
0
LINE
8
BLACK
6
CONTINUOUS
10
6.2946407086614169
20
-4.5064153543307084
11
6.350666968503937
21
-4.450389133858268
0
LINE
8
BLACK
6
CONTINUOUS
10
6.350666968503937
20
-4.450389133858268
11
6.350666968503937
21
-3.8054246062992125
0
LINE
8
BLACK
6
CONTINUOUS
10
6.350666968503937
20
-3.8054246062992125
11
6.280767047244094
21
-3.73552468503937
0
LINE
8
BLACK
6
CONTINUOUS
10
6.280767047244094
20
-3.73552468503937
11
6.2598499212598426
21
-3.73552468503937
0
LINE
8
BLACK
6
CONTINUOUS
10
6.2598499212598426
20
-3.73552468503937
11
6.2583137795275592
21
-3.7353733858267715
0
LINE
8
BLACK
6
CONTINUOUS
10
6.2583137795275592
20
-3.7353733858267715
11
6.2554753543307084
21
-3.7341976771653544
0
LINE
8
BLACK
6
CONTINUOUS
10
6.2554753543307084
20
-3.7341976771653544
11
6.2542821653543301
21
-3.7332184251968501
0
LINE
8
BLACK
6
CONTINUOUS
10
6.2542821653543301
20
-3.7332184251968501
11
6.2527620472440946
21
-3.7316983070866141
0
LINE
8
BLACK
6
CONTINUOUS
10
6.2527620472440946
20
-3.7316983070866141
11
6.2508516535433065
21
-3.7322101968503936
0
LINE
8
BLACK
6
CONTINUOUS
10
6.2508516535433065
20
-3.7322101968503936
11
6.24674062992126
21
-3.7322101968503936
0
LINE
8
BLACK
6
CONTINUOUS
10
6.24674062992126
20
-3.7322101968503936
11
6.2427696456692914
21
-3.7311461811023623
0
LINE
8
BLACK
6
CONTINUOUS
10
6.2427696456692914
20
-3.7311461811023623
11
6.2392093307086611
21
-3.7290906299212598
0
LINE
8
BLACK
6
CONTINUOUS
10
6.2392093307086611
20
-3.7290906299212598
11
6.236302401574803
21
-3.7261837007874017
0
LINE
8
BLACK
6
CONTINUOUS
10
6.236302401574803
20
-3.7261837007874017
11
6.234246850393701
21
-3.7226233858267714
0
LINE
8
BLACK
6
CONTINUOUS
10
6.234246850393701
20
-3.7226233858267714
11
6.2331828346456692
21
-3.7186524015748033
0
LINE
8
BLACK
6
CONTINUOUS
10
6.2331828346456692
20
-3.7186524015748033
11
6.2331828346456692
21
-3.7145413779527559
0
LINE
8
BLACK
6
CONTINUOUS
10
6.2331828346456692
20
-3.7145413779527559
11
6.234246850393701
21
-3.7105703937007872
0
LINE
8
BLACK
6
CONTINUOUS
10
6.234246850393701
20
-3.7105703937007872
11
6.236302401574803
21
-3.7070100787401574
0
LINE
8
BLACK
6
CONTINUOUS
10
6.236302401574803
20
-3.7070100787401574
11
6.2392093307086611
21
-3.7041031496062993
0
LINE
8
BLACK
6
CONTINUOUS
10
6.2392093307086611
20
-3.7041031496062993
11
6.2427696456692914
21
-3.7020475984251968
0
LINE
8
BLACK
6
CONTINUOUS
10
6.2427696456692914
20
-3.7020475984251968
11
6.24674062992126
21
-3.7009835826771651
0
LINE
8
BLACK
6
CONTINUOUS
10
6.24674062992126
20
-3.7009835826771651
11
6.2508516535433065
21
-3.7009835826771651
0
LINE
8
BLACK
6
CONTINUOUS
10
6.2508516535433065
20
-3.7009835826771651
11
6.2548226377952751
21
-3.7020475984251968
0
LINE
8
BLACK
6
CONTINUOUS
10
4.4159525590551176
20
-4.4437163779527555
11
4.4195128740157479
21
-4.4457719291338584
0
LINE
8
BLACK
6
CONTINUOUS
10
4.4195128740157479
20
-4.4457719291338584
11
4.422419803149606
21
-4.4486788582677166
0
LINE
8
BLACK
6
CONTINUOUS
10
4.422419803149606
20
-4.4486788582677166
11
4.4244753543307089
21
-4.4522391732283459
0
LINE
8
BLACK
6
CONTINUOUS
10
4.4244753543307089
20
-4.4522391732283459
11
4.4255393700787398
21
-4.4562101574803146
0
LINE
8
BLACK
6
CONTINUOUS
10
4.4255393700787398
20
-4.4562101574803146
11
4.4255393700787398
21
-4.460321181102362
0
LINE
8
BLACK
6
CONTINUOUS
10
4.4255393700787398
20
-4.460321181102362
11
4.4244753543307089
21
-4.4642921653543306
0
LINE
8
BLACK
6
CONTINUOUS
10
4.4244753543307089
20
-4.4642921653543306
11
4.422419803149606
21
-4.4678524803149609
0
LINE
8
BLACK
6
CONTINUOUS
10
4.422419803149606
20
-4.4678524803149609
11
4.4195128740157479
21
-4.470759409448819
0
LINE
8
BLACK
6
CONTINUOUS
10
4.4195128740157479
20
-4.470759409448819
11
4.4159525590551176
21
-4.472814960629921
0
LINE
8
BLACK
6
CONTINUOUS
10
4.4159525590551176
20
-4.472814960629921
11
4.4119815748031499
21
-4.4738789763779527
0
LINE
8
BLACK
6
CONTINUOUS
10
4.4119815748031499
20
-4.4738789763779527
11
4.4078705511811025
21
-4.4738789763779527
0
LINE
8
BLACK
6
CONTINUOUS
10
4.4078705511811025
20
-4.4738789763779527
11
4.4038995669291339
21
-4.472814960629921
0
LINE
8
BLACK
6
CONTINUOUS
10
4.4038995669291339
20
-4.472814960629921
11
4.4003392519685036
21
-4.470759409448819
0
LINE
8
BLACK
6
CONTINUOUS
10
4.4003392519685036
20
-4.470759409448819
11
4.3974323228346455
21
-4.4678524803149609
0
LINE
8
BLACK
6
CONTINUOUS
10
4.3974323228346455
20
-4.4678524803149609
11
4.3953767716535435
21
-4.4642921653543306
0
LINE
8
BLACK
6
CONTINUOUS
10
4.3953767716535435
20
-4.4642921653543306
11
4.3943127559055117
21
-4.460321181102362
0
LINE
8
BLACK
6
CONTINUOUS
10
4.3943127559055117
20
-4.460321181102362
11
4.3943127559055117
21
-4.4562101574803146
0
LINE
8
BLACK
6
CONTINUOUS
10
4.3943127559055117
20
-4.4562101574803146
11
4.3953767716535435
21
-4.4522391732283459
0
LINE
8
BLACK
6
CONTINUOUS
10
4.3953767716535435
20
-4.4522391732283459
11
4.3974323228346455
21
-4.4486788582677166
0
LINE
8
BLACK
6
CONTINUOUS
10
4.3974323228346455
20
-4.4486788582677166
11
4.4003392519685036
21
-4.4457719291338584
0
LINE
8
BLACK
6
CONTINUOUS
10
4.4003392519685036
20
-4.4457719291338584
11
4.4038995669291339
21
-4.4437163779527555
0
LINE
8
BLACK
6
CONTINUOUS
10
4.4038995669291339
20
-4.4437163779527555
11
4.4078705511811025
21
-4.4426523622047247
0
LINE
8
BLACK
6
CONTINUOUS
10
4.4078705511811025
20
-4.4426523622047247
11
4.4119815748031499
21
-4.4426523622047247
0
LINE
8
BLACK
6
CONTINUOUS
10
4.4119815748031499
20
-4.4426523622047247
11
4.4159525590551176
21
-4.4437163779527555
0
LINE
8
BLACK
6
CONTINUOUS
10
4.2877014173228343
20
-4.439967559055118
11
4.2912617322834645
21
-4.44202311023622
0
LINE
8
BLACK
6
CONTINUOUS
10
4.2912617322834645
20
-4.44202311023622
11
4.2941686614173227
21
-4.444930039370079
0
LINE
8
BLACK
6
CONTINUOUS
10
4.2941686614173227
20
-4.444930039370079
11
4.2962242125984247
21
-4.4484903543307084
0
LINE
8
BLACK
6
CONTINUOUS
10
4.2962242125984247
20
-4.4484903543307084
11
4.2972882283464564
21
-4.452461338582677
0
LINE
8
BLACK
6
CONTINUOUS
10
4.2972882283464564
20
-4.452461338582677
11
4.2972882283464564
21
-4.4565723622047244
0
LINE
8
BLACK
6
CONTINUOUS
10
4.2972882283464564
20
-4.4565723622047244
11
4.2962242125984247
21
-4.460543346456693
0
LINE
8
BLACK
6
CONTINUOUS
10
4.2962242125984247
20
-4.460543346456693
11
4.2941686614173227
21
-4.4641036614173224
0
LINE
8
BLACK
6
CONTINUOUS
10
4.2941686614173227
20
-4.4641036614173224
11
4.2912617322834645
21
-4.4670105905511814
0
LINE
8
BLACK
6
CONTINUOUS
10
4.2912617322834645
20
-4.4670105905511814
11
4.2877014173228343
21
-4.4690661417322834
0
LINE
8
BLACK
6
CONTINUOUS
10
4.2877014173228343
20
-4.4690661417322834
11
4.2837304330708657
21
-4.4701301574803152
0
LINE
8
BLACK
6
CONTINUOUS
10
4.2837304330708657
20
-4.4701301574803152
11
4.2796194094488191
21
-4.4701301574803152
0
LINE
8
BLACK
6
CONTINUOUS
10
4.2796194094488191
20
-4.4701301574803152
11
4.2756484251968505
21
-4.4690661417322834
0
LINE
8
BLACK
6
CONTINUOUS
10
4.2756484251968505
20
-4.4690661417322834
11
4.2720881102362203
21
-4.4670105905511814
0
LINE
8
BLACK
6
CONTINUOUS
10
4.2720881102362203
20
-4.4670105905511814
11
4.2691811811023621
21
-4.4641036614173224
0
LINE
8
BLACK
6
CONTINUOUS
10
4.2691811811023621
20
-4.4641036614173224
11
4.2671256299212601
21
-4.460543346456693
0
LINE
8
BLACK
6
CONTINUOUS
10
4.2671256299212601
20
-4.460543346456693
11
4.2660616141732284
21
-4.4565723622047244
0
LINE
8
BLACK
6
CONTINUOUS
10
4.2660616141732284
20
-4.4565723622047244
11
4.2660616141732284
21
-4.452461338582677
0
LINE
8
BLACK
6
CONTINUOUS
10
4.2660616141732284
20
-4.452461338582677
11
4.2671256299212601
21
-4.4484903543307084
0
LINE
8
BLACK
6
CONTINUOUS
10
4.2671256299212601
20
-4.4484903543307084
11
4.2691811811023621
21
-4.444930039370079
0
LINE
8
BLACK
6
CONTINUOUS
10
4.2691811811023621
20
-4.444930039370079
11
4.2720881102362203
21
-4.44202311023622
0
LINE
8
BLACK
6
CONTINUOUS
10
4.2720881102362203
20
-4.44202311023622
11
4.2756484251968505
21
-4.439967559055118
0
LINE
8
BLACK
6
CONTINUOUS
10
4.2756484251968505
20
-4.439967559055118
11
4.2796194094488191
21
-4.4389035433070863
0
LINE
8
BLACK
6
CONTINUOUS
10
4.2796194094488191
20
-4.4389035433070863
11
4.2837304330708657
21
-4.4389035433070863
0
LINE
8
BLACK
6
CONTINUOUS
10
4.2837304330708657
20
-4.4389035433070863
11
4.2877014173228343
21
-4.439967559055118
0
LINE
8
BLACK
6
CONTINUOUS
10
4.2134242125984249
20
-4.3887444881889763
11
4.2149321259842516
21
-4.3887444881889763
0
LINE
8
BLACK
6
CONTINUOUS
10
4.2149321259842516
20
-4.3887444881889763
11
4.2163883858267717
21
-4.3891346850393695
0
LINE
8
BLACK
6
CONTINUOUS
10
4.2163883858267717
20
-4.3891346850393695
11
4.2164275196850394
21
-4.3891398425196853
0
LINE
8
BLACK
6
CONTINUOUS
10
4.2164275196850394
20
-4.3891398425196853
11
4.2174100393700789
21
-4.389403070866142
0
LINE
8
BLACK
6
CONTINUOUS
10
4.2174100393700789
20
-4.389403070866142
11
4.2174467322834648
21
-4.3894182677165352
0
LINE
8
BLACK
6
CONTINUOUS
10
4.2174467322834648
20
-4.3894182677165352
11
4.2189031102362202
21
-4.3898085039370081
0
LINE
8
BLACK
6
CONTINUOUS
10
4.2189031102362202
20
-4.3898085039370081
11
4.2202090944881885
21
-4.3905624803149603
0
LINE
8
BLACK
6
CONTINUOUS
10
4.2202090944881885
20
-4.3905624803149603
11
4.2202453149606303
21
-4.3905775196850394
0
LINE
8
BLACK
6
CONTINUOUS
10
4.2202453149606303
20
-4.3905775196850394
11
4.2211263385826774
21
-4.391086181102362
0
LINE
8
BLACK
6
CONTINUOUS
10
4.2211263385826774
20
-4.391086181102362
11
4.2211574015748035
21
-4.3911100000000003
0
LINE
8
BLACK
6
CONTINUOUS
10
4.2211574015748035
20
-4.3911100000000003
11
4.2224634251968505
21
-4.3918640551181101
0
LINE
8
BLACK
6
CONTINUOUS
10
4.2224634251968505
20
-4.3918640551181101
11
4.223529724409449
21
-4.3929303543307086
0
LINE
8
BLACK
6
CONTINUOUS
10
4.223529724409449
20
-4.3929303543307086
11
4.2235607086614175
21
-4.3929541338582681
0
LINE
8
BLACK
6
CONTINUOUS
10
4.2235607086614175
20
-4.3929541338582681
11
4.224280196850394
21
-4.3936736220472437
0
LINE
8
BLACK
6
CONTINUOUS
10
4.224280196850394
20
-4.3936736220472437
11
4.2243039370078739
21
-4.3937045669291335
0
LINE
8
BLACK
6
CONTINUOUS
10
4.2243039370078739
20
-4.3937045669291335
11
4.2253703543307086
21
-4.3947709842519682
0
LINE
8
BLACK
6
CONTINUOUS
10
4.2253703543307086
20
-4.3947709842519682
11
4.2261244094488184
21
-4.396077047244094
0
LINE
8
BLACK
6
CONTINUOUS
10
4.2261244094488184
20
-4.396077047244094
11
4.2261481496062991
21
-4.3961079921259838
0
LINE
8
BLACK
6
CONTINUOUS
10
4.2261481496062991
20
-4.3961079921259838
11
4.2266568897637793
21
-4.3969891338582672
0
LINE
8
BLACK
6
CONTINUOUS
10
4.2266568897637793
20
-4.3969891338582672
11
4.2266718110236221
21
-4.3970251968503939
0
LINE
8
BLACK
6
CONTINUOUS
10
4.2266718110236221
20
-4.3970251968503939
11
4.2274259055118106
21
-4.3983312992125985
0
LINE
8
BLACK
6
CONTINUOUS
10
4.2274259055118106
20
-4.3983312992125985
11
4.2278161811023622
21
-4.3997878740157477
0
LINE
8
BLACK
6
CONTINUOUS
10
4.2278161811023622
20
-4.3997878740157477
11
4.2278311417322838
21
-4.3998239763779523
0
LINE
8
BLACK
6
CONTINUOUS
10
4.2278311417322838
20
-4.3998239763779523
11
4.2280944881889759
21
-4.4008068503937006
0
LINE
8
BLACK
6
CONTINUOUS
10
4.2280944881889759
20
-4.4008068503937006
11
4.2280995669291341
21
-4.4008454724409445
0
LINE
8
BLACK
6
CONTINUOUS
10
4.2280995669291341
20
-4.4008454724409445
11
4.2284899212598424
21
-4.4023022834645671
0
LINE
8
BLACK
6
CONTINUOUS
10
4.2284899212598424
20
-4.4023022834645671
11
4.2284899212598424
21
-4.4038107480314963
0
LINE
8
BLACK
6
CONTINUOUS
10
4.2284899212598424
20
-4.4038107480314963
11
4.2284949606299209
21
-4.4038490551181102
0
LINE
8
BLACK
6
CONTINUOUS
10
4.2284949606299209
20
-4.4038490551181102
11
4.2284949606299209
21
-4.404866456692913
0
LINE
8
BLACK
6
CONTINUOUS
10
4.2284949606299209
20
-4.404866456692913
11
4.2284899212598424
21
-4.404904724409449
0
LINE
8
BLACK
6
CONTINUOUS
10
4.2284899212598424
20
-4.404904724409449
11
4.2284899212598424
21
-4.4064133070866145
0
LINE
8
BLACK
6
CONTINUOUS
10
4.2284899212598424
20
-4.4064133070866145
11
4.2280995275590554
21
-4.407870157480315
0
LINE
8
BLACK
6
CONTINUOUS
10
4.2280995275590554
20
-4.407870157480315
11
4.2280944881889759
21
-4.4079086614173226
0
LINE
8
BLACK
6
CONTINUOUS
10
4.2280944881889759
20
-4.4079086614173226
11
4.2278311417322838
21
-4.4088915354330709
0
LINE
8
BLACK
6
CONTINUOUS
10
4.2278311417322838
20
-4.4088915354330709
11
4.227816220472441
21
-4.4089274409448818
0
LINE
8
BLACK
6
CONTINUOUS
10
4.227816220472441
20
-4.4089274409448818
11
4.2274259055118106
21
-4.4103842913385822
0
LINE
8
BLACK
6
CONTINUOUS
10
4.2274259055118106
20
-4.4103842913385822
11
4.2266716929133858
21
-4.4116905511811026
0
LINE
8
BLACK
6
CONTINUOUS
10
4.2266716929133858
20
-4.4116905511811026
11
4.2266568897637793
21
-4.411726377952756
0
LINE
8
BLACK
6
CONTINUOUS
10
4.2266568897637793
20
-4.411726377952756
11
4.2261481496062991
21
-4.4126075196850394
0
LINE
8
BLACK
6
CONTINUOUS
10
4.2261481496062991
20
-4.4126075196850394
11
4.2261246062992122
21
-4.4126381889763779
0
LINE
8
BLACK
6
CONTINUOUS
10
4.2261246062992122
20
-4.4126381889763779
11
4.2253703543307086
21
-4.4139446062992125
0
LINE
8
BLACK
6
CONTINUOUS
10
4.2253703543307086
20
-4.4139446062992125
11
4.2243036614173226
21
-4.4150112598425197
0
LINE
8
BLACK
6
CONTINUOUS
10
4.2243036614173226
20
-4.4150112598425197
11
4.224280196850394
21
-4.4150418897637795
0
LINE
8
BLACK
6
CONTINUOUS
10
4.224280196850394
20
-4.4150418897637795
11
4.2235607086614175
21
-4.415761377952756
0
LINE
8
BLACK
6
CONTINUOUS
10
4.2235607086614175
20
-4.415761377952756
11
4.2235300787401577
21
-4.4157848425196846
0
LINE
8
BLACK
6
CONTINUOUS
10
4.2235300787401577
20
-4.4157848425196846
11
4.2224634251968505
21
-4.4168515354330706
0
LINE
8
BLACK
6
CONTINUOUS
10
4.2224634251968505
20
-4.4168515354330706
11
4.2211570078740159
21
-4.4176057874015751
0
LINE
8
BLACK
6
CONTINUOUS
10
4.2211570078740159
20
-4.4176057874015751
11
4.2211263385826774
21
-4.4176293307086612
0
LINE
8
BLACK
6
CONTINUOUS
10
4.2211263385826774
20
-4.4176293307086612
11
4.220245196850394
21
-4.4181380708661413
0
LINE
8
BLACK
6
CONTINUOUS
10
4.220245196850394
20
-4.4181380708661413
11
4.2202093700787398
21
-4.4181528740157479
0
LINE
8
BLACK
6
CONTINUOUS
10
4.2202093700787398
20
-4.4181528740157479
11
4.2189031102362202
21
-4.4189070866141735
0
LINE
8
BLACK
6
CONTINUOUS
10
4.2189031102362202
20
-4.4189070866141735
11
4.2174461417322835
21
-4.4192974409448817
0
LINE
8
BLACK
6
CONTINUOUS
10
4.2174461417322835
20
-4.4192974409448817
11
4.2174103149606301
21
-4.4193123228346458
0
LINE
8
BLACK
6
CONTINUOUS
10
4.2174103149606301
20
-4.4193123228346458
11
4.2164274409448819
21
-4.4195756692913388
0
LINE
8
BLACK
6
CONTINUOUS
10
4.2164274409448819
20
-4.4195756692913388
11
4.2163890157480317
21
-4.4195807086614174
0
LINE
8
BLACK
6
CONTINUOUS
10
4.2163890157480317
20
-4.4195807086614174
11
4.2149321259842516
21
-4.4199711023622044
0
LINE
8
BLACK
6
CONTINUOUS
10
4.2149321259842516
20
-4.4199711023622044
11
4.2134235433070861
21
-4.4199711023622044
0
LINE
8
BLACK
6
CONTINUOUS
10
4.2134235433070861
20
-4.4199711023622044
11
4.213385275590551
21
-4.4199761417322829
0
LINE
8
BLACK
6
CONTINUOUS
10
4.213385275590551
20
-4.4199761417322829
11
4.2123678740157482
21
-4.4199761417322829
0
LINE
8
BLACK
6
CONTINUOUS
10
4.2123678740157482
20
-4.4199761417322829
11
4.2123296062992122
21
-4.4199711023622044
0
LINE
8
BLACK
6
CONTINUOUS
10
4.2123296062992122
20
-4.4199711023622044
11
4.2108211023622042
21
-4.4199711023622044
0
LINE
8
BLACK
6
CONTINUOUS
10
4.2108211023622042
20
-4.4199711023622044
11
4.2093642913385825
21
-4.4195807480314961
0
LINE
8
BLACK
6
CONTINUOUS
10
4.2093642913385825
20
-4.4195807480314961
11
4.2093256692913386
21
-4.4195756692913388
0
LINE
8
BLACK
6
CONTINUOUS
10
4.2093256692913386
20
-4.4195756692913388
11
4.2083427952755903
21
-4.4193123228346458
0
LINE
8
BLACK
6
CONTINUOUS
10
4.2083427952755903
20
-4.4193123228346458
11
4.2083066929133857
21
-4.4192973622047242
0
LINE
8
BLACK
6
CONTINUOUS
10
4.2083066929133857
20
-4.4192973622047242
11
4.2068501181102365
21
-4.4189070866141735
0
LINE
8
BLACK
6
CONTINUOUS
10
4.2068501181102365
20
-4.4189070866141735
11
4.2055440157480311
21
-4.4181529921259841
0
LINE
8
BLACK
6
CONTINUOUS
10
4.2055440157480311
20
-4.4181529921259841
11
4.2055079527559052
21
-4.4181380708661413
0
LINE
8
BLACK
6
CONTINUOUS
10
4.2055079527559052
20
-4.4181380708661413
11
4.2046268110236218
21
-4.4176293307086612
0
LINE
8
BLACK
6
CONTINUOUS
10
4.2046268110236218
20
-4.4176293307086612
11
4.204595866141732
21
-4.4176055905511813
0
LINE
8
BLACK
6
CONTINUOUS
10
4.204595866141732
20
-4.4176055905511813
11
4.2032898031496062
21
-4.4168515354330706
0
LINE
8
BLACK
6
CONTINUOUS
10
4.2032898031496062
20
-4.4168515354330706
11
4.2022233858267715
21
-4.4157851181102359
0
LINE
8
BLACK
6
CONTINUOUS
10
4.2022233858267715
20
-4.4157851181102359
11
4.2021924409448816
21
-4.415761377952756
0
LINE
8
BLACK
6
CONTINUOUS
10
4.2021924409448816
20
-4.415761377952756
11
4.2014729527559052
21
-4.4150418897637795
0
LINE
8
BLACK
6
CONTINUOUS
10
4.2014729527559052
20
-4.4150418897637795
11
4.2014491732283465
21
-4.415010905511811
0
LINE
8
BLACK
6
CONTINUOUS
10
4.2014491732283465
20
-4.415010905511811
11
4.2003828740157481
21
-4.4139446062992125
0
LINE
8
BLACK
6
CONTINUOUS
10
4.2003828740157481
20
-4.4139446062992125
11
4.1996288188976374
21
-4.4126385826771655
0
LINE
8
BLACK
6
CONTINUOUS
10
4.1996288188976374
20
-4.4126385826771655
11
4.199605
21
-4.4126075196850394
0
LINE
8
BLACK
6
CONTINUOUS
10
4.199605
20
-4.4126075196850394
11
4.1990963385826774
21
-4.4117264960629923
0
LINE
8
BLACK
6
CONTINUOUS
10
4.1990963385826774
20
-4.4117264960629923
11
4.1990812992125983
21
-4.4116902755905514
0
LINE
8
BLACK
6
CONTINUOUS
10
4.1990812992125983
20
-4.4116902755905514
11
4.1983273228346452
21
-4.4103842913385822
0
LINE
8
BLACK
6
CONTINUOUS
10
4.1983273228346452
20
-4.4103842913385822
11
4.1979370866141732
21
-4.4089279527559055
0
LINE
8
BLACK
6
CONTINUOUS
10
4.1979370866141732
20
-4.4089279527559055
11
4.1979219291338579
21
-4.4088913385826771
0
LINE
8
BLACK
6
CONTINUOUS
10
4.1979219291338579
20
-4.4088913385826771
11
4.1976587007874011
21
-4.4079087795275589
0
LINE
8
BLACK
6
CONTINUOUS
10
4.1976587007874011
20
-4.4079087795275589
11
4.1976535433070863
21
-4.4078697637795274
0
LINE
8
BLACK
6
CONTINUOUS
10
4.1976535433070863
20
-4.4078697637795274
11
4.1972633070866143
21
-4.4064133070866145
0
LINE
8
BLACK
6
CONTINUOUS
10
4.1972633070866143
20
-4.4064133070866145
11
4.1972633070866143
21
-4.4049052755905507
0
LINE
8
BLACK
6
CONTINUOUS
10
4.1972633070866143
20
-4.4049052755905507
11
4.1972581889763783
21
-4.4048664173228342
0
LINE
8
BLACK
6
CONTINUOUS
10
4.1972581889763783
20
-4.4048664173228342
11
4.1972581889763783
21
-4.4038490551181102
0
LINE
8
BLACK
6
CONTINUOUS
10
4.1972581889763783
20
-4.4038490551181102
11
4.1972633070866143
21
-4.403810157480315
0
LINE
8
BLACK
6
CONTINUOUS
10
4.1972633070866143
20
-4.403810157480315
11
4.1972633070866143
21
-4.4023022834645671
0
LINE
8
BLACK
6
CONTINUOUS
10
4.1972633070866143
20
-4.4023022834645671
11
4.19765342519685
21
-4.400846181102362
0
LINE
8
BLACK
6
CONTINUOUS
10
4.19765342519685
20
-4.400846181102362
11
4.1976586614173224
21
-4.4008066929133856
0
LINE
8
BLACK
6
CONTINUOUS
10
4.1976586614173224
20
-4.4008066929133856
11
4.1979218897637791
21
-4.3998242913385823
0
LINE
8
BLACK
6
CONTINUOUS
10
4.1979218897637791
20
-4.3998242913385823
11
4.1979371259842519
21
-4.3997874409448814
0
LINE
8
BLACK
6
CONTINUOUS
10
4.1979371259842519
20
-4.3997874409448814
11
4.1983273228346452
21
-4.3983312992125985
0
LINE
8
BLACK
6
CONTINUOUS
10
4.1983273228346452
20
-4.3983312992125985
11
4.1990811023622046
21
-4.3970256692913381
0
LINE
8
BLACK
6
CONTINUOUS
10
4.1990811023622046
20
-4.3970256692913381
11
4.1990963385826774
21
-4.3969889370078743
0
LINE
8
BLACK
6
CONTINUOUS
10
4.1990963385826774
20
-4.3969889370078743
11
4.1996049606299213
21
-4.3961080314960626
0
LINE
8
BLACK
6
CONTINUOUS
10
4.1996049606299213
20
-4.3961080314960626
11
4.199605
21
-4.3961079921259838
0
LINE
8
BLACK
6
CONTINUOUS
10
4.199605
20
-4.3961079921259838
11
4.1996290157480312
21
-4.3960766535433073
0
LINE
8
BLACK
6
CONTINUOUS
10
4.1996290157480312
20
-4.3960766535433073
11
4.2003828740157481
21
-4.3947709842519682
0
LINE
8
BLACK
6
CONTINUOUS
10
4.2003828740157481
20
-4.3947709842519682
11
4.2014488976377953
21
-4.3937049212598422
0
LINE
8
BLACK
6
CONTINUOUS
10
4.2014488976377953
20
-4.3937049212598422
11
4.2014730708661414
21
-4.3936734645669286
0
LINE
8
BLACK
6
CONTINUOUS
10
4.2014730708661414
20
-4.3936734645669286
11
4.2021921259842516
21
-4.3929543700787397
0
LINE
8
BLACK
6
CONTINUOUS
10
4.2021921259842516
20
-4.3929543700787397
11
4.2022237401574802
21
-4.3929300787401573
0
LINE
8
BLACK
6
CONTINUOUS
10
4.2022237401574802
20
-4.3929300787401573
11
4.2032898031496062
21
-4.3918640551181101
0
LINE
8
BLACK
6
CONTINUOUS
10
4.2032898031496062
20
-4.3918640551181101
11
4.2045953543307082
21
-4.3911102755905507
0
LINE
8
BLACK
6
CONTINUOUS
10
4.2045953543307082
20
-4.3911102755905507
11
4.2046270866141731
21
-4.3910859448818895
0
LINE
8
BLACK
6
CONTINUOUS
10
4.2046270866141731
20
-4.3910859448818895
11
4.2055077559055114
21
-4.3905774803149606
0
LINE
8
BLACK
6
CONTINUOUS
10
4.2055077559055114
20
-4.3905774803149606
11
4.2055447637795274
21
-4.3905621259842516
0
LINE
8
BLACK
6
CONTINUOUS
10
4.2055447637795274
20
-4.3905621259842516
11
4.2068501181102365
21
-4.3898085039370081
0
LINE
8
BLACK
6
CONTINUOUS
10
4.2068501181102365
20
-4.3898085039370081
11
4.2083060629921256
21
-4.3894183464566927
0
LINE
8
BLACK
6
CONTINUOUS
10
4.2083060629921256
20
-4.3894183464566927
11
4.2083429527559053
21
-4.3894031102362208
0
LINE
8
BLACK
6
CONTINUOUS
10
4.2083429527559053
20
-4.3894031102362208
11
4.209325275590551
21
-4.389139881889764
0
LINE
8
BLACK
6
CONTINUOUS
10
4.209325275590551
20
-4.389139881889764
11
4.2093649212598425
21
-4.3891346456692917
0
LINE
8
BLACK
6
CONTINUOUS
10
4.2093649212598425
20
-4.3891346456692917
11
4.2108211023622042
21
-4.3887444881889763
0
LINE
8
BLACK
6
CONTINUOUS
10
4.2108211023622042
20
-4.3887444881889763
11
4.2123290157480318
21
-4.3887444881889763
0
LINE
8
BLACK
6
CONTINUOUS
10
4.2123290157480318
20
-4.3887444881889763
11
4.2123681889763782
21
-4.3887393307086615
0
LINE
8
BLACK
6
CONTINUOUS
10
4.2123681889763782
20
-4.3887393307086615
11
4.2133850393700785
21
-4.3887393307086615
0
LINE
8
BLACK
6
CONTINUOUS
10
4.2133850393700785
20
-4.3887393307086615
11
4.2134242125984249
21
-4.3887444881889763
0
LINE
8
BLACK
6
CONTINUOUS
10
4.1644069291338583
20
-4.2926408267716534
11
4.165914842519685
21
-4.2926408267716534
0
LINE
8
BLACK
6
CONTINUOUS
10
4.165914842519685
20
-4.2926408267716534
11
4.1673711023622042
21
-4.2930310236220475
0
LINE
8
BLACK
6
CONTINUOUS
10
4.1673711023622042
20
-4.2930310236220475
11
4.1674102362204719
21
-4.2930361811023623
0
LINE
8
BLACK
6
CONTINUOUS
10
4.1674102362204719
20
-4.2930361811023623
11
4.1683927559055114
21
-4.293299409448819
0
LINE
8
BLACK
6
CONTINUOUS
10
4.1683927559055114
20
-4.293299409448819
11
4.1684294488188973
21
-4.2933146062992122
0
LINE
8
BLACK
6
CONTINUOUS
10
4.1684294488188973
20
-4.2933146062992122
11
4.1698858267716536
21
-4.2937048425196851
0
LINE
8
BLACK
6
CONTINUOUS
10
4.1698858267716536
20
-4.2937048425196851
11
4.1711918110236219
21
-4.2944588188976374
0
LINE
8
BLACK
6
CONTINUOUS
10
4.1711918110236219
20
-4.2944588188976374
11
4.1712280314960628
21
-4.2944738582677164
0
LINE
8
BLACK
6
CONTINUOUS
10
4.1712280314960628
20
-4.2944738582677164
11
4.1721090551181099
21
-4.2949825196850391
0
LINE
8
BLACK
6
CONTINUOUS
10
4.1721090551181099
20
-4.2949825196850391
11
4.172140118110236
21
-4.2950063385826773
0
LINE
8
BLACK
6
CONTINUOUS
10
4.172140118110236
20
-4.2950063385826773
11
4.173446141732283
21
-4.2957603937007871
0
LINE
8
BLACK
6
CONTINUOUS
10
4.173446141732283
20
-4.2957603937007871
11
4.1745124409448815
21
-4.2968266929133856
0
LINE
8
BLACK
6
CONTINUOUS
10
4.1745124409448815
20
-4.2968266929133856
11
4.1745434251968501
21
-4.2968504724409451
0
LINE
8
BLACK
6
CONTINUOUS
10
4.1745434251968501
20
-4.2968504724409451
11
4.1752629133858266
21
-4.2975699606299216
0
LINE
8
BLACK
6
CONTINUOUS
10
4.1752629133858266
20
-4.2975699606299216
11
4.1752866535433073
21
-4.2976009055118105
0
LINE
8
BLACK
6
CONTINUOUS
10
4.1752866535433073
20
-4.2976009055118105
11
4.176353070866142
21
-4.2986673228346453
0
LINE
8
BLACK
6
CONTINUOUS
10
4.176353070866142
20
-4.2986673228346453
11
4.1771071259842518
21
-4.2999733858267719
0
LINE
8
BLACK
6
CONTINUOUS
10
4.1771071259842518
20
-4.2999733858267719
11
4.1771308661417326
21
-4.3000043307086617
0
LINE
8
BLACK
6
CONTINUOUS
10
4.1771308661417326
20
-4.3000043307086617
11
4.1776396062992127
21
-4.3008854724409451
0
LINE
8
BLACK
6
CONTINUOUS
10
4.1776396062992127
20
-4.3008854724409451
11
4.1776545275590546
21
-4.300921535433071
0
LINE
8
BLACK
6
CONTINUOUS
10
4.1776545275590546
20
-4.300921535433071
11
4.1784086220472441
21
-4.3022276377952755
0
LINE
8
BLACK
6
CONTINUOUS
10
4.1784086220472441
20
-4.3022276377952755
11
4.1787989370078735
21
-4.303684330708661
0
LINE
8
BLACK
6
CONTINUOUS
10
4.1787989370078735
20
-4.303684330708661
11
4.1788138582677163
21
-4.303720354330709
0
LINE
8
BLACK
6
CONTINUOUS
10
4.1788138582677163
20
-4.303720354330709
11
4.1790772047244094
21
-4.3047032283464564
0
LINE
8
BLACK
6
CONTINUOUS
10
4.1790772047244094
20
-4.3047032283464564
11
4.1790822440944879
21
-4.3047417716535428
0
LINE
8
BLACK
6
CONTINUOUS
10
4.1790822440944879
20
-4.3047417716535428
11
4.1794726377952758
21
-4.3061986220472441
0
LINE
8
BLACK
6
CONTINUOUS
10
4.1794726377952758
20
-4.3061986220472441
11
4.1794726377952758
21
-4.3077070472440946
0
LINE
8
BLACK
6
CONTINUOUS
10
4.1794726377952758
20
-4.3077070472440946
11
4.1794776771653543
21
-4.3077453543307085
0
LINE
8
BLACK
6
CONTINUOUS
10
4.1794776771653543
20
-4.3077453543307085
11
4.1794776771653543
21
-4.3087627559055113
0
LINE
8
BLACK
6
CONTINUOUS
10
4.1794776771653543
20
-4.3087627559055113
11
4.1794726377952758
21
-4.3088010236220473
0
LINE
8
BLACK
6
CONTINUOUS
10
4.1794726377952758
20
-4.3088010236220473
11
4.1794726377952758
21
-4.3103096456692915
0
LINE
8
BLACK
6
CONTINUOUS
10
4.1794726377952758
20
-4.3103096456692915
11
4.1790822440944879
21
-4.3117665354330708
0
LINE
8
BLACK
6
CONTINUOUS
10
4.1790822440944879
20
-4.3117665354330708
11
4.1790772047244094
21
-4.3118049606299209
0
LINE
8
BLACK
6
CONTINUOUS
10
4.1790772047244094
20
-4.3118049606299209
11
4.1788138582677163
21
-4.3127878346456692
0
LINE
8
BLACK
6
CONTINUOUS
10
4.1788138582677163
20
-4.3127878346456692
11
4.1787989763779523
21
-4.3128236614173225
0
LINE
8
BLACK
6
CONTINUOUS
10
4.1787989763779523
20
-4.3128236614173225
11
4.1784086220472441
21
-4.3142806299212602
0
LINE
8
BLACK
6
CONTINUOUS
10
4.1784086220472441
20
-4.3142806299212602
11
4.1776544094488184
21
-4.3155868897637797
0
LINE
8
BLACK
6
CONTINUOUS
10
4.1776544094488184
20
-4.3155868897637797
11
4.1776396062992127
21
-4.3156227165354331
0
LINE
8
BLACK
6
CONTINUOUS
10
4.1776396062992127
20
-4.3156227165354331
11
4.1771308661417326
21
-4.3165038582677164
0
LINE
8
BLACK
6
CONTINUOUS
10
4.1771308661417326
20
-4.3165038582677164
11
4.1771073228346456
21
-4.316534527559055
0
LINE
8
BLACK
6
CONTINUOUS
10
4.1771073228346456
20
-4.316534527559055
11
4.176353070866142
21
-4.3178409448818895
0
LINE
8
BLACK
6
CONTINUOUS
10
4.176353070866142
20
-4.3178409448818895
11
4.175286377952756
21
-4.3189075984251968
0
LINE
8
BLACK
6
CONTINUOUS
10
4.175286377952756
20
-4.3189075984251968
11
4.1752629133858266
21
-4.3189382283464566
0
LINE
8
BLACK
6
CONTINUOUS
10
4.1752629133858266
20
-4.3189382283464566
11
4.1745434251968501
21
-4.3196577165354331
0
LINE
8
BLACK
6
CONTINUOUS
10
4.1745434251968501
20
-4.3196577165354331
11
4.1745127952755903
21
-4.3196811811023625
0
LINE
8
BLACK
6
CONTINUOUS
10
4.1745127952755903
20
-4.3196811811023625
11
4.173446141732283
21
-4.3207478740157477
0
LINE
8
BLACK
6
CONTINUOUS
10
4.173446141732283
20
-4.3207478740157477
11
4.1721397244094485
21
-4.3215021259842521
0
LINE
8
BLACK
6
CONTINUOUS
10
4.1721397244094485
20
-4.3215021259842521
11
4.1721090551181099
21
-4.3215256692913382
0
LINE
8
BLACK
6
CONTINUOUS
10
4.1721090551181099
20
-4.3215256692913382
11
4.1712279133858265
21
-4.3220344094488192
0
LINE
8
BLACK
6
CONTINUOUS
10
4.1712279133858265
20
-4.3220344094488192
11
4.1711920866141732
21
-4.3220492125984249
0
LINE
8
BLACK
6
CONTINUOUS
10
4.1711920866141732
20
-4.3220492125984249
11
4.1698858267716536
21
-4.3228034251968506
0
LINE
8
BLACK
6
CONTINUOUS
10
4.1698858267716536
20
-4.3228034251968506
11
4.168428858267716
21
-4.3231937795275588
0
LINE
8
BLACK
6
CONTINUOUS
10
4.168428858267716
20
-4.3231937795275588
11
4.1683930314960627
21
-4.3232086614173229
0
LINE
8
BLACK
6
CONTINUOUS
10
4.1683930314960627
20
-4.3232086614173229
11
4.1674101574803153
21
-4.3234720078740159
0
LINE
8
BLACK
6
CONTINUOUS
10
4.1674101574803153
20
-4.3234720078740159
11
4.1673717322834642
21
-4.3234770472440944
0
LINE
8
BLACK
6
CONTINUOUS
10
4.1673717322834642
20
-4.3234770472440944
11
4.165914842519685
21
-4.3238674409448814
0
LINE
8
BLACK
6
CONTINUOUS
10
4.165914842519685
20
-4.3238674409448814
11
4.1644062598425196
21
-4.3238674409448814
0
LINE
8
BLACK
6
CONTINUOUS
10
4.1644062598425196
20
-4.3238674409448814
11
4.1643679921259844
21
-4.3238724803149609
0
LINE
8
BLACK
6
CONTINUOUS
10
4.1643679921259844
20
-4.3238724803149609
11
4.1633505905511807
21
-4.3238724803149609
0
LINE
8
BLACK
6
CONTINUOUS
10
4.1633505905511807
20
-4.3238724803149609
11
4.1633123228346456
21
-4.3238674409448814
0
LINE
8
BLACK
6
CONTINUOUS
10
4.1633123228346456
20
-4.3238674409448814
11
4.1618038188976376
21
-4.3238674409448814
0
LINE
8
BLACK
6
CONTINUOUS
10
4.1618038188976376
20
-4.3238674409448814
11
4.1603470078740159
21
-4.3234770866141732
0
LINE
8
BLACK
6
CONTINUOUS
10
4.1603470078740159
20
-4.3234770866141732
11
4.160308385826772
21
-4.3234720078740159
0
LINE
8
BLACK
6
CONTINUOUS
10
4.160308385826772
20
-4.3234720078740159
11
4.1593255118110237
21
-4.3232086614173229
0
LINE
8
BLACK
6
CONTINUOUS
10
4.1593255118110237
20
-4.3232086614173229
11
4.1592894094488191
21
-4.3231937007874013
0
LINE
8
BLACK
6
CONTINUOUS
10
4.1592894094488191
20
-4.3231937007874013
11
4.157832834645669
21
-4.3228034251968506
0
LINE
8
BLACK
6
CONTINUOUS
10
4.157832834645669
20
-4.3228034251968506
11
4.1565267322834645
21
-4.3220493307086612
0
LINE
8
BLACK
6
CONTINUOUS
10
4.1565267322834645
20
-4.3220493307086612
11
4.1564906692913386
21
-4.3220344094488192
0
LINE
8
BLACK
6
CONTINUOUS
10
4.1564906692913386
20
-4.3220344094488192
11
4.1556095275590552
21
-4.3215256692913382
0
LINE
8
BLACK
6
CONTINUOUS
10
4.1556095275590552
20
-4.3215256692913382
11
4.1555785826771654
21
-4.3215019291338583
0
LINE
8
BLACK
6
CONTINUOUS
10
4.1555785826771654
20
-4.3215019291338583
11
4.1542725196850396
21
-4.3207478740157477
0
LINE
8
BLACK
6
CONTINUOUS
10
4.1542725196850396
20
-4.3207478740157477
11
4.1532061023622049
21
-4.3196814566929129
0
LINE
8
BLACK
6
CONTINUOUS
10
4.1532061023622049
20
-4.3196814566929129
11
4.1531751574803151
21
-4.3196577165354331
0
LINE
8
BLACK
6
CONTINUOUS
10
4.1531751574803151
20
-4.3196577165354331
11
4.1524556692913386
21
-4.3189382283464566
0
LINE
8
BLACK
6
CONTINUOUS
10
4.1524556692913386
20
-4.3189382283464566
11
4.1524318897637791
21
-4.318907244094488
0
LINE
8
BLACK
6
CONTINUOUS
10
4.1524318897637791
20
-4.318907244094488
11
4.1513655905511806
21
-4.3178409448818895
0
LINE
8
BLACK
6
CONTINUOUS
10
4.1513655905511806
20
-4.3178409448818895
11
4.1506115354330708
21
-4.3165349212598425
0
LINE
8
BLACK
6
CONTINUOUS
10
4.1506115354330708
20
-4.3165349212598425
11
4.1505877165354326
21
-4.3165038582677164
0
LINE
8
BLACK
6
CONTINUOUS
10
4.1505877165354326
20
-4.3165038582677164
11
4.1500790551181099
21
-4.3156228346456693
0
LINE
8
BLACK
6
CONTINUOUS
10
4.1500790551181099
20
-4.3156228346456693
11
4.1500640157480317
21
-4.3155866141732284
0
LINE
8
BLACK
6
CONTINUOUS
10
4.1500640157480317
20
-4.3155866141732284
11
4.1493100393700786
21
-4.3142806299212602
0
LINE
8
BLACK
6
CONTINUOUS
10
4.1493100393700786
20
-4.3142806299212602
11
4.1489198031496066
21
-4.3128242913385826
0
LINE
8
BLACK
6
CONTINUOUS
10
4.1489198031496066
20
-4.3128242913385826
11
4.1489046456692913
21
-4.3127876771653542
0
LINE
8
BLACK
6
CONTINUOUS
10
4.1489046456692913
20
-4.3127876771653542
11
4.1486414173228345
21
-4.3118051181102359
0
LINE
8
BLACK
6
CONTINUOUS
10
4.1486414173228345
20
-4.3118051181102359
11
4.1486362598425197
21
-4.3117661023622045
0
LINE
8
BLACK
6
CONTINUOUS
10
4.1486362598425197
20
-4.3117661023622045
11
4.1482460236220469
21
-4.3103096456692915
0
LINE
8
BLACK
6
CONTINUOUS
10
4.1482460236220469
20
-4.3103096456692915
11
4.1482460236220469
21
-4.3088015748031498
0
LINE
8
BLACK
6
CONTINUOUS
10
4.1482460236220469
20
-4.3088015748031498
11
4.1482409055118108
21
-4.3087627165354334
0
LINE
8
BLACK
6
CONTINUOUS
10
4.1482409055118108
20
-4.3087627165354334
11
4.1482409055118108
21
-4.3077453543307085
0
LINE
8
BLACK
6
CONTINUOUS
10
4.1482409055118108
20
-4.3077453543307085
11
4.1482460236220469
21
-4.3077064566929133
0
LINE
8
BLACK
6
CONTINUOUS
10
4.1482460236220469
20
-4.3077064566929133
11
4.1482460236220469
21
-4.3061986220472441
0
LINE
8
BLACK
6
CONTINUOUS
10
4.1482460236220469
20
-4.3061986220472441
11
4.1486361811023622
21
-4.3047424803149603
0
LINE
8
BLACK
6
CONTINUOUS
10
4.1486361811023622
20
-4.3047424803149603
11
4.1486413779527558
21
-4.3047030708661413
0
LINE
8
BLACK
6
CONTINUOUS
10
4.1486413779527558
20
-4.3047030708661413
11
4.1489046062992125
21
-4.3037206299212594
0
LINE
8
BLACK
6
CONTINUOUS
10
4.1489046062992125
20
-4.3037206299212594
11
4.1489198425196854
21
-4.3036837795275593
0
LINE
8
BLACK
6
CONTINUOUS
10
4.1489198425196854
20
-4.3036837795275593
11
4.1493100393700786
21
-4.3022276377952755
0
LINE
8
BLACK
6
CONTINUOUS
10
4.1493100393700786
20
-4.3022276377952755
11
4.150063818897638
21
-4.300922007874016
0
LINE
8
BLACK
6
CONTINUOUS
10
4.150063818897638
20
-4.300922007874016
11
4.1500790551181099
21
-4.3008852755905513
0
LINE
8
BLACK
6
CONTINUOUS
10
4.1500790551181099
20
-4.3008852755905513
11
4.1505876771653538
21
-4.3000043700787405
0
LINE
8
BLACK
6
CONTINUOUS
10
4.1505876771653538
20
-4.3000043700787405
11
4.1505883858267714
21
-4.3000034645669292
0
LINE
8
BLACK
6
CONTINUOUS
10
4.1505883858267714
20
-4.3000034645669292
11
4.1506117322834646
21
-4.2999729921259844
0
LINE
8
BLACK
6
CONTINUOUS
10
4.1506117322834646
20
-4.2999729921259844
11
4.1513655905511806
21
-4.2986673228346453
0
LINE
8
BLACK
6
CONTINUOUS
10
4.1513655905511806
20
-4.2986673228346453
11
4.1524316141732278
21
-4.2976012598425193
0
LINE
8
BLACK
6
CONTINUOUS
10
4.1524316141732278
20
-4.2976012598425193
11
4.1524557874015748
21
-4.2975698031496066
0
LINE
8
BLACK
6
CONTINUOUS
10
4.1524557874015748
20
-4.2975698031496066
11
4.1531748425196851
21
-4.2968507086614176
0
LINE
8
BLACK
6
CONTINUOUS
10
4.1531748425196851
20
-4.2968507086614176
11
4.1532064566929137
21
-4.2968264173228343
0
LINE
8
BLACK
6
CONTINUOUS
10
4.1532064566929137
20
-4.2968264173228343
11
4.1542725196850396
21
-4.2957603937007871
0
LINE
8
BLACK
6
CONTINUOUS
10
4.1542725196850396
20
-4.2957603937007871
11
4.1555780708661416
21
-4.2950066141732286
0
LINE
8
BLACK
6
CONTINUOUS
10
4.1555780708661416
20
-4.2950066141732286
11
4.1556098031496065
21
-4.2949822834645666
0
LINE
8
BLACK
6
CONTINUOUS
10
4.1556098031496065
20
-4.2949822834645666
11
4.1564904724409448
21
-4.2944738188976377
0
LINE
8
BLACK
6
CONTINUOUS
10
4.1564904724409448
20
-4.2944738188976377
11
4.1565274803149608
21
-4.2944584645669295
0
LINE
8
BLACK
6
CONTINUOUS
10
4.1565274803149608
20
-4.2944584645669295
11
4.157832834645669
21
-4.2937048425196851
0
LINE
8
BLACK
6
CONTINUOUS
10
4.157832834645669
20
-4.2937048425196851
11
4.159288779527559
21
-4.2933146850393697
0
LINE
8
BLACK
6
CONTINUOUS
10
4.159288779527559
20
-4.2933146850393697
11
4.1593256692913387
21
-4.2932994488188978
0
LINE
8
BLACK
6
CONTINUOUS
10
4.1593256692913387
20
-4.2932994488188978
11
4.1603079921259845
21
-4.293036220472441
0
LINE
8
BLACK
6
CONTINUOUS
10
4.1603079921259845
20
-4.293036220472441
11
4.1603476377952751
21
-4.2930309842519687
0
LINE
8
BLACK
6
CONTINUOUS
10
4.1603476377952751
20
-4.2930309842519687
11
4.1618038188976376
21
-4.2926408267716534
0
LINE
8
BLACK
6
CONTINUOUS
10
4.1618038188976376
20
-4.2926408267716534
11
4.1633117322834643
21
-4.2926408267716534
0
LINE
8
BLACK
6
CONTINUOUS
10
4.1633117322834643
20
-4.2926408267716534
11
4.1633509055118108
21
-4.2926356692913386
0
LINE
8
BLACK
6
CONTINUOUS
10
4.1633509055118108
20
-4.2926356692913386
11
4.1643677559055119
21
-4.2926356692913386
0
LINE
8
BLACK
6
CONTINUOUS
10
4.1643677559055119
20
-4.2926356692913386
11
4.1644069291338583
21
-4.2926408267716534
0
LINE
8
BLACK
6
CONTINUOUS
10
5.0947013385826772
20
-4.2269675196850391
11
5.0982616535433074
21
-4.229023070866142
0
LINE
8
BLACK
6
CONTINUOUS
10
5.0982616535433074
20
-4.229023070866142
11
5.1011685826771656
21
-4.2319300000000002
0
LINE
8
BLACK
6
CONTINUOUS
10
5.1011685826771656
20
-4.2319300000000002
11
5.1032241338582676
21
-4.2354903149606296
0
LINE
8
BLACK
6
CONTINUOUS
10
5.1032241338582676
20
-4.2354903149606296
11
5.1042881496062993
21
-4.2394612992125982
0
LINE
8
BLACK
6
CONTINUOUS
10
5.1042881496062993
20
-4.2394612992125982
11
5.1042881496062993
21
-4.2435723228346456
0
LINE
8
BLACK
6
CONTINUOUS
10
5.1042881496062993
20
-4.2435723228346456
11
5.1032241338582676
21
-4.2475433070866142
0
LINE
8
BLACK
6
CONTINUOUS
10
5.1032241338582676
20
-4.2475433070866142
11
5.1011685826771656
21
-4.2511036220472436
0
LINE
8
BLACK
6
CONTINUOUS
10
5.1011685826771656
20
-4.2511036220472436
11
5.0982616535433074
21
-4.2540105511811026
0
LINE
8
BLACK
6
CONTINUOUS
10
5.0982616535433074
20
-4.2540105511811026
11
5.0947013385826772
21
-4.2560661023622046
0
LINE
8
BLACK
6
CONTINUOUS
10
5.0947013385826772
20
-4.2560661023622046
11
5.0907303543307085
21
-4.2571301181102363
0
LINE
8
BLACK
6
CONTINUOUS
10
5.0907303543307085
20
-4.2571301181102363
11
5.0866193307086611
21
-4.2571301181102363
0
LINE
8
BLACK
6
CONTINUOUS
10
5.0866193307086611
20
-4.2571301181102363
11
5.0826483464566925
21
-4.2560661023622046
0
LINE
8
BLACK
6
CONTINUOUS
10
5.0826483464566925
20
-4.2560661023622046
11
5.0790880314960631
21
-4.2540105511811026
0
LINE
8
BLACK
6
CONTINUOUS
10
5.0790880314960631
20
-4.2540105511811026
11
5.076181102362205
21
-4.2511036220472436
0
LINE
8
BLACK
6
CONTINUOUS
10
5.076181102362205
20
-4.2511036220472436
11
5.0741255511811021
21
-4.2475433070866142
0
LINE
8
BLACK
6
CONTINUOUS
10
5.0741255511811021
20
-4.2475433070866142
11
5.0730615354330704
21
-4.2435723228346456
0
LINE
8
BLACK
6
CONTINUOUS
10
5.0730615354330704
20
-4.2435723228346456
11
5.0730615354330704
21
-4.2394612992125982
0
LINE
8
BLACK
6
CONTINUOUS
10
5.0730615354330704
20
-4.2394612992125982
11
5.0741255511811021
21
-4.2354903149606296
0
LINE
8
BLACK
6
CONTINUOUS
10
5.0741255511811021
20
-4.2354903149606296
11
5.076181102362205
21
-4.2319300000000002
0
LINE
8
BLACK
6
CONTINUOUS
10
5.076181102362205
20
-4.2319300000000002
11
5.0790880314960631
21
-4.229023070866142
0
LINE
8
BLACK
6
CONTINUOUS
10
5.0790880314960631
20
-4.229023070866142
11
5.0826483464566925
21
-4.2269675196850391
0
LINE
8
BLACK
6
CONTINUOUS
10
5.0826483464566925
20
-4.2269675196850391
11
5.0866193307086611
21
-4.2259035039370074
0
LINE
8
BLACK
6
CONTINUOUS
10
5.0866193307086611
20
-4.2259035039370074
11
5.0907303543307085
21
-4.2259035039370074
0
LINE
8
BLACK
6
CONTINUOUS
10
5.0907303543307085
20
-4.2259035039370074
11
5.0947013385826772
21
-4.2269675196850391
0
LINE
8
BLACK
6
CONTINUOUS
10
4.2637015748031493
20
-3.7379675196850393
11
4.2672618897637795
21
-3.7400230708661417
0
LINE
8
BLACK
6
CONTINUOUS
10
4.2672618897637795
20
-3.7400230708661417
11
4.2701688188976377
21
-3.7429299999999999
0
LINE
8
BLACK
6
CONTINUOUS
10
4.2701688188976377
20
-3.7429299999999999
11
4.2722243700787397
21
-3.7464903149606297
0
LINE
8
BLACK
6
CONTINUOUS
10
4.2722243700787397
20
-3.7464903149606297
11
4.2732883858267714
21
-3.7504612992125983
0
LINE
8
BLACK
6
CONTINUOUS
10
4.2732883858267714
20
-3.7504612992125983
11
4.2732883858267714
21
-3.7545723228346457
0
LINE
8
BLACK
6
CONTINUOUS
10
4.2732883858267714
20
-3.7545723228346457
11
4.2722243700787397
21
-3.7585433070866139
0
LINE
8
BLACK
6
CONTINUOUS
10
4.2722243700787397
20
-3.7585433070866139
11
4.2701688188976377
21
-3.7621036220472441
0
LINE
8
BLACK
6
CONTINUOUS
10
4.2701688188976377
20
-3.7621036220472441
11
4.2672618897637795
21
-3.7650105511811023
0
LINE
8
BLACK
6
CONTINUOUS
10
4.2672618897637795
20
-3.7650105511811023
11
4.2637015748031493
21
-3.7670661023622047
0
LINE
8
BLACK
6
CONTINUOUS
10
4.2637015748031493
20
-3.7670661023622047
11
4.2597305905511806
21
-3.768130118110236
0
LINE
8
BLACK
6
CONTINUOUS
10
4.2597305905511806
20
-3.768130118110236
11
4.2556195669291341
21
-3.768130118110236
0
LINE
8
BLACK
6
CONTINUOUS
10
4.2556195669291341
20
-3.768130118110236
11
4.2516485826771655
21
-3.7670661023622047
0
LINE
8
BLACK
6
CONTINUOUS
10
4.2516485826771655
20
-3.7670661023622047
11
4.2480882677165352
21
-3.7650105511811023
0
LINE
8
BLACK
6
CONTINUOUS
10
4.2480882677165352
20
-3.7650105511811023
11
4.2451813385826771
21
-3.7621036220472441
0
LINE
8
BLACK
6
CONTINUOUS
10
4.2451813385826771
20
-3.7621036220472441
11
4.2431257874015751
21
-3.7585433070866139
0
LINE
8
BLACK
6
CONTINUOUS
10
4.2431257874015751
20
-3.7585433070866139
11
4.2420617716535434
21
-3.7545723228346457
0
LINE
8
BLACK
6
CONTINUOUS
10
4.2420617716535434
20
-3.7545723228346457
11
4.2420617716535434
21
-3.7504612992125983
0
LINE
8
BLACK
6
CONTINUOUS
10
4.2420617716535434
20
-3.7504612992125983
11
4.2431257874015751
21
-3.7464903149606297
0
LINE
8
BLACK
6
CONTINUOUS
10
4.2431257874015751
20
-3.7464903149606297
11
4.2451813385826771
21
-3.7429299999999999
0
LINE
8
BLACK
6
CONTINUOUS
10
4.2451813385826771
20
-3.7429299999999999
11
4.2480882677165352
21
-3.7400230708661417
0
LINE
8
BLACK
6
CONTINUOUS
10
4.2480882677165352
20
-3.7400230708661417
11
4.2516485826771655
21
-3.7379675196850393
0
LINE
8
BLACK
6
CONTINUOUS
10
4.2516485826771655
20
-3.7379675196850393
11
4.2556195669291341
21
-3.736903503937008
0
LINE
8
BLACK
6
CONTINUOUS
10
4.2556195669291341
20
-3.736903503937008
11
4.2597305905511806
21
-3.736903503937008
0
LINE
8
BLACK
6
CONTINUOUS
10
4.2597305905511806
20
-3.736903503937008
11
4.2637015748031493
21
-3.7379675196850393
0
LINE
8
BLACK
6
CONTINUOUS
10
4.3502601968503933
20
-3.6604086614173226
11
4.3538205118110236
21
-3.662464212598425
0
LINE
8
BLACK
6
CONTINUOUS
10
4.3538205118110236
20
-3.662464212598425
11
4.3567274409448817
21
-3.6653711417322832
0
LINE
8
BLACK
6
CONTINUOUS
10
4.3567274409448817
20
-3.6653711417322832
11
4.3587829921259837
21
-3.6689314566929134
0
LINE
8
BLACK
6
CONTINUOUS
10
4.3587829921259837
20
-3.6689314566929134
11
4.3598470078740155
21
-3.6729024409448816
0
LINE
8
BLACK
6
CONTINUOUS
10
4.3598470078740155
20
-3.6729024409448816
11
4.3598470078740155
21
-3.677013464566929
0
LINE
8
BLACK
6
CONTINUOUS
10
4.3598470078740155
20
-3.677013464566929
11
4.3587829921259837
21
-3.6809844488188976
0
LINE
8
BLACK
6
CONTINUOUS
10
4.3587829921259837
20
-3.6809844488188976
11
4.3567274409448817
21
-3.6845447637795274
0
LINE
8
BLACK
6
CONTINUOUS
10
4.3567274409448817
20
-3.6845447637795274
11
4.3538205118110236
21
-3.6874516929133856
0
LINE
8
BLACK
6
CONTINUOUS
10
4.3538205118110236
20
-3.6874516929133856
11
4.3502601968503933
21
-3.689507244094488
0
LINE
8
BLACK
6
CONTINUOUS
10
4.3502601968503933
20
-3.689507244094488
11
4.3462892125984247
21
-3.6905712598425198
0
LINE
8
BLACK
6
CONTINUOUS
10
4.3462892125984247
20
-3.6905712598425198
11
4.3421781889763782
21
-3.6905712598425198
0
LINE
8
BLACK
6
CONTINUOUS
10
4.3421781889763782
20
-3.6905712598425198
11
4.3382072047244096
21
-3.689507244094488
0
LINE
8
BLACK
6
CONTINUOUS
10
4.3382072047244096
20
-3.689507244094488
11
4.3346468897637793
21
-3.6874516929133856
0
LINE
8
BLACK
6
CONTINUOUS
10
4.3346468897637793
20
-3.6874516929133856
11
4.3317399606299212
21
-3.6845447637795274
0
LINE
8
BLACK
6
CONTINUOUS
10
4.3317399606299212
20
-3.6845447637795274
11
4.3296844094488192
21
-3.6809844488188976
0
LINE
8
BLACK
6
CONTINUOUS
10
4.3296844094488192
20
-3.6809844488188976
11
4.3286203937007874
21
-3.677013464566929
0
LINE
8
BLACK
6
CONTINUOUS
10
4.3286203937007874
20
-3.677013464566929
11
4.3286203937007874
21
-3.6729024409448816
0
LINE
8
BLACK
6
CONTINUOUS
10
4.3286203937007874
20
-3.6729024409448816
11
4.3296844094488192
21
-3.6689314566929134
0
LINE
8
BLACK
6
CONTINUOUS
10
4.3296844094488192
20
-3.6689314566929134
11
4.3317399606299212
21
-3.6653711417322832
0
LINE
8
BLACK
6
CONTINUOUS
10
4.3317399606299212
20
-3.6653711417322832
11
4.3346468897637793
21
-3.662464212598425
0
LINE
8
BLACK
6
CONTINUOUS
10
4.3346468897637793
20
-3.662464212598425
11
4.3382072047244096
21
-3.6604086614173226
0
LINE
8
BLACK
6
CONTINUOUS
10
4.3382072047244096
20
-3.6604086614173226
11
4.3421781889763782
21
-3.6593446456692913
0
LINE
8
BLACK
6
CONTINUOUS
10
4.3421781889763782
20
-3.6593446456692913
11
4.3462892125984247
21
-3.6593446456692913
0
LINE
8
BLACK
6
CONTINUOUS
10
4.3462892125984247
20
-3.6593446456692913
11
4.3502601968503933
21
-3.6604086614173226
0
LINE
8
BLACK
6
CONTINUOUS
10
5.0307761417322832
20
-3.3250423228346455
11
5.0343364566929134
21
-3.327097874015748
0
LINE
8
BLACK
6
CONTINUOUS
10
5.0343364566929134
20
-3.327097874015748
11
5.0372433858267716
21
-3.3300048031496061
0
LINE
8
BLACK
6
CONTINUOUS
10
5.0372433858267716
20
-3.3300048031496061
11
5.0392989370078736
21
-3.3335651181102359
0
LINE
8
BLACK
6
CONTINUOUS
10
5.0392989370078736
20
-3.3335651181102359
11
5.0403629527559053
21
-3.3375361023622045
0
LINE
8
BLACK
6
CONTINUOUS
10
5.0403629527559053
20
-3.3375361023622045
11
5.0403629527559053
21
-3.341647125984252
0
LINE
8
BLACK
6
CONTINUOUS
10
5.0403629527559053
20
-3.341647125984252
11
5.0392989370078736
21
-3.3456181102362206
0
LINE
8
BLACK
6
CONTINUOUS
10
5.0392989370078736
20
-3.3456181102362206
11
5.0372433858267716
21
-3.3491784251968504
0
LINE
8
BLACK
6
CONTINUOUS
10
5.0372433858267716
20
-3.3491784251968504
11
5.0343364566929134
21
-3.3520853543307085
0
LINE
8
BLACK
6
CONTINUOUS
10
5.0343364566929134
20
-3.3520853543307085
11
5.0307761417322832
21
-3.354140905511811
0
LINE
8
BLACK
6
CONTINUOUS
10
5.0307761417322832
20
-3.354140905511811
11
5.0268051574803145
21
-3.3552049212598423
0
LINE
8
BLACK
6
CONTINUOUS
10
5.0268051574803145
20
-3.3552049212598423
11
5.022694133858268
21
-3.3552049212598423
0
LINE
8
BLACK
6
CONTINUOUS
10
5.022694133858268
20
-3.3552049212598423
11
5.0187231496062994
21
-3.354140905511811
0
LINE
8
BLACK
6
CONTINUOUS
10
5.0187231496062994
20
-3.354140905511811
11
5.0151628346456691
21
-3.3520853543307085
0
LINE
8
BLACK
6
CONTINUOUS
10
5.0151628346456691
20
-3.3520853543307085
11
5.012255905511811
21
-3.3491784251968504
0
LINE
8
BLACK
6
CONTINUOUS
10
5.012255905511811
20
-3.3491784251968504
11
5.010200354330709
21
-3.3456181102362206
0
LINE
8
BLACK
6
CONTINUOUS
10
5.010200354330709
20
-3.3456181102362206
11
5.0091363385826773
21
-3.341647125984252
0
LINE
8
BLACK
6
CONTINUOUS
10
5.0091363385826773
20
-3.341647125984252
11
5.0091363385826773
21
-3.3375361023622045
0
LINE
8
BLACK
6
CONTINUOUS
10
5.0091363385826773
20
-3.3375361023622045
11
5.010200354330709
21
-3.3335651181102359
0
LINE
8
BLACK
6
CONTINUOUS
10
5.010200354330709
20
-3.3335651181102359
11
5.012255905511811
21
-3.3300048031496061
0
LINE
8
BLACK
6
CONTINUOUS
10
5.012255905511811
20
-3.3300048031496061
11
5.0151628346456691
21
-3.327097874015748
0
LINE
8
BLACK
6
CONTINUOUS
10
5.0151628346456691
20
-3.327097874015748
11
5.0187231496062994
21
-3.3250423228346455
0
LINE
8
BLACK
6
CONTINUOUS
10
5.0187231496062994
20
-3.3250423228346455
11
5.022694133858268
21
-3.3239783070866142
0
LINE
8
BLACK
6
CONTINUOUS
10
5.022694133858268
20
-3.3239783070866142
11
5.0268051574803145
21
-3.3239783070866142
0
LINE
8
BLACK
6
CONTINUOUS
10
5.0268051574803145
20
-3.3239783070866142
11
5.0307761417322832
21
-3.3250423228346455
0
LINE
8
BLACK
6
CONTINUOUS
10
5.2064322834645669
20
-3.2982918110236219
11
5.2082336614173226
21
-3.3003707086614171
0
LINE
8
BLACK
6
CONTINUOUS
10
5.2082336614173226
20
-3.3003707086614171
11
5.2086748425196845
21
-3.3023987007874016
0
LINE
8
BLACK
6
CONTINUOUS
10
5.2086748425196845
20
-3.3023987007874016
11
5.2086748425196845
21
-3.6107687795275591
0
LINE
8
BLACK
6
CONTINUOUS
10
5.2086748425196845
20
-3.6107687795275591
11
5.3586748425196848
21
-3.6107687795275591
0
LINE
8
BLACK
6
CONTINUOUS
10
5.3586748425196848
20
-3.6107687795275591
11
5.3607303543307081
21
-3.6109035039370077
0
LINE
8
BLACK
6
CONTINUOUS
10
5.3607303543307081
20
-3.6109035039370077
11
5.3647013779527555
21
-3.6119675196850394
0
LINE
8
BLACK
6
CONTINUOUS
10
5.3647013779527555
20
-3.6119675196850394
11
5.368261653543307
21
-3.6140230708661418
0
LINE
8
BLACK
6
CONTINUOUS
10
5.368261653543307
20
-3.6140230708661418
11
5.3698103937007877
21
-3.6153812598425197
0
LINE
8
BLACK
6
CONTINUOUS
10
5.3698103937007877
20
-3.6153812598425197
11
5.5621979133858268
21
-3.8077687795275588
0
LINE
8
BLACK
6
CONTINUOUS
10
5.5621979133858268
20
-3.8077687795275588
11
5.8061361023622045
21
-3.8077687795275588
0
LINE
8
BLACK
6
CONTINUOUS
10
5.8061361023622045
20
-3.8077687795275588
11
5.8061361023622045
21
-3.7586670472440944
0
LINE
8
BLACK
6
CONTINUOUS
10
5.8061361023622045
20
-3.7586670472440944
11
5.8062708267716534
21
-3.7566115354330707
0
LINE
8
BLACK
6
CONTINUOUS
10
5.8062708267716534
20
-3.7566115354330707
11
5.8073348425196851
21
-3.7526405511811021
0
LINE
8
BLACK
6
CONTINUOUS
10
5.8073348425196851
20
-3.7526405511811021
11
5.8093903937007871
21
-3.7490802362204723
0
LINE
8
BLACK
6
CONTINUOUS
10
5.8093903937007871
20
-3.7490802362204723
11
5.8122973228346453
21
-3.7461733070866141
0
LINE
8
BLACK
6
CONTINUOUS
10
5.8122973228346453
20
-3.7461733070866141
11
5.8158576377952755
21
-3.7441177559055117
0
LINE
8
BLACK
6
CONTINUOUS
10
5.8158576377952755
20
-3.7441177559055117
11
5.8198286220472442
21
-3.7430537401574804
0
LINE
8
BLACK
6
CONTINUOUS
10
5.8198286220472442
20
-3.7430537401574804
11
5.8239396456692916
21
-3.7430537401574804
0
LINE
8
BLACK
6
CONTINUOUS
10
5.8239396456692916
20
-3.7430537401574804
11
5.8279106299212593
21
-3.7441177559055117
0
LINE
8
BLACK
6
CONTINUOUS
10
5.8279106299212593
20
-3.7441177559055117
11
5.8314709448818896
21
-3.7461733070866141
0
LINE
8
BLACK
6
CONTINUOUS
10
5.8314709448818896
20
-3.7461733070866141
11
5.8343778740157477
21
-3.7490802362204723
0
LINE
8
BLACK
6
CONTINUOUS
10
5.8343778740157477
20
-3.7490802362204723
11
5.8364334251968506
21
-3.7526405511811021
0
LINE
8
BLACK
6
CONTINUOUS
10
5.8364334251968506
20
-3.7526405511811021
11
5.8374974409448814
21
-3.7566115354330707
0
LINE
8
BLACK
6
CONTINUOUS
10
5.8374974409448814
20
-3.7566115354330707
11
5.8376321653543304
21
-3.7586670472440944
0
LINE
8
BLACK
6
CONTINUOUS
10
5.8376321653543304
20
-3.7586670472440944
11
5.8376321653543304
21
-3.8077687795275588
0
LINE
8
BLACK
6
CONTINUOUS
10
5.8376321653543304
20
-3.8077687795275588
11
5.962926811023622
21
-3.8077687795275588
0
LINE
8
BLACK
6
CONTINUOUS
10
5.962926811023622
20
-3.8077687795275588
11
5.962926811023622
21
-3.7875168110236221
0
LINE
8
BLACK
6
CONTINUOUS
10
5.962926811023622
20
-3.7875168110236221
11
5.9630615354330709
21
-3.7854612992125984
0
LINE
8
BLACK
6
CONTINUOUS
10
5.9630615354330709
20
-3.7854612992125984
11
5.9641255511811027
21
-3.7814903149606298
0
LINE
8
BLACK
6
CONTINUOUS
10
5.9641255511811027
20
-3.7814903149606298
11
5.9661811023622047
21
-3.77793
0
LINE
8
BLACK
6
CONTINUOUS
10
5.9661811023622047
20
-3.77793
11
5.9690880314960628
21
-3.7750230708661419
0
LINE
8
BLACK
6
CONTINUOUS
10
5.9690880314960628
20
-3.7750230708661419
11
5.9726483464566931
21
-3.7729675196850394
0
LINE
8
BLACK
6
CONTINUOUS
10
5.9726483464566931
20
-3.7729675196850394
11
5.9766193307086617
21
-3.7719035039370077
0
LINE
8
BLACK
6
CONTINUOUS
10
5.9766193307086617
20
-3.7719035039370077
11
5.9807303543307082
21
-3.7719035039370077
0
LINE
8
BLACK
6
CONTINUOUS
10
5.9807303543307082
20
-3.7719035039370077
11
5.9847013385826768
21
-3.7729675196850394
0
LINE
8
BLACK
6
CONTINUOUS
10
5.9847013385826768
20
-3.7729675196850394
11
5.9882616535433071
21
-3.7750230708661419
0
LINE
8
BLACK
6
CONTINUOUS
10
5.9882616535433071
20
-3.7750230708661419
11
5.9911685826771652
21
-3.77793
0
LINE
8
BLACK
6
CONTINUOUS
10
5.9911685826771652
20
-3.77793
11
5.9932241338582672
21
-3.7814903149606298
0
LINE
8
BLACK
6
CONTINUOUS
10
5.9932241338582672
20
-3.7814903149606298
11
5.994288149606299
21
-3.7854612992125984
0
LINE
8
BLACK
6
CONTINUOUS
10
5.994288149606299
20
-3.7854612992125984
11
5.9944228740157479
21
-3.7875168110236221
0
LINE
8
BLACK
6
CONTINUOUS
10
5.9944228740157479
20
-3.7875168110236221
11
5.9944228740157479
21
-3.8077687795275588
0
LINE
8
BLACK
6
CONTINUOUS
10
5.9944228740157479
20
-3.8077687795275588
11
6.1286748425196853
21
-3.8077687795275588
0
LINE
8
BLACK
6
CONTINUOUS
10
6.1286748425196853
20
-3.8077687795275588
11
6.1294780708661412
21
-3.8077687795275588
0
LINE
8
BLACK
6
CONTINUOUS
10
6.1294780708661412
20
-3.8077687795275588
11
6.1315335826771653
21
-3.8079035039370077
0
LINE
8
BLACK
6
CONTINUOUS
10
6.1315335826771653
20
-3.8079035039370077
11
6.1355046062992127
21
-3.8089675196850394
0
LINE
8
BLACK
6
CONTINUOUS
10
6.1355046062992127
20
-3.8089675196850394
11
6.1390648818897633
21
-3.8110230708661414
0
LINE
8
BLACK
6
CONTINUOUS
10
6.1390648818897633
20
-3.8110230708661414
11
6.140613622047244
21
-3.8123812598425197
0
LINE
8
BLACK
6
CONTINUOUS
10
6.140613622047244
20
-3.8123812598425197
11
6.1652120866141731
21
-3.8369797637795275
0
LINE
8
BLACK
6
CONTINUOUS
10
6.1652120866141731
20
-3.8369797637795275
11
6.1665703149606301
21
-3.8385285039370078
0
LINE
8
BLACK
6
CONTINUOUS
10
6.1665703149606301
20
-3.8385285039370078
11
6.1674072440944885
21
-3.8399781102362205
0
LINE
8
BLACK
6
CONTINUOUS
10
6.1674072440944885
20
-3.8399781102362205
11
6.1883955905511812
21
-3.8609664566929132
0
LINE
8
BLACK
6
CONTINUOUS
10
6.1883955905511812
20
-3.8609664566929132
11
6.1897537795275586
21
-3.8625151968503935
0
LINE
8
BLACK
6
CONTINUOUS
10
6.1897537795275586
20
-3.8625151968503935
11
6.1918093307086615
21
-3.866075472440945
0
LINE
8
BLACK
6
CONTINUOUS
10
6.1918093307086615
20
-3.866075472440945
11
6.1925741732283459
21
-3.8689299999999998
0
LINE
8
BLACK
6
CONTINUOUS
10
6.1925741732283459
20
-3.8689299999999998
11
6.1928733464566932
21
-3.8700464960629919
0
LINE
8
BLACK
6
CONTINUOUS
10
6.1928733464566932
20
-3.8700464960629919
11
6.1930080708661412
21
-3.8721020078740156
0
LINE
8
BLACK
6
CONTINUOUS
10
6.1930080708661412
20
-3.8721020078740156
11
6.1930080708661412
21
-3.8965168110236221
0
LINE
8
BLACK
6
CONTINUOUS
10
6.1930080708661412
20
-3.8965168110236221
11
6.1930080708661412
21
-3.95472905511811
0
LINE
8
BLACK
6
CONTINUOUS
10
6.1930080708661412
20
-3.95472905511811
11
6.1928733464566932
21
-3.9567845669291337
0
LINE
8
BLACK
6
CONTINUOUS
10
6.1928733464566932
20
-3.9567845669291337
11
6.1918093307086615
21
-3.9607555905511811
0
LINE
8
BLACK
6
CONTINUOUS
10
6.1918093307086615
20
-3.9607555905511811
11
6.1897537795275586
21
-3.9643158661417321
0
LINE
8
BLACK
6
CONTINUOUS
10
6.1897537795275586
20
-3.9643158661417321
11
6.1883955905511812
21
-3.9658646062992124
0
LINE
8
BLACK
6
CONTINUOUS
10
6.1883955905511812
20
-3.9658646062992124
11
6.1368103149606297
21
-4.0174498818897639
0
LINE
8
BLACK
6
CONTINUOUS
10
6.1368103149606297
20
-4.0174498818897639
11
6.1352615748031498
21
-4.0188080708661413
0
LINE
8
BLACK
6
CONTINUOUS
10
6.1352615748031498
20
-4.0188080708661413
11
6.1317012992125983
21
-4.0208636220472442
0
LINE
8
BLACK
6
CONTINUOUS
10
6.1317012992125983
20
-4.0208636220472442
11
6.1277302755905509
21
-4.0219276377952751
0
LINE
8
BLACK
6
CONTINUOUS
10
6.1277302755905509
20
-4.0219276377952751
11
6.1236192519685035
21
-4.0219276377952751
0
LINE
8
BLACK
6
CONTINUOUS
10
6.1236192519685035
20
-4.0219276377952751
11
6.1196482283464562
21
-4.0208636220472442
0
LINE
8
BLACK
6
CONTINUOUS
10
6.1196482283464562
20
-4.0208636220472442
11
6.1160879527559056
21
-4.0188080708661413
0
LINE
8
BLACK
6
CONTINUOUS
10
6.1160879527559056
20
-4.0188080708661413
11
6.1131810236220474
21
-4.0159011417322832
0
LINE
8
BLACK
6
CONTINUOUS
10
6.1131810236220474
20
-4.0159011417322832
11
6.1111254724409445
21
-4.0123408661417326
0
LINE
8
BLACK
6
CONTINUOUS
10
6.1111254724409445
20
-4.0123408661417326
11
6.1100614566929137
21
-4.0083698425196852
0
LINE
8
BLACK
6
CONTINUOUS
10
6.1100614566929137
20
-4.0083698425196852
11
6.1100614566929137
21
-4.0042588188976378
0
LINE
8
BLACK
6
CONTINUOUS
10
6.1100614566929137
20
-4.0042588188976378
11
6.1111254724409445
21
-4.0002877952755904
0
LINE
8
BLACK
6
CONTINUOUS
10
6.1111254724409445
20
-4.0002877952755904
11
6.1131810236220474
21
-3.9967275196850394
0
LINE
8
BLACK
6
CONTINUOUS
10
6.1131810236220474
20
-3.9967275196850394
11
6.1145392125984248
21
-3.9951787795275591
0
LINE
8
BLACK
6
CONTINUOUS
10
6.1145392125984248
20
-3.9951787795275591
11
6.1615120078740153
21
-3.9482059842519686
0
LINE
8
BLACK
6
CONTINUOUS
10
6.1615120078740153
20
-3.9482059842519686
11
6.1615120078740153
21
-3.8965168110236221
0
LINE
8
BLACK
6
CONTINUOUS
10
6.1615120078740153
20
-3.8965168110236221
11
6.1615120078740153
21
-3.8786250787401575
0
LINE
8
BLACK
6
CONTINUOUS
10
6.1615120078740153
20
-3.8786250787401575
11
6.1221517716535434
21
-3.8392648425196851
0
LINE
8
BLACK
6
CONTINUOUS
10
6.1221517716535434
20
-3.8392648425196851
11
5.9796748425196853
21
-3.8392648425196851
0
LINE
8
BLACK
6
CONTINUOUS
10
5.9796748425196853
20
-3.8392648425196851
11
5.8196748425196851
21
-3.8392648425196851
0
LINE
8
BLACK
6
CONTINUOUS
10
5.8196748425196851
20
-3.8392648425196851
11
5.5556748425196849
21
-3.8392648425196851
0
LINE
8
BLACK
6
CONTINUOUS
10
5.5556748425196849
20
-3.8392648425196851
11
5.5536193307086616
21
-3.8391301181102362
0
LINE
8
BLACK
6
CONTINUOUS
10
5.5536193307086616
20
-3.8391301181102362
11
5.5496483070866143
21
-3.8380661023622045
0
LINE
8
BLACK
6
CONTINUOUS
10
5.5496483070866143
20
-3.8380661023622045
11
5.5460880314960628
21
-3.8360105511811025
0
LINE
8
BLACK
6
CONTINUOUS
10
5.5460880314960628
20
-3.8360105511811025
11
5.5445392913385829
21
-3.8346523622047242
0
LINE
8
BLACK
6
CONTINUOUS
10
5.5445392913385829
20
-3.8346523622047242
11
5.3521517716535429
21
-3.6422648425196851
0
LINE
8
BLACK
6
CONTINUOUS
10
5.3521517716535429
20
-3.6422648425196851
11
5.2086748425196845
21
-3.6422648425196851
0
LINE
8
BLACK
6
CONTINUOUS
10
5.2086748425196845
20
-3.6422648425196851
11
5.2086748425196845
21
-3.6578672047244094
0
LINE
8
BLACK
6
CONTINUOUS
10
5.2086748425196845
20
-3.6578672047244094
11
5.2078998425196845
21
-3.6605065354330706
0
LINE
8
BLACK
6
CONTINUOUS
10
5.2078998425196845
20
-3.6605065354330706
11
5.2058209448818893
21
-3.6623079133858267
0
LINE
8
BLACK
6
CONTINUOUS
10
5.2058209448818893
20
-3.6623079133858267
11
5.2037929527559053
21
-3.6627490944881891
0
LINE
8
BLACK
6
CONTINUOUS
10
5.2037929527559053
20
-3.6627490944881891
11
5.0386189370078736
21
-3.6627490944881891
0
LINE
8
BLACK
6
CONTINUOUS
10
5.0386189370078736
20
-3.6627490944881891
11
5.0359796062992128
21
-3.6619740944881891
0
LINE
8
BLACK
6
CONTINUOUS
10
5.0359796062992128
20
-3.6619740944881891
11
5.0356470078740152
21
-3.6617402755905513
0
LINE
8
BLACK
6
CONTINUOUS
10
5.0356470078740152
20
-3.6617402755905513
11
5.0355363779527558
21
-3.6616553937007872
0
LINE
8
BLACK
6
CONTINUOUS
10
5.0355363779527558
20
-3.6616553937007872
11
5.035536338582677
21
-3.6616553149606297
0
LINE
8
BLACK
6
CONTINUOUS
10
5.035536338582677
20
-3.6616553149606297
11
5.030597716535433
21
-3.6578657874015748
0
LINE
8
BLACK
6
CONTINUOUS
10
5.030597716535433
20
-3.6578657874015748
11
5.0248465748031492
21
-3.6554835826771654
0
LINE
8
BLACK
6
CONTINUOUS
10
5.0248465748031492
20
-3.6554835826771654
11
5.0248464960629917
21
-3.6554835433070867
0
LINE
8
BLACK
6
CONTINUOUS
10
5.0248464960629917
20
-3.6554835433070867
11
5.0186748818897637
21
-3.6546710629921257
0
LINE
8
BLACK
6
CONTINUOUS
10
5.0186748818897637
20
-3.6546710629921257
11
5.0186748031496062
21
-3.6546710629921257
0
LINE
8
BLACK
6
CONTINUOUS
10
5.0186748031496062
20
-3.6546710629921257
11
5.0125031496062995
21
-3.6554835433070867
0
LINE
8
BLACK
6
CONTINUOUS
10
5.0125031496062995
20
-3.6554835433070867
11
5.012503070866142
21
-3.6554835826771654
0
LINE
8
BLACK
6
CONTINUOUS
10
5.012503070866142
20
-3.6554835826771654
11
5.0067520078740158
21
-3.657865748031496
0
LINE
8
BLACK
6
CONTINUOUS
10
5.0067520078740158
20
-3.657865748031496
11
5.001813346456693
21
-3.6616553149606297
0
LINE
8
BLACK
6
CONTINUOUS
10
5.001813346456693
20
-3.6616553149606297
11
4.9980237795275588
21
-3.6665939763779525
0
LINE
8
BLACK
6
CONTINUOUS
10
4.9980237795275588
20
-3.6665939763779525
11
4.9956416141732278
21
-3.6723450393700787
0
LINE
8
BLACK
6
CONTINUOUS
10
4.9956416141732278
20
-3.6723450393700787
11
4.9956415748031491
21
-3.6723451181102362
0
LINE
8
BLACK
6
CONTINUOUS
10
4.9956415748031491
20
-3.6723451181102362
11
4.994829094488189
21
-3.6785167322834647
0
LINE
8
BLACK
6
CONTINUOUS
10
4.994829094488189
20
-3.6785167322834647
11
4.994829094488189
21
-3.6785168503937009
0
LINE
8
BLACK
6
CONTINUOUS
10
4.994829094488189
20
-3.6785168503937009
11
4.9956415748031491
21
-3.6846884645669289
0
LINE
8
BLACK
6
CONTINUOUS
10
4.9956415748031491
20
-3.6846884645669289
11
4.9956416141732278
21
-3.6846885433070864
0
LINE
8
BLACK
6
CONTINUOUS
10
4.9956416141732278
20
-3.6846885433070864
11
4.9980238188976376
21
-3.6904396850393701
0
LINE
8
BLACK
6
CONTINUOUS
10
4.9980238188976376
20
-3.6904396850393701
11
5.001813346456693
21
-3.6953783070866142
0
LINE
8
BLACK
6
CONTINUOUS
10
5.001813346456693
20
-3.6953783070866142
11
5.006751968503937
21
-3.6991678346456691
0
LINE
8
BLACK
6
CONTINUOUS
10
5.006751968503937
20
-3.6991678346456691
11
5.0125031102362207
21
-3.7015500393700789
0
LINE
8
BLACK
6
CONTINUOUS
10
5.0125031102362207
20
-3.7015500393700789
11
5.0155889763779529
21
-3.7019562992125983
0
LINE
8
BLACK
6
CONTINUOUS
10
5.0155889763779529
20
-3.7019562992125983
11
5.0186748031496062
21
-3.7023625590551181
0
LINE
8
BLACK
6
CONTINUOUS
10
5.0186748031496062
20
-3.7023625590551181
11
5.018674842519685
21
-3.7023625590551181
0
LINE
8
BLACK
6
CONTINUOUS
10
5.018674842519685
20
-3.7023625590551181
11
5.0186748818897637
21
-3.7023625590551181
0
LINE
8
BLACK
6
CONTINUOUS
10
5.0186748818897637
20
-3.7023625590551181
11
5.0207320866141734
21
-3.7020916929133856
0
LINE
8
BLACK
6
CONTINUOUS
10
5.0207320866141734
20
-3.7020916929133856
11
5.0248465748031492
21
-3.7015500393700789
0
LINE
8
BLACK
6
CONTINUOUS
10
5.0248465748031492
20
-3.7015500393700789
11
5.030597716535433
21
-3.6991678346456691
0
LINE
8
BLACK
6
CONTINUOUS
10
5.030597716535433
20
-3.6991678346456691
11
5.035536338582677
21
-3.6953783070866142
0
LINE
8
BLACK
6
CONTINUOUS
10
5.035536338582677
20
-3.6953783070866142
11
5.0355363779527558
21
-3.6953781889763779
0
LINE
8
BLACK
6
CONTINUOUS
10
5.0355363779527558
20
-3.6953781889763779
11
5.0356470078740152
21
-3.6952933464566931
0
LINE
8
BLACK
6
CONTINUOUS
10
5.0356470078740152
20
-3.6952933464566931
11
5.0382127559055121
21
-3.6943014566929131
0
LINE
8
BLACK
6
CONTINUOUS
10
5.0382127559055121
20
-3.6943014566929131
11
5.0386189370078736
21
-3.6942845275590552
0
LINE
8
BLACK
6
CONTINUOUS
10
5.0386189370078736
20
-3.6942845275590552
11
5.2037929527559053
21
-3.6942845275590552
0
LINE
8
BLACK
6
CONTINUOUS
10
5.2037929527559053
20
-3.6942845275590552
11
5.2064322834645669
21
-3.6950595275590552
0
LINE
8
BLACK
6
CONTINUOUS
10
5.2064322834645669
20
-3.6950595275590552
11
5.2082336614173226
21
-3.6971384251968504
0
LINE
8
BLACK
6
CONTINUOUS
10
5.2082336614173226
20
-3.6971384251968504
11
5.2086748425196845
21
-3.6991664173228345
0
LINE
8
BLACK
6
CONTINUOUS
10
5.2086748425196845
20
-3.6991664173228345
11
5.2086748425196845
21
-4.0545084645669291
0
LINE
8
BLACK
6
CONTINUOUS
10
5.2086748425196845
20
-4.0545084645669291
11
5.2078998425196845
21
-4.0571477952755908
0
LINE
8
BLACK
6
CONTINUOUS
10
5.2078998425196845
20
-4.0571477952755908
11
5.2058209448818893
21
-4.0589491732283465
0
LINE
8
BLACK
6
CONTINUOUS
10
5.2058209448818893
20
-4.0589491732283465
11
5.2030981889763774
21
-4.0593406692913385
0
LINE
8
BLACK
6
CONTINUOUS
10
5.2030981889763774
20
-4.0593406692913385
11
5.2005959842519687
21
-4.0581979527559051
0
LINE
8
BLACK
6
CONTINUOUS
10
5.2005959842519687
20
-4.0581979527559051
11
5.2003409448818898
21
-4.0579604724409446
0
LINE
8
BLACK
6
CONTINUOUS
10
5.2003409448818898
20
-4.0579604724409446
11
5.0223453149606296
21
-3.8799648425196849
0
LINE
8
BLACK
6
CONTINUOUS
10
5.0223453149606296
20
-3.8799648425196849
11
5.0210270078740153
21
-3.8775505511811024
0
LINE
8
BLACK
6
CONTINUOUS
10
5.0210270078740153
20
-3.8775505511811024
11
5.0209572047244091
21
-3.8771500393700786
0
LINE
8
BLACK
6
CONTINUOUS
10
5.0209572047244091
20
-3.8771500393700786
11
5.0209389763779528
21
-3.877011653543307
0
LINE
8
BLACK
6
CONTINUOUS
10
5.0209389763779528
20
-3.877011653543307
11
5.0201264960629919
21
-3.8708399999999998
0
LINE
8
BLACK
6
CONTINUOUS
10
5.0201264960629919
20
-3.8708399999999998
11
5.0177442913385821
21
-3.8650888582677165
0
LINE
8
BLACK
6
CONTINUOUS
10
5.0177442913385821
20
-3.8650888582677165
11
5.0139547637795276
21
-3.8601502362204725
0
LINE
8
BLACK
6
CONTINUOUS
10
5.0139547637795276
20
-3.8601502362204725
11
5.0090161417322836
21
-3.8563607086614171
0
LINE
8
BLACK
6
CONTINUOUS
10
5.0090161417322836
20
-3.8563607086614171
11
5.0032649999999999
21
-3.8539785039370078
0
LINE
8
BLACK
6
CONTINUOUS
10
5.0032649999999999
20
-3.8539785039370078
11
5.0032649212598423
21
-3.8539784645669291
0
LINE
8
BLACK
6
CONTINUOUS
10
5.0032649212598423
20
-3.8539784645669291
11
4.9970933070866144
21
-3.8531659842519685
0
LINE
8
BLACK
6
CONTINUOUS
10
4.9970933070866144
20
-3.8531659842519685
11
4.9970932283464569
21
-3.8531659842519685
0
LINE
8
BLACK
6
CONTINUOUS
10
4.9970932283464569
20
-3.8531659842519685
11
4.9909215748031492
21
-3.8539784645669291
0
LINE
8
BLACK
6
CONTINUOUS
10
4.9909215748031492
20
-3.8539784645669291
11
4.9909214960629917
21
-3.8539785039370078
0
LINE
8
BLACK
6
CONTINUOUS
10
4.9909214960629917
20
-3.8539785039370078
11
4.9851704330708664
21
-3.8563606692913384
0
LINE
8
BLACK
6
CONTINUOUS
10
4.9851704330708664
20
-3.8563606692913384
11
4.9802317716535436
21
-3.8601502362204725
0
LINE
8
BLACK
6
CONTINUOUS
10
4.9802317716535436
20
-3.8601502362204725
11
4.9764422047244095
21
-3.8650888976377953
0
LINE
8
BLACK
6
CONTINUOUS
10
4.9764422047244095
20
-3.8650888976377953
11
4.9740600393700785
21
-3.8708399606299211
0
LINE
8
BLACK
6
CONTINUOUS
10
4.9740600393700785
20
-3.8708399606299211
11
4.9740599999999997
21
-3.8708400393700786
0
LINE
8
BLACK
6
CONTINUOUS
10
4.9740599999999997
20
-3.8708400393700786
11
4.9732475196850396
21
-3.877011653543307
0
LINE
8
BLACK
6
CONTINUOUS
10
4.9732475196850396
20
-3.877011653543307
11
4.9732475196850396
21
-3.8770117716535433
0
LINE
8
BLACK
6
CONTINUOUS
10
4.9732475196850396
20
-3.8770117716535433
11
4.9740599999999997
21
-3.8831833858267717
0
LINE
8
BLACK
6
CONTINUOUS
10
4.9740599999999997
20
-3.8831833858267717
11
4.9740600393700785
21
-3.8831834645669292
0
LINE
8
BLACK
6
CONTINUOUS
10
4.9740600393700785
20
-3.8831834645669292
11
4.9764422440944882
21
-3.8889346062992125
0
LINE
8
BLACK
6
CONTINUOUS
10
4.9764422440944882
20
-3.8889346062992125
11
4.9802317716535436
21
-3.8938732283464565
0
LINE
8
BLACK
6
CONTINUOUS
10
4.9802317716535436
20
-3.8938732283464565
11
4.9851703937007876
21
-3.8976627559055119
0
LINE
8
BLACK
6
CONTINUOUS
10
4.9851703937007876
20
-3.8976627559055119
11
4.9909215354330705
21
-3.9000449606299212
0
LINE
8
BLACK
6
CONTINUOUS
10
4.9909215354330705
20
-3.9000449606299212
11
4.9970932677165356
21
-3.9008574803149605
0
LINE
8
BLACK
6
CONTINUOUS
10
4.9970932677165356
20
-3.9008574803149605
11
4.9970933070866144
21
-3.9008574409448817
0
LINE
8
BLACK
6
CONTINUOUS
10
4.9970933070866144
20
-3.9008574409448817
11
4.9972315748031493
21
-3.9008756692913384
0
LINE
8
BLACK
6
CONTINUOUS
10
4.9972315748031493
20
-3.9008756692913384
11
4.9997472047244091
21
-3.9019885039370079
0
LINE
8
BLACK
6
CONTINUOUS
10
4.9997472047244091
20
-3.9019885039370079
11
5.0000463779527555
21
-3.902263779527559
0
LINE
8
BLACK
6
CONTINUOUS
10
5.0000463779527555
20
-3.902263779527559
11
5.2072449606299207
21
-4.1094623228346459
0
LINE
8
BLACK
6
CONTINUOUS
10
5.2072449606299207
20
-4.1094623228346459
11
5.208563267716535
21
-4.1118766141732284
0
LINE
8
BLACK
6
CONTINUOUS
10
5.208563267716535
20
-4.1118766141732284
11
5.2086748425196845
21
-4.1129143307086613
0
LINE
8
BLACK
6
CONTINUOUS
10
5.2086748425196845
20
-4.1129143307086613
11
5.2086748425196845
21
-4.3072177165354333
0
LINE
8
BLACK
6
CONTINUOUS
10
5.2086748425196845
20
-4.3072177165354333
11
5.2078998425196845
21
-4.309857047244094
0
LINE
8
BLACK
6
CONTINUOUS
10
5.2078998425196845
20
-4.309857047244094
11
5.2058209448818893
21
-4.3116584251968506
0
LINE
8
BLACK
6
CONTINUOUS
10
5.2058209448818893
20
-4.3116584251968506
11
5.2030981889763774
21
-4.3120499212598427
0
LINE
8
BLACK
6
CONTINUOUS
10
5.2030981889763774
20
-4.3120499212598427
11
5.2008210629921257
21
-4.3110907874015751
0
LINE
8
BLACK
6
CONTINUOUS
10
5.2008210629921257
20
-4.3110907874015751
11
5.1971825984251971
21
-4.3082988976377949
0
LINE
8
BLACK
6
CONTINUOUS
10
5.1971825984251971
20
-4.3082988976377949
11
5.1914314173228346
21
-4.3059166929133861
0
LINE
8
BLACK
6
CONTINUOUS
10
5.1914314173228346
20
-4.3059166929133861
11
5.1914313385826771
21
-4.3059166535433073
0
LINE
8
BLACK
6
CONTINUOUS
10
5.1914313385826771
20
-4.3059166535433073
11
5.1852597244094483
21
-4.3051041732283464
0
LINE
8
BLACK
6
CONTINUOUS
10
5.1852597244094483
20
-4.3051041732283464
11
5.1852596456692917
21
-4.3051041732283464
0
LINE
8
BLACK
6
CONTINUOUS
10
5.1852596456692917
20
-4.3051041732283464
11
5.179087992125984
21
-4.3059166535433073
0
LINE
8
BLACK
6
CONTINUOUS
10
5.179087992125984
20
-4.3059166535433073
11
5.1790879133858265
21
-4.3059166929133861
0
LINE
8
BLACK
6
CONTINUOUS
10
5.1790879133858265
20
-4.3059166929133861
11
5.1733368503937003
21
-4.3082988582677162
0
LINE
8
BLACK
6
CONTINUOUS
10
5.1733368503937003
20
-4.3082988582677162
11
5.1683981889763775
21
-4.3120884251968503
0
LINE
8
BLACK
6
CONTINUOUS
10
5.1683981889763775
20
-4.3120884251968503
11
5.1646086220472442
21
-4.3170270866141731
0
LINE
8
BLACK
6
CONTINUOUS
10
5.1646086220472442
20
-4.3170270866141731
11
5.1622264566929132
21
-4.3227781496062994
0
LINE
8
BLACK
6
CONTINUOUS
10
5.1622264566929132
20
-4.3227781496062994
11
5.1622264173228345
21
-4.3227782283464569
0
LINE
8
BLACK
6
CONTINUOUS
10
5.1622264173228345
20
-4.3227782283464569
11
5.1614139370078735
21
-4.3289498425196848
0
LINE
8
BLACK
6
CONTINUOUS
10
5.1614139370078735
20
-4.3289498425196848
11
5.1614139370078735
21
-4.3289499606299211
0
LINE
8
BLACK
6
CONTINUOUS
10
5.1614139370078735
20
-4.3289499606299211
11
5.1622264173228345
21
-4.3351215748031491
0
LINE
8
BLACK
6
CONTINUOUS
10
5.1622264173228345
20
-4.3351215748031491
11
5.1622264566929132
21
-4.3351216535433066
0
LINE
8
BLACK
6
CONTINUOUS
10
5.1622264566929132
20
-4.3351216535433066
11
5.164608661417323
21
-4.3408727952755903
0
LINE
8
BLACK
6
CONTINUOUS
10
5.164608661417323
20
-4.3408727952755903
11
5.1683981889763775
21
-4.3458114173228344
0
LINE
8
BLACK
6
CONTINUOUS
10
5.1683981889763775
20
-4.3458114173228344
11
5.1733368110236215
21
-4.3496009448818898
0
LINE
8
BLACK
6
CONTINUOUS
10
5.1733368110236215
20
-4.3496009448818898
11
5.1790879527559053
21
-4.3519831496062995
0
LINE
8
BLACK
6
CONTINUOUS
10
5.1790879527559053
20
-4.3519831496062995
11
5.1821738188976374
21
-4.3523894094488185
0
LINE
8
BLACK
6
CONTINUOUS
10
5.1821738188976374
20
-4.3523894094488185
11
5.1852596456692917
21
-4.3527956692913383
0
LINE
8
BLACK
6
CONTINUOUS
10
5.1852596456692917
20
-4.3527956692913383
11
5.1852596850393704
21
-4.3527956692913383
0
LINE
8
BLACK
6
CONTINUOUS
10
5.1852596850393704
20
-4.3527956692913383
11
5.1852597244094483
21
-4.3527956692913383
0
LINE
8
BLACK
6
CONTINUOUS
10
5.1852597244094483
20
-4.3527956692913383
11
5.1873169291338579
21
-4.3525248031496062
0
LINE
8
BLACK
6
CONTINUOUS
10
5.1873169291338579
20
-4.3525248031496062
11
5.1914314173228346
21
-4.3519831496062995
0
LINE
8
BLACK
6
CONTINUOUS
10
5.1914314173228346
20
-4.3519831496062995
11
5.1971825590551184
21
-4.3496009448818898
0
LINE
8
BLACK
6
CONTINUOUS
10
5.1971825590551184
20
-4.3496009448818898
11
5.2008211023622044
21
-4.3468089370078742
0
LINE
8
BLACK
6
CONTINUOUS
10
5.2008211023622044
20
-4.3468089370078742
11
5.2033867322834642
21
-4.3458171259842517
0
LINE
8
BLACK
6
CONTINUOUS
10
5.2033867322834642
20
-4.3458171259842517
11
5.2060814173228342
21
-4.3463698031496065
0
LINE
8
BLACK
6
CONTINUOUS
10
5.2060814173228342
20
-4.3463698031496065
11
5.208049527559055
21
-4.3482916141732284
0
LINE
8
BLACK
6
CONTINUOUS
10
5.208049527559055
20
-4.3482916141732284
11
5.2086748425196845
21
-4.3506820866141735
0
LINE
8
BLACK
6
CONTINUOUS
10
5.2086748425196845
20
-4.3506820866141735
11
5.2086748425196845
21
-4.4926349212598424
0
LINE
8
BLACK
6
CONTINUOUS
10
5.2086748425196845
20
-4.4926349212598424
11
5.2078998425196845
21
-4.4952742519685041
0
LINE
8
BLACK
6
CONTINUOUS
10
5.2078998425196845
20
-4.4952742519685041
11
5.2058209448818893
21
-4.4970756299212598
0
LINE
8
BLACK
6
CONTINUOUS
10
5.2058209448818893
20
-4.4970756299212598
11
5.2037929527559053
21
-4.4975168110236217
0
LINE
8
BLACK
6
CONTINUOUS
10
5.2037929527559053
20
-4.4975168110236217
11
4.761056732283464
21
-4.4975168110236217
0
LINE
8
BLACK
6
CONTINUOUS
10
4.761056732283464
20
-4.4975168110236217
11
4.7584174015748033
21
-4.4967418110236217
0
LINE
8
BLACK
6
CONTINUOUS
10
4.7584174015748033
20
-4.4967418110236217
11
4.7566160236220467
21
-4.4946629133858265
0
LINE
8
BLACK
6
CONTINUOUS
10
4.7566160236220467
20
-4.4946629133858265
11
4.7561748425196848
21
-4.4926349212598424
0
LINE
8
BLACK
6
CONTINUOUS
10
4.7561748425196848
20
-4.4926349212598424
11
4.7561748425196848
21
-4.2415169291338586
0
LINE
8
BLACK
6
CONTINUOUS
10
4.7561748425196848
20
-4.2415169291338586
11
4.7561748425196848
21
-4.1972443700787396
0
LINE
8
BLACK
6
CONTINUOUS
10
4.7561748425196848
20
-4.1972443700787396
11
4.7569498425196848
21
-4.1946050393700789
0
LINE
8
BLACK
6
CONTINUOUS
10
4.7569498425196848
20
-4.1946050393700789
11
4.7571836614173231
21
-4.1942724409448822
0
LINE
8
BLACK
6
CONTINUOUS
10
4.7571836614173231
20
-4.1942724409448822
11
4.7572685039370075
21
-4.1941618110236218
0
LINE
8
BLACK
6
CONTINUOUS
10
4.7572685039370075
20
-4.1941618110236218
11
4.7572686220472438
21
-4.1941617716535431
0
LINE
8
BLACK
6
CONTINUOUS
10
4.7572686220472438
20
-4.1941617716535431
11
4.7610581496062991
21
-4.189223149606299
0
LINE
8
BLACK
6
CONTINUOUS
10
4.7610581496062991
20
-4.189223149606299
11
4.7634403543307089
21
-4.1834720078740153
0
LINE
8
BLACK
6
CONTINUOUS
10
4.7634403543307089
20
-4.1834720078740153
11
4.7642528740157477
21
-4.1773002755905511
0
LINE
8
BLACK
6
CONTINUOUS
10
4.7642528740157477
20
-4.1773002755905511
11
4.7634403543307089
21
-4.1711285433070868
0
LINE
8
BLACK
6
CONTINUOUS
10
4.7634403543307089
20
-4.1711285433070868
11
4.7610581496062991
21
-4.1653774015748031
0
LINE
8
BLACK
6
CONTINUOUS
10
4.7610581496062991
20
-4.1653774015748031
11
4.7572686220472438
21
-4.160438779527559
0
LINE
8
BLACK
6
CONTINUOUS
10
4.7572686220472438
20
-4.160438779527559
11
4.7523299999999997
21
-4.1566492519685037
0
LINE
8
BLACK
6
CONTINUOUS
10
4.7523299999999997
20
-4.1566492519685037
11
4.7465788582677169
21
-4.1542670472440948
0
LINE
8
BLACK
6
CONTINUOUS
10
4.7465788582677169
20
-4.1542670472440948
11
4.7465787795275594
21
-4.154267007874016
0
LINE
8
BLACK
6
CONTINUOUS
10
4.7465787795275594
20
-4.154267007874016
11
4.7404071653543305
21
-4.1534545275590551
0
LINE
8
BLACK
6
CONTINUOUS
10
4.7404071653543305
20
-4.1534545275590551
11
4.740407086614173
21
-4.1534545275590551
0
LINE
8
BLACK
6
CONTINUOUS
10
4.740407086614173
20
-4.1534545275590551
11
4.7342354330708663
21
-4.154267007874016
0
LINE
8
BLACK
6
CONTINUOUS
10
4.7342354330708663
20
-4.154267007874016
11
4.7342353543307087
21
-4.1542670472440948
0
LINE
8
BLACK
6
CONTINUOUS
10
4.7342353543307087
20
-4.1542670472440948
11
4.7284842913385825
21
-4.1566492125984249
0
LINE
8
BLACK
6
CONTINUOUS
10
4.7284842913385825
20
-4.1566492125984249
11
4.7235456299212597
21
-4.160438779527559
0
LINE
8
BLACK
6
CONTINUOUS
10
4.7235456299212597
20
-4.160438779527559
11
4.7197560629921256
21
-4.1653774409448818
0
LINE
8
BLACK
6
CONTINUOUS
10
4.7197560629921256
20
-4.1653774409448818
11
4.7173738976377955
21
-4.1711285039370081
0
LINE
8
BLACK
6
CONTINUOUS
10
4.7173738976377955
20
-4.1711285039370081
11
4.7173738582677167
21
-4.1711285826771656
0
LINE
8
BLACK
6
CONTINUOUS
10
4.7173738582677167
20
-4.1711285826771656
11
4.7165613779527558
21
-4.1773001968503936
0
LINE
8
BLACK
6
CONTINUOUS
10
4.7165613779527558
20
-4.1773001968503936
11
4.7165613779527558
21
-4.1773003149606298
0
LINE
8
BLACK
6
CONTINUOUS
10
4.7165613779527558
20
-4.1773003149606298
11
4.7173738582677167
21
-4.1834719291338578
0
LINE
8
BLACK
6
CONTINUOUS
10
4.7173738582677167
20
-4.1834719291338578
11
4.7173738976377955
21
-4.1834720078740153
0
LINE
8
BLACK
6
CONTINUOUS
10
4.7173738976377955
20
-4.1834720078740153
11
4.7197561023622043
21
-4.189223149606299
0
LINE
8
BLACK
6
CONTINUOUS
10
4.7197561023622043
20
-4.189223149606299
11
4.7235456299212597
21
-4.1941617716535431
0
LINE
8
BLACK
6
CONTINUOUS
10
4.7235456299212597
20
-4.1941617716535431
11
4.7235457086614172
21
-4.1941618110236218
0
LINE
8
BLACK
6
CONTINUOUS
10
4.7235457086614172
20
-4.1941618110236218
11
4.7236305905511813
21
-4.1942724409448822
0
LINE
8
BLACK
6
CONTINUOUS
10
4.7236305905511813
20
-4.1942724409448822
11
4.7246224803149603
21
-4.1968381889763782
0
LINE
8
BLACK
6
CONTINUOUS
10
4.7246224803149603
20
-4.1968381889763782
11
4.7246394094488187
21
-4.1972443700787396
0
LINE
8
BLACK
6
CONTINUOUS
10
4.7246394094488187
20
-4.1972443700787396
11
4.7246394094488187
21
-4.448948228346457
0
LINE
8
BLACK
6
CONTINUOUS
10
4.7246394094488187
20
-4.448948228346457
11
4.7238644094488187
21
-4.4515875590551177
0
LINE
8
BLACK
6
CONTINUOUS
10
4.7238644094488187
20
-4.4515875590551177
11
4.7217855118110235
21
-4.4533889370078743
0
LINE
8
BLACK
6
CONTINUOUS
10
4.7217855118110235
20
-4.4533889370078743
11
4.7190627559055116
21
-4.4537804330708664
0
LINE
8
BLACK
6
CONTINUOUS
10
4.7190627559055116
20
-4.4537804330708664
11
4.716560551181102
21
-4.4526377165354329
0
LINE
8
BLACK
6
CONTINUOUS
10
4.716560551181102
20
-4.4526377165354329
11
4.7163055118110231
21
-4.4524002362204724
0
LINE
8
BLACK
6
CONTINUOUS
10
4.7163055118110231
20
-4.4524002362204724
11
4.7114489370078738
21
-4.4475436614173232
0
LINE
8
BLACK
6
CONTINUOUS
10
4.7114489370078738
20
-4.4475436614173232
11
4.7054355905511809
21
-4.4437651968503937
0
LINE
8
BLACK
6
CONTINUOUS
10
4.7054355905511809
20
-4.4437651968503937
11
4.6987320866141733
21
-4.4414195275590549
0
LINE
8
BLACK
6
CONTINUOUS
10
4.6987320866141733
20
-4.4414195275590549
11
4.6987318897637795
21
-4.4414194881889761
0
LINE
8
BLACK
6
CONTINUOUS
10
4.6987318897637795
20
-4.4414194881889761
11
4.691675
21
-4.4406244094488185
0
LINE
8
BLACK
6
CONTINUOUS
10
4.691675
20
-4.4406244094488185
11
4.69167468503937
21
-4.4406244094488185
0
LINE
8
BLACK
6
CONTINUOUS
10
4.69167468503937
20
-4.4406244094488185
11
4.6846177559055118
21
-4.4414194881889761
0
LINE
8
BLACK
6
CONTINUOUS
10
4.6846177559055118
20
-4.4414194881889761
11
4.684617559055118
21
-4.4414195275590549
0
LINE
8
BLACK
6
CONTINUOUS
10
4.684617559055118
20
-4.4414195275590549
11
4.6779140551181104
21
-4.4437651968503937
0
LINE
8
BLACK
6
CONTINUOUS
10
4.6779140551181104
20
-4.4437651968503937
11
4.6719007086614175
21
-4.4475436614173232
0
LINE
8
BLACK
6
CONTINUOUS
10
4.6719007086614175
20
-4.4475436614173232
11
4.6668789370078736
21
-4.4525654330708662
0
LINE
8
BLACK
6
CONTINUOUS
10
4.6668789370078736
20
-4.4525654330708662
11
4.6631004724409451
21
-4.4585787795275591
0
LINE
8
BLACK
6
CONTINUOUS
10
4.6631004724409451
20
-4.4585787795275591
11
4.6607548031496062
21
-4.4652822834645667
0
LINE
8
BLACK
6
CONTINUOUS
10
4.6607548031496062
20
-4.4652822834645667
11
4.6607547637795275
21
-4.4652824803149604
0
LINE
8
BLACK
6
CONTINUOUS
10
4.6607547637795275
20
-4.4652824803149604
11
4.6599596850393699
21
-4.4723394094488187
0
LINE
8
BLACK
6
CONTINUOUS
10
4.6599596850393699
20
-4.4723394094488187
11
4.6599596850393699
21
-4.47233968503937
0
LINE
8
BLACK
6
CONTINUOUS
10
4.6599596850393699
20
-4.47233968503937
11
4.6607547637795275
21
-4.4793966141732282
0
LINE
8
BLACK
6
CONTINUOUS
10
4.6607547637795275
20
-4.4793966141732282
11
4.6607548031496062
21
-4.479396811023622
0
LINE
8
BLACK
6
CONTINUOUS
10
4.6607548031496062
20
-4.479396811023622
11
4.6631004724409451
21
-4.4861003149606296
0
LINE
8
BLACK
6
CONTINUOUS
10
4.6631004724409451
20
-4.4861003149606296
11
4.6655744488188979
21
-4.4900375984251966
0
LINE
8
BLACK
6
CONTINUOUS
10
4.6655744488188979
20
-4.4900375984251966
11
4.6663224803149603
21
-4.4926847244094485
0
LINE
8
BLACK
6
CONTINUOUS
10
4.6663224803149603
20
-4.4926847244094485
11
4.6655205905511812
21
-4.4953160236220473
0
LINE
8
BLACK
6
CONTINUOUS
10
4.6655205905511812
20
-4.4953160236220473
11
4.66342342519685
21
-4.4970961023622049
0
LINE
8
BLACK
6
CONTINUOUS
10
4.66342342519685
20
-4.4970961023622049
11
4.6614408267716536
21
-4.4975168110236217
0
LINE
8
BLACK
6
CONTINUOUS
10
4.6614408267716536
20
-4.4975168110236217
11
4.0135567322834644
21
-4.4975168110236217
0
LINE
8
BLACK
6
CONTINUOUS
10
4.0135567322834644
20
-4.4975168110236217
11
4.0109174015748028
21
-4.4967418110236217
0
LINE
8
BLACK
6
CONTINUOUS
10
4.0109174015748028
20
-4.4967418110236217
11
4.0091160236220471
21
-4.4946629133858265
0
LINE
8
BLACK
6
CONTINUOUS
10
4.0091160236220471
20
-4.4946629133858265
11
4.0086748425196852
21
-4.4926349212598424
0
LINE
8
BLACK
6
CONTINUOUS
10
4.0086748425196852
20
-4.4926349212598424
11
4.0086748425196852
21
-4.454516889763779
0
LINE
8
BLACK
6
CONTINUOUS
10
4.0086748425196852
20
-4.454516889763779
11
4.0086748425196852
21
-4.4043578346456691
0
LINE
8
BLACK
6
CONTINUOUS
10
4.0086748425196852
20
-4.4043578346456691
11
4.0086748425196852
21
-4.3082541732283461
0
LINE
8
BLACK
6
CONTINUOUS
10
4.0086748425196852
20
-4.3082541732283461
11
4.0086748425196852
21
-4.0475168110236224
0
LINE
8
BLACK
6
CONTINUOUS
10
4.0086748425196852
20
-4.0475168110236224
11
4.0086748425196852
21
-3.3395917322834645
0
LINE
8
BLACK
6
CONTINUOUS
10
4.0086748425196852
20
-3.3395917322834645
11
4.0086748425196852
21
-3.3023987007874016
0
LINE
8
BLACK
6
CONTINUOUS
10
4.0086748425196852
20
-3.3023987007874016
11
4.0094498425196852
21
-3.29975937007874
0
LINE
8
BLACK
6
CONTINUOUS
10
4.0094498425196852
20
-3.29975937007874
11
4.0115287401574804
21
-3.2979579921259843
0
LINE
8
BLACK
6
CONTINUOUS
10
4.0115287401574804
20
-3.2979579921259843
11
4.0135567322834644
21
-3.2975168110236219
0
LINE
8
BLACK
6
CONTINUOUS
10
4.0135567322834644
20
-3.2975168110236219
11
5.2037929527559053
21
-3.2975168110236219
0
LINE
8
BLACK
6
CONTINUOUS
10
5.2037929527559053
20
-3.2975168110236219
11
5.2064322834645669
21
-3.2982918110236219
0
LINE
8
BLACK
6
CONTINUOUS
10
4.3868927952755907
20
-4.4644373228346454
11
4.3868928346456695
21
-4.464437401574803
0
LINE
8
BLACK
6
CONTINUOUS
10
4.3868928346456695
20
-4.464437401574803
11
4.3877222047244091
21
-4.4664397244094491
0
LINE
8
BLACK
6
CONTINUOUS
10
4.3877222047244091
20
-4.4664397244094491
11
4.3892750393700783
21
-4.4701885433070867
0
LINE
8
BLACK
6
CONTINUOUS
10
4.3892750393700783
20
-4.4701885433070867
11
4.3930645669291337
21
-4.4751271653543307
0
LINE
8
BLACK
6
CONTINUOUS
10
4.3930645669291337
20
-4.4751271653543307
11
4.3980031889763778
21
-4.4789166929133861
0
LINE
8
BLACK
6
CONTINUOUS
10
4.3980031889763778
20
-4.4789166929133861
11
4.4037543307086615
21
-4.481298897637795
0
LINE
8
BLACK
6
CONTINUOUS
10
4.4037543307086615
20
-4.481298897637795
11
4.4068401968503936
21
-4.4817051574803148
0
LINE
8
BLACK
6
CONTINUOUS
10
4.4068401968503936
20
-4.4817051574803148
11
4.409926023622047
21
-4.4821114173228347
0
LINE
8
BLACK
6
CONTINUOUS
10
4.409926023622047
20
-4.4821114173228347
11
4.4099260629921258
21
-4.4821114173228347
0
LINE
8
BLACK
6
CONTINUOUS
10
4.4099260629921258
20
-4.4821114173228347
11
4.4099261023622045
21
-4.4821114173228347
0
LINE
8
BLACK
6
CONTINUOUS
10
4.4099261023622045
20
-4.4821114173228347
11
4.4119833070866141
21
-4.4818405511811026
0
LINE
8
BLACK
6
CONTINUOUS
10
4.4119833070866141
20
-4.4818405511811026
11
4.4160977952755909
21
-4.481298897637795
0
LINE
8
BLACK
6
CONTINUOUS
10
4.4160977952755909
20
-4.481298897637795
11
4.4218489370078737
21
-4.4789166929133861
0
LINE
8
BLACK
6
CONTINUOUS
10
4.4218489370078737
20
-4.4789166929133861
11
4.4267875590551178
21
-4.4751271653543307
0
LINE
8
BLACK
6
CONTINUOUS
10
4.4267875590551178
20
-4.4751271653543307
11
4.4305770866141732
21
-4.4701885433070867
0
LINE
8
BLACK
6
CONTINUOUS
10
4.4305770866141732
20
-4.4701885433070867
11
4.4329592913385829
21
-4.464437401574803
0
LINE
8
BLACK
6
CONTINUOUS
10
4.4329592913385829
20
-4.464437401574803
11
4.4337718110236217
21
-4.4582656692913387
0
LINE
8
BLACK
6
CONTINUOUS
10
4.4337718110236217
20
-4.4582656692913387
11
4.4329592913385829
21
-4.4520939370078736
0
LINE
8
BLACK
6
CONTINUOUS
10
4.4329592913385829
20
-4.4520939370078736
11
4.4305770866141732
21
-4.4463427952755907
0
LINE
8
BLACK
6
CONTINUOUS
10
4.4305770866141732
20
-4.4463427952755907
11
4.4267875590551178
21
-4.4414041732283467
0
LINE
8
BLACK
6
CONTINUOUS
10
4.4267875590551178
20
-4.4414041732283467
11
4.4218489370078737
21
-4.4376146456692913
0
LINE
8
BLACK
6
CONTINUOUS
10
4.4218489370078737
20
-4.4376146456692913
11
4.4160977952755909
21
-4.4352324409448816
0
LINE
8
BLACK
6
CONTINUOUS
10
4.4160977952755909
20
-4.4352324409448816
11
4.4160977165354334
21
-4.4352324015748028
0
LINE
8
BLACK
6
CONTINUOUS
10
4.4160977165354334
20
-4.4352324015748028
11
4.4099261023622045
21
-4.4344199212598427
0
LINE
8
BLACK
6
CONTINUOUS
10
4.4099261023622045
20
-4.4344199212598427
11
4.409926023622047
21
-4.4344199212598427
0
LINE
8
BLACK
6
CONTINUOUS
10
4.409926023622047
20
-4.4344199212598427
11
4.4037543700787403
21
-4.4352324015748028
0
LINE
8
BLACK
6
CONTINUOUS
10
4.4037543700787403
20
-4.4352324015748028
11
4.4037542913385828
21
-4.4352324409448816
0
LINE
8
BLACK
6
CONTINUOUS
10
4.4037542913385828
20
-4.4352324409448816
11
4.3980032283464565
21
-4.4376146062992126
0
LINE
8
BLACK
6
CONTINUOUS
10
4.3980032283464565
20
-4.4376146062992126
11
4.3930645669291337
21
-4.4414041732283467
0
LINE
8
BLACK
6
CONTINUOUS
10
4.3930645669291337
20
-4.4414041732283467
11
4.3892749999999996
21
-4.4463428346456695
0
LINE
8
BLACK
6
CONTINUOUS
10
4.3892749999999996
20
-4.4463428346456695
11
4.3868928346456695
21
-4.4520938976377948
0
LINE
8
BLACK
6
CONTINUOUS
10
4.3868928346456695
20
-4.4520938976377948
11
4.3868927952755907
21
-4.4520939763779523
0
LINE
8
BLACK
6
CONTINUOUS
10
4.3868927952755907
20
-4.4520939763779523
11
4.3860803149606298
21
-4.4582655905511812
0
LINE
8
BLACK
6
CONTINUOUS
10
4.3860803149606298
20
-4.4582655905511812
11
4.3860803149606298
21
-4.4582657086614175
0
LINE
8
BLACK
6
CONTINUOUS
10
4.3860803149606298
20
-4.4582657086614175
11
4.3868927952755907
21
-4.4644373228346454
0
LINE
8
BLACK
6
CONTINUOUS
10
4.2586416535433074
20
-4.4606885039370079
11
4.2586416929133861
21
-4.4606885826771654
0
LINE
8
BLACK
6
CONTINUOUS
10
4.2586416929133861
20
-4.4606885826771654
11
4.2605445275590554
21
-4.4652824803149604
0
LINE
8
BLACK
6
CONTINUOUS
10
4.2605445275590554
20
-4.4652824803149604
11
4.261023897637795
21
-4.4664397244094491
0
LINE
8
BLACK
6
CONTINUOUS
10
4.261023897637795
20
-4.4664397244094491
11
4.2648134251968504
21
-4.4713783464566932
0
LINE
8
BLACK
6
CONTINUOUS
10
4.2648134251968504
20
-4.4713783464566932
11
4.2697520472440944
21
-4.4751678740157477
0
LINE
8
BLACK
6
CONTINUOUS
10
4.2697520472440944
20
-4.4751678740157477
11
4.2755031889763782
21
-4.4775500787401574
0
LINE
8
BLACK
6
CONTINUOUS
10
4.2755031889763782
20
-4.4775500787401574
11
4.2785890551181103
21
-4.4779563385826773
0
LINE
8
BLACK
6
CONTINUOUS
10
4.2785890551181103
20
-4.4779563385826773
11
4.2816748818897636
21
-4.4783625984251971
0
LINE
8
BLACK
6
CONTINUOUS
10
4.2816748818897636
20
-4.4783625984251971
11
4.2816749212598424
21
-4.4783625984251971
0
LINE
8
BLACK
6
CONTINUOUS
10
4.2816749212598424
20
-4.4783625984251971
11
4.2816749606299211
21
-4.4783625984251971
0
LINE
8
BLACK
6
CONTINUOUS
10
4.2816749606299211
20
-4.4783625984251971
11
4.2837321653543308
21
-4.4780917322834641
0
LINE
8
BLACK
6
CONTINUOUS
10
4.2837321653543308
20
-4.4780917322834641
11
4.2878466535433066
21
-4.4775500787401574
0
LINE
8
BLACK
6
CONTINUOUS
10
4.2878466535433066
20
-4.4775500787401574
11
4.2935977952755904
21
-4.4751678740157477
0
LINE
8
BLACK
6
CONTINUOUS
10
4.2935977952755904
20
-4.4751678740157477
11
4.2985364173228344
21
-4.4713783464566932
0
LINE
8
BLACK
6
CONTINUOUS
10
4.2985364173228344
20
-4.4713783464566932
11
4.3023259448818898
21
-4.4664397244094491
0
LINE
8
BLACK
6
CONTINUOUS
10
4.3023259448818898
20
-4.4664397244094491
11
4.3047081496062995
21
-4.4606885826771654
0
LINE
8
BLACK
6
CONTINUOUS
10
4.3047081496062995
20
-4.4606885826771654
11
4.3050271259842523
21
-4.4582657086614175
0
LINE
8
BLACK
6
CONTINUOUS
10
4.3050271259842523
20
-4.4582657086614175
11
4.3055206692913384
21
-4.4545168503937003
0
LINE
8
BLACK
6
CONTINUOUS
10
4.3055206692913384
20
-4.4545168503937003
11
4.3054237007874017
21
-4.4537804330708664
0
LINE
8
BLACK
6
CONTINUOUS
10
4.3054237007874017
20
-4.4537804330708664
11
4.3047081496062995
21
-4.4483451574803148
0
LINE
8
BLACK
6
CONTINUOUS
10
4.3047081496062995
20
-4.4483451574803148
11
4.3047081496062995
21
-4.448345118110236
0
LINE
8
BLACK
6
CONTINUOUS
10
4.3047081496062995
20
-4.448345118110236
11
4.3023259448818898
21
-4.4425939763779523
0
LINE
8
BLACK
6
CONTINUOUS
10
4.3023259448818898
20
-4.4425939763779523
11
4.2985364173228344
21
-4.4376553543307082
0
LINE
8
BLACK
6
CONTINUOUS
10
4.2985364173228344
20
-4.4376553543307082
11
4.2935977952755904
21
-4.4338658267716538
0
LINE
8
BLACK
6
CONTINUOUS
10
4.2935977952755904
20
-4.4338658267716538
11
4.2878466535433066
21
-4.431483622047244
0
LINE
8
BLACK
6
CONTINUOUS
10
4.2878466535433066
20
-4.431483622047244
11
4.2878465748031491
21
-4.4314835826771652
0
LINE
8
BLACK
6
CONTINUOUS
10
4.2878465748031491
20
-4.4314835826771652
11
4.2816749606299211
21
-4.4306711023622043
0
LINE
8
BLACK
6
CONTINUOUS
10
4.2816749606299211
20
-4.4306711023622043
11
4.2816748818897636
21
-4.4306711023622043
0
LINE
8
BLACK
6
CONTINUOUS
10
4.2816748818897636
20
-4.4306711023622043
11
4.2755032283464569
21
-4.4314835826771652
0
LINE
8
BLACK
6
CONTINUOUS
10
4.2755032283464569
20
-4.4314835826771652
11
4.2755031496062994
21
-4.431483622047244
0
LINE
8
BLACK
6
CONTINUOUS
10
4.2755031496062994
20
-4.431483622047244
11
4.2697520866141732
21
-4.433865787401575
0
LINE
8
BLACK
6
CONTINUOUS
10
4.2697520866141732
20
-4.433865787401575
11
4.2648134251968504
21
-4.4376553543307082
0
LINE
8
BLACK
6
CONTINUOUS
10
4.2648134251968504
20
-4.4376553543307082
11
4.2610238582677162
21
-4.442594015748031
0
LINE
8
BLACK
6
CONTINUOUS
10
4.2610238582677162
20
-4.442594015748031
11
4.2586416929133861
21
-4.4483450787401573
0
LINE
8
BLACK
6
CONTINUOUS
10
4.2586416929133861
20
-4.4483450787401573
11
4.2586416535433074
21
-4.4483451574803148
0
LINE
8
BLACK
6
CONTINUOUS
10
4.2586416535433074
20
-4.4483451574803148
11
4.2578291732283464
21
-4.4545167716535436
0
LINE
8
BLACK
6
CONTINUOUS
10
4.2578291732283464
20
-4.4545167716535436
11
4.2578291732283464
21
-4.454516889763779
0
LINE
8
BLACK
6
CONTINUOUS
10
4.2578291732283464
20
-4.454516889763779
11
4.2586416535433074
21
-4.4606885039370079
0
LINE
8
BLACK
6
CONTINUOUS
10
4.1898433464566924
20
-4.410529448818898
11
4.1898433858267712
21
-4.4105295275590546
0
LINE
8
BLACK
6
CONTINUOUS
10
4.1898433858267712
20
-4.4105295275590546
11
4.1922255905511809
21
-4.4162806692913383
0
LINE
8
BLACK
6
CONTINUOUS
10
4.1922255905511809
20
-4.4162806692913383
11
4.1960151181102363
21
-4.4212192913385824
0
LINE
8
BLACK
6
CONTINUOUS
10
4.1960151181102363
20
-4.4212192913385824
11
4.2009537401574804
21
-4.4250088188976378
0
LINE
8
BLACK
6
CONTINUOUS
10
4.2009537401574804
20
-4.4250088188976378
11
4.2067048818897641
21
-4.4273910236220475
0
LINE
8
BLACK
6
CONTINUOUS
10
4.2067048818897641
20
-4.4273910236220475
11
4.2097907480314962
21
-4.4277972834645665
0
LINE
8
BLACK
6
CONTINUOUS
10
4.2097907480314962
20
-4.4277972834645665
11
4.2128765748031496
21
-4.4282035433070863
0
LINE
8
BLACK
6
CONTINUOUS
10
4.2128765748031496
20
-4.4282035433070863
11
4.2128766141732283
21
-4.4282035433070863
0
LINE
8
BLACK
6
CONTINUOUS
10
4.2128766141732283
20
-4.4282035433070863
11
4.2128766535433071
21
-4.4282035433070863
0
LINE
8
BLACK
6
CONTINUOUS
10
4.2128766535433071
20
-4.4282035433070863
11
4.2149338582677167
21
-4.4279326771653542
0
LINE
8
BLACK
6
CONTINUOUS
10
4.2149338582677167
20
-4.4279326771653542
11
4.2190483464566926
21
-4.4273910236220475
0
LINE
8
BLACK
6
CONTINUOUS
10
4.2190483464566926
20
-4.4273910236220475
11
4.2247994881889763
21
-4.4250088188976378
0
LINE
8
BLACK
6
CONTINUOUS
10
4.2247994881889763
20
-4.4250088188976378
11
4.2297381102362204
21
-4.4212192913385824
0
LINE
8
BLACK
6
CONTINUOUS
10
4.2297381102362204
20
-4.4212192913385824
11
4.2335276377952757
21
-4.4162806692913383
0
LINE
8
BLACK
6
CONTINUOUS
10
4.2335276377952757
20
-4.4162806692913383
11
4.2359098425196846
21
-4.4105295275590546
0
LINE
8
BLACK
6
CONTINUOUS
10
4.2359098425196846
20
-4.4105295275590546
11
4.2367223622047243
21
-4.4043577952755903
0
LINE
8
BLACK
6
CONTINUOUS
10
4.2367223622047243
20
-4.4043577952755903
11
4.2359098425196846
21
-4.3981860629921261
0
LINE
8
BLACK
6
CONTINUOUS
10
4.2359098425196846
20
-4.3981860629921261
11
4.2335276377952757
21
-4.3924349212598424
0
LINE
8
BLACK
6
CONTINUOUS
10
4.2335276377952757
20
-4.3924349212598424
11
4.2297381102362204
21
-4.3874962992125983
0
LINE
8
BLACK
6
CONTINUOUS
10
4.2297381102362204
20
-4.3874962992125983
11
4.2247994881889763
21
-4.3837067716535429
0
LINE
8
BLACK
6
CONTINUOUS
10
4.2247994881889763
20
-4.3837067716535429
11
4.2190483464566926
21
-4.3813245669291341
0
LINE
8
BLACK
6
CONTINUOUS
10
4.2190483464566926
20
-4.3813245669291341
11
4.2190482677165351
21
-4.3813245275590553
0
LINE
8
BLACK
6
CONTINUOUS
10
4.2190482677165351
20
-4.3813245275590553
11
4.2128766535433071
21
-4.3805120472440944
0
LINE
8
BLACK
6
CONTINUOUS
10
4.2128766535433071
20
-4.3805120472440944
11
4.2128765748031496
21
-4.3805120472440944
0
LINE
8
BLACK
6
CONTINUOUS
10
4.2128765748031496
20
-4.3805120472440944
11
4.2067049212598429
21
-4.3813245275590553
0
LINE
8
BLACK
6
CONTINUOUS
10
4.2067049212598429
20
-4.3813245275590553
11
4.2067048425196854
21
-4.3813245669291341
0
LINE
8
BLACK
6
CONTINUOUS
10
4.2067048425196854
20
-4.3813245669291341
11
4.2009537795275591
21
-4.3837067322834642
0
LINE
8
BLACK
6
CONTINUOUS
10
4.2009537795275591
20
-4.3837067322834642
11
4.1960151181102363
21
-4.3874962992125983
0
LINE
8
BLACK
6
CONTINUOUS
10
4.1960151181102363
20
-4.3874962992125983
11
4.1922255511811022
21
-4.3924349606299211
0
LINE
8
BLACK
6
CONTINUOUS
10
4.1922255511811022
20
-4.3924349606299211
11
4.1898433858267712
21
-4.3981860236220474
0
LINE
8
BLACK
6
CONTINUOUS
10
4.1898433858267712
20
-4.3981860236220474
11
4.1898433464566924
21
-4.3981861023622049
0
LINE
8
BLACK
6
CONTINUOUS
10
4.1898433464566924
20
-4.3981861023622049
11
4.1890308661417324
21
-4.4043577165354328
0
LINE
8
BLACK
6
CONTINUOUS
10
4.1890308661417324
20
-4.4043577165354328
11
4.1890308661417324
21
-4.4043578346456691
0
LINE
8
BLACK
6
CONTINUOUS
10
4.1890308661417324
20
-4.4043578346456691
11
4.1898433464566924
21
-4.410529448818898
0
LINE
8
BLACK
6
CONTINUOUS
10
4.1408260629921259
20
-4.314425787401575
11
4.1408261023622046
21
-4.3144258661417325
0
LINE
8
BLACK
6
CONTINUOUS
10
4.1408261023622046
20
-4.3144258661417325
11
4.1419035433070865
21
-4.3170270866141731
0
LINE
8
BLACK
6
CONTINUOUS
10
4.1419035433070865
20
-4.3170270866141731
11
4.1432083070866144
21
-4.3201770078740154
0
LINE
8
BLACK
6
CONTINUOUS
10
4.1432083070866144
20
-4.3201770078740154
11
4.1469978346456688
21
-4.3251156299212594
0
LINE
8
BLACK
6
CONTINUOUS
10
4.1469978346456688
20
-4.3251156299212594
11
4.1519364566929129
21
-4.3289051574803148
0
LINE
8
BLACK
6
CONTINUOUS
10
4.1519364566929129
20
-4.3289051574803148
11
4.1576875984251966
21
-4.3312873622047245
0
LINE
8
BLACK
6
CONTINUOUS
10
4.1576875984251966
20
-4.3312873622047245
11
4.1607734645669288
21
-4.3316936220472444
0
LINE
8
BLACK
6
CONTINUOUS
10
4.1607734645669288
20
-4.3316936220472444
11
4.163859291338583
21
-4.3320998818897634
0
LINE
8
BLACK
6
CONTINUOUS
10
4.163859291338583
20
-4.3320998818897634
11
4.1638593307086618
21
-4.3320998818897634
0
LINE
8
BLACK
6
CONTINUOUS
10
4.1638593307086618
20
-4.3320998818897634
11
4.1638593700787396
21
-4.3320998818897634
0
LINE
8
BLACK
6
CONTINUOUS
10
4.1638593700787396
20
-4.3320998818897634
11
4.1659165748031493
21
-4.3318290157480313
0
LINE
8
BLACK
6
CONTINUOUS
10
4.1659165748031493
20
-4.3318290157480313
11
4.170031062992126
21
-4.3312873622047245
0
LINE
8
BLACK
6
CONTINUOUS
10
4.170031062992126
20
-4.3312873622047245
11
4.1757822047244098
21
-4.3289051574803148
0
LINE
8
BLACK
6
CONTINUOUS
10
4.1757822047244098
20
-4.3289051574803148
11
4.1807208267716538
21
-4.3251156299212594
0
LINE
8
BLACK
6
CONTINUOUS
10
4.1807208267716538
20
-4.3251156299212594
11
4.1845103543307083
21
-4.3201770078740154
0
LINE
8
BLACK
6
CONTINUOUS
10
4.1845103543307083
20
-4.3201770078740154
11
4.186892559055118
21
-4.3144258661417325
0
LINE
8
BLACK
6
CONTINUOUS
10
4.186892559055118
20
-4.3144258661417325
11
4.1876991732283466
21
-4.3082988976377949
0
LINE
8
BLACK
6
CONTINUOUS
10
4.1876991732283466
20
-4.3082988976377949
11
4.1877050787401577
21
-4.3082541732283461
0
LINE
8
BLACK
6
CONTINUOUS
10
4.1877050787401577
20
-4.3082541732283461
11
4.1877050787401577
21
-4.3082540551181099
0
LINE
8
BLACK
6
CONTINUOUS
10
4.1877050787401577
20
-4.3082540551181099
11
4.186892559055118
21
-4.3020824409448819
0
LINE
8
BLACK
6
CONTINUOUS
10
4.186892559055118
20
-4.3020824409448819
11
4.186892559055118
21
-4.3020824015748031
0
LINE
8
BLACK
6
CONTINUOUS
10
4.186892559055118
20
-4.3020824015748031
11
4.1845103543307083
21
-4.2963312598425194
0
LINE
8
BLACK
6
CONTINUOUS
10
4.1845103543307083
20
-4.2963312598425194
11
4.1807208267716538
21
-4.2913926377952754
0
LINE
8
BLACK
6
CONTINUOUS
10
4.1807208267716538
20
-4.2913926377952754
11
4.1757822047244098
21
-4.28760311023622
0
LINE
8
BLACK
6
CONTINUOUS
10
4.1757822047244098
20
-4.28760311023622
11
4.170031062992126
21
-4.2852209055118111
0
LINE
8
BLACK
6
CONTINUOUS
10
4.170031062992126
20
-4.2852209055118111
11
4.1700309842519685
21
-4.2852208661417324
0
LINE
8
BLACK
6
CONTINUOUS
10
4.1700309842519685
20
-4.2852208661417324
11
4.1638593700787396
21
-4.2844083858267714
0
LINE
8
BLACK
6
CONTINUOUS
10
4.1638593700787396
20
-4.2844083858267714
11
4.163859291338583
21
-4.2844083858267714
0
LINE
8
BLACK
6
CONTINUOUS
10
4.163859291338583
20
-4.2844083858267714
11
4.1576876377952754
21
-4.2852208661417324
0
LINE
8
BLACK
6
CONTINUOUS
10
4.1576876377952754
20
-4.2852208661417324
11
4.1576875590551179
21
-4.2852209055118111
0
LINE
8
BLACK
6
CONTINUOUS
10
4.1576875590551179
20
-4.2852209055118111
11
4.1519364960629916
21
-4.2876030708661412
0
LINE
8
BLACK
6
CONTINUOUS
10
4.1519364960629916
20
-4.2876030708661412
11
4.1469978346456688
21
-4.2913926377952754
0
LINE
8
BLACK
6
CONTINUOUS
10
4.1469978346456688
20
-4.2913926377952754
11
4.1432082677165356
21
-4.2963312992125982
0
LINE
8
BLACK
6
CONTINUOUS
10
4.1432082677165356
20
-4.2963312992125982
11
4.1408261023622046
21
-4.3020823622047244
0
LINE
8
BLACK
6
CONTINUOUS
10
4.1408261023622046
20
-4.3020823622047244
11
4.1408260629921259
21
-4.3020824409448819
0
LINE
8
BLACK
6
CONTINUOUS
10
4.1408260629921259
20
-4.3020824409448819
11
4.1400135826771649
21
-4.3082540551181099
0
LINE
8
BLACK
6
CONTINUOUS
10
4.1400135826771649
20
-4.3082540551181099
11
4.1400135826771649
21
-4.3082541732283461
0
LINE
8
BLACK
6
CONTINUOUS
10
4.1400135826771649
20
-4.3082541732283461
11
4.1408260629921259
21
-4.314425787401575
0
LINE
8
BLACK
6
CONTINUOUS
10
5.081617755905512
20
-4.2105967322834648
11
5.0816175590551182
21
-4.2105967716535435
0
LINE
8
BLACK
6
CONTINUOUS
10
5.0816175590551182
20
-4.2105967716535435
11
5.0749140551181098
21
-4.2129424409448815
0
LINE
8
BLACK
6
CONTINUOUS
10
5.0749140551181098
20
-4.2129424409448815
11
5.0689007086614168
21
-4.2167209055118109
0
LINE
8
BLACK
6
CONTINUOUS
10
5.0689007086614168
20
-4.2167209055118109
11
5.0638789370078738
21
-4.2217426771653539
0
LINE
8
BLACK
6
CONTINUOUS
10
5.0638789370078738
20
-4.2217426771653539
11
5.0601004724409444
21
-4.2277560236220468
0
LINE
8
BLACK
6
CONTINUOUS
10
5.0601004724409444
20
-4.2277560236220468
11
5.0577548031496065
21
-4.2344595275590553
0
LINE
8
BLACK
6
CONTINUOUS
10
5.0577548031496065
20
-4.2344595275590553
11
5.0577547637795277
21
-4.2344597244094491
0
LINE
8
BLACK
6
CONTINUOUS
10
5.0577547637795277
20
-4.2344597244094491
11
5.0569596850393701
21
-4.2415166535433073
0
LINE
8
BLACK
6
CONTINUOUS
10
5.0569596850393701
20
-4.2415166535433073
11
5.0569596850393701
21
-4.2415169291338586
0
LINE
8
BLACK
6
CONTINUOUS
10
5.0569596850393701
20
-4.2415169291338586
11
5.0577547637795277
21
-4.2485738582677168
0
LINE
8
BLACK
6
CONTINUOUS
10
5.0577547637795277
20
-4.2485738582677168
11
5.0577548031496065
21
-4.2485740551181097
0
LINE
8
BLACK
6
CONTINUOUS
10
5.0577548031496065
20
-4.2485740551181097
11
5.0601004724409444
21
-4.2552775590551182
0
LINE
8
BLACK
6
CONTINUOUS
10
5.0601004724409444
20
-4.2552775590551182
11
5.0638789370078738
21
-4.2612909055118111
0
LINE
8
BLACK
6
CONTINUOUS
10
5.0638789370078738
20
-4.2612909055118111
11
5.0689007480314956
21
-4.2663127165354329
0
LINE
8
BLACK
6
CONTINUOUS
10
5.0689007480314956
20
-4.2663127165354329
11
5.0749141338582673
21
-4.2700911811023623
0
LINE
8
BLACK
6
CONTINUOUS
10
5.0749141338582673
20
-4.2700911811023623
11
5.0816175590551182
21
-4.2724368110236224
0
LINE
8
BLACK
6
CONTINUOUS
10
5.0816175590551182
20
-4.2724368110236224
11
5.081617755905512
21
-4.2724368503937002
0
LINE
8
BLACK
6
CONTINUOUS
10
5.081617755905512
20
-4.2724368503937002
11
5.0886746850393703
21
-4.2732319685039366
0
LINE
8
BLACK
6
CONTINUOUS
10
5.0886746850393703
20
-4.2732319685039366
11
5.0886748425196853
21
-4.2732319685039366
0
LINE
8
BLACK
6
CONTINUOUS
10
5.0886748425196853
20
-4.2732319685039366
11
5.0886750000000003
21
-4.2732319685039366
0
LINE
8
BLACK
6
CONTINUOUS
10
5.0886750000000003
20
-4.2732319685039366
11
5.0957318897637798
21
-4.2724368503937002
0
LINE
8
BLACK
6
CONTINUOUS
10
5.0957318897637798
20
-4.2724368503937002
11
5.095732007874016
21
-4.2724368110236224
0
LINE
8
BLACK
6
CONTINUOUS
10
5.095732007874016
20
-4.2724368110236224
11
5.0957321259842523
21
-4.2724368110236224
0
LINE
8
BLACK
6
CONTINUOUS
10
5.0957321259842523
20
-4.2724368110236224
11
5.1024355511811024
21
-4.2700911811023623
0
LINE
8
BLACK
6
CONTINUOUS
10
5.1024355511811024
20
-4.2700911811023623
11
5.1084489370078741
21
-4.2663127165354329
0
LINE
8
BLACK
6
CONTINUOUS
10
5.1084489370078741
20
-4.2663127165354329
11
5.1134707480314958
21
-4.2612909055118111
0
LINE
8
BLACK
6
CONTINUOUS
10
5.1134707480314958
20
-4.2612909055118111
11
5.1172492125984252
21
-4.2552775196850394
0
LINE
8
BLACK
6
CONTINUOUS
10
5.1172492125984252
20
-4.2552775196850394
11
5.1195948425196853
21
-4.2485740944881885
0
LINE
8
BLACK
6
CONTINUOUS
10
5.1195948425196853
20
-4.2485740944881885
11
5.1203899999999996
21
-4.2415168110236223
0
LINE
8
BLACK
6
CONTINUOUS
10
5.1203899999999996
20
-4.2415168110236223
11
5.1195948425196853
21
-4.2344595275590553
0
LINE
8
BLACK
6
CONTINUOUS
10
5.1195948425196853
20
-4.2344595275590553
11
5.1172492125984252
21
-4.2277561023622043
0
LINE
8
BLACK
6
CONTINUOUS
10
5.1172492125984252
20
-4.2277561023622043
11
5.1134707480314958
21
-4.2217427165354326
0
LINE
8
BLACK
6
CONTINUOUS
10
5.1134707480314958
20
-4.2217427165354326
11
5.1084489370078741
21
-4.2167209055118109
0
LINE
8
BLACK
6
CONTINUOUS
10
5.1084489370078741
20
-4.2167209055118109
11
5.1024355905511811
21
-4.2129424409448815
0
LINE
8
BLACK
6
CONTINUOUS
10
5.1024355905511811
20
-4.2129424409448815
11
5.0957320866141735
21
-4.2105967716535435
0
LINE
8
BLACK
6
CONTINUOUS
10
5.0957320866141735
20
-4.2105967716535435
11
5.0957318897637798
21
-4.2105967322834648
0
LINE
8
BLACK
6
CONTINUOUS
10
5.0957318897637798
20
-4.2105967322834648
11
5.0886750000000003
21
-4.2098016535433072
0
LINE
8
BLACK
6
CONTINUOUS
10
5.0886750000000003
20
-4.2098016535433072
11
5.0886746850393703
21
-4.2098016535433072
0
LINE
8
BLACK
6
CONTINUOUS
10
5.0886746850393703
20
-4.2098016535433072
11
5.081617755905512
21
-4.2105967322834648
0
LINE
8
BLACK
6
CONTINUOUS
10
4.0966748425196853
20
-4.075516811023622
11
4.2206748425196849
21
-4.075516811023622
0
LINE
8
BLACK
6
CONTINUOUS
10
4.2206748425196849
20
-4.075516811023622
11
4.3686748425196846
21
-3.9275168110236218
0
LINE
8
BLACK
6
CONTINUOUS
10
4.3686748425196846
20
-3.9275168110236218
11
4.3686748425196846
21
-3.4621292125984251
0
LINE
8
BLACK
6
CONTINUOUS
10
4.3686748425196846
20
-3.4621292125984251
11
4.3686748425196846
21
-3.4375168110236221
0
LINE
8
BLACK
6
CONTINUOUS
10
4.3686748425196846
20
-3.4375168110236221
11
4.3286748425196846
21
-3.397516811023622
0
LINE
8
BLACK
6
CONTINUOUS
10
4.3286748425196846
20
-3.397516811023622
11
4.1686748425196853
21
-3.397516811023622
0
LINE
8
BLACK
6
CONTINUOUS
10
4.1686748425196853
20
-3.397516811023622
11
4.1686748425196853
21
-3.7626349212598424
0
LINE
8
BLACK
6
CONTINUOUS
10
4.1686748425196853
20
-3.7626349212598424
11
4.1678998425196854
21
-3.7652742519685041
0
LINE
8
BLACK
6
CONTINUOUS
10
4.1678998425196854
20
-3.7652742519685041
11
4.1658209448818893
21
-3.7670756299212598
0
LINE
8
BLACK
6
CONTINUOUS
10
4.1658209448818893
20
-3.7670756299212598
11
4.1637929527559052
21
-3.7675168110236221
0
LINE
8
BLACK
6
CONTINUOUS
10
4.1637929527559052
20
-3.7675168110236221
11
4.0686748425196848
21
-3.7675168110236221
0
LINE
8
BLACK
6
CONTINUOUS
10
4.0686748425196848
20
-3.7675168110236221
11
4.0686748425196848
21
-4.0475168110236224
0
LINE
8
BLACK
6
CONTINUOUS
10
4.0686748425196848
20
-4.0475168110236224
11
4.0966748425196853
21
-4.075516811023622
0
LINE
8
BLACK
6
CONTINUOUS
10
5.017692559055118
20
-3.3086715354330707
11
5.0176923622047243
21
-3.3086715748031494
0
LINE
8
BLACK
6
CONTINUOUS
10
5.0176923622047243
20
-3.3086715748031494
11
5.0109888582677167
21
-3.3110172440944883
0
LINE
8
BLACK
6
CONTINUOUS
10
5.0109888582677167
20
-3.3110172440944883
11
5.0049755118110237
21
-3.3147957086614173
0
LINE
8
BLACK
6
CONTINUOUS
10
5.0049755118110237
20
-3.3147957086614173
11
4.9999537401574798
21
-3.3198174803149607
0
LINE
8
BLACK
6
CONTINUOUS
10
4.9999537401574798
20
-3.3198174803149607
11
4.9961752755905513
21
-3.3258308267716536
0
LINE
8
BLACK
6
CONTINUOUS
10
4.9961752755905513
20
-3.3258308267716536
11
4.9938296062992125
21
-3.3325343307086612
0
LINE
8
BLACK
6
CONTINUOUS
10
4.9938296062992125
20
-3.3325343307086612
11
4.9938295669291337
21
-3.332534527559055
0
LINE
8
BLACK
6
CONTINUOUS
10
4.9938295669291337
20
-3.332534527559055
11
4.9930344881889761
21
-3.3395914566929132
0
LINE
8
BLACK
6
CONTINUOUS
10
4.9930344881889761
20
-3.3395914566929132
11
4.9930344881889761
21
-3.3395917322834645
0
LINE
8
BLACK
6
CONTINUOUS
10
4.9930344881889761
20
-3.3395917322834645
11
4.9938295669291337
21
-3.3466486614173228
0
LINE
8
BLACK
6
CONTINUOUS
10
4.9938295669291337
20
-3.3466486614173228
11
4.9938296062992125
21
-3.3466488582677165
0
LINE
8
BLACK
6
CONTINUOUS
10
4.9938296062992125
20
-3.3466488582677165
11
4.9961752755905513
21
-3.3533523622047245
0
LINE
8
BLACK
6
CONTINUOUS
10
4.9961752755905513
20
-3.3533523622047245
11
4.9999537401574798
21
-3.359365708661417
0
LINE
8
BLACK
6
CONTINUOUS
10
4.9999537401574798
20
-3.359365708661417
11
5.0049755511811025
21
-3.3643875196850392
0
LINE
8
BLACK
6
CONTINUOUS
10
5.0049755511811025
20
-3.3643875196850392
11
5.0109889370078742
21
-3.3681659842519682
0
LINE
8
BLACK
6
CONTINUOUS
10
5.0109889370078742
20
-3.3681659842519682
11
5.0176923622047243
21
-3.3705116141732283
0
LINE
8
BLACK
6
CONTINUOUS
10
5.0176923622047243
20
-3.3705116141732283
11
5.017692559055118
21
-3.3705116535433071
0
LINE
8
BLACK
6
CONTINUOUS
10
5.017692559055118
20
-3.3705116535433071
11
5.0247494881889763
21
-3.3713067716535434
0
LINE
8
BLACK
6
CONTINUOUS
10
5.0247494881889763
20
-3.3713067716535434
11
5.0247496456692913
21
-3.3713067716535434
0
LINE
8
BLACK
6
CONTINUOUS
10
5.0247496456692913
20
-3.3713067716535434
11
5.0247498031496063
21
-3.3713067716535434
0
LINE
8
BLACK
6
CONTINUOUS
10
5.0247498031496063
20
-3.3713067716535434
11
5.0318066929133858
21
-3.3705116535433071
0
LINE
8
BLACK
6
CONTINUOUS
10
5.0318066929133858
20
-3.3705116535433071
11
5.031806811023622
21
-3.3705116141732283
0
LINE
8
BLACK
6
CONTINUOUS
10
5.031806811023622
20
-3.3705116141732283
11
5.0318069291338583
21
-3.3705116141732283
0
LINE
8
BLACK
6
CONTINUOUS
10
5.0318069291338583
20
-3.3705116141732283
11
5.0385103543307084
21
-3.3681659842519682
0
LINE
8
BLACK
6
CONTINUOUS
10
5.0385103543307084
20
-3.3681659842519682
11
5.0445237401574801
21
-3.3643875196850392
0
LINE
8
BLACK
6
CONTINUOUS
10
5.0445237401574801
20
-3.3643875196850392
11
5.0495455511811018
21
-3.359365708661417
0
LINE
8
BLACK
6
CONTINUOUS
10
5.0495455511811018
20
-3.359365708661417
11
5.0533240157480313
21
-3.3533523228346458
0
LINE
8
BLACK
6
CONTINUOUS
10
5.0533240157480313
20
-3.3533523228346458
11
5.0556696456692913
21
-3.3466488976377953
0
LINE
8
BLACK
6
CONTINUOUS
10
5.0556696456692913
20
-3.3466488976377953
11
5.0564648031496064
21
-3.3395916141732283
0
LINE
8
BLACK
6
CONTINUOUS
10
5.0564648031496064
20
-3.3395916141732283
11
5.0556696456692913
21
-3.3325343307086612
0
LINE
8
BLACK
6
CONTINUOUS
10
5.0556696456692913
20
-3.3325343307086612
11
5.0533240157480313
21
-3.3258309055118112
0
LINE
8
BLACK
6
CONTINUOUS
10
5.0533240157480313
20
-3.3258309055118112
11
5.0495455511811018
21
-3.3198175196850395
0
LINE
8
BLACK
6
CONTINUOUS
10
5.0495455511811018
20
-3.3198175196850395
11
5.0445237401574801
21
-3.3147957086614173
0
LINE
8
BLACK
6
CONTINUOUS
10
5.0445237401574801
20
-3.3147957086614173
11
5.0385103937007871
21
-3.3110172440944883
0
LINE
8
BLACK
6
CONTINUOUS
10
5.0385103937007871
20
-3.3110172440944883
11
5.0318068897637795
21
-3.3086715748031494
0
LINE
8
BLACK
6
CONTINUOUS
10
5.0318068897637795
20
-3.3086715748031494
11
5.0318066929133858
21
-3.3086715354330707
0
LINE
8
BLACK
6
CONTINUOUS
10
5.0318066929133858
20
-3.3086715354330707
11
5.0247498031496063
21
-3.3078764566929135
0
LINE
8
BLACK
6
CONTINUOUS
10
5.0247498031496063
20
-3.3078764566929135
11
5.0247494881889763
21
-3.3078764566929135
0
LINE
8
BLACK
6
CONTINUOUS
10
5.0247494881889763
20
-3.3078764566929135
11
5.017692559055118
21
-3.3086715354330707
0
LINE
8
BLACK
6
CONTINUOUS
10
4.4392549212598427
20
-3.4713791732283465
11
4.4392549212598427
21
-3.4713794094488186
0
LINE
8
BLACK
6
CONTINUOUS
10
4.4392549212598427
20
-3.4713794094488186
11
4.4412055511811026
21
-3.4804301574803147
0
LINE
8
BLACK
6
CONTINUOUS
10
4.4412055511811026
20
-3.4804301574803147
11
4.4446575590551181
21
-3.4890207874015746
0
LINE
8
BLACK
6
CONTINUOUS
10
4.4446575590551181
20
-3.4890207874015746
11
4.4446576377952756
21
-3.4890209448818896
0
LINE
8
BLACK
6
CONTINUOUS
10
4.4446576377952756
20
-3.4890209448818896
11
4.4495119291338581
21
-3.4969048425196849
0
LINE
8
BLACK
6
CONTINUOUS
10
4.4495119291338581
20
-3.4969048425196849
11
4.4495120866141731
21
-3.4969049999999999
0
LINE
8
BLACK
6
CONTINUOUS
10
4.4495120866141731
20
-3.4969049999999999
11
4.4556287401574801
21
-3.5038549212598427
0
LINE
8
BLACK
6
CONTINUOUS
10
4.4556287401574801
20
-3.5038549212598427
11
4.4628321259842521
21
-3.5096712204724407
0
LINE
8
BLACK
6
CONTINUOUS
10
4.4628321259842521
20
-3.5096712204724407
11
4.4628321653543308
21
-3.5096712204724407
0
LINE
8
BLACK
6
CONTINUOUS
10
4.4628321653543308
20
-3.5096712204724407
11
4.4628322440944883
21
-3.5096712992125982
0
LINE
8
BLACK
6
CONTINUOUS
10
4.4628322440944883
20
-3.5096712992125982
11
4.4709150393700785
21
-3.5141866535433071
0
LINE
8
BLACK
6
CONTINUOUS
10
4.4709150393700785
20
-3.5141866535433071
11
4.4796446850393696
21
-3.517271023622047
0
LINE
8
BLACK
6
CONTINUOUS
10
4.4796446850393696
20
-3.517271023622047
11
4.4796449212598421
21
-3.5172710629921258
0
LINE
8
BLACK
6
CONTINUOUS
10
4.4796449212598421
20
-3.5172710629921258
11
4.4887696062992122
21
-3.5188356692913385
0
LINE
8
BLACK
6
CONTINUOUS
10
4.4887696062992122
20
-3.5188356692913385
11
4.4887699212598422
21
-3.5188356692913385
0
LINE
8
BLACK
6
CONTINUOUS
10
4.4887699212598422
20
-3.5188356692913385
11
4.4887699999999997
21
-3.5188357086614173
0
LINE
8
BLACK
6
CONTINUOUS
10
4.4887699999999997
20
-3.5188357086614173
11
4.4887700393700785
21
-3.5188357086614173
0
LINE
8
BLACK
6
CONTINUOUS
10
4.4887700393700785
20
-3.5188357086614173
11
4.4957100393700786
21
-3.5188357086614173
0
LINE
8
BLACK
6
CONTINUOUS
10
4.4957100393700786
20
-3.5188357086614173
11
4.502624212598425
21
-3.5182472440944883
0
LINE
8
BLACK
6
CONTINUOUS
10
4.502624212598425
20
-3.5182472440944883
11
4.5026243307086613
21
-3.5182472047244095
0
LINE
8
BLACK
6
CONTINUOUS
10
4.5026243307086613
20
-3.5182472047244095
11
4.5026244094488188
21
-3.5182472047244095
0
LINE
8
BLACK
6
CONTINUOUS
10
4.5026244094488188
20
-3.5182472047244095
11
4.5115841732283464
21
-3.5159142519685038
0
LINE
8
BLACK
6
CONTINUOUS
10
4.5115841732283464
20
-3.5159142519685038
11
4.5115842125984251
21
-3.5159142125984251
0
LINE
8
BLACK
6
CONTINUOUS
10
4.5115842125984251
20
-3.5159142125984251
11
4.5115842913385826
21
-3.5159142125984251
0
LINE
8
BLACK
6
CONTINUOUS
10
4.5115842913385826
20
-3.5159142125984251
11
4.5200203937007872
21
-3.5121008661417323
0
LINE
8
BLACK
6
CONTINUOUS
10
4.5200203937007872
20
-3.5121008661417323
11
4.5200205118110235
21
-3.5121007480314961
0
LINE
8
BLACK
6
CONTINUOUS
10
4.5200205118110235
20
-3.5121007480314961
11
4.5200207874015748
21
-3.5121006692913386
0
LINE
8
BLACK
6
CONTINUOUS
10
4.5200207874015748
20
-3.5121006692913386
11
4.5276915354330711
21
-3.5069161417322832
0
LINE
8
BLACK
6
CONTINUOUS
10
4.5276915354330711
20
-3.5069161417322832
11
4.5343757480314961
21
-3.500509803149606
0
LINE
8
BLACK
6
CONTINUOUS
10
4.5343757480314961
20
-3.500509803149606
11
4.5398811811023618
21
-3.4930659842519685
0
LINE
8
BLACK
6
CONTINUOUS
10
4.5398811811023618
20
-3.4930659842519685
11
4.5440493700787403
21
-3.4847988582677165
0
LINE
8
BLACK
6
CONTINUOUS
10
4.5440493700787403
20
-3.4847988582677165
11
4.5467604724409449
21
-3.475946181102362
0
LINE
8
BLACK
6
CONTINUOUS
10
4.5467604724409449
20
-3.475946181102362
11
4.5479364960629924
21
-3.4667626771653541
0
LINE
8
BLACK
6
CONTINUOUS
10
4.5479364960629924
20
-3.4667626771653541
11
4.5475435433070865
21
-3.4575124803149606
0
LINE
8
BLACK
6
CONTINUOUS
10
4.5475435433070865
20
-3.4575124803149606
11
4.5455929527559054
21
-3.448461811023622
0
LINE
8
BLACK
6
CONTINUOUS
10
4.5455929527559054
20
-3.448461811023622
11
4.5421408661417324
21
-3.4398709448818896
0
LINE
8
BLACK
6
CONTINUOUS
10
4.5421408661417324
20
-3.4398709448818896
11
4.5372865748031499
21
-3.4319870472440943
0
LINE
8
BLACK
6
CONTINUOUS
10
4.5372865748031499
20
-3.4319870472440943
11
4.5311697244094491
21
-3.4250369291338583
0
LINE
8
BLACK
6
CONTINUOUS
10
4.5311697244094491
20
-3.4250369291338583
11
4.5273785039370074
21
-3.4219757480314961
0
LINE
8
BLACK
6
CONTINUOUS
10
4.5273785039370074
20
-3.4219757480314961
11
4.5239663385826772
21
-3.4192206299212597
0
LINE
8
BLACK
6
CONTINUOUS
10
4.5239663385826772
20
-3.4192206299212597
11
4.5158834251968507
21
-3.4147051968503934
0
LINE
8
BLACK
6
CONTINUOUS
10
4.5158834251968507
20
-3.4147051968503934
11
4.5071540944881887
21
-3.4116209448818897
0
LINE
8
BLACK
6
CONTINUOUS
10
4.5071540944881887
20
-3.4116209448818897
11
4.5071535433070862
21
-3.4116207874015747
0
LINE
8
BLACK
6
CONTINUOUS
10
4.5071535433070862
20
-3.4116207874015747
11
4.4980288582677161
21
-3.410056181102362
0
LINE
8
BLACK
6
CONTINUOUS
10
4.4980288582677161
20
-3.410056181102362
11
4.4980285039370074
21
-3.410056181102362
0
LINE
8
BLACK
6
CONTINUOUS
10
4.4980285039370074
20
-3.410056181102362
11
4.4910887007874019
21
-3.410056181102362
0
LINE
8
BLACK
6
CONTINUOUS
10
4.4910887007874019
20
-3.410056181102362
11
4.4910884645669293
21
-3.410056181102362
0
LINE
8
BLACK
6
CONTINUOUS
10
4.4910884645669293
20
-3.410056181102362
11
4.4841742519685042
21
-3.4106446062992126
0
LINE
8
BLACK
6
CONTINUOUS
10
4.4841742519685042
20
-3.4106446062992126
11
4.4752143307086616
21
-3.4129775984251967
0
LINE
8
BLACK
6
CONTINUOUS
10
4.4752143307086616
20
-3.4129775984251967
11
4.4752141732283466
21
-3.4129776377952754
0
LINE
8
BLACK
6
CONTINUOUS
10
4.4752141732283466
20
-3.4129776377952754
11
4.466778070866142
21
-3.4167909842519686
0
LINE
8
BLACK
6
CONTINUOUS
10
4.466778070866142
20
-3.4167909842519686
11
4.4667775984251969
21
-3.4167912598425194
0
LINE
8
BLACK
6
CONTINUOUS
10
4.4667775984251969
20
-3.4167912598425194
11
4.4591069291338581
21
-3.4219757480314961
0
LINE
8
BLACK
6
CONTINUOUS
10
4.4591069291338581
20
-3.4219757480314961
11
4.4591068110236218
21
-3.4219758267716536
0
LINE
8
BLACK
6
CONTINUOUS
10
4.4591068110236218
20
-3.4219758267716536
11
4.4524227165354331
21
-3.4283820866141732
0
LINE
8
BLACK
6
CONTINUOUS
10
4.4524227165354331
20
-3.4283820866141732
11
4.4524226771653543
21
-3.428382125984252
0
LINE
8
BLACK
6
CONTINUOUS
10
4.4524226771653543
20
-3.428382125984252
11
4.4469174015748028
21
-3.4358257086614175
0
LINE
8
BLACK
6
CONTINUOUS
10
4.4469174015748028
20
-3.4358257086614175
11
4.4427491338582676
21
-3.4440929527559052
0
LINE
8
BLACK
6
CONTINUOUS
10
4.4427491338582676
20
-3.4440929527559052
11
4.4400379921259843
21
-3.452945748031496
0
LINE
8
BLACK
6
CONTINUOUS
10
4.4400379921259843
20
-3.452945748031496
11
4.4388620078740155
21
-3.4621292125984251
0
LINE
8
BLACK
6
CONTINUOUS
10
4.4388620078740155
20
-3.4621292125984251
11
4.4392549212598427
21
-3.4713791732283465
0
LINE
8
BLACK
6
CONTINUOUS
10
4.6977013385826769
20
-4.4577902755905514
11
4.7012616535433072
21
-4.4598458267716534
0
LINE
8
BLACK
6
CONTINUOUS
10
4.7012616535433072
20
-4.4598458267716534
11
4.7041685826771653
21
-4.4627527559055116
0
LINE
8
BLACK
6
CONTINUOUS
10
4.7041685826771653
20
-4.4627527559055116
11
4.7062241338582673
21
-4.4663130708661418
0
LINE
8
BLACK
6
CONTINUOUS
10
4.7062241338582673
20
-4.4663130708661418
11
4.707288149606299
21
-4.4702840551181104
0
LINE
8
BLACK
6
CONTINUOUS
10
4.707288149606299
20
-4.4702840551181104
11
4.707288149606299
21
-4.474395078740157
0
LINE
8
BLACK
6
CONTINUOUS
10
4.707288149606299
20
-4.474395078740157
11
4.7062241338582673
21
-4.4783660629921256
0
LINE
8
BLACK
6
CONTINUOUS
10
4.7062241338582673
20
-4.4783660629921256
11
4.7041685826771653
21
-4.4819263779527558
0
LINE
8
BLACK
6
CONTINUOUS
10
4.7041685826771653
20
-4.4819263779527558
11
4.7012616535433072
21
-4.484833307086614
0
LINE
8
BLACK
6
CONTINUOUS
10
4.7012616535433072
20
-4.484833307086614
11
4.6977013385826769
21
-4.486888858267716
0
LINE
8
BLACK
6
CONTINUOUS
10
4.6977013385826769
20
-4.486888858267716
11
4.6937303543307083
21
-4.4879528740157477
0
LINE
8
BLACK
6
CONTINUOUS
10
4.6937303543307083
20
-4.4879528740157477
11
4.6896193307086609
21
-4.4879528740157477
0
LINE
8
BLACK
6
CONTINUOUS
10
4.6896193307086609
20
-4.4879528740157477
11
4.6856483464566931
21
-4.486888858267716
0
LINE
8
BLACK
6
CONTINUOUS
10
4.6856483464566931
20
-4.486888858267716
11
4.6820880314960629
21
-4.484833307086614
0
LINE
8
BLACK
6
CONTINUOUS
10
4.6820880314960629
20
-4.484833307086614
11
4.6791811023622047
21
-4.4819263779527558
0
LINE
8
BLACK
6
CONTINUOUS
10
4.6791811023622047
20
-4.4819263779527558
11
4.6771255511811018
21
-4.4783660629921256
0
LINE
8
BLACK
6
CONTINUOUS
10
4.6771255511811018
20
-4.4783660629921256
11
4.676061535433071
21
-4.474395078740157
0
LINE
8
BLACK
6
CONTINUOUS
10
4.676061535433071
20
-4.474395078740157
11
4.676061535433071
21
-4.4702840551181104
0
LINE
8
BLACK
6
CONTINUOUS
10
4.676061535433071
20
-4.4702840551181104
11
4.6771255511811018
21
-4.4663130708661418
0
LINE
8
BLACK
6
CONTINUOUS
10
4.6771255511811018
20
-4.4663130708661418
11
4.6791811023622047
21
-4.4627527559055116
0
LINE
8
BLACK
6
CONTINUOUS
10
4.6791811023622047
20
-4.4627527559055116
11
4.6820880314960629
21
-4.4598458267716534
0
LINE
8
BLACK
6
CONTINUOUS
10
4.6820880314960629
20
-4.4598458267716534
11
4.6856483464566931
21
-4.4577902755905514
0
LINE
8
BLACK
6
CONTINUOUS
10
4.6856483464566931
20
-4.4577902755905514
11
4.6896193307086609
21
-4.4567262598425197
0
LINE
8
BLACK
6
CONTINUOUS
10
4.6896193307086609
20
-4.4567262598425197
11
4.6937303543307083
21
-4.4567262598425197
0
LINE
8
BLACK
6
CONTINUOUS
10
4.6937303543307083
20
-4.4567262598425197
11
4.6977013385826769
21
-4.4577902755905514
0
LINE
8
BLACK
6
CONTINUOUS
10
6.2876049212598426
20
-3.6461720472440944
11
6.2904433464566925
21
-3.6473477559055119
0
LINE
8
BLACK
6
CONTINUOUS
10
6.2904433464566925
20
-3.6473477559055119
11
6.2916365354330708
21
-3.6483270078740158
0
LINE
8
BLACK
6
CONTINUOUS
10
6.2916365354330708
20
-3.6483270078740158
11
6.3213131889763776
21
-3.6780036614173226
0
LINE
8
BLACK
6
CONTINUOUS
10
6.3213131889763776
20
-3.6780036614173226
11
6.3222924409448815
21
-3.6791968503937009
0
LINE
8
BLACK
6
CONTINUOUS
10
6.3222924409448815
20
-3.6791968503937009
11
6.323468149606299
21
-3.6820352755905512
0
LINE
8
BLACK
6
CONTINUOUS
10
6.323468149606299
20
-3.6820352755905512
11
6.3236194488188975
21
-3.6835714173228347
0
LINE
8
BLACK
6
CONTINUOUS
10
6.3236194488188975
20
-3.6835714173228347
11
6.3236194488188975
21
-3.6924565354330707
0
LINE
8
BLACK
6
CONTINUOUS
10
6.3236194488188975
20
-3.6924565354330707
11
6.3253322440944881
21
-3.6934454330708659
0
LINE
8
BLACK
6
CONTINUOUS
10
6.3253322440944881
20
-3.6934454330708659
11
6.3282391732283463
21
-3.6963523622047245
0
LINE
8
BLACK
6
CONTINUOUS
10
6.3282391732283463
20
-3.6963523622047245
11
6.3302947244094483
21
-3.6999126771653543
0
LINE
8
BLACK
6
CONTINUOUS
10
6.3302947244094483
20
-3.6999126771653543
11
6.33135874015748
21
-3.7038836614173229
0
LINE
8
BLACK
6
CONTINUOUS
10
6.33135874015748
20
-3.7038836614173229
11
6.33135874015748
21
-3.7079946850393699
0
LINE
8
BLACK
6
CONTINUOUS
10
6.33135874015748
20
-3.7079946850393699
11
6.3302947244094483
21
-3.7119656692913385
0
LINE
8
BLACK
6
CONTINUOUS
10
6.3302947244094483
20
-3.7119656692913385
11
6.3282391732283463
21
-3.7155259842519683
0
LINE
8
BLACK
6
CONTINUOUS
10
6.3282391732283463
20
-3.7155259842519683
11
6.3253322440944881
21
-3.7184329133858265
0
LINE
8
BLACK
6
CONTINUOUS
10
6.3253322440944881
20
-3.7184329133858265
11
6.3217719291338579
21
-3.7204884645669289
0
LINE
8
BLACK
6
CONTINUOUS
10
6.3217719291338579
20
-3.7204884645669289
11
6.3178009448818893
21
-3.7215524803149607
0
LINE
8
BLACK
6
CONTINUOUS
10
6.3178009448818893
20
-3.7215524803149607
11
6.3136899212598427
21
-3.7215524803149607
0
LINE
8
BLACK
6
CONTINUOUS
10
6.3136899212598427
20
-3.7215524803149607
11
6.3097189370078741
21
-3.7204884645669289
0
LINE
8
BLACK
6
CONTINUOUS
10
6.3097189370078741
20
-3.7204884645669289
11
6.3061586220472439
21
-3.7184329133858265
0
LINE
8
BLACK
6
CONTINUOUS
10
6.3061586220472439
20
-3.7184329133858265
11
6.3032516929133857
21
-3.7155259842519683
0
LINE
8
BLACK
6
CONTINUOUS
10
6.3032516929133857
20
-3.7155259842519683
11
6.3011961417322837
21
-3.7119656692913385
0
LINE
8
BLACK
6
CONTINUOUS
10
6.3011961417322837
20
-3.7119656692913385
11
6.300132125984252
21
-3.7079946850393699
0
LINE
8
BLACK
6
CONTINUOUS
10
6.300132125984252
20
-3.7079946850393699
11
6.300132125984252
21
-3.7038836614173229
0
LINE
8
BLACK
6
CONTINUOUS
10
6.300132125984252
20
-3.7038836614173229
11
6.3011961417322837
21
-3.6999126771653543
0
LINE
8
BLACK
6
CONTINUOUS
10
6.3011961417322837
20
-3.6999126771653543
11
6.3032516929133857
21
-3.6963523622047245
0
LINE
8
BLACK
6
CONTINUOUS
10
6.3032516929133857
20
-3.6963523622047245
11
6.3061586220472439
21
-3.6934454330708659
0
LINE
8
BLACK
6
CONTINUOUS
10
6.3061586220472439
20
-3.6934454330708659
11
6.3078714173228345
21
-3.6924565354330707
0
LINE
8
BLACK
6
CONTINUOUS
10
6.3078714173228345
20
-3.6924565354330707
11
6.3078714173228345
21
-3.6868329133858269
0
LINE
8
BLACK
6
CONTINUOUS
10
6.3078714173228345
20
-3.6868329133858269
11
6.2828072834645665
21
-3.6617687795275589
0
LINE
8
BLACK
6
CONTINUOUS
10
6.2828072834645665
20
-3.6617687795275589
11
6.2275584251968503
21
-3.6617687795275589
0
LINE
8
BLACK
6
CONTINUOUS
10
6.2275584251968503
20
-3.6617687795275589
11
6.2011709055118107
21
-3.6881562598425197
0
LINE
8
BLACK
6
CONTINUOUS
10
6.2011709055118107
20
-3.6881562598425197
11
6.2011709055118107
21
-3.7364707086614173
0
LINE
8
BLACK
6
CONTINUOUS
10
6.2011709055118107
20
-3.7364707086614173
11
6.2908646456692914
21
-3.8261644488188975
0
LINE
8
BLACK
6
CONTINUOUS
10
6.2908646456692914
20
-3.8261644488188975
11
6.2918438976377953
21
-3.8273576771653541
0
LINE
8
BLACK
6
CONTINUOUS
10
6.2918438976377953
20
-3.8273576771653541
11
6.2930196062992128
21
-3.8301961023622044
0
LINE
8
BLACK
6
CONTINUOUS
10
6.2930196062992128
20
-3.8301961023622044
11
6.2931709055118112
21
-3.8317322440944883
0
LINE
8
BLACK
6
CONTINUOUS
10
6.2931709055118112
20
-3.8317322440944883
11
6.2931709055118112
21
-4.0508947637795272
0
LINE
8
BLACK
6
CONTINUOUS
10
6.2931709055118112
20
-4.0508947637795272
11
6.2930196062992128
21
-4.0524309055118106
0
LINE
8
BLACK
6
CONTINUOUS
10
6.2930196062992128
20
-4.0524309055118106
11
6.2918438976377953
21
-4.0552693307086614
0
LINE
8
BLACK
6
CONTINUOUS
10
6.2918438976377953
20
-4.0552693307086614
11
6.2908646456692914
21
-4.0564625590551184
0
LINE
8
BLACK
6
CONTINUOUS
10
6.2908646456692914
20
-4.0564625590551184
11
5.9037762598425196
21
-4.4435508661417318
0
LINE
8
BLACK
6
CONTINUOUS
10
5.9037762598425196
20
-4.4435508661417318
11
5.9042881496062991
21
-4.4454612992125986
0
LINE
8
BLACK
6
CONTINUOUS
10
5.9042881496062991
20
-4.4454612992125986
11
5.9042881496062991
21
-4.449572322834646
0
LINE
8
BLACK
6
CONTINUOUS
10
5.9042881496062991
20
-4.449572322834646
11
5.9032241338582674
21
-4.4535433070866137
0
LINE
8
BLACK
6
CONTINUOUS
10
5.9032241338582674
20
-4.4535433070866137
11
5.9011685826771654
21
-4.457103622047244
0
LINE
8
BLACK
6
CONTINUOUS
10
5.9011685826771654
20
-4.457103622047244
11
5.8982616535433072
21
-4.4600105511811021
0
LINE
8
BLACK
6
CONTINUOUS
10
5.8982616535433072
20
-4.4600105511811021
11
5.894701338582677
21
-4.462066102362205
0
LINE
8
BLACK
6
CONTINUOUS
10
5.894701338582677
20
-4.462066102362205
11
5.8907303543307084
21
-4.4631301181102359
0
LINE
8
BLACK
6
CONTINUOUS
10
5.8907303543307084
20
-4.4631301181102359
11
5.8866193307086609
21
-4.4631301181102359
0
LINE
8
BLACK
6
CONTINUOUS
10
5.8866193307086609
20
-4.4631301181102359
11
5.8826483464566932
21
-4.462066102362205
0
LINE
8
BLACK
6
CONTINUOUS
10
5.8826483464566932
20
-4.462066102362205
11
5.879088031496063
21
-4.4600105511811021
0
LINE
8
BLACK
6
CONTINUOUS
10
5.879088031496063
20
-4.4600105511811021
11
5.8761811023622048
21
-4.457103622047244
0
LINE
8
BLACK
6
CONTINUOUS
10
5.8761811023622048
20
-4.457103622047244
11
5.8741255511811019
21
-4.4535433070866137
0
LINE
8
BLACK
6
CONTINUOUS
10
5.8741255511811019
20
-4.4535433070866137
11
5.8730615354330711
21
-4.449572322834646
0
LINE
8
BLACK
6
CONTINUOUS
10
5.8730615354330711
20
-4.449572322834646
11
5.8730615354330711
21
-4.4454612992125986
0
LINE
8
BLACK
6
CONTINUOUS
10
5.8730615354330711
20
-4.4454612992125986
11
5.8741255511811019
21
-4.44149031496063
0
LINE
8
BLACK
6
CONTINUOUS
10
5.8741255511811019
20
-4.44149031496063
11
5.8761811023622048
21
-4.4379299999999997
0
LINE
8
BLACK
6
CONTINUOUS
10
5.8761811023622048
20
-4.4379299999999997
11
5.879088031496063
21
-4.4350230708661416
0
LINE
8
BLACK
6
CONTINUOUS
10
5.879088031496063
20
-4.4350230708661416
11
5.8826483464566932
21
-4.4329675196850395
0
LINE
8
BLACK
6
CONTINUOUS
10
5.8826483464566932
20
-4.4329675196850395
11
5.8866193307086609
21
-4.4319035039370078
0
LINE
8
BLACK
6
CONTINUOUS
10
5.8866193307086609
20
-4.4319035039370078
11
5.8907303543307084
21
-4.4319035039370078
0
LINE
8
BLACK
6
CONTINUOUS
10
5.8907303543307084
20
-4.4319035039370078
11
5.8926407480314955
21
-4.4324153543307085
0
LINE
8
BLACK
6
CONTINUOUS
10
5.8926407480314955
20
-4.4324153543307085
11
6.2774228740157483
21
-4.0476332283464567
0
LINE
8
BLACK
6
CONTINUOUS
10
6.2774228740157483
20
-4.0476332283464567
11
6.2774228740157483
21
-3.8349937401574801
0
LINE
8
BLACK
6
CONTINUOUS
10
6.2774228740157483
20
-3.8349937401574801
11
6.1877291338582676
21
-3.7452999999999999
0
LINE
8
BLACK
6
CONTINUOUS
10
6.1877291338582676
20
-3.7452999999999999
11
6.1867498818897637
21
-3.744106811023622
0
LINE
8
BLACK
6
CONTINUOUS
10
6.1867498818897637
20
-3.744106811023622
11
6.1855741732283462
21
-3.7412683858267717
0
LINE
8
BLACK
6
CONTINUOUS
10
6.1855741732283462
20
-3.7412683858267717
11
6.1854228740157478
21
-3.7397322440944882
0
LINE
8
BLACK
6
CONTINUOUS
10
6.1854228740157478
20
-3.7397322440944882
11
6.1854228740157478
21
-3.6848947637795275
0
LINE
8
BLACK
6
CONTINUOUS
10
6.1854228740157478
20
-3.6848947637795275
11
6.1855741732283462
21
-3.6833586220472441
0
LINE
8
BLACK
6
CONTINUOUS
10
6.1855741732283462
20
-3.6833586220472441
11
6.1867498818897637
21
-3.6805201968503938
0
LINE
8
BLACK
6
CONTINUOUS
10
6.1867498818897637
20
-3.6805201968503938
11
6.1877291338582676
21
-3.6793270078740155
0
LINE
8
BLACK
6
CONTINUOUS
10
6.1877291338582676
20
-3.6793270078740155
11
6.2187291338582673
21
-3.648326968503937
0
LINE
8
BLACK
6
CONTINUOUS
10
6.2187291338582673
20
-3.648326968503937
11
6.2199223228346456
21
-3.6473477559055119
0
LINE
8
BLACK
6
CONTINUOUS
10
6.2199223228346456
20
-3.6473477559055119
11
6.2227607480314955
21
-3.6461720472440944
0
LINE
8
BLACK
6
CONTINUOUS
10
6.2227607480314955
20
-3.6461720472440944
11
6.2242968897637798
21
-3.6460207480314959
0
LINE
8
BLACK
6
CONTINUOUS
10
6.2242968897637798
20
-3.6460207480314959
11
6.2860687795275592
21
-3.6460207480314959
0
LINE
8
BLACK
6
CONTINUOUS
10
6.2860687795275592
20
-3.6460207480314959
11
6.2876049212598426
21
-3.6461720472440944
0
LINE
8
BLACK
6
CONTINUOUS
10
5.1912861811023623
20
-4.3144006299212601
11
5.1948464960629916
21
-4.3164561811023621
0
LINE
8
BLACK
6
CONTINUOUS
10
5.1948464960629916
20
-4.3164561811023621
11
5.1977534251968507
21
-4.3193631102362202
0
LINE
8
BLACK
6
CONTINUOUS
10
5.1977534251968507
20
-4.3193631102362202
11
5.1998089763779527
21
-4.3229234251968505
0
LINE
8
BLACK
6
CONTINUOUS
10
5.1998089763779527
20
-4.3229234251968505
11
5.2008729921259844
21
-4.3268944094488191
0
LINE
8
BLACK
6
CONTINUOUS
10
5.2008729921259844
20
-4.3268944094488191
11
5.2008729921259844
21
-4.3310054330708656
0
LINE
8
BLACK
6
CONTINUOUS
10
5.2008729921259844
20
-4.3310054330708656
11
5.1998089763779527
21
-4.3349764173228342
0
LINE
8
BLACK
6
CONTINUOUS
10
5.1998089763779527
20
-4.3349764173228342
11
5.1977534251968507
21
-4.3385367322834645
0
LINE
8
BLACK
6
CONTINUOUS
10
5.1977534251968507
20
-4.3385367322834645
11
5.1948464960629916
21
-4.3414436614173226
0
LINE
8
BLACK
6
CONTINUOUS
10
5.1948464960629916
20
-4.3414436614173226
11
5.1912861811023623
21
-4.3434992125984255
0
LINE
8
BLACK
6
CONTINUOUS
10
5.1912861811023623
20
-4.3434992125984255
11
5.1873151968503937
21
-4.3445632283464564
0
LINE
8
BLACK
6
CONTINUOUS
10
5.1873151968503937
20
-4.3445632283464564
11
5.1832041732283463
21
-4.3445632283464564
0
LINE
8
BLACK
6
CONTINUOUS
10
5.1832041732283463
20
-4.3445632283464564
11
5.1792331889763776
21
-4.3434992125984255
0
LINE
8
BLACK
6
CONTINUOUS
10
5.1792331889763776
20
-4.3434992125984255
11
5.1756728740157483
21
-4.3414436614173226
0
LINE
8
BLACK
6
CONTINUOUS
10
5.1756728740157483
20
-4.3414436614173226
11
5.1727659448818892
21
-4.3385367322834645
0
LINE
8
BLACK
6
CONTINUOUS
10
5.1727659448818892
20
-4.3385367322834645
11
5.1707103937007872
21
-4.3349764173228342
0
LINE
8
BLACK
6
CONTINUOUS
10
5.1707103937007872
20
-4.3349764173228342
11
5.1696463779527555
21
-4.3310054330708656
0
LINE
8
BLACK
6
CONTINUOUS
10
5.1696463779527555
20
-4.3310054330708656
11
5.1696463779527555
21
-4.3268944094488191
0
LINE
8
BLACK
6
CONTINUOUS
10
5.1696463779527555
20
-4.3268944094488191
11
5.1707103937007872
21
-4.3229234251968505
0
LINE
8
BLACK
6
CONTINUOUS
10
5.1707103937007872
20
-4.3229234251968505
11
5.1727659448818892
21
-4.3193631102362202
0
LINE
8
BLACK
6
CONTINUOUS
10
5.1727659448818892
20
-4.3193631102362202
11
5.1756728740157483
21
-4.3164561811023621
0
LINE
8
BLACK
6
CONTINUOUS
10
5.1756728740157483
20
-4.3164561811023621
11
5.1792331889763776
21
-4.3144006299212601
0
LINE
8
BLACK
6
CONTINUOUS
10
5.1792331889763776
20
-4.3144006299212601
11
5.1832041732283463
21
-4.3133366141732283
0
LINE
8
BLACK
6
CONTINUOUS
10
5.1832041732283463
20
-4.3133366141732283
11
5.1873151968503937
21
-4.3133366141732283
0
LINE
8
BLACK
6
CONTINUOUS
10
5.1873151968503937
20
-4.3133366141732283
11
5.1912861811023623
21
-4.3144006299212601
0
LINE
8
BLACK
6
CONTINUOUS
10
6.2666848031496061
20
-3.6697940944881888
11
6.2695232283464568
21
-3.6709698031496063
0
LINE
8
BLACK
6
CONTINUOUS
10
6.2695232283464568
20
-3.6709698031496063
11
6.2707164173228342
21
-3.6719490551181102
0
LINE
8
BLACK
6
CONTINUOUS
10
6.2707164173228342
20
-3.6719490551181102
11
6.2751564566929137
21
-3.6763890944881887
0
LINE
8
BLACK
6
CONTINUOUS
10
6.2751564566929137
20
-3.6763890944881887
11
6.2770668897637796
21
-3.675877244094488
0
LINE
8
BLACK
6
CONTINUOUS
10
6.2770668897637796
20
-3.675877244094488
11
6.281177913385827
21
-3.675877244094488
0
LINE
8
BLACK
6
CONTINUOUS
10
6.281177913385827
20
-3.675877244094488
11
6.2851488976377947
21
-3.6769412598425197
0
LINE
8
BLACK
6
CONTINUOUS
10
6.2851488976377947
20
-3.6769412598425197
11
6.288709212598425
21
-3.6789968110236217
0
LINE
8
BLACK
6
CONTINUOUS
10
6.288709212598425
20
-3.6789968110236217
11
6.2916161417322831
21
-3.6819037401574803
0
LINE
8
BLACK
6
CONTINUOUS
10
6.2916161417322831
20
-3.6819037401574803
11
6.293671692913386
21
-3.6854640551181101
0
LINE
8
BLACK
6
CONTINUOUS
10
6.293671692913386
20
-3.6854640551181101
11
6.2947357086614169
21
-3.6894350393700788
0
LINE
8
BLACK
6
CONTINUOUS
10
6.2947357086614169
20
-3.6894350393700788
11
6.2947357086614169
21
-3.6935460629921257
0
LINE
8
BLACK
6
CONTINUOUS
10
6.2947357086614169
20
-3.6935460629921257
11
6.293671692913386
21
-3.6975170472440944
0
LINE
8
BLACK
6
CONTINUOUS
10
6.293671692913386
20
-3.6975170472440944
11
6.2916161417322831
21
-3.7010773622047242
0
LINE
8
BLACK
6
CONTINUOUS
10
6.2916161417322831
20
-3.7010773622047242
11
6.288709212598425
21
-3.7039842913385828
0
LINE
8
BLACK
6
CONTINUOUS
10
6.288709212598425
20
-3.7039842913385828
11
6.2851488976377947
21
-3.7060398425196848
0
LINE
8
BLACK
6
CONTINUOUS
10
6.2851488976377947
20
-3.7060398425196848
11
6.281177913385827
21
-3.7071038582677165
0
LINE
8
BLACK
6
CONTINUOUS
10
6.281177913385827
20
-3.7071038582677165
11
6.2770668897637796
21
-3.7071038582677165
0
LINE
8
BLACK
6
CONTINUOUS
10
6.2770668897637796
20
-3.7071038582677165
11
6.273095905511811
21
-3.7060398425196848
0
LINE
8
BLACK
6
CONTINUOUS
10
6.273095905511811
20
-3.7060398425196848
11
6.2695355905511807
21
-3.7039842913385828
0
LINE
8
BLACK
6
CONTINUOUS
10
6.2695355905511807
20
-3.7039842913385828
11
6.2666286614173226
21
-3.7010773622047242
0
LINE
8
BLACK
6
CONTINUOUS
10
6.2666286614173226
20
-3.7010773622047242
11
6.2645731102362205
21
-3.6975170472440944
0
LINE
8
BLACK
6
CONTINUOUS
10
6.2645731102362205
20
-3.6975170472440944
11
6.2635090944881888
21
-3.6935460629921257
0
LINE
8
BLACK
6
CONTINUOUS
10
6.2635090944881888
20
-3.6935460629921257
11
6.2635090944881888
21
-3.6894350393700788
0
LINE
8
BLACK
6
CONTINUOUS
10
6.2635090944881888
20
-3.6894350393700788
11
6.2640209448818895
21
-3.6875246062992124
0
LINE
8
BLACK
6
CONTINUOUS
10
6.2640209448818895
20
-3.6875246062992124
11
6.2618871653543309
21
-3.6853908267716533
0
LINE
8
BLACK
6
CONTINUOUS
10
6.2618871653543309
20
-3.6853908267716533
11
6.237342992125984
21
-3.6853908267716533
0
LINE
8
BLACK
6
CONTINUOUS
10
6.237342992125984
20
-3.6853908267716533
11
6.2247929527559052
21
-3.6979408267716534
0
LINE
8
BLACK
6
CONTINUOUS
10
6.2247929527559052
20
-3.6979408267716534
11
6.2247929527559052
21
-3.7266861811023619
0
LINE
8
BLACK
6
CONTINUOUS
10
6.2247929527559052
20
-3.7266861811023619
11
6.3404866929133856
21
-3.8423799212598424
0
LINE
8
BLACK
6
CONTINUOUS
10
6.3404866929133856
20
-3.8423799212598424
11
6.3414659448818895
21
-3.8435731102362203
0
LINE
8
BLACK
6
CONTINUOUS
10
6.3414659448818895
20
-3.8435731102362203
11
6.342641653543307
21
-3.8464115354330706
0
LINE
8
BLACK
6
CONTINUOUS
10
6.342641653543307
20
-3.8464115354330706
11
6.3427929527559055
21
-3.8479476771653545
0
LINE
8
BLACK
6
CONTINUOUS
10
6.3427929527559055
20
-3.8479476771653545
11
6.3427929527559055
21
-4.1672727165354333
0
LINE
8
BLACK
6
CONTINUOUS
10
6.3427929527559055
20
-4.1672727165354333
11
6.342641653543307
21
-4.1688088582677167
0
LINE
8
BLACK
6
CONTINUOUS
10
6.342641653543307
20
-4.1688088582677167
11
6.3414659448818895
21
-4.1716472834645666
0
LINE
8
BLACK
6
CONTINUOUS
10
6.3414659448818895
20
-4.1716472834645666
11
6.3404867322834644
21
-4.1728404724409449
0
LINE
8
BLACK
6
CONTINUOUS
10
6.3404867322834644
20
-4.1728404724409449
11
6.2047762598425198
21
-4.308550866141732
0
LINE
8
BLACK
6
CONTINUOUS
10
6.2047762598425198
20
-4.308550866141732
11
6.2052881496062993
21
-4.3104612992125979
0
LINE
8
BLACK
6
CONTINUOUS
10
6.2052881496062993
20
-4.3104612992125979
11
6.2052881496062993
21
-4.3145723228346453
0
LINE
8
BLACK
6
CONTINUOUS
10
6.2052881496062993
20
-4.3145723228346453
11
6.2042241338582675
21
-4.3185433070866139
0
LINE
8
BLACK
6
CONTINUOUS
10
6.2042241338582675
20
-4.3185433070866139
11
6.2021685826771655
21
-4.3221036220472442
0
LINE
8
BLACK
6
CONTINUOUS
10
6.2021685826771655
20
-4.3221036220472442
11
6.1992616535433074
21
-4.3250105511811023
0
LINE
8
BLACK
6
CONTINUOUS
10
6.1992616535433074
20
-4.3250105511811023
11
6.1957013385826771
21
-4.3270661023622043
0
LINE
8
BLACK
6
CONTINUOUS
10
6.1957013385826771
20
-4.3270661023622043
11
6.1917303543307085
21
-4.3281301181102361
0
LINE
8
BLACK
6
CONTINUOUS
10
6.1917303543307085
20
-4.3281301181102361
11
6.1876193307086611
21
-4.3281301181102361
0
LINE
8
BLACK
6
CONTINUOUS
10
6.1876193307086611
20
-4.3281301181102361
11
6.1836483464566925
21
-4.3270661023622043
0
LINE
8
BLACK
6
CONTINUOUS
10
6.1836483464566925
20
-4.3270661023622043
11
6.1800880314960631
21
-4.3250105511811023
0
LINE
8
BLACK
6
CONTINUOUS
10
6.1800880314960631
20
-4.3250105511811023
11
6.177181102362205
21
-4.3221036220472442
0
LINE
8
BLACK
6
CONTINUOUS
10
6.177181102362205
20
-4.3221036220472442
11
6.1751255511811021
21
-4.3185433070866139
0
LINE
8
BLACK
6
CONTINUOUS
10
6.1751255511811021
20
-4.3185433070866139
11
6.1740615354330703
21
-4.3145723228346453
0
LINE
8
BLACK
6
CONTINUOUS
10
6.1740615354330703
20
-4.3145723228346453
11
6.1740615354330703
21
-4.3104612992125979
0
LINE
8
BLACK
6
CONTINUOUS
10
6.1740615354330703
20
-4.3104612992125979
11
6.1751255511811021
21
-4.3064903149606302
0
LINE
8
BLACK
6
CONTINUOUS
10
6.1751255511811021
20
-4.3064903149606302
11
6.177181102362205
21
-4.3029299999999999
0
LINE
8
BLACK
6
CONTINUOUS
10
6.177181102362205
20
-4.3029299999999999
11
6.1800880314960631
21
-4.3000230708661418
0
LINE
8
BLACK
6
CONTINUOUS
10
6.1800880314960631
20
-4.3000230708661418
11
6.1836483464566925
21
-4.2979675196850389
0
LINE
8
BLACK
6
CONTINUOUS
10
6.1836483464566925
20
-4.2979675196850389
11
6.1876193307086611
21
-4.296903503937008
0
LINE
8
BLACK
6
CONTINUOUS
10
6.1876193307086611
20
-4.296903503937008
11
6.1917303543307085
21
-4.296903503937008
0
LINE
8
BLACK
6
CONTINUOUS
10
6.1917303543307085
20
-4.296903503937008
11
6.1936407480314957
21
-4.2974153543307088
0
LINE
8
BLACK
6
CONTINUOUS
10
6.1936407480314957
20
-4.2974153543307088
11
6.3270449212598425
21
-4.1640111811023619
0
LINE
8
BLACK
6
CONTINUOUS
10
6.3270449212598425
20
-4.1640111811023619
11
6.3270449212598425
21
-3.8512091732283462
0
LINE
8
BLACK
6
CONTINUOUS
10
6.3270449212598425
20
-3.8512091732283462
11
6.2113511811023621
21
-3.7355154330708662
0
LINE
8
BLACK
6
CONTINUOUS
10
6.2113511811023621
20
-3.7355154330708662
11
6.2103719291338582
21
-3.7343222440944883
0
LINE
8
BLACK
6
CONTINUOUS
10
6.2103719291338582
20
-3.7343222440944883
11
6.2091962204724407
21
-3.7314838188976376
0
LINE
8
BLACK
6
CONTINUOUS
10
6.2091962204724407
20
-3.7314838188976376
11
6.2090449212598422
21
-3.7299476771653541
0
LINE
8
BLACK
6
CONTINUOUS
10
6.2090449212598422
20
-3.7299476771653541
11
6.2090449212598422
21
-3.6946793307086612
0
LINE
8
BLACK
6
CONTINUOUS
10
6.2090449212598422
20
-3.6946793307086612
11
6.2091962204724407
21
-3.6931431889763777
0
LINE
8
BLACK
6
CONTINUOUS
10
6.2091962204724407
20
-3.6931431889763777
11
6.2103719291338582
21
-3.6903047637795274
0
LINE
8
BLACK
6
CONTINUOUS
10
6.2103719291338582
20
-3.6903047637795274
11
6.2113511811023621
21
-3.6891115748031496
0
LINE
8
BLACK
6
CONTINUOUS
10
6.2113511811023621
20
-3.6891115748031496
11
6.2285136614173231
21
-3.6719490551181102
0
LINE
8
BLACK
6
CONTINUOUS
10
6.2285136614173231
20
-3.6719490551181102
11
6.2297068897637793
21
-3.6709698031496063
0
LINE
8
BLACK
6
CONTINUOUS
10
6.2297068897637793
20
-3.6709698031496063
11
6.23254531496063
21
-3.6697940944881888
0
LINE
8
BLACK
6
CONTINUOUS
10
6.23254531496063
20
-3.6697940944881888
11
6.2340814566929135
21
-3.6696427952755903
0
LINE
8
BLACK
6
CONTINUOUS
10
6.2340814566929135
20
-3.6696427952755903
11
6.2651486614173226
21
-3.6696427952755903
0
LINE
8
BLACK
6
CONTINUOUS
10
6.2651486614173226
20
-3.6696427952755903
11
6.2666848031496061
21
-3.6697940944881888
0
LINE
8
BLACK
6
CONTINUOUS
10
6.0337631102362206
20
-3.4429596456692915
11
6.0373234251968499
21
-3.4450151968503935
0
LINE
8
BLACK
6
CONTINUOUS
10
6.0373234251968499
20
-3.4450151968503935
11
6.0387885039370079
21
-3.446480275590551
0
LINE
8
BLACK
6
CONTINUOUS
10
6.0387885039370079
20
-3.446480275590551
11
6.0805123228346458
21
-3.446480275590551
0
LINE
8
BLACK
6
CONTINUOUS
10
6.0805123228346458
20
-3.446480275590551
11
6.0820484645669293
21
-3.4466315748031495
0
LINE
8
BLACK
6
CONTINUOUS
10
6.0820484645669293
20
-3.4466315748031495
11
6.0848868897637791
21
-3.447807283464567
0
LINE
8
BLACK
6
CONTINUOUS
10
6.0848868897637791
20
-3.447807283464567
11
6.0860800787401574
21
-3.4487865354330709
0
LINE
8
BLACK
6
CONTINUOUS
10
6.0860800787401574
20
-3.4487865354330709
11
6.1712425984251968
21
-3.5339490551181103
0
LINE
8
BLACK
6
CONTINUOUS
10
6.1712425984251968
20
-3.5339490551181103
11
6.1722218503937007
21
-3.5351422440944882
0
LINE
8
BLACK
6
CONTINUOUS
10
6.1722218503937007
20
-3.5351422440944882
11
6.1733975590551182
21
-3.5379806692913385
0
LINE
8
BLACK
6
CONTINUOUS
10
6.1733975590551182
20
-3.5379806692913385
11
6.1735488582677167
21
-3.5395168110236219
0
LINE
8
BLACK
6
CONTINUOUS
10
6.1735488582677167
20
-3.5395168110236219
11
6.1735488582677167
21
-3.7422552755905509
0
LINE
8
BLACK
6
CONTINUOUS
10
6.1735488582677167
20
-3.7422552755905509
11
6.2672425984251969
21
-3.8359490157480316
0
LINE
8
BLACK
6
CONTINUOUS
10
6.2672425984251969
20
-3.8359490157480316
11
6.2682218503937008
21
-3.8371422440944882
0
LINE
8
BLACK
6
CONTINUOUS
10
6.2682218503937008
20
-3.8371422440944882
11
6.2693975590551183
21
-3.8399806692913385
0
LINE
8
BLACK
6
CONTINUOUS
10
6.2693975590551183
20
-3.8399806692913385
11
6.2695488582677168
21
-3.841516811023622
0
LINE
8
BLACK
6
CONTINUOUS
10
6.2695488582677168
20
-3.841516811023622
11
6.2695488582677168
21
-4.0315168110236224
0
LINE
8
BLACK
6
CONTINUOUS
10
6.2695488582677168
20
-4.0315168110236224
11
6.2693975590551183
21
-4.0330529527559058
0
LINE
8
BLACK
6
CONTINUOUS
10
6.2693975590551183
20
-4.0330529527559058
11
6.2682218503937008
21
-4.0358913779527557
0
LINE
8
BLACK
6
CONTINUOUS
10
6.2682218503937008
20
-4.0358913779527557
11
6.2672425984251969
21
-4.0370846062992127
0
LINE
8
BLACK
6
CONTINUOUS
10
6.2672425984251969
20
-4.0370846062992127
11
6.0192426771653542
21
-4.2850844881889767
0
LINE
8
BLACK
6
CONTINUOUS
10
6.0192426771653542
20
-4.2850844881889767
11
6.0180494881889759
21
-4.2860637401574806
0
LINE
8
BLACK
6
CONTINUOUS
10
6.0180494881889759
20
-4.2860637401574806
11
6.015211062992126
21
-4.2872394488188972
0
LINE
8
BLACK
6
CONTINUOUS
10
6.015211062992126
20
-4.2872394488188972
11
6.0136749212598426
21
-4.2873907480314957
0
LINE
8
BLACK
6
CONTINUOUS
10
6.0136749212598426
20
-4.2873907480314957
11
5.9101574803149601
21
-4.2873907480314957
0
LINE
8
BLACK
6
CONTINUOUS
10
5.9101574803149601
20
-4.2873907480314957
11
5.9091685826771654
21
-4.2891035433070863
0
LINE
8
BLACK
6
CONTINUOUS
10
5.9091685826771654
20
-4.2891035433070863
11
5.9062616535433072
21
-4.2920104724409445
0
LINE
8
BLACK
6
CONTINUOUS
10
5.9062616535433072
20
-4.2920104724409445
11
5.902701338582677
21
-4.2940660236220474
0
LINE
8
BLACK
6
CONTINUOUS
10
5.902701338582677
20
-4.2940660236220474
11
5.8987303543307084
21
-4.2951300393700782
0
LINE
8
BLACK
6
CONTINUOUS
10
5.8987303543307084
20
-4.2951300393700782
11
5.894619330708661
21
-4.2951300393700782
0
LINE
8
BLACK
6
CONTINUOUS
10
5.894619330708661
20
-4.2951300393700782
11
5.8906483464566932
21
-4.2940660236220474
0
LINE
8
BLACK
6
CONTINUOUS
10
5.8906483464566932
20
-4.2940660236220474
11
5.887088031496063
21
-4.2920104724409445
0
LINE
8
BLACK
6
CONTINUOUS
10
5.887088031496063
20
-4.2920104724409445
11
5.8841811023622048
21
-4.2891035433070863
0
LINE
8
BLACK
6
CONTINUOUS
10
5.8841811023622048
20
-4.2891035433070863
11
5.8821255511811019
21
-4.285543228346457
0
LINE
8
BLACK
6
CONTINUOUS
10
5.8821255511811019
20
-4.285543228346457
11
5.8810615354330711
21
-4.2815722440944883
0
LINE
8
BLACK
6
CONTINUOUS
10
5.8810615354330711
20
-4.2815722440944883
11
5.8810615354330711
21
-4.2774612204724409
0
LINE
8
BLACK
6
CONTINUOUS
10
5.8810615354330711
20
-4.2774612204724409
11
5.8821255511811019
21
-4.2734902362204723
0
LINE
8
BLACK
6
CONTINUOUS
10
5.8821255511811019
20
-4.2734902362204723
11
5.8841811023622048
21
-4.2699299212598421
0
LINE
8
BLACK
6
CONTINUOUS
10
5.8841811023622048
20
-4.2699299212598421
11
5.887088031496063
21
-4.2670229921259839
0
LINE
8
BLACK
6
CONTINUOUS
10
5.887088031496063
20
-4.2670229921259839
11
5.8906483464566932
21
-4.2649674409448819
0
LINE
8
BLACK
6
CONTINUOUS
10
5.8906483464566932
20
-4.2649674409448819
11
5.894619330708661
21
-4.2639034251968502
0
LINE
8
BLACK
6
CONTINUOUS
10
5.894619330708661
20
-4.2639034251968502
11
5.8987303543307084
21
-4.2639034251968502
0
LINE
8
BLACK
6
CONTINUOUS
10
5.8987303543307084
20
-4.2639034251968502
11
5.902701338582677
21
-4.2649674409448819
0
LINE
8
BLACK
6
CONTINUOUS
10
5.902701338582677
20
-4.2649674409448819
11
5.9062616535433072
21
-4.2670229921259839
0
LINE
8
BLACK
6
CONTINUOUS
10
5.9062616535433072
20
-4.2670229921259839
11
5.9091685826771654
21
-4.2699299212598421
0
LINE
8
BLACK
6
CONTINUOUS
10
5.9091685826771654
20
-4.2699299212598421
11
5.9101574803149601
21
-4.2716427165354327
0
LINE
8
BLACK
6
CONTINUOUS
10
5.9101574803149601
20
-4.2716427165354327
11
6.01041342519685
21
-4.2716427165354327
0
LINE
8
BLACK
6
CONTINUOUS
10
6.01041342519685
20
-4.2716427165354327
11
6.2538008267716538
21
-4.028255275590551
0
LINE
8
BLACK
6
CONTINUOUS
10
6.2538008267716538
20
-4.028255275590551
11
6.2538008267716538
21
-3.8447783070866142
0
LINE
8
BLACK
6
CONTINUOUS
10
6.2538008267716538
20
-3.8447783070866142
11
6.1601070866141727
21
-3.7510845669291339
0
LINE
8
BLACK
6
CONTINUOUS
10
6.1601070866141727
20
-3.7510845669291339
11
6.1591278346456688
21
-3.7498913779527556
0
LINE
8
BLACK
6
CONTINUOUS
10
6.1591278346456688
20
-3.7498913779527556
11
6.1579521259842522
21
-3.7470529527559053
0
LINE
8
BLACK
6
CONTINUOUS
10
6.1579521259842522
20
-3.7470529527559053
11
6.1578008267716537
21
-3.7455168110236219
0
LINE
8
BLACK
6
CONTINUOUS
10
6.1578008267716537
20
-3.7455168110236219
11
6.1578008267716537
21
-3.5427783070866141
0
LINE
8
BLACK
6
CONTINUOUS
10
6.1578008267716537
20
-3.5427783070866141
11
6.0772508267716532
21
-3.462228307086614
0
LINE
8
BLACK
6
CONTINUOUS
10
6.0772508267716532
20
-3.462228307086614
11
6.0426361417322836
21
-3.462228307086614
0
LINE
8
BLACK
6
CONTINUOUS
10
6.0426361417322836
20
-3.462228307086614
11
6.042285905511811
21
-3.4635354330708661
0
LINE
8
BLACK
6
CONTINUOUS
10
6.042285905511811
20
-3.4635354330708661
11
6.0402303543307081
21
-3.4670957480314959
0
LINE
8
BLACK
6
CONTINUOUS
10
6.0402303543307081
20
-3.4670957480314959
11
6.0373234251968499
21
-3.470002677165354
0
LINE
8
BLACK
6
CONTINUOUS
10
6.0373234251968499
20
-3.470002677165354
11
6.0337631102362206
21
-3.4720582283464565
0
LINE
8
BLACK
6
CONTINUOUS
10
6.0337631102362206
20
-3.4720582283464565
11
6.029792125984252
21
-3.4731222440944882
0
LINE
8
BLACK
6
CONTINUOUS
10
6.029792125984252
20
-3.4731222440944882
11
6.0256811023622046
21
-3.4731222440944882
0
LINE
8
BLACK
6
CONTINUOUS
10
6.0256811023622046
20
-3.4731222440944882
11
6.0217101181102359
21
-3.4720582283464565
0
LINE
8
BLACK
6
CONTINUOUS
10
6.0217101181102359
20
-3.4720582283464565
11
6.0181498031496066
21
-3.470002677165354
0
LINE
8
BLACK
6
CONTINUOUS
10
6.0181498031496066
20
-3.470002677165354
11
6.0152428740157475
21
-3.4670957480314959
0
LINE
8
BLACK
6
CONTINUOUS
10
6.0152428740157475
20
-3.4670957480314959
11
6.0131873228346455
21
-3.4635354330708661
0
LINE
8
BLACK
6
CONTINUOUS
10
6.0131873228346455
20
-3.4635354330708661
11
6.0121233070866138
21
-3.4595644488188975
0
LINE
8
BLACK
6
CONTINUOUS
10
6.0121233070866138
20
-3.4595644488188975
11
6.0121233070866138
21
-3.4554534251968505
0
LINE
8
BLACK
6
CONTINUOUS
10
6.0121233070866138
20
-3.4554534251968505
11
6.0131873228346455
21
-3.4514824409448819
0
LINE
8
BLACK
6
CONTINUOUS
10
6.0131873228346455
20
-3.4514824409448819
11
6.0152428740157475
21
-3.4479221259842521
0
LINE
8
BLACK
6
CONTINUOUS
10
6.0152428740157475
20
-3.4479221259842521
11
6.0181498031496066
21
-3.4450151968503935
0
LINE
8
BLACK
6
CONTINUOUS
10
6.0181498031496066
20
-3.4450151968503935
11
6.0217101181102359
21
-3.4429596456692915
0
LINE
8
BLACK
6
CONTINUOUS
10
6.0217101181102359
20
-3.4429596456692915
11
6.0256811023622046
21
-3.4418956299212597
0
LINE
8
BLACK
6
CONTINUOUS
10
6.0256811023622046
20
-3.4418956299212597
11
6.029792125984252
21
-3.4418956299212597
0
LINE
8
BLACK
6
CONTINUOUS
10
6.029792125984252
20
-3.4418956299212597
11
6.0337631102362206
21
-3.4429596456692915
0
LINE
8
BLACK
6
CONTINUOUS
10
6.744547007874016
20
-4.2025811023622044
11
6.7481073228346453
21
-4.2046366535433073
0
LINE
8
BLACK
6
CONTINUOUS
10
6.7481073228346453
20
-4.2046366535433073
11
6.7510142519685035
21
-4.2075435826771654
0
LINE
8
BLACK
6
CONTINUOUS
10
6.7510142519685035
20
-4.2075435826771654
11
6.7530698031496064
21
-4.2111038976377948
0
LINE
8
BLACK
6
CONTINUOUS
10
6.7530698031496064
20
-4.2111038976377948
11
6.7541338188976372
21
-4.2150748818897634
0
LINE
8
BLACK
6
CONTINUOUS
10
6.7541338188976372
20
-4.2150748818897634
11
6.7541338188976372
21
-4.2191859055118108
0
LINE
8
BLACK
6
CONTINUOUS
10
6.7541338188976372
20
-4.2191859055118108
11
6.7530698031496064
21
-4.2231568897637795
0
LINE
8
BLACK
6
CONTINUOUS
10
6.7530698031496064
20
-4.2231568897637795
11
6.7510142519685035
21
-4.2267172047244097
0
LINE
8
BLACK
6
CONTINUOUS
10
6.7510142519685035
20
-4.2267172047244097
11
6.7481073228346453
21
-4.2296241338582679
0
LINE
8
BLACK
6
CONTINUOUS
10
6.7481073228346453
20
-4.2296241338582679
11
6.744547007874016
21
-4.2316796850393699
0
LINE
8
BLACK
6
CONTINUOUS
10
6.744547007874016
20
-4.2316796850393699
11
6.7405760236220473
21
-4.2327437007874016
0
LINE
8
BLACK
6
CONTINUOUS
10
6.7405760236220473
20
-4.2327437007874016
11
6.7364649999999999
21
-4.2327437007874016
0
LINE
8
BLACK
6
CONTINUOUS
10
6.7364649999999999
20
-4.2327437007874016
11
6.7324940157480313
21
-4.2316796850393699
0
LINE
8
BLACK
6
CONTINUOUS
10
6.7324940157480313
20
-4.2316796850393699
11
6.7289337007874011
21
-4.2296241338582679
0
LINE
8
BLACK
6
CONTINUOUS
10
6.7289337007874011
20
-4.2296241338582679
11
6.7260267716535429
21
-4.2267172047244097
0
LINE
8
BLACK
6
CONTINUOUS
10
6.7260267716535429
20
-4.2267172047244097
11
6.7239712204724409
21
-4.2231568897637795
0
LINE
8
BLACK
6
CONTINUOUS
10
6.7239712204724409
20
-4.2231568897637795
11
6.7229072047244092
21
-4.2191859055118108
0
LINE
8
BLACK
6
CONTINUOUS
10
6.7229072047244092
20
-4.2191859055118108
11
6.7229072047244092
21
-4.2150748818897634
0
LINE
8
BLACK
6
CONTINUOUS
10
6.7229072047244092
20
-4.2150748818897634
11
6.7239712204724409
21
-4.2111038976377948
0
LINE
8
BLACK
6
CONTINUOUS
10
6.7239712204724409
20
-4.2111038976377948
11
6.7260267716535429
21
-4.2075435826771654
0
LINE
8
BLACK
6
CONTINUOUS
10
6.7260267716535429
20
-4.2075435826771654
11
6.7289337007874011
21
-4.2046366535433073
0
LINE
8
BLACK
6
CONTINUOUS
10
6.7289337007874011
20
-4.2046366535433073
11
6.7324940157480313
21
-4.2025811023622044
0
LINE
8
BLACK
6
CONTINUOUS
10
6.7324940157480313
20
-4.2025811023622044
11
6.7364649999999999
21
-4.2015170866141736
0
LINE
8
BLACK
6
CONTINUOUS
10
6.7364649999999999
20
-4.2015170866141736
11
6.7405760236220473
21
-4.2015170866141736
0
LINE
8
BLACK
6
CONTINUOUS
10
6.7405760236220473
20
-4.2015170866141736
11
6.744547007874016
21
-4.2025811023622044
0
LINE
8
BLACK
6
CONTINUOUS
10
6.9647013385826773
20
-4.1489675196850389
11
6.9682616535433066
21
-4.1510230708661418
0
LINE
8
BLACK
6
CONTINUOUS
10
6.9682616535433066
20
-4.1510230708661418
11
6.9711685826771648
21
-4.1539299999999999
0
LINE
8
BLACK
6
CONTINUOUS
10
6.9711685826771648
20
-4.1539299999999999
11
6.9732241338582677
21
-4.1574903149606302
0
LINE
8
BLACK
6
CONTINUOUS
10
6.9732241338582677
20
-4.1574903149606302
11
6.9742881496062994
21
-4.1614612992125988
0
LINE
8
BLACK
6
CONTINUOUS
10
6.9742881496062994
20
-4.1614612992125988
11
6.9742881496062994
21
-4.1655723228346453
0
LINE
8
BLACK
6
CONTINUOUS
10
6.9742881496062994
20
-4.1655723228346453
11
6.9732241338582677
21
-4.1695433070866139
0
LINE
8
BLACK
6
CONTINUOUS
10
6.9732241338582677
20
-4.1695433070866139
11
6.9711685826771648
21
-4.1731036220472442
0
LINE
8
BLACK
6
CONTINUOUS
10
6.9711685826771648
20
-4.1731036220472442
11
6.9682616535433066
21
-4.1760105511811023
0
LINE
8
BLACK
6
CONTINUOUS
10
6.9682616535433066
20
-4.1760105511811023
11
6.9647013385826773
21
-4.1780661023622043
0
LINE
8
BLACK
6
CONTINUOUS
10
6.9647013385826773
20
-4.1780661023622043
11
6.9607303543307086
21
-4.179130118110236
0
LINE
8
BLACK
6
CONTINUOUS
10
6.9607303543307086
20
-4.179130118110236
11
6.9566193307086612
21
-4.179130118110236
0
LINE
8
BLACK
6
CONTINUOUS
10
6.9566193307086612
20
-4.179130118110236
11
6.9547089370078741
21
-4.1786182283464566
0
LINE
8
BLACK
6
CONTINUOUS
10
6.9547089370078741
20
-4.1786182283464566
11
6.9352425984251971
21
-4.1980845669291336
0
LINE
8
BLACK
6
CONTINUOUS
10
6.9352425984251971
20
-4.1980845669291336
11
6.9340494094488188
21
-4.1990638188976375
0
LINE
8
BLACK
6
CONTINUOUS
10
6.9340494094488188
20
-4.1990638188976375
11
6.931210984251968
21
-4.2002395275590549
0
LINE
8
BLACK
6
CONTINUOUS
10
6.931210984251968
20
-4.2002395275590549
11
6.9296748425196846
21
-4.2003908267716534
0
LINE
8
BLACK
6
CONTINUOUS
10
6.9296748425196846
20
-4.2003908267716534
11
6.7812344094488184
21
-4.2003908267716534
0
LINE
8
BLACK
6
CONTINUOUS
10
6.7812344094488184
20
-4.2003908267716534
11
6.7808592519685034
21
-4.2010406299212599
0
LINE
8
BLACK
6
CONTINUOUS
10
6.7808592519685034
20
-4.2010406299212599
11
6.7779523228346452
21
-4.2039475590551181
0
LINE
8
BLACK
6
CONTINUOUS
10
6.7779523228346452
20
-4.2039475590551181
11
6.7743920078740159
21
-4.2060031102362201
0
LINE
8
BLACK
6
CONTINUOUS
10
6.7743920078740159
20
-4.2060031102362201
11
6.7704210236220472
21
-4.2070671259842518
0
LINE
8
BLACK
6
CONTINUOUS
10
6.7704210236220472
20
-4.2070671259842518
11
6.7663099999999998
21
-4.2070671259842518
0
LINE
8
BLACK
6
CONTINUOUS
10
6.7663099999999998
20
-4.2070671259842518
11
6.7623390157480312
21
-4.2060031102362201
0
LINE
8
BLACK
6
CONTINUOUS
10
6.7623390157480312
20
-4.2060031102362201
11
6.7587787007874018
21
-4.2039475590551181
0
LINE
8
BLACK
6
CONTINUOUS
10
6.7587787007874018
20
-4.2039475590551181
11
6.7558717716535428
21
-4.2010406299212599
0
LINE
8
BLACK
6
CONTINUOUS
10
6.7558717716535428
20
-4.2010406299212599
11
6.7538162204724408
21
-4.1974803149606297
0
LINE
8
BLACK
6
CONTINUOUS
10
6.7538162204724408
20
-4.1974803149606297
11
6.7527522047244091
21
-4.1935093307086611
0
LINE
8
BLACK
6
CONTINUOUS
10
6.7527522047244091
20
-4.1935093307086611
11
6.7527522047244091
21
-4.1893983070866136
0
LINE
8
BLACK
6
CONTINUOUS
10
6.7527522047244091
20
-4.1893983070866136
11
6.7538162204724408
21
-4.1854273228346459
0
LINE
8
BLACK
6
CONTINUOUS
10
6.7538162204724408
20
-4.1854273228346459
11
6.7558717716535428
21
-4.1818670078740157
0
LINE
8
BLACK
6
CONTINUOUS
10
6.7558717716535428
20
-4.1818670078740157
11
6.7587787007874018
21
-4.1789600787401575
0
LINE
8
BLACK
6
CONTINUOUS
10
6.7587787007874018
20
-4.1789600787401575
11
6.7623390157480312
21
-4.1769045275590546
0
LINE
8
BLACK
6
CONTINUOUS
10
6.7623390157480312
20
-4.1769045275590546
11
6.7663099999999998
21
-4.1758405118110238
0
LINE
8
BLACK
6
CONTINUOUS
10
6.7663099999999998
20
-4.1758405118110238
11
6.7704210236220472
21
-4.1758405118110238
0
LINE
8
BLACK
6
CONTINUOUS
10
6.7704210236220472
20
-4.1758405118110238
11
6.7743920078740159
21
-4.1769045275590546
0
LINE
8
BLACK
6
CONTINUOUS
10
6.7743920078740159
20
-4.1769045275590546
11
6.7779523228346452
21
-4.1789600787401575
0
LINE
8
BLACK
6
CONTINUOUS
10
6.7779523228346452
20
-4.1789600787401575
11
6.7808592519685034
21
-4.1818670078740157
0
LINE
8
BLACK
6
CONTINUOUS
10
6.7808592519685034
20
-4.1818670078740157
11
6.7824618503937009
21
-4.1846427952755905
0
LINE
8
BLACK
6
CONTINUOUS
10
6.7824618503937009
20
-4.1846427952755905
11
6.9264133464566928
21
-4.1846427952755905
0
LINE
8
BLACK
6
CONTINUOUS
10
6.9264133464566928
20
-4.1846427952755905
11
6.9435733858267712
21
-4.1674826771653546
0
LINE
8
BLACK
6
CONTINUOUS
10
6.9435733858267712
20
-4.1674826771653546
11
6.9430615354330705
21
-4.1655723228346453
0
LINE
8
BLACK
6
CONTINUOUS
10
6.9430615354330705
20
-4.1655723228346453
11
6.9430615354330705
21
-4.1614612992125988
0
LINE
8
BLACK
6
CONTINUOUS
10
6.9430615354330705
20
-4.1614612992125988
11
6.9441255511811022
21
-4.1574903149606302
0
LINE
8
BLACK
6
CONTINUOUS
10
6.9441255511811022
20
-4.1574903149606302
11
6.9461811023622042
21
-4.1539299999999999
0
LINE
8
BLACK
6
CONTINUOUS
10
6.9461811023622042
20
-4.1539299999999999
11
6.9490880314960632
21
-4.1510230708661418
0
LINE
8
BLACK
6
CONTINUOUS
10
6.9490880314960632
20
-4.1510230708661418
11
6.9526483464566926
21
-4.1489675196850389
0
LINE
8
BLACK
6
CONTINUOUS
10
6.9526483464566926
20
-4.1489675196850389
11
6.9566193307086612
21
-4.147903503937008
0
LINE
8
BLACK
6
CONTINUOUS
10
6.9566193307086612
20
-4.147903503937008
11
6.9607303543307086
21
-4.147903503937008
0
LINE
8
BLACK
6
CONTINUOUS
10
6.9607303543307086
20
-4.147903503937008
11
6.9647013385826773
21
-4.1489675196850389
0
LINE
8
BLACK
6
CONTINUOUS
10
6.31670094488189
20
-3.3729675196850395
11
6.3202612598425194
21
-3.3750230708661415
0
LINE
8
BLACK
6
CONTINUOUS
10
6.3202612598425194
20
-3.3750230708661415
11
6.3231681889763776
21
-3.3779300000000001
0
LINE
8
BLACK
6
CONTINUOUS
10
6.3231681889763776
20
-3.3779300000000001
11
6.3252237401574805
21
-3.3814903149606299
0
LINE
8
BLACK
6
CONTINUOUS
10
6.3252237401574805
20
-3.3814903149606299
11
6.3262877559055113
21
-3.3854612992125985
0
LINE
8
BLACK
6
CONTINUOUS
10
6.3262877559055113
20
-3.3854612992125985
11
6.3262877559055113
21
-3.3895723228346455
0
LINE
8
BLACK
6
CONTINUOUS
10
6.3262877559055113
20
-3.3895723228346455
11
6.3252237401574805
21
-3.3935433070866141
0
LINE
8
BLACK
6
CONTINUOUS
10
6.3252237401574805
20
-3.3935433070866141
11
6.3231681889763776
21
-3.3971036220472439
0
LINE
8
BLACK
6
CONTINUOUS
10
6.3231681889763776
20
-3.3971036220472439
11
6.3202612598425194
21
-3.4000105511811021
0
LINE
8
BLACK
6
CONTINUOUS
10
6.3202612598425194
20
-3.4000105511811021
11
6.3185484645669288
21
-3.400999409448819
0
LINE
8
BLACK
6
CONTINUOUS
10
6.3185484645669288
20
-3.400999409448819
11
6.3185484645669288
21
-3.4467968897637795
0
LINE
8
BLACK
6
CONTINUOUS
10
6.3185484645669288
20
-3.4467968897637795
11
6.3853943700787399
21
-3.5136427952755906
0
LINE
8
BLACK
6
CONTINUOUS
10
6.3853943700787399
20
-3.5136427952755906
11
6.6466747637795276
21
-3.5136427952755906
0
LINE
8
BLACK
6
CONTINUOUS
10
6.6466747637795276
20
-3.5136427952755906
11
6.648210905511811
21
-3.5137940944881887
0
LINE
8
BLACK
6
CONTINUOUS
10
6.648210905511811
20
-3.5137940944881887
11
6.6510493307086609
21
-3.5149698031496062
0
LINE
8
BLACK
6
CONTINUOUS
10
6.6510493307086609
20
-3.5149698031496062
11
6.6522425196850392
21
-3.5159490551181101
0
LINE
8
BLACK
6
CONTINUOUS
10
6.6522425196850392
20
-3.5159490551181101
11
7.0119720866141728
21
-3.8756786220472441
0
LINE
8
BLACK
6
CONTINUOUS
10
7.0119720866141728
20
-3.8756786220472441
11
7.0138825196850396
21
-3.8751667716535434
0
LINE
8
BLACK
6
CONTINUOUS
10
7.0138825196850396
20
-3.8751667716535434
11
7.0179935433070861
21
-3.8751667716535434
0
LINE
8
BLACK
6
CONTINUOUS
10
7.0179935433070861
20
-3.8751667716535434
11
7.0219645275590548
21
-3.8762307874015747
0
LINE
8
BLACK
6
CONTINUOUS
10
7.0219645275590548
20
-3.8762307874015747
11
7.025524842519685
21
-3.8782863385826771
0
LINE
8
BLACK
6
CONTINUOUS
10
7.025524842519685
20
-3.8782863385826771
11
7.0284317716535432
21
-3.8811932677165353
0
LINE
8
BLACK
6
CONTINUOUS
10
7.0284317716535432
20
-3.8811932677165353
11
7.0304873228346452
21
-3.8847535826771651
0
LINE
8
BLACK
6
CONTINUOUS
10
7.0304873228346452
20
-3.8847535826771651
11
7.0315513385826769
21
-3.8887245669291337
0
LINE
8
BLACK
6
CONTINUOUS
10
7.0315513385826769
20
-3.8887245669291337
11
7.0315513385826769
21
-3.8928355905511811
0
LINE
8
BLACK
6
CONTINUOUS
10
7.0315513385826769
20
-3.8928355905511811
11
7.0304873228346452
21
-3.8968065748031497
0
LINE
8
BLACK
6
CONTINUOUS
10
7.0304873228346452
20
-3.8968065748031497
11
7.0284317716535432
21
-3.9003668897637795
0
LINE
8
BLACK
6
CONTINUOUS
10
7.0284317716535432
20
-3.9003668897637795
11
7.025524842519685
21
-3.9032738188976377
0
LINE
8
BLACK
6
CONTINUOUS
10
7.025524842519685
20
-3.9032738188976377
11
7.0219645275590548
21
-3.9053293700787401
0
LINE
8
BLACK
6
CONTINUOUS
10
7.0219645275590548
20
-3.9053293700787401
11
7.0179935433070861
21
-3.9063933858267714
0
LINE
8
BLACK
6
CONTINUOUS
10
7.0179935433070861
20
-3.9063933858267714
11
7.0138825196850396
21
-3.9063933858267714
0
LINE
8
BLACK
6
CONTINUOUS
10
7.0138825196850396
20
-3.9063933858267714
11
7.009911535433071
21
-3.9053293700787401
0
LINE
8
BLACK
6
CONTINUOUS
10
7.009911535433071
20
-3.9053293700787401
11
7.0063512204724407
21
-3.9032738188976377
0
LINE
8
BLACK
6
CONTINUOUS
10
7.0063512204724407
20
-3.9032738188976377
11
7.0052022834645671
21
-3.9021248818897636
0
LINE
8
BLACK
6
CONTINUOUS
10
7.0052022834645671
20
-3.9021248818897636
11
6.9115488582677163
21
-3.995778307086614
0
LINE
8
BLACK
6
CONTINUOUS
10
6.9115488582677163
20
-3.995778307086614
11
6.9115488582677163
21
-4.139034173228346
0
LINE
8
BLACK
6
CONTINUOUS
10
6.9115488582677163
20
-4.139034173228346
11
6.9132616535433069
21
-4.1400230708661416
0
LINE
8
BLACK
6
CONTINUOUS
10
6.9132616535433069
20
-4.1400230708661416
11
6.9161685826771651
21
-4.1429299999999998
0
LINE
8
BLACK
6
CONTINUOUS
10
6.9161685826771651
20
-4.1429299999999998
11
6.918224133858268
21
-4.14649031496063
0
LINE
8
BLACK
6
CONTINUOUS
10
6.918224133858268
20
-4.14649031496063
11
6.9192881496062988
21
-4.1504612992125987
0
LINE
8
BLACK
6
CONTINUOUS
10
6.9192881496062988
20
-4.1504612992125987
11
6.9192881496062988
21
-4.1545723228346452
0
LINE
8
BLACK
6
CONTINUOUS
10
6.9192881496062988
20
-4.1545723228346452
11
6.918224133858268
21
-4.1585433070866138
0
LINE
8
BLACK
6
CONTINUOUS
10
6.918224133858268
20
-4.1585433070866138
11
6.9161685826771651
21
-4.162103622047244
0
LINE
8
BLACK
6
CONTINUOUS
10
6.9161685826771651
20
-4.162103622047244
11
6.9132616535433069
21
-4.1650105511811022
0
LINE
8
BLACK
6
CONTINUOUS
10
6.9132616535433069
20
-4.1650105511811022
11
6.9097013385826767
21
-4.1670661023622042
0
LINE
8
BLACK
6
CONTINUOUS
10
6.9097013385826767
20
-4.1670661023622042
11
6.9057303543307089
21
-4.1681301181102359
0
LINE
8
BLACK
6
CONTINUOUS
10
6.9057303543307089
20
-4.1681301181102359
11
6.9016193307086615
21
-4.1681301181102359
0
LINE
8
BLACK
6
CONTINUOUS
10
6.9016193307086615
20
-4.1681301181102359
11
6.8976483464566929
21
-4.1670661023622042
0
LINE
8
BLACK
6
CONTINUOUS
10
6.8976483464566929
20
-4.1670661023622042
11
6.8940880314960626
21
-4.1650105511811022
0
LINE
8
BLACK
6
CONTINUOUS
10
6.8940880314960626
20
-4.1650105511811022
11
6.8911811023622045
21
-4.162103622047244
0
LINE
8
BLACK
6
CONTINUOUS
10
6.8911811023622045
20
-4.162103622047244
11
6.8891255511811025
21
-4.1585433070866138
0
LINE
8
BLACK
6
CONTINUOUS
10
6.8891255511811025
20
-4.1585433070866138
11
6.8880615354330708
21
-4.1545723228346452
0
LINE
8
BLACK
6
CONTINUOUS
10
6.8880615354330708
20
-4.1545723228346452
11
6.8880615354330708
21
-4.1504612992125987
0
LINE
8
BLACK
6
CONTINUOUS
10
6.8880615354330708
20
-4.1504612992125987
11
6.8891255511811025
21
-4.14649031496063
0
LINE
8
BLACK
6
CONTINUOUS
10
6.8891255511811025
20
-4.14649031496063
11
6.8911811023622045
21
-4.1429299999999998
0
LINE
8
BLACK
6
CONTINUOUS
10
6.8911811023622045
20
-4.1429299999999998
11
6.8940880314960626
21
-4.1400230708661416
0
LINE
8
BLACK
6
CONTINUOUS
10
6.8940880314960626
20
-4.1400230708661416
11
6.8958008267716533
21
-4.139034173228346
0
LINE
8
BLACK
6
CONTINUOUS
10
6.8958008267716533
20
-4.139034173228346
11
6.8958008267716533
21
-3.9925168110236218
0
LINE
8
BLACK
6
CONTINUOUS
10
6.8958008267716533
20
-3.9925168110236218
11
6.8959521259842518
21
-3.9909806692913383
0
LINE
8
BLACK
6
CONTINUOUS
10
6.8959521259842518
20
-3.9909806692913383
11
6.8971278346456693
21
-3.988142244094488
0
LINE
8
BLACK
6
CONTINUOUS
10
6.8971278346456693
20
-3.988142244094488
11
6.8981070866141732
21
-3.9869490551181102
0
LINE
8
BLACK
6
CONTINUOUS
10
6.8981070866141732
20
-3.9869490551181102
11
6.9995392519685034
21
-3.885516811023622
0
LINE
8
BLACK
6
CONTINUOUS
10
6.9995392519685034
20
-3.885516811023622
11
6.643413267716535
21
-3.5293908267716536
0
LINE
8
BLACK
6
CONTINUOUS
10
6.643413267716535
20
-3.5293908267716536
11
6.3821328346456694
21
-3.5293908267716536
0
LINE
8
BLACK
6
CONTINUOUS
10
6.3821328346456694
20
-3.5293908267716536
11
6.3805966929133859
21
-3.5292395275590551
0
LINE
8
BLACK
6
CONTINUOUS
10
6.3805966929133859
20
-3.5292395275590551
11
6.3777582677165352
21
-3.5280638188976376
0
LINE
8
BLACK
6
CONTINUOUS
10
6.3777582677165352
20
-3.5280638188976376
11
6.376565039370079
21
-3.5270845669291337
0
LINE
8
BLACK
6
CONTINUOUS
10
6.376565039370079
20
-3.5270845669291337
11
6.3051066929133857
21
-3.4556261811023621
0
LINE
8
BLACK
6
CONTINUOUS
10
6.3051066929133857
20
-3.4556261811023621
11
6.3041274409448818
21
-3.4544329921259842
0
LINE
8
BLACK
6
CONTINUOUS
10
6.3041274409448818
20
-3.4544329921259842
11
6.3029517322834643
21
-3.4515945669291339
0
LINE
8
BLACK
6
CONTINUOUS
10
6.3029517322834643
20
-3.4515945669291339
11
6.3028004330708658
21
-3.4500584251968505
0
LINE
8
BLACK
6
CONTINUOUS
10
6.3028004330708658
20
-3.4500584251968505
11
6.3028004330708658
21
-3.400999409448819
0
LINE
8
BLACK
6
CONTINUOUS
10
6.3028004330708658
20
-3.400999409448819
11
6.3010876377952751
21
-3.4000105511811021
0
LINE
8
BLACK
6
CONTINUOUS
10
6.3010876377952751
20
-3.4000105511811021
11
6.298180708661417
21
-3.3971036220472439
0
LINE
8
BLACK
6
CONTINUOUS
10
6.298180708661417
20
-3.3971036220472439
11
6.296125157480315
21
-3.3935433070866141
0
LINE
8
BLACK
6
CONTINUOUS
10
6.296125157480315
20
-3.3935433070866141
11
6.2950611417322833
21
-3.3895723228346455
0
LINE
8
BLACK
6
CONTINUOUS
10
6.2950611417322833
20
-3.3895723228346455
11
6.2950611417322833
21
-3.3854612992125985
0
LINE
8
BLACK
6
CONTINUOUS
10
6.2950611417322833
20
-3.3854612992125985
11
6.296125157480315
21
-3.3814903149606299
0
LINE
8
BLACK
6
CONTINUOUS
10
6.296125157480315
20
-3.3814903149606299
11
6.298180708661417
21
-3.3779300000000001
0
LINE
8
BLACK
6
CONTINUOUS
10
6.298180708661417
20
-3.3779300000000001
11
6.3010876377952751
21
-3.3750230708661415
0
LINE
8
BLACK
6
CONTINUOUS
10
6.3010876377952751
20
-3.3750230708661415
11
6.3046479527559054
21
-3.3729675196850395
0
LINE
8
BLACK
6
CONTINUOUS
10
6.3046479527559054
20
-3.3729675196850395
11
6.308618937007874
21
-3.3719035039370078
0
LINE
8
BLACK
6
CONTINUOUS
10
6.308618937007874
20
-3.3719035039370078
11
6.3127299606299214
21
-3.3719035039370078
0
LINE
8
BLACK
6
CONTINUOUS
10
6.3127299606299214
20
-3.3719035039370078
11
6.31670094488189
21
-3.3729675196850395
0
LINE
8
BLACK
6
CONTINUOUS
10
6.8247013385826767
20
-4.1259675196850392
11
6.8282616535433069
21
-4.1280230708661421
0
LINE
8
BLACK
6
CONTINUOUS
10
6.8282616535433069
20
-4.1280230708661421
11
6.8311685826771651
21
-4.1309300000000002
0
LINE
8
BLACK
6
CONTINUOUS
10
6.8311685826771651
20
-4.1309300000000002
11
6.833224133858268
21
-4.1344903149606296
0
LINE
8
BLACK
6
CONTINUOUS
10
6.833224133858268
20
-4.1344903149606296
11
6.8342881496062988
21
-4.1384612992125982
0
LINE
8
BLACK
6
CONTINUOUS
10
6.8342881496062988
20
-4.1384612992125982
11
6.8342881496062988
21
-4.1425723228346456
0
LINE
8
BLACK
6
CONTINUOUS
10
6.8342881496062988
20
-4.1425723228346456
11
6.833224133858268
21
-4.1465433070866142
0
LINE
8
BLACK
6
CONTINUOUS
10
6.833224133858268
20
-4.1465433070866142
11
6.8311685826771651
21
-4.1501036220472436
0
LINE
8
BLACK
6
CONTINUOUS
10
6.8311685826771651
20
-4.1501036220472436
11
6.8282616535433069
21
-4.1530105511811026
0
LINE
8
BLACK
6
CONTINUOUS
10
6.8282616535433069
20
-4.1530105511811026
11
6.8247013385826767
21
-4.1550661023622046
0
LINE
8
BLACK
6
CONTINUOUS
10
6.8247013385826767
20
-4.1550661023622046
11
6.8207303543307081
21
-4.1561301181102364
0
LINE
8
BLACK
6
CONTINUOUS
10
6.8207303543307081
20
-4.1561301181102364
11
6.8166193307086616
21
-4.1561301181102364
0
LINE
8
BLACK
6
CONTINUOUS
10
6.8166193307086616
20
-4.1561301181102364
11
6.8126483464566929
21
-4.1550661023622046
0
LINE
8
BLACK
6
CONTINUOUS
10
6.8126483464566929
20
-4.1550661023622046
11
6.8090880314960627
21
-4.1530105511811026
0
LINE
8
BLACK
6
CONTINUOUS
10
6.8090880314960627
20
-4.1530105511811026
11
6.8061811023622045
21
-4.1501036220472436
0
LINE
8
BLACK
6
CONTINUOUS
10
6.8061811023622045
20
-4.1501036220472436
11
6.8041255511811025
21
-4.1465433070866142
0
LINE
8
BLACK
6
CONTINUOUS
10
6.8041255511811025
20
-4.1465433070866142
11
6.8030615354330708
21
-4.1425723228346456
0
LINE
8
BLACK
6
CONTINUOUS
10
6.8030615354330708
20
-4.1425723228346456
11
6.8030615354330708
21
-4.1384612992125982
0
LINE
8
BLACK
6
CONTINUOUS
10
6.8030615354330708
20
-4.1384612992125982
11
6.8041255511811025
21
-4.1344903149606296
0
LINE
8
BLACK
6
CONTINUOUS
10
6.8041255511811025
20
-4.1344903149606296
11
6.8061811023622045
21
-4.1309300000000002
0
LINE
8
BLACK
6
CONTINUOUS
10
6.8061811023622045
20
-4.1309300000000002
11
6.8090880314960627
21
-4.1280230708661421
0
LINE
8
BLACK
6
CONTINUOUS
10
6.8090880314960627
20
-4.1280230708661421
11
6.8126483464566929
21
-4.1259675196850392
0
LINE
8
BLACK
6
CONTINUOUS
10
6.8126483464566929
20
-4.1259675196850392
11
6.8166193307086616
21
-4.1249035039370074
0
LINE
8
BLACK
6
CONTINUOUS
10
6.8166193307086616
20
-4.1249035039370074
11
6.8207303543307081
21
-4.1249035039370074
0
LINE
8
BLACK
6
CONTINUOUS
10
6.8207303543307081
20
-4.1249035039370074
11
6.8247013385826767
21
-4.1259675196850392
0
LINE
8
BLACK
6
CONTINUOUS
10
5.0031197637795275
20
-3.8624624409448818
11
5.0066800787401577
21
-3.8645179921259842
0
LINE
8
BLACK
6
CONTINUOUS
10
5.0066800787401577
20
-3.8645179921259842
11
5.0095870078740159
21
-3.8674249212598424
0
LINE
8
BLACK
6
CONTINUOUS
10
5.0095870078740159
20
-3.8674249212598424
11
5.0116425590551179
21
-3.8709852362204722
0
LINE
8
BLACK
6
CONTINUOUS
10
5.0116425590551179
20
-3.8709852362204722
11
5.0127065748031496
21
-3.8749562204724408
0
LINE
8
BLACK
6
CONTINUOUS
10
5.0127065748031496
20
-3.8749562204724408
11
5.0127065748031496
21
-3.8790672440944882
0
LINE
8
BLACK
6
CONTINUOUS
10
5.0127065748031496
20
-3.8790672440944882
11
5.0121946850393702
21
-3.8809776377952754
0
LINE
8
BLACK
6
CONTINUOUS
10
5.0121946850393702
20
-3.8809776377952754
11
5.2578598818897637
21
-4.1266427952755906
0
LINE
8
BLACK
6
CONTINUOUS
10
5.2578598818897637
20
-4.1266427952755906
11
5.2603890551181101
21
-4.1266427952755906
0
LINE
8
BLACK
6
CONTINUOUS
10
5.2603890551181101
20
-4.1266427952755906
11
5.2613779527559057
21
-4.12493
0
LINE
8
BLACK
6
CONTINUOUS
10
5.2613779527559057
20
-4.12493
11
5.2642848818897638
21
-4.1220230708661418
0
LINE
8
BLACK
6
CONTINUOUS
10
5.2642848818897638
20
-4.1220230708661418
11
5.2678451968503932
21
-4.1199675196850389
0
LINE
8
BLACK
6
CONTINUOUS
10
5.2678451968503932
20
-4.1199675196850389
11
5.2718161811023618
21
-4.1189035039370081
0
LINE
8
BLACK
6
CONTINUOUS
10
5.2718161811023618
20
-4.1189035039370081
11
5.2759272047244092
21
-4.1189035039370081
0
LINE
8
BLACK
6
CONTINUOUS
10
5.2759272047244092
20
-4.1189035039370081
11
5.2798981889763779
21
-4.1199675196850389
0
LINE
8
BLACK
6
CONTINUOUS
10
5.2798981889763779
20
-4.1199675196850389
11
5.2834585039370081
21
-4.1220230708661418
0
LINE
8
BLACK
6
CONTINUOUS
10
5.2834585039370081
20
-4.1220230708661418
11
5.2863654330708663
21
-4.12493
0
LINE
8
BLACK
6
CONTINUOUS
10
5.2863654330708663
20
-4.12493
11
5.2884209842519683
21
-4.1284903149606302
0
LINE
8
BLACK
6
CONTINUOUS
10
5.2884209842519683
20
-4.1284903149606302
11
5.289485
21
-4.132461299212598
0
LINE
8
BLACK
6
CONTINUOUS
10
5.289485
20
-4.132461299212598
11
5.289485
21
-4.1365723228346454
0
LINE
8
BLACK
6
CONTINUOUS
10
5.289485
20
-4.1365723228346454
11
5.2884209842519683
21
-4.140543307086614
0
LINE
8
BLACK
6
CONTINUOUS
10
5.2884209842519683
20
-4.140543307086614
11
5.2863654330708663
21
-4.1441036220472443
0
LINE
8
BLACK
6
CONTINUOUS
10
5.2863654330708663
20
-4.1441036220472443
11
5.2834585039370081
21
-4.1470105511811024
0
LINE
8
BLACK
6
CONTINUOUS
10
5.2834585039370081
20
-4.1470105511811024
11
5.2798981889763779
21
-4.1490661023622044
0
LINE
8
BLACK
6
CONTINUOUS
10
5.2798981889763779
20
-4.1490661023622044
11
5.2759272047244092
21
-4.1501301181102361
0
LINE
8
BLACK
6
CONTINUOUS
10
5.2759272047244092
20
-4.1501301181102361
11
5.2718161811023618
21
-4.1501301181102361
0
LINE
8
BLACK
6
CONTINUOUS
10
5.2718161811023618
20
-4.1501301181102361
11
5.2678451968503932
21
-4.1490661023622044
0
LINE
8
BLACK
6
CONTINUOUS
10
5.2678451968503932
20
-4.1490661023622044
11
5.2642848818897638
21
-4.1470105511811024
0
LINE
8
BLACK
6
CONTINUOUS
10
5.2642848818897638
20
-4.1470105511811024
11
5.2613779527559057
21
-4.1441036220472443
0
LINE
8
BLACK
6
CONTINUOUS
10
5.2613779527559057
20
-4.1441036220472443
11
5.2603890551181101
21
-4.1423908267716536
0
LINE
8
BLACK
6
CONTINUOUS
10
5.2603890551181101
20
-4.1423908267716536
11
5.2545983464566932
21
-4.1423908267716536
0
LINE
8
BLACK
6
CONTINUOUS
10
5.2545983464566932
20
-4.1423908267716536
11
5.2530622047244098
21
-4.1422395275590551
0
LINE
8
BLACK
6
CONTINUOUS
10
5.2530622047244098
20
-4.1422395275590551
11
5.250223779527559
21
-4.1410638188976376
0
LINE
8
BLACK
6
CONTINUOUS
10
5.250223779527559
20
-4.1410638188976376
11
5.249030551181102
21
-4.1400845669291337
0
LINE
8
BLACK
6
CONTINUOUS
10
5.249030551181102
20
-4.1400845669291337
11
5.001059173228346
21
-3.8921131496062991
0
LINE
8
BLACK
6
CONTINUOUS
10
5.001059173228346
20
-3.8921131496062991
11
4.9991487795275589
21
-3.8926250393700785
0
LINE
8
BLACK
6
CONTINUOUS
10
4.9991487795275589
20
-3.8926250393700785
11
4.9950377559055115
21
-3.8926250393700785
0
LINE
8
BLACK
6
CONTINUOUS
10
4.9950377559055115
20
-3.8926250393700785
11
4.9910667716535428
21
-3.8915610236220473
0
LINE
8
BLACK
6
CONTINUOUS
10
4.9910667716535428
20
-3.8915610236220473
11
4.9875064566929135
21
-3.8895054724409448
0
LINE
8
BLACK
6
CONTINUOUS
10
4.9875064566929135
20
-3.8895054724409448
11
4.9845995275590553
21
-3.8865985433070867
0
LINE
8
BLACK
6
CONTINUOUS
10
4.9845995275590553
20
-3.8865985433070867
11
4.9825439763779524
21
-3.8830382283464564
0
LINE
8
BLACK
6
CONTINUOUS
10
4.9825439763779524
20
-3.8830382283464564
11
4.9814799606299207
21
-3.8790672440944882
0
LINE
8
BLACK
6
CONTINUOUS
10
4.9814799606299207
20
-3.8790672440944882
11
4.9814799606299207
21
-3.8749562204724408
0
LINE
8
BLACK
6
CONTINUOUS
10
4.9814799606299207
20
-3.8749562204724408
11
4.9825439763779524
21
-3.8709852362204722
0
LINE
8
BLACK
6
CONTINUOUS
10
4.9825439763779524
20
-3.8709852362204722
11
4.9845995275590553
21
-3.8674249212598424
0
LINE
8
BLACK
6
CONTINUOUS
10
4.9845995275590553
20
-3.8674249212598424
11
4.9875064566929135
21
-3.8645179921259842
0
LINE
8
BLACK
6
CONTINUOUS
10
4.9875064566929135
20
-3.8645179921259842
11
4.9910667716535428
21
-3.8624624409448818
0
LINE
8
BLACK
6
CONTINUOUS
10
4.9910667716535428
20
-3.8624624409448818
11
4.9950377559055115
21
-3.8613984251968505
0
LINE
8
BLACK
6
CONTINUOUS
10
4.9950377559055115
20
-3.8613984251968505
11
4.9991487795275589
21
-3.8613984251968505
0
LINE
8
BLACK
6
CONTINUOUS
10
4.9991487795275589
20
-3.8613984251968505
11
5.0031197637795275
21
-3.8624624409448818
0
LINE
8
BLACK
6
CONTINUOUS
10
5.8297013385826775
20
-3.9109675196850393
11
5.8332616535433068
21
-3.9130230708661418
0
LINE
8
BLACK
6
CONTINUOUS
10
5.8332616535433068
20
-3.9130230708661418
11
5.836168582677165
21
-3.9159299999999999
0
LINE
8
BLACK
6
CONTINUOUS
10
5.836168582677165
20
-3.9159299999999999
11
5.8382241338582679
21
-3.9194903149606297
0
LINE
8
BLACK
6
CONTINUOUS
10
5.8382241338582679
20
-3.9194903149606297
11
5.8392881496062987
21
-3.9234612992125983
0
LINE
8
BLACK
6
CONTINUOUS
10
5.8392881496062987
20
-3.9234612992125983
11
5.8392881496062987
21
-3.9275723228346457
0
LINE
8
BLACK
6
CONTINUOUS
10
5.8392881496062987
20
-3.9275723228346457
11
5.8382241338582679
21
-3.9315433070866139
0
LINE
8
BLACK
6
CONTINUOUS
10
5.8382241338582679
20
-3.9315433070866139
11
5.836168582677165
21
-3.9351036220472442
0
LINE
8
BLACK
6
CONTINUOUS
10
5.836168582677165
20
-3.9351036220472442
11
5.8332616535433068
21
-3.9380105511811023
0
LINE
8
BLACK
6
CONTINUOUS
10
5.8332616535433068
20
-3.9380105511811023
11
5.8297013385826775
21
-3.9400661023622048
0
LINE
8
BLACK
6
CONTINUOUS
10
5.8297013385826775
20
-3.9400661023622048
11
5.8257303543307088
21
-3.9411301181102361
0
LINE
8
BLACK
6
CONTINUOUS
10
5.8257303543307088
20
-3.9411301181102361
11
5.8216193307086614
21
-3.9411301181102361
0
LINE
8
BLACK
6
CONTINUOUS
10
5.8216193307086614
20
-3.9411301181102361
11
5.8176483464566928
21
-3.9400661023622048
0
LINE
8
BLACK
6
CONTINUOUS
10
5.8176483464566928
20
-3.9400661023622048
11
5.8140880314960626
21
-3.9380105511811023
0
LINE
8
BLACK
6
CONTINUOUS
10
5.8140880314960626
20
-3.9380105511811023
11
5.8111811023622044
21
-3.9351036220472442
0
LINE
8
BLACK
6
CONTINUOUS
10
5.8111811023622044
20
-3.9351036220472442
11
5.8091255511811024
21
-3.9315433070866139
0
LINE
8
BLACK
6
CONTINUOUS
10
5.8091255511811024
20
-3.9315433070866139
11
5.8080615354330707
21
-3.9275723228346457
0
LINE
8
BLACK
6
CONTINUOUS
10
5.8080615354330707
20
-3.9275723228346457
11
5.8080615354330707
21
-3.9234612992125983
0
LINE
8
BLACK
6
CONTINUOUS
10
5.8080615354330707
20
-3.9234612992125983
11
5.8091255511811024
21
-3.9194903149606297
0
LINE
8
BLACK
6
CONTINUOUS
10
5.8091255511811024
20
-3.9194903149606297
11
5.8111811023622044
21
-3.9159299999999999
0
LINE
8
BLACK
6
CONTINUOUS
10
5.8111811023622044
20
-3.9159299999999999
11
5.8140880314960626
21
-3.9130230708661418
0
LINE
8
BLACK
6
CONTINUOUS
10
5.8140880314960626
20
-3.9130230708661418
11
5.8176483464566928
21
-3.9109675196850393
0
LINE
8
BLACK
6
CONTINUOUS
10
5.8176483464566928
20
-3.9109675196850393
11
5.8216193307086614
21
-3.9099035039370076
0
LINE
8
BLACK
6
CONTINUOUS
10
5.8216193307086614
20
-3.9099035039370076
11
5.8257303543307088
21
-3.9099035039370076
0
LINE
8
BLACK
6
CONTINUOUS
10
5.8257303543307088
20
-3.9099035039370076
11
5.8297013385826775
21
-3.9109675196850393
0
LINE
8
BLACK
6
CONTINUOUS
10
5.0247013385826769
20
-3.6639675196850394
11
5.0282616535433071
21
-3.6660230708661414
0
LINE
8
BLACK
6
CONTINUOUS
10
5.0282616535433071
20
-3.6660230708661414
11
5.0311685826771653
21
-3.66893
0
LINE
8
BLACK
6
CONTINUOUS
10
5.0311685826771653
20
-3.66893
11
5.0321574803149609
21
-3.6706427952755907
0
LINE
8
BLACK
6
CONTINUOUS
10
5.0321574803149609
20
-3.6706427952755907
11
5.3280527952755907
21
-3.6706427952755907
0
LINE
8
BLACK
6
CONTINUOUS
10
5.3280527952755907
20
-3.6706427952755907
11
5.3295889370078742
21
-3.6707940944881887
0
LINE
8
BLACK
6
CONTINUOUS
10
5.3295889370078742
20
-3.6707940944881887
11
5.332427362204724
21
-3.6719698031496062
0
LINE
8
BLACK
6
CONTINUOUS
10
5.332427362204724
20
-3.6719698031496062
11
5.3336205511811023
21
-3.6729490551181101
0
LINE
8
BLACK
6
CONTINUOUS
10
5.3336205511811023
20
-3.6729490551181101
11
5.5313142913385827
21
-3.8706427952755904
0
LINE
8
BLACK
6
CONTINUOUS
10
5.5313142913385827
20
-3.8706427952755904
11
5.8121922047244095
21
-3.8706427952755904
0
LINE
8
BLACK
6
CONTINUOUS
10
5.8121922047244095
20
-3.8706427952755904
11
5.8131811023622042
21
-3.8689299999999998
0
LINE
8
BLACK
6
CONTINUOUS
10
5.8131811023622042
20
-3.8689299999999998
11
5.8160880314960632
21
-3.8660230708661416
0
LINE
8
BLACK
6
CONTINUOUS
10
5.8160880314960632
20
-3.8660230708661416
11
5.8196483464566926
21
-3.8639675196850392
0
LINE
8
BLACK
6
CONTINUOUS
10
5.8196483464566926
20
-3.8639675196850392
11
5.8236193307086612
21
-3.8629035039370079
0
LINE
8
BLACK
6
CONTINUOUS
10
5.8236193307086612
20
-3.8629035039370079
11
5.8277303543307086
21
-3.8629035039370079
0
LINE
8
BLACK
6
CONTINUOUS
10
5.8277303543307086
20
-3.8629035039370079
11
5.8317013385826773
21
-3.8639675196850392
0
LINE
8
BLACK
6
CONTINUOUS
10
5.8317013385826773
20
-3.8639675196850392
11
5.8352616535433066
21
-3.8660230708661416
0
LINE
8
BLACK
6
CONTINUOUS
10
5.8352616535433066
20
-3.8660230708661416
11
5.8381685826771657
21
-3.8689299999999998
0
LINE
8
BLACK
6
CONTINUOUS
10
5.8381685826771657
20
-3.8689299999999998
11
5.8402241338582677
21
-3.87249031496063
0
LINE
8
BLACK
6
CONTINUOUS
10
5.8402241338582677
20
-3.87249031496063
11
5.8412881496062994
21
-3.8764612992125982
0
LINE
8
BLACK
6
CONTINUOUS
10
5.8412881496062994
20
-3.8764612992125982
11
5.8412881496062994
21
-3.8805723228346456
0
LINE
8
BLACK
6
CONTINUOUS
10
5.8412881496062994
20
-3.8805723228346456
11
5.8402241338582677
21
-3.8845433070866142
0
LINE
8
BLACK
6
CONTINUOUS
10
5.8402241338582677
20
-3.8845433070866142
11
5.8381685826771657
21
-3.888103622047244
0
LINE
8
BLACK
6
CONTINUOUS
10
5.8381685826771657
20
-3.888103622047244
11
5.8352616535433066
21
-3.8910105511811022
0
LINE
8
BLACK
6
CONTINUOUS
10
5.8352616535433066
20
-3.8910105511811022
11
5.8317013385826773
21
-3.8930661023622046
0
LINE
8
BLACK
6
CONTINUOUS
10
5.8317013385826773
20
-3.8930661023622046
11
5.8277303543307086
21
-3.8941301181102363
0
LINE
8
BLACK
6
CONTINUOUS
10
5.8277303543307086
20
-3.8941301181102363
11
5.8236193307086612
21
-3.8941301181102363
0
LINE
8
BLACK
6
CONTINUOUS
10
5.8236193307086612
20
-3.8941301181102363
11
5.8196483464566926
21
-3.8930661023622046
0
LINE
8
BLACK
6
CONTINUOUS
10
5.8196483464566926
20
-3.8930661023622046
11
5.8160880314960632
21
-3.8910105511811022
0
LINE
8
BLACK
6
CONTINUOUS
10
5.8160880314960632
20
-3.8910105511811022
11
5.8131811023622042
21
-3.888103622047244
0
LINE
8
BLACK
6
CONTINUOUS
10
5.8131811023622042
20
-3.888103622047244
11
5.8121922047244095
21
-3.8863908267716534
0
LINE
8
BLACK
6
CONTINUOUS
10
5.8121922047244095
20
-3.8863908267716534
11
5.52805279527559
21
-3.8863908267716534
0
LINE
8
BLACK
6
CONTINUOUS
10
5.52805279527559
20
-3.8863908267716534
11
5.5265166535433066
21
-3.8862395275590549
0
LINE
8
BLACK
6
CONTINUOUS
10
5.5265166535433066
20
-3.8862395275590549
11
5.5236782283464567
21
-3.8850638188976379
0
LINE
8
BLACK
6
CONTINUOUS
10
5.5236782283464567
20
-3.8850638188976379
11
5.5224850393700784
21
-3.884084566929134
0
LINE
8
BLACK
6
CONTINUOUS
10
5.5224850393700784
20
-3.884084566929134
11
5.3247912992125981
21
-3.6863908267716536
0
LINE
8
BLACK
6
CONTINUOUS
10
5.3247912992125981
20
-3.6863908267716536
11
5.0321574803149609
21
-3.6863908267716536
0
LINE
8
BLACK
6
CONTINUOUS
10
5.0321574803149609
20
-3.6863908267716536
11
5.0311685826771653
21
-3.6881036220472438
0
LINE
8
BLACK
6
CONTINUOUS
10
5.0311685826771653
20
-3.6881036220472438
11
5.0282616535433071
21
-3.6910105511811024
0
LINE
8
BLACK
6
CONTINUOUS
10
5.0282616535433071
20
-3.6910105511811024
11
5.0247013385826769
21
-3.6930661023622045
0
LINE
8
BLACK
6
CONTINUOUS
10
5.0247013385826769
20
-3.6930661023622045
11
5.0207303543307082
21
-3.6941301181102362
0
LINE
8
BLACK
6
CONTINUOUS
10
5.0207303543307082
20
-3.6941301181102362
11
5.0166193307086617
21
-3.6941301181102362
0
LINE
8
BLACK
6
CONTINUOUS
10
5.0166193307086617
20
-3.6941301181102362
11
5.0126483464566931
21
-3.6930661023622045
0
LINE
8
BLACK
6
CONTINUOUS
10
5.0126483464566931
20
-3.6930661023622045
11
5.0090880314960629
21
-3.6910105511811024
0
LINE
8
BLACK
6
CONTINUOUS
10
5.0090880314960629
20
-3.6910105511811024
11
5.0061811023622047
21
-3.6881036220472438
0
LINE
8
BLACK
6
CONTINUOUS
10
5.0061811023622047
20
-3.6881036220472438
11
5.0041255511811018
21
-3.684543307086614
0
LINE
8
BLACK
6
CONTINUOUS
10
5.0041255511811018
20
-3.684543307086614
11
5.003061535433071
21
-3.6805723228346454
0
LINE
8
BLACK
6
CONTINUOUS
10
5.003061535433071
20
-3.6805723228346454
11
5.003061535433071
21
-3.6764612992125985
0
LINE
8
BLACK
6
CONTINUOUS
10
5.003061535433071
20
-3.6764612992125985
11
5.0041255511811018
21
-3.6724903149606298
0
LINE
8
BLACK
6
CONTINUOUS
10
5.0041255511811018
20
-3.6724903149606298
11
5.0061811023622047
21
-3.66893
0
LINE
8
BLACK
6
CONTINUOUS
10
5.0061811023622047
20
-3.66893
11
5.0090880314960629
21
-3.6660230708661414
0
LINE
8
BLACK
6
CONTINUOUS
10
5.0090880314960629
20
-3.6660230708661414
11
5.0126483464566931
21
-3.6639675196850394
0
LINE
8
BLACK
6
CONTINUOUS
10
5.0126483464566931
20
-3.6639675196850394
11
5.0166193307086617
21
-3.6629035039370077
0
LINE
8
BLACK
6
CONTINUOUS
10
5.0166193307086617
20
-3.6629035039370077
11
5.0207303543307082
21
-3.6629035039370077
0
LINE
8
BLACK
6
CONTINUOUS
10
5.0207303543307082
20
-3.6629035039370077
11
5.0247013385826769
21
-3.6639675196850394
0
LINE
8
BLACK
6
CONTINUOUS
10
6.3501974015748033
20
-3.4119674803149604
11
6.3537577165354326
21
-3.4140230314960629
0
LINE
8
BLACK
6
CONTINUOUS
10
6.3537577165354326
20
-3.4140230314960629
11
6.3566646456692908
21
-3.416929960629921
0
LINE
8
BLACK
6
CONTINUOUS
10
6.3566646456692908
20
-3.416929960629921
11
6.3587201968503937
21
-3.4204902755905513
0
LINE
8
BLACK
6
CONTINUOUS
10
6.3587201968503937
20
-3.4204902755905513
11
6.3597842125984254
21
-3.4244612598425195
0
LINE
8
BLACK
6
CONTINUOUS
10
6.3597842125984254
20
-3.4244612598425195
11
6.3597842125984254
21
-3.4285722834645669
0
LINE
8
BLACK
6
CONTINUOUS
10
6.3597842125984254
20
-3.4285722834645669
11
6.3592723228346459
21
-3.4304826377952753
0
LINE
8
BLACK
6
CONTINUOUS
10
6.3592723228346459
20
-3.4304826377952753
11
6.4076450787401571
21
-3.4788553937007873
0
LINE
8
BLACK
6
CONTINUOUS
10
6.4076450787401571
20
-3.4788553937007873
11
6.6958874409448814
21
-3.4788553937007873
0
LINE
8
BLACK
6
CONTINUOUS
10
6.6958874409448814
20
-3.4788553937007873
11
6.6974235826771649
21
-3.4790066929133858
0
LINE
8
BLACK
6
CONTINUOUS
10
6.6974235826771649
20
-3.4790066929133858
11
6.7002620078740156
21
-3.4801824015748029
0
LINE
8
BLACK
6
CONTINUOUS
10
6.7002620078740156
20
-3.4801824015748029
11
6.7014551968503939
21
-3.4811616535433072
0
LINE
8
BLACK
6
CONTINUOUS
10
6.7014551968503939
20
-3.4811616535433072
11
7.0107088976377954
21
-3.7904153543307086
0
LINE
8
BLACK
6
CONTINUOUS
10
7.0107088976377954
20
-3.7904153543307086
11
7.0126193307086613
21
-3.7899035039370079
0
LINE
8
BLACK
6
CONTINUOUS
10
7.0126193307086613
20
-3.7899035039370079
11
7.0167303543307087
21
-3.7899035039370079
0
LINE
8
BLACK
6
CONTINUOUS
10
7.0167303543307087
20
-3.7899035039370079
11
7.0207013385826773
21
-3.7909675196850392
0
LINE
8
BLACK
6
CONTINUOUS
10
7.0207013385826773
20
-3.7909675196850392
11
7.0242616535433067
21
-3.7930230708661417
0
LINE
8
BLACK
6
CONTINUOUS
10
7.0242616535433067
20
-3.7930230708661417
11
7.0271685826771648
21
-3.7959299999999998
0
LINE
8
BLACK
6
CONTINUOUS
10
7.0271685826771648
20
-3.7959299999999998
11
7.0292241338582677
21
-3.7994903149606301
0
LINE
8
BLACK
6
CONTINUOUS
10
7.0292241338582677
20
-3.7994903149606301
11
7.0302881496062994
21
-3.8034612992125982
0
LINE
8
BLACK
6
CONTINUOUS
10
7.0302881496062994
20
-3.8034612992125982
11
7.0302881496062994
21
-3.8075723228346456
0
LINE
8
BLACK
6
CONTINUOUS
10
7.0302881496062994
20
-3.8075723228346456
11
7.0292241338582677
21
-3.8115433070866143
0
LINE
8
BLACK
6
CONTINUOUS
10
7.0292241338582677
20
-3.8115433070866143
11
7.0271685826771648
21
-3.8151036220472441
0
LINE
8
BLACK
6
CONTINUOUS
10
7.0271685826771648
20
-3.8151036220472441
11
7.0242616535433067
21
-3.8180105511811022
0
LINE
8
BLACK
6
CONTINUOUS
10
7.0242616535433067
20
-3.8180105511811022
11
7.0207013385826773
21
-3.8200661023622047
0
LINE
8
BLACK
6
CONTINUOUS
10
7.0207013385826773
20
-3.8200661023622047
11
7.0167303543307087
21
-3.821130118110236
0
LINE
8
BLACK
6
CONTINUOUS
10
7.0167303543307087
20
-3.821130118110236
11
7.0126193307086613
21
-3.821130118110236
0
LINE
8
BLACK
6
CONTINUOUS
10
7.0126193307086613
20
-3.821130118110236
11
7.0086483464566927
21
-3.8200661023622047
0
LINE
8
BLACK
6
CONTINUOUS
10
7.0086483464566927
20
-3.8200661023622047
11
7.0050880314960624
21
-3.8180105511811022
0
LINE
8
BLACK
6
CONTINUOUS
10
7.0050880314960624
20
-3.8180105511811022
11
7.0021811023622043
21
-3.8151036220472441
0
LINE
8
BLACK
6
CONTINUOUS
10
7.0021811023622043
20
-3.8151036220472441
11
7.0001255511811022
21
-3.8115433070866143
0
LINE
8
BLACK
6
CONTINUOUS
10
7.0001255511811022
20
-3.8115433070866143
11
6.9990615354330705
21
-3.8075723228346456
0
LINE
8
BLACK
6
CONTINUOUS
10
6.9990615354330705
20
-3.8075723228346456
11
6.9990615354330705
21
-3.8034612992125982
0
LINE
8
BLACK
6
CONTINUOUS
10
6.9990615354330705
20
-3.8034612992125982
11
6.9995733858267712
21
-3.8015508661417323
0
LINE
8
BLACK
6
CONTINUOUS
10
6.9995733858267712
20
-3.8015508661417323
11
6.6926259448818897
21
-3.4946034251968503
0
LINE
8
BLACK
6
CONTINUOUS
10
6.6926259448818897
20
-3.4946034251968503
11
6.4043835433070866
21
-3.4946034251968503
0
LINE
8
BLACK
6
CONTINUOUS
10
6.4043835433070866
20
-3.4946034251968503
11
6.4028474015748031
21
-3.4944521259842518
0
LINE
8
BLACK
6
CONTINUOUS
10
6.4028474015748031
20
-3.4944521259842518
11
6.4000089763779524
21
-3.4932764173228348
0
LINE
8
BLACK
6
CONTINUOUS
10
6.4000089763779524
20
-3.4932764173228348
11
6.398815787401575
21
-3.4922972047244092
0
LINE
8
BLACK
6
CONTINUOUS
10
6.398815787401575
20
-3.4922972047244092
11
6.3481367716535431
21
-3.4416181889763777
0
LINE
8
BLACK
6
CONTINUOUS
10
6.3481367716535431
20
-3.4416181889763777
11
6.3462264173228347
21
-3.4421300787401572
0
LINE
8
BLACK
6
CONTINUOUS
10
6.3462264173228347
20
-3.4421300787401572
11
6.3421153937007873
21
-3.4421300787401572
0
LINE
8
BLACK
6
CONTINUOUS
10
6.3421153937007873
20
-3.4421300787401572
11
6.3381444094488186
21
-3.4410660629921259
0
LINE
8
BLACK
6
CONTINUOUS
10
6.3381444094488186
20
-3.4410660629921259
11
6.3345840944881893
21
-3.4390105118110235
0
LINE
8
BLACK
6
CONTINUOUS
10
6.3345840944881893
20
-3.4390105118110235
11
6.3316771653543302
21
-3.4361035826771653
0
LINE
8
BLACK
6
CONTINUOUS
10
6.3316771653543302
20
-3.4361035826771653
11
6.3296216141732282
21
-3.4325432677165355
0
LINE
8
BLACK
6
CONTINUOUS
10
6.3296216141732282
20
-3.4325432677165355
11
6.3285575984251965
21
-3.4285722834645669
0
LINE
8
BLACK
6
CONTINUOUS
10
6.3285575984251965
20
-3.4285722834645669
11
6.3285575984251965
21
-3.4244612598425195
0
LINE
8
BLACK
6
CONTINUOUS
10
6.3285575984251965
20
-3.4244612598425195
11
6.3296216141732282
21
-3.4204902755905513
0
LINE
8
BLACK
6
CONTINUOUS
10
6.3296216141732282
20
-3.4204902755905513
11
6.3316771653543302
21
-3.416929960629921
0
LINE
8
BLACK
6
CONTINUOUS
10
6.3316771653543302
20
-3.416929960629921
11
6.3345840944881893
21
-3.4140230314960629
0
LINE
8
BLACK
6
CONTINUOUS
10
6.3345840944881893
20
-3.4140230314960629
11
6.3381444094488186
21
-3.4119674803149604
0
LINE
8
BLACK
6
CONTINUOUS
10
6.3381444094488186
20
-3.4119674803149604
11
6.3421153937007873
21
-3.4109034645669292
0
LINE
8
BLACK
6
CONTINUOUS
10
6.3421153937007873
20
-3.4109034645669292
11
6.3462264173228347
21
-3.4109034645669292
0
LINE
8
BLACK
6
CONTINUOUS
10
6.3462264173228347
20
-3.4109034645669292
11
6.3501974015748033
21
-3.4119674803149604
0
LINE
8
BLACK
6
CONTINUOUS
10
6.560402165354331
20
-3.5544635826771653
11
6.5639624803149603
21
-3.5565191338582678
0
LINE
8
BLACK
6
CONTINUOUS
10
6.5639624803149603
20
-3.5565191338582678
11
6.5668694094488185
21
-3.5594260629921259
0
LINE
8
BLACK
6
CONTINUOUS
10
6.5668694094488185
20
-3.5594260629921259
11
6.5689249606299214
21
-3.5629863779527557
0
LINE
8
BLACK
6
CONTINUOUS
10
6.5689249606299214
20
-3.5629863779527557
11
6.5699889763779522
21
-3.5669573622047244
0
LINE
8
BLACK
6
CONTINUOUS
10
6.5699889763779522
20
-3.5669573622047244
11
6.5699889763779522
21
-3.5710683858267718
0
LINE
8
BLACK
6
CONTINUOUS
10
6.5699889763779522
20
-3.5710683858267718
11
6.5689249606299214
21
-3.57503937007874
0
LINE
8
BLACK
6
CONTINUOUS
10
6.5689249606299214
20
-3.57503937007874
11
6.5668694094488185
21
-3.5785996850393702
0
LINE
8
BLACK
6
CONTINUOUS
10
6.5668694094488185
20
-3.5785996850393702
11
6.5639624803149603
21
-3.5815066141732284
0
LINE
8
BLACK
6
CONTINUOUS
10
6.5639624803149603
20
-3.5815066141732284
11
6.560402165354331
21
-3.5835621653543308
0
LINE
8
BLACK
6
CONTINUOUS
10
6.560402165354331
20
-3.5835621653543308
11
6.5564311811023623
21
-3.5846261811023621
0
LINE
8
BLACK
6
CONTINUOUS
10
6.5564311811023623
20
-3.5846261811023621
11
6.5523201574803149
21
-3.5846261811023621
0
LINE
8
BLACK
6
CONTINUOUS
10
6.5523201574803149
20
-3.5846261811023621
11
6.5483491732283463
21
-3.5835621653543308
0
LINE
8
BLACK
6
CONTINUOUS
10
6.5483491732283463
20
-3.5835621653543308
11
6.5447888582677161
21
-3.5815066141732284
0
LINE
8
BLACK
6
CONTINUOUS
10
6.5447888582677161
20
-3.5815066141732284
11
6.5418819291338579
21
-3.5785996850393702
0
LINE
8
BLACK
6
CONTINUOUS
10
6.5418819291338579
20
-3.5785996850393702
11
6.5398263779527559
21
-3.57503937007874
0
LINE
8
BLACK
6
CONTINUOUS
10
6.5398263779527559
20
-3.57503937007874
11
6.5387623622047242
21
-3.5710683858267718
0
LINE
8
BLACK
6
CONTINUOUS
10
6.5387623622047242
20
-3.5710683858267718
11
6.5387623622047242
21
-3.5669573622047244
0
LINE
8
BLACK
6
CONTINUOUS
10
6.5387623622047242
20
-3.5669573622047244
11
6.5398263779527559
21
-3.5629863779527557
0
LINE
8
BLACK
6
CONTINUOUS
10
6.5398263779527559
20
-3.5629863779527557
11
6.5418819291338579
21
-3.5594260629921259
0
LINE
8
BLACK
6
CONTINUOUS
10
6.5418819291338579
20
-3.5594260629921259
11
6.5447888582677161
21
-3.5565191338582678
0
LINE
8
BLACK
6
CONTINUOUS
10
6.5447888582677161
20
-3.5565191338582678
11
6.5483491732283463
21
-3.5544635826771653
0
LINE
8
BLACK
6
CONTINUOUS
10
6.5483491732283463
20
-3.5544635826771653
11
6.5523201574803149
21
-3.5533995669291336
0
LINE
8
BLACK
6
CONTINUOUS
10
6.5523201574803149
20
-3.5533995669291336
11
6.5564311811023623
21
-3.5533995669291336
0
LINE
8
BLACK
6
CONTINUOUS
10
6.5564311811023623
20
-3.5533995669291336
11
6.560402165354331
21
-3.5544635826771653
0
LINE
8
BLACK
6
CONTINUOUS
10
6.3347788188976377
20
-3.5170935039370077
11
6.338339133858268
21
-3.5191490551181102
0
LINE
8
BLACK
6
CONTINUOUS
10
6.338339133858268
20
-3.5191490551181102
11
6.3412460629921261
21
-3.5220559842519683
0
LINE
8
BLACK
6
CONTINUOUS
10
6.3412460629921261
20
-3.5220559842519683
11
6.3433016141732281
21
-3.5256162992125986
0
LINE
8
BLACK
6
CONTINUOUS
10
6.3433016141732281
20
-3.5256162992125986
11
6.3443656299212599
21
-3.5295872834645667
0
LINE
8
BLACK
6
CONTINUOUS
10
6.3443656299212599
20
-3.5295872834645667
11
6.3443656299212599
21
-3.5336983070866141
0
LINE
8
BLACK
6
CONTINUOUS
10
6.3443656299212599
20
-3.5336983070866141
11
6.3433016141732281
21
-3.5376692913385828
0
LINE
8
BLACK
6
CONTINUOUS
10
6.3433016141732281
20
-3.5376692913385828
11
6.3412460629921261
21
-3.5412296062992126
0
LINE
8
BLACK
6
CONTINUOUS
10
6.3412460629921261
20
-3.5412296062992126
11
6.338339133858268
21
-3.5441365354330707
0
LINE
8
BLACK
6
CONTINUOUS
10
6.338339133858268
20
-3.5441365354330707
11
6.3347788188976377
21
-3.5461920866141732
0
LINE
8
BLACK
6
CONTINUOUS
10
6.3347788188976377
20
-3.5461920866141732
11
6.3308078346456691
21
-3.5472561023622045
0
LINE
8
BLACK
6
CONTINUOUS
10
6.3308078346456691
20
-3.5472561023622045
11
6.3266968110236217
21
-3.5472561023622045
0
LINE
8
BLACK
6
CONTINUOUS
10
6.3266968110236217
20
-3.5472561023622045
11
6.3227258267716531
21
-3.5461920866141732
0
LINE
8
BLACK
6
CONTINUOUS
10
6.3227258267716531
20
-3.5461920866141732
11
6.3191655118110237
21
-3.5441365354330707
0
LINE
8
BLACK
6
CONTINUOUS
10
6.3191655118110237
20
-3.5441365354330707
11
6.3162585826771656
21
-3.5412296062992126
0
LINE
8
BLACK
6
CONTINUOUS
10
6.3162585826771656
20
-3.5412296062992126
11
6.3142030314960627
21
-3.5376692913385828
0
LINE
8
BLACK
6
CONTINUOUS
10
6.3142030314960627
20
-3.5376692913385828
11
6.3131390157480309
21
-3.5336983070866141
0
LINE
8
BLACK
6
CONTINUOUS
10
6.3131390157480309
20
-3.5336983070866141
11
6.3131390157480309
21
-3.5295872834645667
0
LINE
8
BLACK
6
CONTINUOUS
10
6.3131390157480309
20
-3.5295872834645667
11
6.3142030314960627
21
-3.5256162992125986
0
LINE
8
BLACK
6
CONTINUOUS
10
6.3142030314960627
20
-3.5256162992125986
11
6.3162585826771656
21
-3.5220559842519683
0
LINE
8
BLACK
6
CONTINUOUS
10
6.3162585826771656
20
-3.5220559842519683
11
6.3191655118110237
21
-3.5191490551181102
0
LINE
8
BLACK
6
CONTINUOUS
10
6.3191655118110237
20
-3.5191490551181102
11
6.3227258267716531
21
-3.5170935039370077
0
LINE
8
BLACK
6
CONTINUOUS
10
6.3227258267716531
20
-3.5170935039370077
11
6.3266968110236217
21
-3.5160294881889764
0
LINE
8
BLACK
6
CONTINUOUS
10
6.3266968110236217
20
-3.5160294881889764
11
6.3308078346456691
21
-3.5160294881889764
0
LINE
8
BLACK
6
CONTINUOUS
10
6.3308078346456691
20
-3.5160294881889764
11
6.3347788188976377
21
-3.5170935039370077
0
LINE
8
BLACK
6
CONTINUOUS
10
6.191024488188976
20
-3.4777633858267714
11
6.1945848031496062
21
-3.4798189370078738
0
LINE
8
BLACK
6
CONTINUOUS
10
6.1945848031496062
20
-3.4798189370078738
11
6.1974917322834644
21
-3.4827258661417324
0
LINE
8
BLACK
6
CONTINUOUS
10
6.1974917322834644
20
-3.4827258661417324
11
6.1995472834645664
21
-3.4862861811023622
0
LINE
8
BLACK
6
CONTINUOUS
10
6.1995472834645664
20
-3.4862861811023622
11
6.2006112992125981
21
-3.4902571653543308
0
LINE
8
BLACK
6
CONTINUOUS
10
6.2006112992125981
20
-3.4902571653543308
11
6.2006112992125981
21
-3.4943681889763778
0
LINE
8
BLACK
6
CONTINUOUS
10
6.2006112992125981
20
-3.4943681889763778
11
6.1995472834645664
21
-3.4983391732283464
0
LINE
8
BLACK
6
CONTINUOUS
10
6.1995472834645664
20
-3.4983391732283464
11
6.1974917322834644
21
-3.5018994881889762
0
LINE
8
BLACK
6
CONTINUOUS
10
6.1974917322834644
20
-3.5018994881889762
11
6.1945848031496062
21
-3.5048064173228344
0
LINE
8
BLACK
6
CONTINUOUS
10
6.1945848031496062
20
-3.5048064173228344
11
6.191024488188976
21
-3.5068619685039368
0
LINE
8
BLACK
6
CONTINUOUS
10
6.191024488188976
20
-3.5068619685039368
11
6.1870535039370074
21
-3.5079259842519686
0
LINE
8
BLACK
6
CONTINUOUS
10
6.1870535039370074
20
-3.5079259842519686
11
6.1829424803149609
21
-3.5079259842519686
0
LINE
8
BLACK
6
CONTINUOUS
10
6.1829424803149609
20
-3.5079259842519686
11
6.1789714960629922
21
-3.5068619685039368
0
LINE
8
BLACK
6
CONTINUOUS
10
6.1789714960629922
20
-3.5068619685039368
11
6.175411181102362
21
-3.5048064173228344
0
LINE
8
BLACK
6
CONTINUOUS
10
6.175411181102362
20
-3.5048064173228344
11
6.1725042519685038
21
-3.5018994881889762
0
LINE
8
BLACK
6
CONTINUOUS
10
6.1725042519685038
20
-3.5018994881889762
11
6.1704487007874018
21
-3.4983391732283464
0
LINE
8
BLACK
6
CONTINUOUS
10
6.1704487007874018
20
-3.4983391732283464
11
6.1693846850393701
21
-3.4943681889763778
0
LINE
8
BLACK
6
CONTINUOUS
10
6.1693846850393701
20
-3.4943681889763778
11
6.1693846850393701
21
-3.4902571653543308
0
LINE
8
BLACK
6
CONTINUOUS
10
6.1693846850393701
20
-3.4902571653543308
11
6.1704487007874018
21
-3.4862861811023622
0
LINE
8
BLACK
6
CONTINUOUS
10
6.1704487007874018
20
-3.4862861811023622
11
6.1725042519685038
21
-3.4827258661417324
0
LINE
8
BLACK
6
CONTINUOUS
10
6.1725042519685038
20
-3.4827258661417324
11
6.175411181102362
21
-3.4798189370078738
0
LINE
8
BLACK
6
CONTINUOUS
10
6.175411181102362
20
-3.4798189370078738
11
6.1789714960629922
21
-3.4777633858267714
0
LINE
8
BLACK
6
CONTINUOUS
10
6.1789714960629922
20
-3.4777633858267714
11
6.1829424803149609
21
-3.4766993700787401
0
LINE
8
BLACK
6
CONTINUOUS
10
6.1829424803149609
20
-3.4766993700787401
11
6.1870535039370074
21
-3.4766993700787401
0
LINE
8
BLACK
6
CONTINUOUS
10
6.1870535039370074
20
-3.4766993700787401
11
6.191024488188976
21
-3.4777633858267714
0
LINE
8
BLACK
6
CONTINUOUS
10
5.8387013385826769
20
-3.4169675196850391
11
5.8422616535433072
21
-3.4190230708661415
0
LINE
8
BLACK
6
CONTINUOUS
10
5.8422616535433072
20
-3.4190230708661415
11
5.8451685826771653
21
-3.4219300000000001
0
LINE
8
BLACK
6
CONTINUOUS
10
5.8451685826771653
20
-3.4219300000000001
11
5.8472241338582673
21
-3.4254903149606299
0
LINE
8
BLACK
6
CONTINUOUS
10
5.8472241338582673
20
-3.4254903149606299
11
5.8475329527559055
21
-3.4266427952755905
0
LINE
8
BLACK
6
CONTINUOUS
10
5.8475329527559055
20
-3.4266427952755905
11
5.9090303149606296
21
-3.4266427952755905
0
LINE
8
BLACK
6
CONTINUOUS
10
5.9090303149606296
20
-3.4266427952755905
11
5.9152279921259838
21
-3.4204451181102362
0
LINE
8
BLACK
6
CONTINUOUS
10
5.9152279921259838
20
-3.4204451181102362
11
5.9164211811023621
21
-3.4194658661417323
0
LINE
8
BLACK
6
CONTINUOUS
10
5.9164211811023621
20
-3.4194658661417323
11
5.9192596062992129
21
-3.4182901574803148
0
LINE
8
BLACK
6
CONTINUOUS
10
5.9192596062992129
20
-3.4182901574803148
11
5.9207957480314963
21
-3.4181388582677164
0
LINE
8
BLACK
6
CONTINUOUS
10
5.9207957480314963
20
-3.4181388582677164
11
6.0477130708661413
21
-3.4181388582677164
0
LINE
8
BLACK
6
CONTINUOUS
10
6.0477130708661413
20
-3.4181388582677164
11
6.0492492125984247
21
-3.4182901574803148
0
LINE
8
BLACK
6
CONTINUOUS
10
6.0492492125984247
20
-3.4182901574803148
11
6.0520876377952755
21
-3.4194658661417323
0
LINE
8
BLACK
6
CONTINUOUS
10
6.0520876377952755
20
-3.4194658661417323
11
6.0532808267716538
21
-3.4204451181102362
0
LINE
8
BLACK
6
CONTINUOUS
10
6.0532808267716538
20
-3.4204451181102362
11
6.0556939763779525
21
-3.4228582283464566
0
LINE
8
BLACK
6
CONTINUOUS
10
6.0556939763779525
20
-3.4228582283464566
11
6.2417019685039365
21
-3.4228582283464566
0
LINE
8
BLACK
6
CONTINUOUS
10
6.2417019685039365
20
-3.4228582283464566
11
6.24323811023622
21
-3.4230095275590551
0
LINE
8
BLACK
6
CONTINUOUS
10
6.24323811023622
20
-3.4230095275590551
11
6.2460765354330707
21
-3.4241852362204726
0
LINE
8
BLACK
6
CONTINUOUS
10
6.2460765354330707
20
-3.4241852362204726
11
6.2472697244094491
21
-3.4251644881889765
0
LINE
8
BLACK
6
CONTINUOUS
10
6.2472697244094491
20
-3.4251644881889765
11
6.2990365354330704
21
-3.4769312598425195
0
LINE
8
BLACK
6
CONTINUOUS
10
6.2990365354330704
20
-3.4769312598425195
11
6.3009469291338585
21
-3.4764194094488188
0
LINE
8
BLACK
6
CONTINUOUS
10
6.3009469291338585
20
-3.4764194094488188
11
6.305057952755905
21
-3.4764194094488188
0
LINE
8
BLACK
6
CONTINUOUS
10
6.305057952755905
20
-3.4764194094488188
11
6.3090289370078736
21
-3.4774834251968505
0
LINE
8
BLACK
6
CONTINUOUS
10
6.3090289370078736
20
-3.4774834251968505
11
6.3125892519685038
21
-3.4795389763779525
0
LINE
8
BLACK
6
CONTINUOUS
10
6.3125892519685038
20
-3.4795389763779525
11
6.315496181102362
21
-3.4824459055118111
0
LINE
8
BLACK
6
CONTINUOUS
10
6.315496181102362
20
-3.4824459055118111
11
6.317551732283464
21
-3.4860062204724409
0
LINE
8
BLACK
6
CONTINUOUS
10
6.317551732283464
20
-3.4860062204724409
11
6.3186157480314957
21
-3.4899772047244095
0
LINE
8
BLACK
6
CONTINUOUS
10
6.3186157480314957
20
-3.4899772047244095
11
6.3186157480314957
21
-3.4940882283464565
0
LINE
8
BLACK
6
CONTINUOUS
10
6.3186157480314957
20
-3.4940882283464565
11
6.317551732283464
21
-3.4980592125984251
0
LINE
8
BLACK
6
CONTINUOUS
10
6.317551732283464
20
-3.4980592125984251
11
6.315496181102362
21
-3.5016195275590549
0
LINE
8
BLACK
6
CONTINUOUS
10
6.315496181102362
20
-3.5016195275590549
11
6.3125892519685038
21
-3.5045264566929135
0
LINE
8
BLACK
6
CONTINUOUS
10
6.3125892519685038
20
-3.5045264566929135
11
6.3090289370078736
21
-3.5065820078740155
0
LINE
8
BLACK
6
CONTINUOUS
10
6.3090289370078736
20
-3.5065820078740155
11
6.305057952755905
21
-3.5076460236220472
0
LINE
8
BLACK
6
CONTINUOUS
10
6.305057952755905
20
-3.5076460236220472
11
6.3009469291338585
21
-3.5076460236220472
0
LINE
8
BLACK
6
CONTINUOUS
10
6.3009469291338585
20
-3.5076460236220472
11
6.2969759448818898
21
-3.5065820078740155
0
LINE
8
BLACK
6
CONTINUOUS
10
6.2969759448818898
20
-3.5065820078740155
11
6.2934156299212596
21
-3.5045264566929135
0
LINE
8
BLACK
6
CONTINUOUS
10
6.2934156299212596
20
-3.5045264566929135
11
6.2905087007874014
21
-3.5016195275590549
0
LINE
8
BLACK
6
CONTINUOUS
10
6.2905087007874014
20
-3.5016195275590549
11
6.2884531496062994
21
-3.4980592125984251
0
LINE
8
BLACK
6
CONTINUOUS
10
6.2884531496062994
20
-3.4980592125984251
11
6.2873891338582677
21
-3.4940882283464565
0
LINE
8
BLACK
6
CONTINUOUS
10
6.2873891338582677
20
-3.4940882283464565
11
6.2873891338582677
21
-3.4899772047244095
0
LINE
8
BLACK
6
CONTINUOUS
10
6.2873891338582677
20
-3.4899772047244095
11
6.2879009842519684
21
-3.4880668110236219
0
LINE
8
BLACK
6
CONTINUOUS
10
6.2879009842519684
20
-3.4880668110236219
11
6.2384404724409448
21
-3.4386062598425196
0
LINE
8
BLACK
6
CONTINUOUS
10
6.2384404724409448
20
-3.4386062598425196
11
6.052432440944882
21
-3.4386062598425196
0
LINE
8
BLACK
6
CONTINUOUS
10
6.052432440944882
20
-3.4386062598425196
11
6.0508962992125985
21
-3.4384549606299211
0
LINE
8
BLACK
6
CONTINUOUS
10
6.0508962992125985
20
-3.4384549606299211
11
6.0480578740157478
21
-3.437279251968504
0
LINE
8
BLACK
6
CONTINUOUS
10
6.0480578740157478
20
-3.437279251968504
11
6.0468646850393704
21
-3.4363000393700784
0
LINE
8
BLACK
6
CONTINUOUS
10
6.0468646850393704
20
-3.4363000393700784
11
6.0444515748031495
21
-3.4338868897637793
0
LINE
8
BLACK
6
CONTINUOUS
10
6.0444515748031495
20
-3.4338868897637793
11
5.9240572440944881
21
-3.4338868897637793
0
LINE
8
BLACK
6
CONTINUOUS
10
5.9240572440944881
20
-3.4338868897637793
11
5.9178595669291338
21
-3.4400845669291336
0
LINE
8
BLACK
6
CONTINUOUS
10
5.9178595669291338
20
-3.4400845669291336
11
5.9166663779527555
21
-3.4410638188976379
0
LINE
8
BLACK
6
CONTINUOUS
10
5.9166663779527555
20
-3.4410638188976379
11
5.9138279527559057
21
-3.4422395275590549
0
LINE
8
BLACK
6
CONTINUOUS
10
5.9138279527559057
20
-3.4422395275590549
11
5.9122918110236222
21
-3.4423908267716534
0
LINE
8
BLACK
6
CONTINUOUS
10
5.9122918110236222
20
-3.4423908267716534
11
5.8438813779527559
21
-3.4423908267716534
0
LINE
8
BLACK
6
CONTINUOUS
10
5.8438813779527559
20
-3.4423908267716534
11
5.8422616535433072
21
-3.4440105511811021
0
LINE
8
BLACK
6
CONTINUOUS
10
5.8422616535433072
20
-3.4440105511811021
11
5.8387013385826769
21
-3.4460661023622046
0
LINE
8
BLACK
6
CONTINUOUS
10
5.8387013385826769
20
-3.4460661023622046
11
5.8347303543307083
21
-3.4471301181102363
0
LINE
8
BLACK
6
CONTINUOUS
10
5.8347303543307083
20
-3.4471301181102363
11
5.8306193307086609
21
-3.4471301181102363
0
LINE
8
BLACK
6
CONTINUOUS
10
5.8306193307086609
20
-3.4471301181102363
11
5.8266483464566932
21
-3.4460661023622046
0
LINE
8
BLACK
6
CONTINUOUS
10
5.8266483464566932
20
-3.4460661023622046
11
5.8230880314960629
21
-3.4440105511811021
0
LINE
8
BLACK
6
CONTINUOUS
10
5.8230880314960629
20
-3.4440105511811021
11
5.8201811023622048
21
-3.441103622047244
0
LINE
8
BLACK
6
CONTINUOUS
10
5.8201811023622048
20
-3.441103622047244
11
5.8181255511811019
21
-3.4375433070866142
0
LINE
8
BLACK
6
CONTINUOUS
10
5.8181255511811019
20
-3.4375433070866142
11
5.817061535433071
21
-3.4335723228346455
0
LINE
8
BLACK
6
CONTINUOUS
10
5.817061535433071
20
-3.4335723228346455
11
5.817061535433071
21
-3.4294612992125986
0
LINE
8
BLACK
6
CONTINUOUS
10
5.817061535433071
20
-3.4294612992125986
11
5.8181255511811019
21
-3.4254903149606299
0
LINE
8
BLACK
6
CONTINUOUS
10
5.8181255511811019
20
-3.4254903149606299
11
5.8201811023622048
21
-3.4219300000000001
0
LINE
8
BLACK
6
CONTINUOUS
10
5.8201811023622048
20
-3.4219300000000001
11
5.8230880314960629
21
-3.4190230708661415
0
LINE
8
BLACK
6
CONTINUOUS
10
5.8230880314960629
20
-3.4190230708661415
11
5.8266483464566932
21
-3.4169675196850391
0
LINE
8
BLACK
6
CONTINUOUS
10
5.8266483464566932
20
-3.4169675196850391
11
5.8306193307086609
21
-3.4159035039370078
0
LINE
8
BLACK
6
CONTINUOUS
10
5.8306193307086609
20
-3.4159035039370078
11
5.8347303543307083
21
-3.4159035039370078
0
LINE
8
BLACK
6
CONTINUOUS
10
5.8347303543307083
20
-3.4159035039370078
11
5.8387013385826769
21
-3.4169675196850391
0
LINE
8
BLACK
6
CONTINUOUS
10
6.0723804330708662
20
-3.3842447244094487
11
6.0759407480314955
21
-3.3863002755905511
0
LINE
8
BLACK
6
CONTINUOUS
10
6.0759407480314955
20
-3.3863002755905511
11
6.0788476771653546
21
-3.3892072047244093
0
LINE
8
BLACK
6
CONTINUOUS
10
6.0788476771653546
20
-3.3892072047244093
11
6.0809032283464566
21
-3.3927675196850391
0
LINE
8
BLACK
6
CONTINUOUS
10
6.0809032283464566
20
-3.3927675196850391
11
6.0819672440944883
21
-3.3967385039370077
0
LINE
8
BLACK
6
CONTINUOUS
10
6.0819672440944883
20
-3.3967385039370077
11
6.0819672440944883
21
-3.4008495275590551
0
LINE
8
BLACK
6
CONTINUOUS
10
6.0819672440944883
20
-3.4008495275590551
11
6.0809032283464566
21
-3.4048205118110237
0
LINE
8
BLACK
6
CONTINUOUS
10
6.0809032283464566
20
-3.4048205118110237
11
6.0788476771653546
21
-3.4083808267716535
0
LINE
8
BLACK
6
CONTINUOUS
10
6.0788476771653546
20
-3.4083808267716535
11
6.0759407480314955
21
-3.4112877559055117
0
LINE
8
BLACK
6
CONTINUOUS
10
6.0759407480314955
20
-3.4112877559055117
11
6.0723804330708662
21
-3.4133433070866142
0
LINE
8
BLACK
6
CONTINUOUS
10
6.0723804330708662
20
-3.4133433070866142
11
6.0684094488188975
21
-3.4144073228346454
0
LINE
8
BLACK
6
CONTINUOUS
10
6.0684094488188975
20
-3.4144073228346454
11
6.0642984251968501
21
-3.4144073228346454
0
LINE
8
BLACK
6
CONTINUOUS
10
6.0642984251968501
20
-3.4144073228346454
11
6.0603274409448815
21
-3.4133433070866142
0
LINE
8
BLACK
6
CONTINUOUS
10
6.0603274409448815
20
-3.4133433070866142
11
6.0567671259842522
21
-3.4112877559055117
0
LINE
8
BLACK
6
CONTINUOUS
10
6.0567671259842522
20
-3.4112877559055117
11
6.053860196850394
21
-3.4083808267716535
0
LINE
8
BLACK
6
CONTINUOUS
10
6.053860196850394
20
-3.4083808267716535
11
6.0518046456692911
21
-3.4048205118110237
0
LINE
8
BLACK
6
CONTINUOUS
10
6.0518046456692911
20
-3.4048205118110237
11
6.0507406299212594
21
-3.4008495275590551
0
LINE
8
BLACK
6
CONTINUOUS
10
6.0507406299212594
20
-3.4008495275590551
11
6.0507406299212594
21
-3.3967385039370077
0
LINE
8
BLACK
6
CONTINUOUS
10
6.0507406299212594
20
-3.3967385039370077
11
6.0518046456692911
21
-3.3927675196850391
0
LINE
8
BLACK
6
CONTINUOUS
10
6.0518046456692911
20
-3.3927675196850391
11
6.053860196850394
21
-3.3892072047244093
0
LINE
8
BLACK
6
CONTINUOUS
10
6.053860196850394
20
-3.3892072047244093
11
6.0567671259842522
21
-3.3863002755905511
0
LINE
8
BLACK
6
CONTINUOUS
10
6.0567671259842522
20
-3.3863002755905511
11
6.0603274409448815
21
-3.3842447244094487
0
LINE
8
BLACK
6
CONTINUOUS
10
6.0603274409448815
20
-3.3842447244094487
11
6.0642984251968501
21
-3.3831807086614174
0
LINE
8
BLACK
6
CONTINUOUS
10
6.0642984251968501
20
-3.3831807086614174
11
6.0684094488188975
21
-3.3831807086614174
0
LINE
8
BLACK
6
CONTINUOUS
10
6.0684094488188975
20
-3.3831807086614174
11
6.0723804330708662
21
-3.3842447244094487
0
LINE
8
BLACK
6
CONTINUOUS
10
6.0334481102362201
20
-3.3783893307086612
11
6.0370084251968503
21
-3.3804448818897637
0
LINE
8
BLACK
6
CONTINUOUS
10
6.0370084251968503
20
-3.3804448818897637
11
6.0399153543307085
21
-3.3833518110236218
0
LINE
8
BLACK
6
CONTINUOUS
10
6.0399153543307085
20
-3.3833518110236218
11
6.0419709055118105
21
-3.3869121259842521
0
LINE
8
BLACK
6
CONTINUOUS
10
6.0419709055118105
20
-3.3869121259842521
11
6.0430349212598422
21
-3.3908831102362202
0
LINE
8
BLACK
6
CONTINUOUS
10
6.0430349212598422
20
-3.3908831102362202
11
6.0430349212598422
21
-3.3949941338582676
0
LINE
8
BLACK
6
CONTINUOUS
10
6.0430349212598422
20
-3.3949941338582676
11
6.0419709055118105
21
-3.3989651181102363
0
LINE
8
BLACK
6
CONTINUOUS
10
6.0419709055118105
20
-3.3989651181102363
11
6.0399153543307085
21
-3.4025254330708661
0
LINE
8
BLACK
6
CONTINUOUS
10
6.0399153543307085
20
-3.4025254330708661
11
6.0370084251968503
21
-3.4054323622047242
0
LINE
8
BLACK
6
CONTINUOUS
10
6.0370084251968503
20
-3.4054323622047242
11
6.0334481102362201
21
-3.4074879133858267
0
LINE
8
BLACK
6
CONTINUOUS
10
6.0334481102362201
20
-3.4074879133858267
11
6.0294771259842515
21
-3.4085519291338584
0
LINE
8
BLACK
6
CONTINUOUS
10
6.0294771259842515
20
-3.4085519291338584
11
6.0253661023622049
21
-3.4085519291338584
0
LINE
8
BLACK
6
CONTINUOUS
10
6.0253661023622049
20
-3.4085519291338584
11
6.0213951181102363
21
-3.4074879133858267
0
LINE
8
BLACK
6
CONTINUOUS
10
6.0213951181102363
20
-3.4074879133858267
11
6.0178348031496061
21
-3.4054323622047242
0
LINE
8
BLACK
6
CONTINUOUS
10
6.0178348031496061
20
-3.4054323622047242
11
6.0149278740157479
21
-3.4025254330708661
0
LINE
8
BLACK
6
CONTINUOUS
10
6.0149278740157479
20
-3.4025254330708661
11
6.0128723228346459
21
-3.3989651181102363
0
LINE
8
BLACK
6
CONTINUOUS
10
6.0128723228346459
20
-3.3989651181102363
11
6.0118083070866142
21
-3.3949941338582676
0
LINE
8
BLACK
6
CONTINUOUS
10
6.0118083070866142
20
-3.3949941338582676
11
6.0118083070866142
21
-3.3908831102362202
0
LINE
8
BLACK
6
CONTINUOUS
10
6.0118083070866142
20
-3.3908831102362202
11
6.0128723228346459
21
-3.3869121259842521
0
LINE
8
BLACK
6
CONTINUOUS
10
6.0128723228346459
20
-3.3869121259842521
11
6.0149278740157479
21
-3.3833518110236218
0
LINE
8
BLACK
6
CONTINUOUS
10
6.0149278740157479
20
-3.3833518110236218
11
6.0178348031496061
21
-3.3804448818897637
0
LINE
8
BLACK
6
CONTINUOUS
10
6.0178348031496061
20
-3.3804448818897637
11
6.0213951181102363
21
-3.3783893307086612
0
LINE
8
BLACK
6
CONTINUOUS
10
6.0213951181102363
20
-3.3783893307086612
11
6.0253661023622049
21
-3.3773253149606299
0
LINE
8
BLACK
6
CONTINUOUS
10
6.0253661023622049
20
-3.3773253149606299
11
6.0294771259842515
21
-3.3773253149606299
0
LINE
8
BLACK
6
CONTINUOUS
10
6.0294771259842515
20
-3.3773253149606299
11
6.0334481102362201
21
-3.3783893307086612
0
LINE
8
BLACK
6
CONTINUOUS
10
6.1353312598425198
20
-3.3695853149606299
11
6.1388915748031492
21
-3.3716408661417323
0
LINE
8
BLACK
6
CONTINUOUS
10
6.1388915748031492
20
-3.3716408661417323
11
6.1417985039370073
21
-3.3745477952755905
0
LINE
8
BLACK
6
CONTINUOUS
10
6.1417985039370073
20
-3.3745477952755905
11
6.1438540551181102
21
-3.3781081102362203
0
LINE
8
BLACK
6
CONTINUOUS
10
6.1438540551181102
20
-3.3781081102362203
11
6.1449180708661419
21
-3.3820790944881889
0
LINE
8
BLACK
6
CONTINUOUS
10
6.1449180708661419
20
-3.3820790944881889
11
6.1449180708661419
21
-3.3861901181102363
0
LINE
8
BLACK
6
CONTINUOUS
10
6.1449180708661419
20
-3.3861901181102363
11
6.1438540551181102
21
-3.3901611023622045
0
LINE
8
BLACK
6
CONTINUOUS
10
6.1438540551181102
20
-3.3901611023622045
11
6.1417985039370073
21
-3.3937214173228347
0
LINE
8
BLACK
6
CONTINUOUS
10
6.1417985039370073
20
-3.3937214173228347
11
6.1388915748031492
21
-3.3966283464566929
0
LINE
8
BLACK
6
CONTINUOUS
10
6.1388915748031492
20
-3.3966283464566929
11
6.1353312598425198
21
-3.3986838976377953
0
LINE
8
BLACK
6
CONTINUOUS
10
6.1353312598425198
20
-3.3986838976377953
11
6.1313602755905512
21
-3.3997479133858266
0
LINE
8
BLACK
6
CONTINUOUS
10
6.1313602755905512
20
-3.3997479133858266
11
6.1272492519685038
21
-3.3997479133858266
0
LINE
8
BLACK
6
CONTINUOUS
10
6.1272492519685038
20
-3.3997479133858266
11
6.1232782677165352
21
-3.3986838976377953
0
LINE
8
BLACK
6
CONTINUOUS
10
6.1232782677165352
20
-3.3986838976377953
11
6.1197179527559058
21
-3.3966283464566929
0
LINE
8
BLACK
6
CONTINUOUS
10
6.1197179527559058
20
-3.3966283464566929
11
6.1168110236220468
21
-3.3937214173228347
0
LINE
8
BLACK
6
CONTINUOUS
10
6.1168110236220468
20
-3.3937214173228347
11
6.1147554724409448
21
-3.3901611023622045
0
LINE
8
BLACK
6
CONTINUOUS
10
6.1147554724409448
20
-3.3901611023622045
11
6.113691456692913
21
-3.3861901181102363
0
LINE
8
BLACK
6
CONTINUOUS
10
6.113691456692913
20
-3.3861901181102363
11
6.113691456692913
21
-3.3820790944881889
0
LINE
8
BLACK
6
CONTINUOUS
10
6.113691456692913
20
-3.3820790944881889
11
6.1147554724409448
21
-3.3781081102362203
0
LINE
8
BLACK
6
CONTINUOUS
10
6.1147554724409448
20
-3.3781081102362203
11
6.1168110236220468
21
-3.3745477952755905
0
LINE
8
BLACK
6
CONTINUOUS
10
6.1168110236220468
20
-3.3745477952755905
11
6.1197179527559058
21
-3.3716408661417323
0
LINE
8
BLACK
6
CONTINUOUS
10
6.1197179527559058
20
-3.3716408661417323
11
6.1232782677165352
21
-3.3695853149606299
0
LINE
8
BLACK
6
CONTINUOUS
10
6.1232782677165352
20
-3.3695853149606299
11
6.1272492519685038
21
-3.3685212992125981
0
LINE
8
BLACK
6
CONTINUOUS
10
6.1272492519685038
20
-3.3685212992125981
11
6.1313602755905512
21
-3.3685212992125981
0
LINE
8
BLACK
6
CONTINUOUS
10
6.1313602755905512
20
-3.3685212992125981
11
6.1353312598425198
21
-3.3695853149606299
0
LINE
8
BLACK
6
CONTINUOUS
10
7.1147013385826767
20
-4.5779675196850391
11
7.118261653543307
21
-4.580023070866142
0
LINE
8
BLACK
6
CONTINUOUS
10
7.118261653543307
20
-4.580023070866142
11
7.1211685826771651
21
-4.5829300000000002
0
LINE
8
BLACK
6
CONTINUOUS
10
7.1211685826771651
20
-4.5829300000000002
11
7.1232241338582671
21
-4.5864903149606295
0
LINE
8
BLACK
6
CONTINUOUS
10
7.1232241338582671
20
-4.5864903149606295
11
7.1242881496062989
21
-4.5904612992125982
0
LINE
8
BLACK
6
CONTINUOUS
10
7.1242881496062989
20
-4.5904612992125982
11
7.1242881496062989
21
-4.5945723228346456
0
LINE
8
BLACK
6
CONTINUOUS
10
7.1242881496062989
20
-4.5945723228346456
11
7.1232241338582671
21
-4.5985433070866142
0
LINE
8
BLACK
6
CONTINUOUS
10
7.1232241338582671
20
-4.5985433070866142
11
7.1211685826771651
21
-4.6021036220472435
0
LINE
8
BLACK
6
CONTINUOUS
10
7.1211685826771651
20
-4.6021036220472435
11
7.118261653543307
21
-4.6050105511811026
0
LINE
8
BLACK
6
CONTINUOUS
10
7.118261653543307
20
-4.6050105511811026
11
7.1147013385826767
21
-4.6070661023622046
0
LINE
8
BLACK
6
CONTINUOUS
10
7.1147013385826767
20
-4.6070661023622046
11
7.1107303543307081
21
-4.6081301181102363
0
LINE
8
BLACK
6
CONTINUOUS
10
7.1107303543307081
20
-4.6081301181102363
11
7.1066193307086616
21
-4.6081301181102363
0
LINE
8
BLACK
6
CONTINUOUS
10
7.1066193307086616
20
-4.6081301181102363
11
7.102648346456693
21
-4.6070661023622046
0
LINE
8
BLACK
6
CONTINUOUS
10
7.102648346456693
20
-4.6070661023622046
11
7.0990880314960627
21
-4.6050105511811026
0
LINE
8
BLACK
6
CONTINUOUS
10
7.0990880314960627
20
-4.6050105511811026
11
7.0961811023622046
21
-4.6021036220472435
0
LINE
8
BLACK
6
CONTINUOUS
10
7.0961811023622046
20
-4.6021036220472435
11
7.0941255511811026
21
-4.5985433070866142
0
LINE
8
BLACK
6
CONTINUOUS
10
7.0941255511811026
20
-4.5985433070866142
11
7.0930615354330708
21
-4.5945723228346456
0
LINE
8
BLACK
6
CONTINUOUS
10
7.0930615354330708
20
-4.5945723228346456
11
7.0930615354330708
21
-4.5904612992125982
0
LINE
8
BLACK
6
CONTINUOUS
10
7.0930615354330708
20
-4.5904612992125982
11
7.0941255511811026
21
-4.5864903149606295
0
LINE
8
BLACK
6
CONTINUOUS
10
7.0941255511811026
20
-4.5864903149606295
11
7.0961811023622046
21
-4.5829300000000002
0
LINE
8
BLACK
6
CONTINUOUS
10
7.0961811023622046
20
-4.5829300000000002
11
7.0990880314960627
21
-4.580023070866142
0
LINE
8
BLACK
6
CONTINUOUS
10
7.0990880314960627
20
-4.580023070866142
11
7.102648346456693
21
-4.5779675196850391
0
LINE
8
BLACK
6
CONTINUOUS
10
7.102648346456693
20
-4.5779675196850391
11
7.1066193307086616
21
-4.5769035039370074
0
LINE
8
BLACK
6
CONTINUOUS
10
7.1066193307086616
20
-4.5769035039370074
11
7.1107303543307081
21
-4.5769035039370074
0
LINE
8
BLACK
6
CONTINUOUS
10
7.1107303543307081
20
-4.5769035039370074
11
7.1147013385826767
21
-4.5779675196850391
0
LINE
8
BLACK
6
CONTINUOUS
10
6.4247013385826772
20
-4.5809675196850392
11
6.4282616535433066
21
-4.5830230708661412
0
LINE
8
BLACK
6
CONTINUOUS
10
6.4282616535433066
20
-4.5830230708661412
11
6.4311685826771656
21
-4.5859300000000003
0
LINE
8
BLACK
6
CONTINUOUS
10
6.4311685826771656
20
-4.5859300000000003
11
6.4332241338582676
21
-4.5894903149606296
0
LINE
8
BLACK
6
CONTINUOUS
10
6.4332241338582676
20
-4.5894903149606296
11
6.4342881496062994
21
-4.5934612992125983
0
LINE
8
BLACK
6
CONTINUOUS
10
6.4342881496062994
20
-4.5934612992125983
11
6.4342881496062994
21
-4.5975723228346457
0
LINE
8
BLACK
6
CONTINUOUS
10
6.4342881496062994
20
-4.5975723228346457
11
6.4332241338582676
21
-4.6015433070866143
0
LINE
8
BLACK
6
CONTINUOUS
10
6.4332241338582676
20
-4.6015433070866143
11
6.4311685826771656
21
-4.6051036220472437
0
LINE
8
BLACK
6
CONTINUOUS
10
6.4311685826771656
20
-4.6051036220472437
11
6.4282616535433066
21
-4.6080105511811027
0
LINE
8
BLACK
6
CONTINUOUS
10
6.4282616535433066
20
-4.6080105511811027
11
6.4247013385826772
21
-4.6100661023622047
0
LINE
8
BLACK
6
CONTINUOUS
10
6.4247013385826772
20
-4.6100661023622047
11
6.4207303543307086
21
-4.6111301181102364
0
LINE
8
BLACK
6
CONTINUOUS
10
6.4207303543307086
20
-4.6111301181102364
11
6.4166193307086612
21
-4.6111301181102364
0
LINE
8
BLACK
6
CONTINUOUS
10
6.4166193307086612
20
-4.6111301181102364
11
6.4126483464566926
21
-4.6100661023622047
0
LINE
8
BLACK
6
CONTINUOUS
10
6.4126483464566926
20
-4.6100661023622047
11
6.4090880314960632
21
-4.6080105511811027
0
LINE
8
BLACK
6
CONTINUOUS
10
6.4090880314960632
20
-4.6080105511811027
11
6.4061811023622042
21
-4.6051036220472437
0
LINE
8
BLACK
6
CONTINUOUS
10
6.4061811023622042
20
-4.6051036220472437
11
6.4041255511811022
21
-4.6015433070866143
0
LINE
8
BLACK
6
CONTINUOUS
10
6.4041255511811022
20
-4.6015433070866143
11
6.4030615354330704
21
-4.5975723228346457
0
LINE
8
BLACK
6
CONTINUOUS
10
6.4030615354330704
20
-4.5975723228346457
11
6.4030615354330704
21
-4.5934612992125983
0
LINE
8
BLACK
6
CONTINUOUS
10
6.4030615354330704
20
-4.5934612992125983
11
6.4041255511811022
21
-4.5894903149606296
0
LINE
8
BLACK
6
CONTINUOUS
10
6.4041255511811022
20
-4.5894903149606296
11
6.4061811023622042
21
-4.5859300000000003
0
LINE
8
BLACK
6
CONTINUOUS
10
6.4061811023622042
20
-4.5859300000000003
11
6.4090880314960632
21
-4.5830230708661412
0
LINE
8
BLACK
6
CONTINUOUS
10
6.4090880314960632
20
-4.5830230708661412
11
6.4126483464566926
21
-4.5809675196850392
0
LINE
8
BLACK
6
CONTINUOUS
10
6.4126483464566926
20
-4.5809675196850392
11
6.4166193307086612
21
-4.5799035039370075
0
LINE
8
BLACK
6
CONTINUOUS
10
6.4166193307086612
20
-4.5799035039370075
11
6.4207303543307086
21
-4.5799035039370075
0
LINE
8
BLACK
6
CONTINUOUS
10
6.4207303543307086
20
-4.5799035039370075
11
6.4247013385826772
21
-4.5809675196850392
0
LINE
8
BLACK
6
CONTINUOUS
10
6.6227012598425192
20
-4.5809675196850392
11
6.6262615748031495
21
-4.5830230708661412
0
LINE
8
BLACK
6
CONTINUOUS
10
6.6262615748031495
20
-4.5830230708661412
11
6.6291685039370076
21
-4.5859300000000003
0
LINE
8
BLACK
6
CONTINUOUS
10
6.6291685039370076
20
-4.5859300000000003
11
6.6312240551181105
21
-4.5894903149606296
0
LINE
8
BLACK
6
CONTINUOUS
10
6.6312240551181105
20
-4.5894903149606296
11
6.6322880708661414
21
-4.5934612992125983
0
LINE
8
BLACK
6
CONTINUOUS
10
6.6322880708661414
20
-4.5934612992125983
11
6.6322880708661414
21
-4.5975723228346457
0
LINE
8
BLACK
6
CONTINUOUS
10
6.6322880708661414
20
-4.5975723228346457
11
6.6312240551181105
21
-4.6015433070866143
0
LINE
8
BLACK
6
CONTINUOUS
10
6.6312240551181105
20
-4.6015433070866143
11
6.6291685039370076
21
-4.6051036220472437
0
LINE
8
BLACK
6
CONTINUOUS
10
6.6291685039370076
20
-4.6051036220472437
11
6.6262615748031495
21
-4.6080105511811027
0
LINE
8
BLACK
6
CONTINUOUS
10
6.6262615748031495
20
-4.6080105511811027
11
6.6227012598425192
21
-4.6100661023622047
0
LINE
8
BLACK
6
CONTINUOUS
10
6.6227012598425192
20
-4.6100661023622047
11
6.6187302755905506
21
-4.6111301181102364
0
LINE
8
BLACK
6
CONTINUOUS
10
6.6187302755905506
20
-4.6111301181102364
11
6.6146192519685041
21
-4.6111301181102364
0
LINE
8
BLACK
6
CONTINUOUS
10
6.6146192519685041
20
-4.6111301181102364
11
6.6106482677165355
21
-4.6100661023622047
0
LINE
8
BLACK
6
CONTINUOUS
10
6.6106482677165355
20
-4.6100661023622047
11
6.6070879527559052
21
-4.6080105511811027
0
LINE
8
BLACK
6
CONTINUOUS
10
6.6070879527559052
20
-4.6080105511811027
11
6.6041810236220471
21
-4.6051036220472437
0
LINE
8
BLACK
6
CONTINUOUS
10
6.6041810236220471
20
-4.6051036220472437
11
6.6021254724409451
21
-4.6015433070866143
0
LINE
8
BLACK
6
CONTINUOUS
10
6.6021254724409451
20
-4.6015433070866143
11
6.6010614566929133
21
-4.5975723228346457
0
LINE
8
BLACK
6
CONTINUOUS
10
6.6010614566929133
20
-4.5975723228346457
11
6.6010614566929133
21
-4.5934612992125983
0
LINE
8
BLACK
6
CONTINUOUS
10
6.6010614566929133
20
-4.5934612992125983
11
6.6021254724409451
21
-4.5894903149606296
0
LINE
8
BLACK
6
CONTINUOUS
10
6.6021254724409451
20
-4.5894903149606296
11
6.6041810236220471
21
-4.5859300000000003
0
LINE
8
BLACK
6
CONTINUOUS
10
6.6041810236220471
20
-4.5859300000000003
11
6.6070879527559052
21
-4.5830230708661412
0
LINE
8
BLACK
6
CONTINUOUS
10
6.6070879527559052
20
-4.5830230708661412
11
6.6106482677165355
21
-4.5809675196850392
0
LINE
8
BLACK
6
CONTINUOUS
10
6.6106482677165355
20
-4.5809675196850392
11
6.6146192519685041
21
-4.5799035039370075
0
LINE
8
BLACK
6
CONTINUOUS
10
6.6146192519685041
20
-4.5799035039370075
11
6.6187302755905506
21
-4.5799035039370075
0
LINE
8
BLACK
6
CONTINUOUS
10
6.6187302755905506
20
-4.5799035039370075
11
6.6227012598425192
21
-4.5809675196850392
0
LINE
8
BLACK
6
CONTINUOUS
10
5.995701338582677
20
-4.5319675196850389
11
5.9992616535433072
21
-4.5340230708661418
0
LINE
8
BLACK
6
CONTINUOUS
10
5.9992616535433072
20
-4.5340230708661418
11
6.0021685826771654
21
-4.5369299999999999
0
LINE
8
BLACK
6
CONTINUOUS
10
6.0021685826771654
20
-4.5369299999999999
11
6.0042241338582674
21
-4.5404903149606302
0
LINE
8
BLACK
6
CONTINUOUS
10
6.0042241338582674
20
-4.5404903149606302
11
6.0052881496062991
21
-4.5444612992125979
0
LINE
8
BLACK
6
CONTINUOUS
10
6.0052881496062991
20
-4.5444612992125979
11
6.0052881496062991
21
-4.5485723228346453
0
LINE
8
BLACK
6
CONTINUOUS
10
6.0052881496062991
20
-4.5485723228346453
11
6.0042241338582674
21
-4.5525433070866139
0
LINE
8
BLACK
6
CONTINUOUS
10
6.0042241338582674
20
-4.5525433070866139
11
6.0021685826771654
21
-4.5561036220472442
0
LINE
8
BLACK
6
CONTINUOUS
10
6.0021685826771654
20
-4.5561036220472442
11
5.9992616535433072
21
-4.5590105511811023
0
LINE
8
BLACK
6
CONTINUOUS
10
5.9992616535433072
20
-4.5590105511811023
11
5.995701338582677
21
-4.5610661023622043
0
LINE
8
BLACK
6
CONTINUOUS
10
5.995701338582677
20
-4.5610661023622043
11
5.9917303543307083
21
-4.5621301181102361
0
LINE
8
BLACK
6
CONTINUOUS
10
5.9917303543307083
20
-4.5621301181102361
11
5.9876193307086609
21
-4.5621301181102361
0
LINE
8
BLACK
6
CONTINUOUS
10
5.9876193307086609
20
-4.5621301181102361
11
5.9836483464566932
21
-4.5610661023622043
0
LINE
8
BLACK
6
CONTINUOUS
10
5.9836483464566932
20
-4.5610661023622043
11
5.9800880314960629
21
-4.5590105511811023
0
LINE
8
BLACK
6
CONTINUOUS
10
5.9800880314960629
20
-4.5590105511811023
11
5.9771811023622048
21
-4.5561036220472442
0
LINE
8
BLACK
6
CONTINUOUS
10
5.9771811023622048
20
-4.5561036220472442
11
5.9751255511811019
21
-4.5525433070866139
0
LINE
8
BLACK
6
CONTINUOUS
10
5.9751255511811019
20
-4.5525433070866139
11
5.9740615354330711
21
-4.5485723228346453
0
LINE
8
BLACK
6
CONTINUOUS
10
5.9740615354330711
20
-4.5485723228346453
11
5.9740615354330711
21
-4.5444612992125979
0
LINE
8
BLACK
6
CONTINUOUS
10
5.9740615354330711
20
-4.5444612992125979
11
5.9751255511811019
21
-4.5404903149606302
0
LINE
8
BLACK
6
CONTINUOUS
10
5.9751255511811019
20
-4.5404903149606302
11
5.9771811023622048
21
-4.5369299999999999
0
LINE
8
BLACK
6
CONTINUOUS
10
5.9771811023622048
20
-4.5369299999999999
11
5.9800880314960629
21
-4.5340230708661418
0
LINE
8
BLACK
6
CONTINUOUS
10
5.9800880314960629
20
-4.5340230708661418
11
5.9836483464566932
21
-4.5319675196850389
0
LINE
8
BLACK
6
CONTINUOUS
10
5.9836483464566932
20
-4.5319675196850389
11
5.9876193307086609
21
-4.530903503937008
0
LINE
8
BLACK
6
CONTINUOUS
10
5.9876193307086609
20
-4.530903503937008
11
5.9917303543307083
21
-4.530903503937008
0
LINE
8
BLACK
6
CONTINUOUS
10
5.9917303543307083
20
-4.530903503937008
11
5.995701338582677
21
-4.5319675196850389
0
LINE
8
BLACK
6
CONTINUOUS
10
5.7937012598425195
20
-4.5309675196850394
11
5.7972615748031497
21
-4.5330230708661414
0
LINE
8
BLACK
6
CONTINUOUS
10
5.7972615748031497
20
-4.5330230708661414
11
5.8001685039370079
21
-4.5359299999999996
0
LINE
8
BLACK
6
CONTINUOUS
10
5.8001685039370079
20
-4.5359299999999996
11
5.8022240551181099
21
-4.5394903149606298
0
LINE
8
BLACK
6
CONTINUOUS
10
5.8022240551181099
20
-4.5394903149606298
11
5.8032880708661416
21
-4.5434612992125984
0
LINE
8
BLACK
6
CONTINUOUS
10
5.8032880708661416
20
-4.5434612992125984
11
5.8032880708661416
21
-4.5475723228346459
0
LINE
8
BLACK
6
CONTINUOUS
10
5.8032880708661416
20
-4.5475723228346459
11
5.8022240551181099
21
-4.5515433070866145
0
LINE
8
BLACK
6
CONTINUOUS
10
5.8022240551181099
20
-4.5515433070866145
11
5.8001685039370079
21
-4.5551036220472438
0
LINE
8
BLACK
6
CONTINUOUS
10
5.8001685039370079
20
-4.5551036220472438
11
5.7972615748031497
21
-4.558010551181102
0
LINE
8
BLACK
6
CONTINUOUS
10
5.7972615748031497
20
-4.558010551181102
11
5.7937012598425195
21
-4.5600661023622049
0
LINE
8
BLACK
6
CONTINUOUS
10
5.7937012598425195
20
-4.5600661023622049
11
5.7897302755905509
21
-4.5611301181102357
0
LINE
8
BLACK
6
CONTINUOUS
10
5.7897302755905509
20
-4.5611301181102357
11
5.7856192519685035
21
-4.5611301181102357
0
LINE
8
BLACK
6
CONTINUOUS
10
5.7856192519685035
20
-4.5611301181102357
11
5.7816482677165357
21
-4.5600661023622049
0
LINE
8
BLACK
6
CONTINUOUS
10
5.7816482677165357
20
-4.5600661023622049
11
5.7780879527559055
21
-4.558010551181102
0
LINE
8
BLACK
6
CONTINUOUS
10
5.7780879527559055
20
-4.558010551181102
11
5.7751810236220473
21
-4.5551036220472438
0
LINE
8
BLACK
6
CONTINUOUS
10
5.7751810236220473
20
-4.5551036220472438
11
5.7731254724409444
21
-4.5515433070866145
0
LINE
8
BLACK
6
CONTINUOUS
10
5.7731254724409444
20
-4.5515433070866145
11
5.7720614566929136
21
-4.5475723228346459
0
LINE
8
BLACK
6
CONTINUOUS
10
5.7720614566929136
20
-4.5475723228346459
11
5.7720614566929136
21
-4.5434612992125984
0
LINE
8
BLACK
6
CONTINUOUS
10
5.7720614566929136
20
-4.5434612992125984
11
5.7731254724409444
21
-4.5394903149606298
0
LINE
8
BLACK
6
CONTINUOUS
10
5.7731254724409444
20
-4.5394903149606298
11
5.7751810236220473
21
-4.5359299999999996
0
LINE
8
BLACK
6
CONTINUOUS
10
5.7751810236220473
20
-4.5359299999999996
11
5.7780879527559055
21
-4.5330230708661414
0
LINE
8
BLACK
6
CONTINUOUS
10
5.7780879527559055
20
-4.5330230708661414
11
5.7816482677165357
21
-4.5309675196850394
0
LINE
8
BLACK
6
CONTINUOUS
10
5.7816482677165357
20
-4.5309675196850394
11
5.7856192519685035
21
-4.5299035039370077
0
LINE
8
BLACK
6
CONTINUOUS
10
5.7856192519685035
20
-4.5299035039370077
11
5.7897302755905509
21
-4.5299035039370077
0
LINE
8
BLACK
6
CONTINUOUS
10
5.7897302755905509
20
-4.5299035039370077
11
5.7937012598425195
21
-4.5309675196850394
0
LINE
8
BLACK
6
CONTINUOUS
10
6.1897013385826769
20
-4.5279675196850393
11
6.1932616535433072
21
-4.5300230708661413
0
LINE
8
BLACK
6
CONTINUOUS
10
6.1932616535433072
20
-4.5300230708661413
11
6.1961685826771653
21
-4.5329299999999995
0
LINE
8
BLACK
6
CONTINUOUS
10
6.1961685826771653
20
-4.5329299999999995
11
6.1982241338582673
21
-4.5364903149606297
0
LINE
8
BLACK
6
CONTINUOUS
10
6.1982241338582673
20
-4.5364903149606297
11
6.199288149606299
21
-4.5404612992125983
0
LINE
8
BLACK
6
CONTINUOUS
10
6.199288149606299
20
-4.5404612992125983
11
6.199288149606299
21
-4.5445723228346457
0
LINE
8
BLACK
6
CONTINUOUS
10
6.199288149606299
20
-4.5445723228346457
11
6.1982241338582673
21
-4.5485433070866144
0
LINE
8
BLACK
6
CONTINUOUS
10
6.1982241338582673
20
-4.5485433070866144
11
6.1961685826771653
21
-4.5521036220472437
0
LINE
8
BLACK
6
CONTINUOUS
10
6.1961685826771653
20
-4.5521036220472437
11
6.1932616535433072
21
-4.5550105511811019
0
LINE
8
BLACK
6
CONTINUOUS
10
6.1932616535433072
20
-4.5550105511811019
11
6.1897013385826769
21
-4.5570661023622048
0
LINE
8
BLACK
6
CONTINUOUS
10
6.1897013385826769
20
-4.5570661023622048
11
6.1857303543307083
21
-4.5581301181102365
0
LINE
8
BLACK
6
CONTINUOUS
10
6.1857303543307083
20
-4.5581301181102365
11
6.1816193307086609
21
-4.5581301181102365
0
LINE
8
BLACK
6
CONTINUOUS
10
6.1816193307086609
20
-4.5581301181102365
11
6.1776483464566931
21
-4.5570661023622048
0
LINE
8
BLACK
6
CONTINUOUS
10
6.1776483464566931
20
-4.5570661023622048
11
6.1740880314960629
21
-4.5550105511811019
0
LINE
8
BLACK
6
CONTINUOUS
10
6.1740880314960629
20
-4.5550105511811019
11
6.1711811023622047
21
-4.5521036220472437
0
LINE
8
BLACK
6
CONTINUOUS
10
6.1711811023622047
20
-4.5521036220472437
11
6.1691255511811018
21
-4.5485433070866144
0
LINE
8
BLACK
6
CONTINUOUS
10
6.1691255511811018
20
-4.5485433070866144
11
6.168061535433071
21
-4.5445723228346457
0
LINE
8
BLACK
6
CONTINUOUS
10
6.168061535433071
20
-4.5445723228346457
11
6.168061535433071
21
-4.5404612992125983
0
LINE
8
BLACK
6
CONTINUOUS
10
6.168061535433071
20
-4.5404612992125983
11
6.1691255511811018
21
-4.5364903149606297
0
LINE
8
BLACK
6
CONTINUOUS
10
6.1691255511811018
20
-4.5364903149606297
11
6.1711811023622047
21
-4.5329299999999995
0
LINE
8
BLACK
6
CONTINUOUS
10
6.1711811023622047
20
-4.5329299999999995
11
6.1740880314960629
21
-4.5300230708661413
0
LINE
8
BLACK
6
CONTINUOUS
10
6.1740880314960629
20
-4.5300230708661413
11
6.1776483464566931
21
-4.5279675196850393
0
LINE
8
BLACK
6
CONTINUOUS
10
6.1776483464566931
20
-4.5279675196850393
11
6.1816193307086609
21
-4.5269035039370076
0
LINE
8
BLACK
6
CONTINUOUS
10
6.1816193307086609
20
-4.5269035039370076
11
6.1857303543307083
21
-4.5269035039370076
0
LINE
8
BLACK
6
CONTINUOUS
10
6.1857303543307083
20
-4.5269035039370076
11
6.1897013385826769
21
-4.5279675196850393
0
LINE
8
BLACK
6
CONTINUOUS
10
6.7809934251968507
20
-4.5114922440944882
11
6.78455374015748
21
-4.5135477952755902
0
LINE
8
BLACK
6
CONTINUOUS
10
6.78455374015748
20
-4.5135477952755902
11
6.7874606692913382
21
-4.5164547244094484
0
LINE
8
BLACK
6
CONTINUOUS
10
6.7874606692913382
20
-4.5164547244094484
11
6.7895162204724411
21
-4.5200150393700786
0
LINE
8
BLACK
6
CONTINUOUS
10
6.7895162204724411
20
-4.5200150393700786
11
6.7905802362204719
21
-4.5239860236220473
0
LINE
8
BLACK
6
CONTINUOUS
10
6.7905802362204719
20
-4.5239860236220473
11
6.7905802362204719
21
-4.5280970472440947
0
LINE
8
BLACK
6
CONTINUOUS
10
6.7905802362204719
20
-4.5280970472440947
11
6.7895162204724411
21
-4.5320680314960633
0
LINE
8
BLACK
6
CONTINUOUS
10
6.7895162204724411
20
-4.5320680314960633
11
6.7874606692913382
21
-4.5356283464566927
0
LINE
8
BLACK
6
CONTINUOUS
10
6.7874606692913382
20
-4.5356283464566927
11
6.78455374015748
21
-4.5385352755905508
0
LINE
8
BLACK
6
CONTINUOUS
10
6.78455374015748
20
-4.5385352755905508
11
6.7809934251968507
21
-4.5405908267716537
0
LINE
8
BLACK
6
CONTINUOUS
10
6.7809934251968507
20
-4.5405908267716537
11
6.777022440944882
21
-4.5416548425196845
0
LINE
8
BLACK
6
CONTINUOUS
10
6.777022440944882
20
-4.5416548425196845
11
6.7729114173228346
21
-4.5416548425196845
0
LINE
8
BLACK
6
CONTINUOUS
10
6.7729114173228346
20
-4.5416548425196845
11
6.768940433070866
21
-4.5405908267716537
0
LINE
8
BLACK
6
CONTINUOUS
10
6.768940433070866
20
-4.5405908267716537
11
6.7653801181102358
21
-4.5385352755905508
0
LINE
8
BLACK
6
CONTINUOUS
10
6.7653801181102358
20
-4.5385352755905508
11
6.7624731889763776
21
-4.5356283464566927
0
LINE
8
BLACK
6
CONTINUOUS
10
6.7624731889763776
20
-4.5356283464566927
11
6.7604176377952756
21
-4.5320680314960633
0
LINE
8
BLACK
6
CONTINUOUS
10
6.7604176377952756
20
-4.5320680314960633
11
6.7593536220472439
21
-4.5280970472440947
0
LINE
8
BLACK
6
CONTINUOUS
10
6.7593536220472439
20
-4.5280970472440947
11
6.7593536220472439
21
-4.5239860236220473
0
LINE
8
BLACK
6
CONTINUOUS
10
6.7593536220472439
20
-4.5239860236220473
11
6.7604176377952756
21
-4.5200150393700786
0
LINE
8
BLACK
6
CONTINUOUS
10
6.7604176377952756
20
-4.5200150393700786
11
6.7624731889763776
21
-4.5164547244094484
0
LINE
8
BLACK
6
CONTINUOUS
10
6.7624731889763776
20
-4.5164547244094484
11
6.7653801181102358
21
-4.5135477952755902
0
LINE
8
BLACK
6
CONTINUOUS
10
6.7653801181102358
20
-4.5135477952755902
11
6.768940433070866
21
-4.5114922440944882
0
LINE
8
BLACK
6
CONTINUOUS
10
6.768940433070866
20
-4.5114922440944882
11
6.7729114173228346
21
-4.5104282283464565
0
LINE
8
BLACK
6
CONTINUOUS
10
6.7729114173228346
20
-4.5104282283464565
11
6.777022440944882
21
-4.5104282283464565
0
LINE
8
BLACK
6
CONTINUOUS
10
6.777022440944882
20
-4.5104282283464565
11
6.7809934251968507
21
-4.5114922440944882
0
LINE
8
BLACK
6
CONTINUOUS
10
6.7708430708661416
20
-4.4587942913385827
11
6.7744033858267718
21
-4.4608498425196847
0
LINE
8
BLACK
6
CONTINUOUS
10
6.7744033858267718
20
-4.4608498425196847
11
6.77731031496063
21
-4.4637567716535429
0
LINE
8
BLACK
6
CONTINUOUS
10
6.77731031496063
20
-4.4637567716535429
11
6.779365866141732
21
-4.4673170866141731
0
LINE
8
BLACK
6
CONTINUOUS
10
6.779365866141732
20
-4.4673170866141731
11
6.7804298818897637
21
-4.4712880708661418
0
LINE
8
BLACK
6
CONTINUOUS
10
6.7804298818897637
20
-4.4712880708661418
11
6.7804298818897637
21
-4.4753990944881892
0
LINE
8
BLACK
6
CONTINUOUS
10
6.7804298818897637
20
-4.4753990944881892
11
6.779365866141732
21
-4.4793700787401578
0
LINE
8
BLACK
6
CONTINUOUS
10
6.779365866141732
20
-4.4793700787401578
11
6.77731031496063
21
-4.4829303937007872
0
LINE
8
BLACK
6
CONTINUOUS
10
6.77731031496063
20
-4.4829303937007872
11
6.7744033858267718
21
-4.4858373228346453
0
LINE
8
BLACK
6
CONTINUOUS
10
6.7744033858267718
20
-4.4858373228346453
11
6.7708430708661416
21
-4.4878928740157482
0
LINE
8
BLACK
6
CONTINUOUS
10
6.7708430708661416
20
-4.4878928740157482
11
6.7668720866141729
21
-4.488956889763779
0
LINE
8
BLACK
6
CONTINUOUS
10
6.7668720866141729
20
-4.488956889763779
11
6.7627610629921255
21
-4.488956889763779
0
LINE
8
BLACK
6
CONTINUOUS
10
6.7627610629921255
20
-4.488956889763779
11
6.7587900787401569
21
-4.4878928740157482
0
LINE
8
BLACK
6
CONTINUOUS
10
6.7587900787401569
20
-4.4878928740157482
11
6.7552297637795276
21
-4.4858373228346453
0
LINE
8
BLACK
6
CONTINUOUS
10
6.7552297637795276
20
-4.4858373228346453
11
6.7523228346456694
21
-4.4829303937007872
0
LINE
8
BLACK
6
CONTINUOUS
10
6.7523228346456694
20
-4.4829303937007872
11
6.7502672834645665
21
-4.4793700787401578
0
LINE
8
BLACK
6
CONTINUOUS
10
6.7502672834645665
20
-4.4793700787401578
11
6.7492032677165357
21
-4.4753990944881892
0
LINE
8
BLACK
6
CONTINUOUS
10
6.7492032677165357
20
-4.4753990944881892
11
6.7492032677165357
21
-4.4712880708661418
0
LINE
8
BLACK
6
CONTINUOUS
10
6.7492032677165357
20
-4.4712880708661418
11
6.7502672834645665
21
-4.4673170866141731
0
LINE
8
BLACK
6
CONTINUOUS
10
6.7502672834645665
20
-4.4673170866141731
11
6.7523228346456694
21
-4.4637567716535429
0
LINE
8
BLACK
6
CONTINUOUS
10
6.7523228346456694
20
-4.4637567716535429
11
6.7552297637795276
21
-4.4608498425196847
0
LINE
8
BLACK
6
CONTINUOUS
10
6.7552297637795276
20
-4.4608498425196847
11
6.7587900787401569
21
-4.4587942913385827
0
LINE
8
BLACK
6
CONTINUOUS
10
6.7587900787401569
20
-4.4587942913385827
11
6.7627610629921255
21
-4.457730275590551
0
LINE
8
BLACK
6
CONTINUOUS
10
6.7627610629921255
20
-4.457730275590551
11
6.7668720866141729
21
-4.457730275590551
0
LINE
8
BLACK
6
CONTINUOUS
10
6.7668720866141729
20
-4.457730275590551
11
6.7708430708661416
21
-4.4587942913385827
0
LINE
8
BLACK
6
CONTINUOUS
10
6.9854099999999999
20
-4.2973769685039365
11
6.9889703149606301
21
-4.2994325196850394
0
LINE
8
BLACK
6
CONTINUOUS
10
6.9889703149606301
20
-4.2994325196850394
11
6.9918772440944883
21
-4.3023394488188975
0
LINE
8
BLACK
6
CONTINUOUS
10
6.9918772440944883
20
-4.3023394488188975
11
6.9939327952755903
21
-4.3058997637795278
0
LINE
8
BLACK
6
CONTINUOUS
10
6.9939327952755903
20
-4.3058997637795278
11
6.994996811023622
21
-4.3098707480314964
0
LINE
8
BLACK
6
CONTINUOUS
10
6.994996811023622
20
-4.3098707480314964
11
6.994996811023622
21
-4.3139817716535429
0
LINE
8
BLACK
6
CONTINUOUS
10
6.994996811023622
20
-4.3139817716535429
11
6.9939327952755903
21
-4.3179527559055115
0
LINE
8
BLACK
6
CONTINUOUS
10
6.9939327952755903
20
-4.3179527559055115
11
6.9918772440944883
21
-4.3215130708661418
0
LINE
8
BLACK
6
CONTINUOUS
10
6.9918772440944883
20
-4.3215130708661418
11
6.9889703149606301
21
-4.3244199999999999
0
LINE
8
BLACK
6
CONTINUOUS
10
6.9889703149606301
20
-4.3244199999999999
11
6.9854099999999999
21
-4.3264755511811019
0
LINE
8
BLACK
6
CONTINUOUS
10
6.9854099999999999
20
-4.3264755511811019
11
6.9814390157480313
21
-4.3275395669291337
0
LINE
8
BLACK
6
CONTINUOUS
10
6.9814390157480313
20
-4.3275395669291337
11
6.9773279921259839
21
-4.3275395669291337
0
LINE
8
BLACK
6
CONTINUOUS
10
6.9773279921259839
20
-4.3275395669291337
11
6.975417559055118
21
-4.3270276771653542
0
LINE
8
BLACK
6
CONTINUOUS
10
6.975417559055118
20
-4.3270276771653542
11
6.8715654330708658
21
-4.4308798425196851
0
LINE
8
BLACK
6
CONTINUOUS
10
6.8715654330708658
20
-4.4308798425196851
11
6.8703722440944883
21
-4.431859094488189
0
LINE
8
BLACK
6
CONTINUOUS
10
6.8703722440944883
20
-4.431859094488189
11
6.8675338188976376
21
-4.4330348031496065
0
LINE
8
BLACK
6
CONTINUOUS
10
6.8675338188976376
20
-4.4330348031496065
11
6.8659976771653541
21
-4.433186102362205
0
LINE
8
BLACK
6
CONTINUOUS
10
6.8659976771653541
20
-4.433186102362205
11
6.6397165354330703
21
-4.433186102362205
0
LINE
8
BLACK
6
CONTINUOUS
10
6.6397165354330703
20
-4.433186102362205
11
6.6387276377952755
21
-4.4348988976377948
0
LINE
8
BLACK
6
CONTINUOUS
10
6.6387276377952755
20
-4.4348988976377948
11
6.6358207086614174
21
-4.4378058267716538
0
LINE
8
BLACK
6
CONTINUOUS
10
6.6358207086614174
20
-4.4378058267716538
11
6.6322603937007871
21
-4.4398613779527558
0
LINE
8
BLACK
6
CONTINUOUS
10
6.6322603937007871
20
-4.4398613779527558
11
6.6282894094488185
21
-4.4409253937007875
0
LINE
8
BLACK
6
CONTINUOUS
10
6.6282894094488185
20
-4.4409253937007875
11
6.6241783858267711
21
-4.4409253937007875
0
LINE
8
BLACK
6
CONTINUOUS
10
6.6241783858267711
20
-4.4409253937007875
11
6.6202074015748034
21
-4.4398613779527558
0
LINE
8
BLACK
6
CONTINUOUS
10
6.6202074015748034
20
-4.4398613779527558
11
6.6166470866141731
21
-4.4378058267716538
0
LINE
8
BLACK
6
CONTINUOUS
10
6.6166470866141731
20
-4.4378058267716538
11
6.613740157480315
21
-4.4348988976377948
0
LINE
8
BLACK
6
CONTINUOUS
10
6.613740157480315
20
-4.4348988976377948
11
6.6116846062992121
21
-4.4313385826771654
0
LINE
8
BLACK
6
CONTINUOUS
10
6.6116846062992121
20
-4.4313385826771654
11
6.6106205905511812
21
-4.4273675984251968
0
LINE
8
BLACK
6
CONTINUOUS
10
6.6106205905511812
20
-4.4273675984251968
11
6.6106205905511812
21
-4.4232565748031494
0
LINE
8
BLACK
6
CONTINUOUS
10
6.6106205905511812
20
-4.4232565748031494
11
6.6116846062992121
21
-4.4192855905511808
0
LINE
8
BLACK
6
CONTINUOUS
10
6.6116846062992121
20
-4.4192855905511808
11
6.613740157480315
21
-4.4157252755905514
0
LINE
8
BLACK
6
CONTINUOUS
10
6.613740157480315
20
-4.4157252755905514
11
6.6166470866141731
21
-4.4128183464566932
0
LINE
8
BLACK
6
CONTINUOUS
10
6.6166470866141731
20
-4.4128183464566932
11
6.6202074015748034
21
-4.4107627952755903
0
LINE
8
BLACK
6
CONTINUOUS
10
6.6202074015748034
20
-4.4107627952755903
11
6.6241783858267711
21
-4.4096987795275586
0
LINE
8
BLACK
6
CONTINUOUS
10
6.6241783858267711
20
-4.4096987795275586
11
6.6282894094488185
21
-4.4096987795275586
0
LINE
8
BLACK
6
CONTINUOUS
10
6.6282894094488185
20
-4.4096987795275586
11
6.6322603937007871
21
-4.4107627952755903
0
LINE
8
BLACK
6
CONTINUOUS
10
6.6322603937007871
20
-4.4107627952755903
11
6.6358207086614174
21
-4.4128183464566932
0
LINE
8
BLACK
6
CONTINUOUS
10
6.6358207086614174
20
-4.4128183464566932
11
6.6387276377952755
21
-4.4157252755905514
0
LINE
8
BLACK
6
CONTINUOUS
10
6.6387276377952755
20
-4.4157252755905514
11
6.6397165354330703
21
-4.417438070866142
0
LINE
8
BLACK
6
CONTINUOUS
10
6.6397165354330703
20
-4.417438070866142
11
6.8627361811023624
21
-4.417438070866142
0
LINE
8
BLACK
6
CONTINUOUS
10
6.8627361811023624
20
-4.417438070866142
11
6.9642820472440947
21
-4.315892165354331
0
LINE
8
BLACK
6
CONTINUOUS
10
6.9642820472440947
20
-4.315892165354331
11
6.9637701968503931
21
-4.3139817716535429
0
LINE
8
BLACK
6
CONTINUOUS
10
6.9637701968503931
20
-4.3139817716535429
11
6.9637701968503931
21
-4.3098707480314964
0
LINE
8
BLACK
6
CONTINUOUS
10
6.9637701968503931
20
-4.3098707480314964
11
6.9648342125984248
21
-4.3058997637795278
0
LINE
8
BLACK
6
CONTINUOUS
10
6.9648342125984248
20
-4.3058997637795278
11
6.9668897637795277
21
-4.3023394488188975
0
LINE
8
BLACK
6
CONTINUOUS
10
6.9668897637795277
20
-4.3023394488188975
11
6.9697966929133859
21
-4.2994325196850394
0
LINE
8
BLACK
6
CONTINUOUS
10
6.9697966929133859
20
-4.2994325196850394
11
6.9733570078740152
21
-4.2973769685039365
0
LINE
8
BLACK
6
CONTINUOUS
10
6.9733570078740152
20
-4.2973769685039365
11
6.9773279921259839
21
-4.2963129527559056
0
LINE
8
BLACK
6
CONTINUOUS
10
6.9773279921259839
20
-4.2963129527559056
11
6.9814390157480313
21
-4.2963129527559056
0
LINE
8
BLACK
6
CONTINUOUS
10
6.9814390157480313
20
-4.2963129527559056
11
6.9854099999999999
21
-4.2973769685039365
0
LINE
8
BLACK
6
CONTINUOUS
10
7.0707018897637797
20
-4.4829669685039368
11
7.074262204724409
21
-4.4850225196850388
0
LINE
8
BLACK
6
CONTINUOUS
10
7.074262204724409
20
-4.4850225196850388
11
7.0771691338582672
21
-4.4879294488188979
0
LINE
8
BLACK
6
CONTINUOUS
10
7.0771691338582672
20
-4.4879294488188979
11
7.0792246850393701
21
-4.4914897637795272
0
LINE
8
BLACK
6
CONTINUOUS
10
7.0792246850393701
20
-4.4914897637795272
11
7.0802887007874018
21
-4.4954607480314959
0
LINE
8
BLACK
6
CONTINUOUS
10
7.0802887007874018
20
-4.4954607480314959
11
7.0802887007874018
21
-4.4995717716535433
0
LINE
8
BLACK
6
CONTINUOUS
10
7.0802887007874018
20
-4.4995717716535433
11
7.0792246850393701
21
-4.5035427559055119
0
LINE
8
BLACK
6
CONTINUOUS
10
7.0792246850393701
20
-4.5035427559055119
11
7.0771691338582672
21
-4.5071030708661413
0
LINE
8
BLACK
6
CONTINUOUS
10
7.0771691338582672
20
-4.5071030708661413
11
7.074262204724409
21
-4.5100100000000003
0
LINE
8
BLACK
6
CONTINUOUS
10
7.074262204724409
20
-4.5100100000000003
11
7.0707018897637797
21
-4.5120655511811023
0
LINE
8
BLACK
6
CONTINUOUS
10
7.0707018897637797
20
-4.5120655511811023
11
7.066730905511811
21
-4.513129566929134
0
LINE
8
BLACK
6
CONTINUOUS
10
7.066730905511811
20
-4.513129566929134
11
7.0626198818897636
21
-4.513129566929134
0
LINE
8
BLACK
6
CONTINUOUS
10
7.0626198818897636
20
-4.513129566929134
11
7.058648897637795
21
-4.5120655511811023
0
LINE
8
BLACK
6
CONTINUOUS
10
7.058648897637795
20
-4.5120655511811023
11
7.0550885826771648
21
-4.5100100000000003
0
LINE
8
BLACK
6
CONTINUOUS
10
7.0550885826771648
20
-4.5100100000000003
11
7.0521816535433066
21
-4.5071030708661413
0
LINE
8
BLACK
6
CONTINUOUS
10
7.0521816535433066
20
-4.5071030708661413
11
7.0501261023622046
21
-4.5035427559055119
0
LINE
8
BLACK
6
CONTINUOUS
10
7.0501261023622046
20
-4.5035427559055119
11
7.0490620866141729
21
-4.4995717716535433
0
LINE
8
BLACK
6
CONTINUOUS
10
7.0490620866141729
20
-4.4995717716535433
11
7.0490620866141729
21
-4.4954607480314959
0
LINE
8
BLACK
6
CONTINUOUS
10
7.0490620866141729
20
-4.4954607480314959
11
7.0501261023622046
21
-4.4914897637795272
0
LINE
8
BLACK
6
CONTINUOUS
10
7.0501261023622046
20
-4.4914897637795272
11
7.0521816535433066
21
-4.4879294488188979
0
LINE
8
BLACK
6
CONTINUOUS
10
7.0521816535433066
20
-4.4879294488188979
11
7.0550885826771648
21
-4.4850225196850388
0
LINE
8
BLACK
6
CONTINUOUS
10
7.0550885826771648
20
-4.4850225196850388
11
7.058648897637795
21
-4.4829669685039368
0
LINE
8
BLACK
6
CONTINUOUS
10
7.058648897637795
20
-4.4829669685039368
11
7.0626198818897636
21
-4.4819029527559051
0
LINE
8
BLACK
6
CONTINUOUS
10
7.0626198818897636
20
-4.4819029527559051
11
7.066730905511811
21
-4.4819029527559051
0
LINE
8
BLACK
6
CONTINUOUS
10
7.066730905511811
20
-4.4819029527559051
11
7.0707018897637797
21
-4.4829669685039368
0
LINE
8
BLACK
6
CONTINUOUS
10
7.1160720078740152
20
-4.4827001181102357
11
7.1196323228346454
21
-4.4847556692913386
0
LINE
8
BLACK
6
CONTINUOUS
10
7.1196323228346454
20
-4.4847556692913386
11
7.1225392519685036
21
-4.4876625984251968
0
LINE
8
BLACK
6
CONTINUOUS
10
7.1225392519685036
20
-4.4876625984251968
11
7.1245948031496065
21
-4.491222913385827
0
LINE
8
BLACK
6
CONTINUOUS
10
7.1245948031496065
20
-4.491222913385827
11
7.1256588188976373
21
-4.4951938976377948
0
LINE
8
BLACK
6
CONTINUOUS
10
7.1256588188976373
20
-4.4951938976377948
11
7.1256588188976373
21
-4.4993049212598422
0
LINE
8
BLACK
6
CONTINUOUS
10
7.1256588188976373
20
-4.4993049212598422
11
7.1245948031496065
21
-4.5032759055118108
0
LINE
8
BLACK
6
CONTINUOUS
10
7.1245948031496065
20
-4.5032759055118108
11
7.1225392519685036
21
-4.506836220472441
0
LINE
8
BLACK
6
CONTINUOUS
10
7.1225392519685036
20
-4.506836220472441
11
7.1196323228346454
21
-4.5097431496062992
0
LINE
8
BLACK
6
CONTINUOUS
10
7.1196323228346454
20
-4.5097431496062992
11
7.1160720078740152
21
-4.5117987007874012
0
LINE
8
BLACK
6
CONTINUOUS
10
7.1160720078740152
20
-4.5117987007874012
11
7.1121010236220474
21
-4.5128627165354329
0
LINE
8
BLACK
6
CONTINUOUS
10
7.1121010236220474
20
-4.5128627165354329
11
7.10799
21
-4.5128627165354329
0
LINE
8
BLACK
6
CONTINUOUS
10
7.10799
20
-4.5128627165354329
11
7.1040190157480314
21
-4.5117987007874012
0
LINE
8
BLACK
6
CONTINUOUS
10
7.1040190157480314
20
-4.5117987007874012
11
7.1004587007874012
21
-4.5097431496062992
0
LINE
8
BLACK
6
CONTINUOUS
10
7.1004587007874012
20
-4.5097431496062992
11
7.097551771653543
21
-4.506836220472441
0
LINE
8
BLACK
6
CONTINUOUS
10
7.097551771653543
20
-4.506836220472441
11
7.095496220472441
21
-4.5032759055118108
0
LINE
8
BLACK
6
CONTINUOUS
10
7.095496220472441
20
-4.5032759055118108
11
7.0944322047244093
21
-4.4993049212598422
0
LINE
8
BLACK
6
CONTINUOUS
10
7.0944322047244093
20
-4.4993049212598422
11
7.0944322047244093
21
-4.4951938976377948
0
LINE
8
BLACK
6
CONTINUOUS
10
7.0944322047244093
20
-4.4951938976377948
11
7.095496220472441
21
-4.491222913385827
0
LINE
8
BLACK
6
CONTINUOUS
10
7.095496220472441
20
-4.491222913385827
11
7.097551771653543
21
-4.4876625984251968
0
LINE
8
BLACK
6
CONTINUOUS
10
7.097551771653543
20
-4.4876625984251968
11
7.1004587007874012
21
-4.4847556692913386
0
LINE
8
BLACK
6
CONTINUOUS
10
7.1004587007874012
20
-4.4847556692913386
11
7.1040190157480314
21
-4.4827001181102357
0
LINE
8
BLACK
6
CONTINUOUS
10
7.1040190157480314
20
-4.4827001181102357
11
7.10799
21
-4.4816361023622049
0
LINE
8
BLACK
6
CONTINUOUS
10
7.10799
20
-4.4816361023622049
11
7.1121010236220474
21
-4.4816361023622049
0
LINE
8
BLACK
6
CONTINUOUS
10
7.1121010236220474
20
-4.4816361023622049
11
7.1160720078740152
21
-4.4827001181102357
0
LINE
8
BLACK
6
CONTINUOUS
10
6.7708430708661416
20
-4.3544635826771652
11
6.7744033858267718
21
-4.3565191338582681
0
LINE
8
BLACK
6
CONTINUOUS
10
6.7744033858267718
20
-4.3565191338582681
11
6.77731031496063
21
-4.3594260629921262
0
LINE
8
BLACK
6
CONTINUOUS
10
6.77731031496063
20
-4.3594260629921262
11
6.779365866141732
21
-4.3629863779527556
0
LINE
8
BLACK
6
CONTINUOUS
10
6.779365866141732
20
-4.3629863779527556
11
6.7804298818897637
21
-4.3669573622047242
0
LINE
8
BLACK
6
CONTINUOUS
10
6.7804298818897637
20
-4.3669573622047242
11
6.7804298818897637
21
-4.3710683858267716
0
LINE
8
BLACK
6
CONTINUOUS
10
6.7804298818897637
20
-4.3710683858267716
11
6.779365866141732
21
-4.3750393700787402
0
LINE
8
BLACK
6
CONTINUOUS
10
6.779365866141732
20
-4.3750393700787402
11
6.77731031496063
21
-4.3785996850393696
0
LINE
8
BLACK
6
CONTINUOUS
10
6.77731031496063
20
-4.3785996850393696
11
6.7744033858267718
21
-4.3815066141732286
0
LINE
8
BLACK
6
CONTINUOUS
10
6.7744033858267718
20
-4.3815066141732286
11
6.7708430708661416
21
-4.3835621653543306
0
LINE
8
BLACK
6
CONTINUOUS
10
6.7708430708661416
20
-4.3835621653543306
11
6.7668720866141729
21
-4.3846261811023624
0
LINE
8
BLACK
6
CONTINUOUS
10
6.7668720866141729
20
-4.3846261811023624
11
6.7627610629921255
21
-4.3846261811023624
0
LINE
8
BLACK
6
CONTINUOUS
10
6.7627610629921255
20
-4.3846261811023624
11
6.7587900787401569
21
-4.3835621653543306
0
LINE
8
BLACK
6
CONTINUOUS
10
6.7587900787401569
20
-4.3835621653543306
11
6.7552297637795276
21
-4.3815066141732286
0
LINE
8
BLACK
6
CONTINUOUS
10
6.7552297637795276
20
-4.3815066141732286
11
6.7523228346456694
21
-4.3785996850393696
0
LINE
8
BLACK
6
CONTINUOUS
10
6.7523228346456694
20
-4.3785996850393696
11
6.7502672834645665
21
-4.3750393700787402
0
LINE
8
BLACK
6
CONTINUOUS
10
6.7502672834645665
20
-4.3750393700787402
11
6.7492032677165357
21
-4.3710683858267716
0
LINE
8
BLACK
6
CONTINUOUS
10
6.7492032677165357
20
-4.3710683858267716
11
6.7492032677165357
21
-4.3669573622047242
0
LINE
8
BLACK
6
CONTINUOUS
10
6.7492032677165357
20
-4.3669573622047242
11
6.7502672834645665
21
-4.3629863779527556
0
LINE
8
BLACK
6
CONTINUOUS
10
6.7502672834645665
20
-4.3629863779527556
11
6.7523228346456694
21
-4.3594260629921262
0
LINE
8
BLACK
6
CONTINUOUS
10
6.7523228346456694
20
-4.3594260629921262
11
6.7552297637795276
21
-4.3565191338582681
0
LINE
8
BLACK
6
CONTINUOUS
10
6.7552297637795276
20
-4.3565191338582681
11
6.7587900787401569
21
-4.3544635826771652
0
LINE
8
BLACK
6
CONTINUOUS
10
6.7587900787401569
20
-4.3544635826771652
11
6.7627610629921255
21
-4.3533995669291334
0
LINE
8
BLACK
6
CONTINUOUS
10
6.7627610629921255
20
-4.3533995669291334
11
6.7668720866141729
21
-4.3533995669291334
0
LINE
8
BLACK
6
CONTINUOUS
10
6.7668720866141729
20
-4.3533995669291334
11
6.7708430708661416
21
-4.3544635826771652
0
LINE
8
BLACK
6
CONTINUOUS
10
5.5788613779527561
20
-4.233846850393701
11
5.5824216929133854
21
-4.235902401574803
0
LINE
8
BLACK
6
CONTINUOUS
10
5.5824216929133854
20
-4.235902401574803
11
5.5853286220472436
21
-4.2388093307086612
0
LINE
8
BLACK
6
CONTINUOUS
10
5.5853286220472436
20
-4.2388093307086612
11
5.5873841732283465
21
-4.2423696456692914
0
LINE
8
BLACK
6
CONTINUOUS
10
5.5873841732283465
20
-4.2423696456692914
11
5.5884481889763782
21
-4.24634062992126
0
LINE
8
BLACK
6
CONTINUOUS
10
5.5884481889763782
20
-4.24634062992126
11
5.5884481889763782
21
-4.2504516535433066
0
LINE
8
BLACK
6
CONTINUOUS
10
5.5884481889763782
20
-4.2504516535433066
11
5.5873841732283465
21
-4.2544226377952752
0
LINE
8
BLACK
6
CONTINUOUS
10
5.5873841732283465
20
-4.2544226377952752
11
5.5853286220472436
21
-4.2579829527559054
0
LINE
8
BLACK
6
CONTINUOUS
10
5.5853286220472436
20
-4.2579829527559054
11
5.5824216929133854
21
-4.2608898818897636
0
LINE
8
BLACK
6
CONTINUOUS
10
5.5824216929133854
20
-4.2608898818897636
11
5.5788613779527561
21
-4.2629454330708665
0
LINE
8
BLACK
6
CONTINUOUS
10
5.5788613779527561
20
-4.2629454330708665
11
5.5748903937007874
21
-4.2640094488188973
0
LINE
8
BLACK
6
CONTINUOUS
10
5.5748903937007874
20
-4.2640094488188973
11
5.57077937007874
21
-4.2640094488188973
0
LINE
8
BLACK
6
CONTINUOUS
10
5.57077937007874
20
-4.2640094488188973
11
5.5668083858267714
21
-4.2629454330708665
0
LINE
8
BLACK
6
CONTINUOUS
10
5.5668083858267714
20
-4.2629454330708665
11
5.563248070866142
21
-4.2608898818897636
0
LINE
8
BLACK
6
CONTINUOUS
10
5.563248070866142
20
-4.2608898818897636
11
5.560341141732283
21
-4.2579829527559054
0
LINE
8
BLACK
6
CONTINUOUS
10
5.560341141732283
20
-4.2579829527559054
11
5.558285590551181
21
-4.2544226377952752
0
LINE
8
BLACK
6
CONTINUOUS
10
5.558285590551181
20
-4.2544226377952752
11
5.5572215748031493
21
-4.2504516535433066
0
LINE
8
BLACK
6
CONTINUOUS
10
5.5572215748031493
20
-4.2504516535433066
11
5.5572215748031493
21
-4.24634062992126
0
LINE
8
BLACK
6
CONTINUOUS
10
5.5572215748031493
20
-4.24634062992126
11
5.558285590551181
21
-4.2423696456692914
0
LINE
8
BLACK
6
CONTINUOUS
10
5.558285590551181
20
-4.2423696456692914
11
5.560341141732283
21
-4.2388093307086612
0
LINE
8
BLACK
6
CONTINUOUS
10
5.560341141732283
20
-4.2388093307086612
11
5.563248070866142
21
-4.235902401574803
0
LINE
8
BLACK
6
CONTINUOUS
10
5.563248070866142
20
-4.235902401574803
11
5.5668083858267714
21
-4.233846850393701
0
LINE
8
BLACK
6
CONTINUOUS
10
5.5668083858267714
20
-4.233846850393701
11
5.57077937007874
21
-4.2327828346456693
0
LINE
8
BLACK
6
CONTINUOUS
10
5.57077937007874
20
-4.2327828346456693
11
5.5748903937007874
21
-4.2327828346456693
0
LINE
8
BLACK
6
CONTINUOUS
10
5.5748903937007874
20
-4.2327828346456693
11
5.5788613779527561
21
-4.233846850393701
0
LINE
8
BLACK
6
CONTINUOUS
10
5.5657800787401577
20
-4.1639675196850394
11
5.569340393700787
21
-4.1660230708661414
0
LINE
8
BLACK
6
CONTINUOUS
10
5.569340393700787
20
-4.1660230708661414
11
5.5722473228346452
21
-4.1689299999999996
0
LINE
8
BLACK
6
CONTINUOUS
10
5.5722473228346452
20
-4.1689299999999996
11
5.5743028740157481
21
-4.1724903149606298
0
LINE
8
BLACK
6
CONTINUOUS
10
5.5743028740157481
20
-4.1724903149606298
11
5.5753668897637798
21
-4.1764612992125985
0
LINE
8
BLACK
6
CONTINUOUS
10
5.5753668897637798
20
-4.1764612992125985
11
5.5753668897637798
21
-4.1805723228346459
0
LINE
8
BLACK
6
CONTINUOUS
10
5.5753668897637798
20
-4.1805723228346459
11
5.5743028740157481
21
-4.1845433070866145
0
LINE
8
BLACK
6
CONTINUOUS
10
5.5743028740157481
20
-4.1845433070866145
11
5.5722473228346452
21
-4.1881036220472438
0
LINE
8
BLACK
6
CONTINUOUS
10
5.5722473228346452
20
-4.1881036220472438
11
5.569340393700787
21
-4.191010551181102
0
LINE
8
BLACK
6
CONTINUOUS
10
5.569340393700787
20
-4.191010551181102
11
5.5657800787401577
21
-4.1930661023622049
0
LINE
8
BLACK
6
CONTINUOUS
10
5.5657800787401577
20
-4.1930661023622049
11
5.5618090944881891
21
-4.1941301181102357
0
LINE
8
BLACK
6
CONTINUOUS
10
5.5618090944881891
20
-4.1941301181102357
11
5.5576980708661416
21
-4.1941301181102357
0
LINE
8
BLACK
6
CONTINUOUS
10
5.5576980708661416
20
-4.1941301181102357
11
5.553727086614173
21
-4.1930661023622049
0
LINE
8
BLACK
6
CONTINUOUS
10
5.553727086614173
20
-4.1930661023622049
11
5.5501667716535428
21
-4.191010551181102
0
LINE
8
BLACK
6
CONTINUOUS
10
5.5501667716535428
20
-4.191010551181102
11
5.5472598425196846
21
-4.1881036220472438
0
LINE
8
BLACK
6
CONTINUOUS
10
5.5472598425196846
20
-4.1881036220472438
11
5.5452042913385826
21
-4.1845433070866145
0
LINE
8
BLACK
6
CONTINUOUS
10
5.5452042913385826
20
-4.1845433070866145
11
5.5441402755905509
21
-4.1805723228346459
0
LINE
8
BLACK
6
CONTINUOUS
10
5.5441402755905509
20
-4.1805723228346459
11
5.5441402755905509
21
-4.1764612992125985
0
LINE
8
BLACK
6
CONTINUOUS
10
5.5441402755905509
20
-4.1764612992125985
11
5.5452042913385826
21
-4.1724903149606298
0
LINE
8
BLACK
6
CONTINUOUS
10
5.5452042913385826
20
-4.1724903149606298
11
5.5472598425196846
21
-4.1689299999999996
0
LINE
8
BLACK
6
CONTINUOUS
10
5.5472598425196846
20
-4.1689299999999996
11
5.5501667716535428
21
-4.1660230708661414
0
LINE
8
BLACK
6
CONTINUOUS
10
5.5501667716535428
20
-4.1660230708661414
11
5.553727086614173
21
-4.1639675196850394
0
LINE
8
BLACK
6
CONTINUOUS
10
5.553727086614173
20
-4.1639675196850394
11
5.5576980708661416
21
-4.1629035039370077
0
LINE
8
BLACK
6
CONTINUOUS
10
5.5576980708661416
20
-4.1629035039370077
11
5.5618090944881891
21
-4.1629035039370077
0
LINE
8
BLACK
6
CONTINUOUS
10
5.5618090944881891
20
-4.1629035039370077
11
5.5657800787401577
21
-4.1639675196850394
0
LINE
8
BLACK
6
CONTINUOUS
10
7.0980084251968503
20
-4.0702116141732283
11
7.1015687401574805
21
-4.0722671653543303
0
LINE
8
BLACK
6
CONTINUOUS
10
7.1015687401574805
20
-4.0722671653543303
11
7.1044756692913387
21
-4.0751740944881885
0
LINE
8
BLACK
6
CONTINUOUS
10
7.1044756692913387
20
-4.0751740944881885
11
7.1065312204724407
21
-4.0787344094488187
0
LINE
8
BLACK
6
CONTINUOUS
10
7.1065312204724407
20
-4.0787344094488187
11
7.1075952362204724
21
-4.0827053937007873
0
LINE
8
BLACK
6
CONTINUOUS
10
7.1075952362204724
20
-4.0827053937007873
11
7.1075952362204724
21
-4.0868164173228347
0
LINE
8
BLACK
6
CONTINUOUS
10
7.1075952362204724
20
-4.0868164173228347
11
7.1065312204724407
21
-4.0907874015748034
0
LINE
8
BLACK
6
CONTINUOUS
10
7.1065312204724407
20
-4.0907874015748034
11
7.1044756692913387
21
-4.0943477165354327
0
LINE
8
BLACK
6
CONTINUOUS
10
7.1044756692913387
20
-4.0943477165354327
11
7.1015687401574805
21
-4.0972546456692909
0
LINE
8
BLACK
6
CONTINUOUS
10
7.1015687401574805
20
-4.0972546456692909
11
7.0980084251968503
21
-4.0993101968503938
0
LINE
8
BLACK
6
CONTINUOUS
10
7.0980084251968503
20
-4.0993101968503938
11
7.0940374409448816
21
-4.1003742125984255
0
LINE
8
BLACK
6
CONTINUOUS
10
7.0940374409448816
20
-4.1003742125984255
11
7.0899264173228342
21
-4.1003742125984255
0
LINE
8
BLACK
6
CONTINUOUS
10
7.0899264173228342
20
-4.1003742125984255
11
7.0859554330708656
21
-4.0993101968503938
0
LINE
8
BLACK
6
CONTINUOUS
10
7.0859554330708656
20
-4.0993101968503938
11
7.0823951181102363
21
-4.0972546456692909
0
LINE
8
BLACK
6
CONTINUOUS
10
7.0823951181102363
20
-4.0972546456692909
11
7.0794881889763781
21
-4.0943477165354327
0
LINE
8
BLACK
6
CONTINUOUS
10
7.0794881889763781
20
-4.0943477165354327
11
7.0774326377952752
21
-4.0907874015748034
0
LINE
8
BLACK
6
CONTINUOUS
10
7.0774326377952752
20
-4.0907874015748034
11
7.0763686220472444
21
-4.0868164173228347
0
LINE
8
BLACK
6
CONTINUOUS
10
7.0763686220472444
20
-4.0868164173228347
11
7.0763686220472444
21
-4.0827053937007873
0
LINE
8
BLACK
6
CONTINUOUS
10
7.0763686220472444
20
-4.0827053937007873
11
7.0774326377952752
21
-4.0787344094488187
0
LINE
8
BLACK
6
CONTINUOUS
10
7.0774326377952752
20
-4.0787344094488187
11
7.0794881889763781
21
-4.0751740944881885
0
LINE
8
BLACK
6
CONTINUOUS
10
7.0794881889763781
20
-4.0751740944881885
11
7.0823951181102363
21
-4.0722671653543303
0
LINE
8
BLACK
6
CONTINUOUS
10
7.0823951181102363
20
-4.0722671653543303
11
7.0859554330708656
21
-4.0702116141732283
0
LINE
8
BLACK
6
CONTINUOUS
10
7.0859554330708656
20
-4.0702116141732283
11
7.0899264173228342
21
-4.0691475984251966
0
LINE
8
BLACK
6
CONTINUOUS
10
7.0899264173228342
20
-4.0691475984251966
11
7.0940374409448816
21
-4.0691475984251966
0
LINE
8
BLACK
6
CONTINUOUS
10
7.0940374409448816
20
-4.0691475984251966
11
7.0980084251968503
21
-4.0702116141732283
0
LINE
8
BLACK
6
CONTINUOUS
10
6.7243863779527562
20
-4.036746889763779
11
6.7279466929133855
21
-4.0388024409448819
0
LINE
8
BLACK
6
CONTINUOUS
10
6.7279466929133855
20
-4.0388024409448819
11
6.7308536220472437
21
-4.0417093700787401
0
LINE
8
BLACK
6
CONTINUOUS
10
6.7308536220472437
20
-4.0417093700787401
11
6.7329091732283466
21
-4.0452696850393703
0
LINE
8
BLACK
6
CONTINUOUS
10
6.7329091732283466
20
-4.0452696850393703
11
6.7339731889763774
21
-4.0492406692913381
0
LINE
8
BLACK
6
CONTINUOUS
10
6.7339731889763774
20
-4.0492406692913381
11
6.7339731889763774
21
-4.0533516929133855
0
LINE
8
BLACK
6
CONTINUOUS
10
6.7339731889763774
20
-4.0533516929133855
11
6.7329091732283466
21
-4.0573226771653541
0
LINE
8
BLACK
6
CONTINUOUS
10
6.7329091732283466
20
-4.0573226771653541
11
6.7308536220472437
21
-4.0608829921259844
0
LINE
8
BLACK
6
CONTINUOUS
10
6.7308536220472437
20
-4.0608829921259844
11
6.7279466929133855
21
-4.0637899212598425
0
LINE
8
BLACK
6
CONTINUOUS
10
6.7279466929133855
20
-4.0637899212598425
11
6.7243863779527562
21
-4.0658454724409445
0
LINE
8
BLACK
6
CONTINUOUS
10
6.7243863779527562
20
-4.0658454724409445
11
6.7204153937007876
21
-4.0669094881889762
0
LINE
8
BLACK
6
CONTINUOUS
10
6.7204153937007876
20
-4.0669094881889762
11
6.7163043700787401
21
-4.0669094881889762
0
LINE
8
BLACK
6
CONTINUOUS
10
6.7163043700787401
20
-4.0669094881889762
11
6.7123333858267715
21
-4.0658454724409445
0
LINE
8
BLACK
6
CONTINUOUS
10
6.7123333858267715
20
-4.0658454724409445
11
6.7087730708661413
21
-4.0637899212598425
0
LINE
8
BLACK
6
CONTINUOUS
10
6.7087730708661413
20
-4.0637899212598425
11
6.7058661417322831
21
-4.0608829921259844
0
LINE
8
BLACK
6
CONTINUOUS
10
6.7058661417322831
20
-4.0608829921259844
11
6.7038105905511811
21
-4.0573226771653541
0
LINE
8
BLACK
6
CONTINUOUS
10
6.7038105905511811
20
-4.0573226771653541
11
6.7027465748031494
21
-4.0533516929133855
0
LINE
8
BLACK
6
CONTINUOUS
10
6.7027465748031494
20
-4.0533516929133855
11
6.7027465748031494
21
-4.0492406692913381
0
LINE
8
BLACK
6
CONTINUOUS
10
6.7027465748031494
20
-4.0492406692913381
11
6.7038105905511811
21
-4.0452696850393703
0
LINE
8
BLACK
6
CONTINUOUS
10
6.7038105905511811
20
-4.0452696850393703
11
6.7058661417322831
21
-4.0417093700787401
0
LINE
8
BLACK
6
CONTINUOUS
10
6.7058661417322831
20
-4.0417093700787401
11
6.7087730708661413
21
-4.0388024409448819
0
LINE
8
BLACK
6
CONTINUOUS
10
6.7087730708661413
20
-4.0388024409448819
11
6.7123333858267715
21
-4.036746889763779
0
LINE
8
BLACK
6
CONTINUOUS
10
6.7123333858267715
20
-4.036746889763779
11
6.7163043700787401
21
-4.0356828740157482
0
LINE
8
BLACK
6
CONTINUOUS
10
6.7163043700787401
20
-4.0356828740157482
11
6.7204153937007876
21
-4.0356828740157482
0
LINE
8
BLACK
6
CONTINUOUS
10
6.7204153937007876
20
-4.0356828740157482
11
6.7243863779527562
21
-4.036746889763779
0
LINE
8
BLACK
6
CONTINUOUS
10
5.3937013385826766
20
-4.0245656692913387
11
5.3972616535433069
21
-4.0266212204724408
0
LINE
8
BLACK
6
CONTINUOUS
10
5.3972616535433069
20
-4.0266212204724408
11
5.400168582677165
21
-4.0295281496062989
0
LINE
8
BLACK
6
CONTINUOUS
10
5.400168582677165
20
-4.0295281496062989
11
5.4022241338582679
21
-4.0330884645669292
0
LINE
8
BLACK
6
CONTINUOUS
10
5.4022241338582679
20
-4.0330884645669292
11
5.4032881496062988
21
-4.0370594488188978
0
LINE
8
BLACK
6
CONTINUOUS
10
5.4032881496062988
20
-4.0370594488188978
11
5.4032881496062988
21
-4.0411704724409452
0
LINE
8
BLACK
6
CONTINUOUS
10
5.4032881496062988
20
-4.0411704724409452
11
5.4022241338582679
21
-4.0451414566929129
0
LINE
8
BLACK
6
CONTINUOUS
10
5.4022241338582679
20
-4.0451414566929129
11
5.400168582677165
21
-4.0487017716535432
0
LINE
8
BLACK
6
CONTINUOUS
10
5.400168582677165
20
-4.0487017716535432
11
5.3972616535433069
21
-4.0516087007874013
0
LINE
8
BLACK
6
CONTINUOUS
10
5.3972616535433069
20
-4.0516087007874013
11
5.3937013385826766
21
-4.0536642519685042
0
LINE
8
BLACK
6
CONTINUOUS
10
5.3937013385826766
20
-4.0536642519685042
11
5.3897303543307089
21
-4.0547282677165351
0
LINE
8
BLACK
6
CONTINUOUS
10
5.3897303543307089
20
-4.0547282677165351
11
5.3856193307086615
21
-4.0547282677165351
0
LINE
8
BLACK
6
CONTINUOUS
10
5.3856193307086615
20
-4.0547282677165351
11
5.3816483464566929
21
-4.0536642519685042
0
LINE
8
BLACK
6
CONTINUOUS
10
5.3816483464566929
20
-4.0536642519685042
11
5.3780880314960626
21
-4.0516087007874013
0
LINE
8
BLACK
6
CONTINUOUS
10
5.3780880314960626
20
-4.0516087007874013
11
5.3751811023622045
21
-4.0487017716535432
0
LINE
8
BLACK
6
CONTINUOUS
10
5.3751811023622045
20
-4.0487017716535432
11
5.3731255511811025
21
-4.0451414566929129
0
LINE
8
BLACK
6
CONTINUOUS
10
5.3731255511811025
20
-4.0451414566929129
11
5.3720615354330707
21
-4.0411704724409452
0
LINE
8
BLACK
6
CONTINUOUS
10
5.3720615354330707
20
-4.0411704724409452
11
5.3720615354330707
21
-4.0370594488188978
0
LINE
8
BLACK
6
CONTINUOUS
10
5.3720615354330707
20
-4.0370594488188978
11
5.3731255511811025
21
-4.0330884645669292
0
LINE
8
BLACK
6
CONTINUOUS
10
5.3731255511811025
20
-4.0330884645669292
11
5.3751811023622045
21
-4.0295281496062989
0
LINE
8
BLACK
6
CONTINUOUS
10
5.3751811023622045
20
-4.0295281496062989
11
5.3780880314960626
21
-4.0266212204724408
0
LINE
8
BLACK
6
CONTINUOUS
10
5.3780880314960626
20
-4.0266212204724408
11
5.3816483464566929
21
-4.0245656692913387
0
LINE
8
BLACK
6
CONTINUOUS
10
5.3816483464566929
20
-4.0245656692913387
11
5.3856193307086615
21
-4.023501653543307
0
LINE
8
BLACK
6
CONTINUOUS
10
5.3856193307086615
20
-4.023501653543307
11
5.3897303543307089
21
-4.023501653543307
0
LINE
8
BLACK
6
CONTINUOUS
10
5.3897303543307089
20
-4.023501653543307
11
5.3937013385826766
21
-4.0245656692913387
0
LINE
8
BLACK
6
CONTINUOUS
10
6.8067013385826769
20
-3.8875659448818896
11
6.8102616535433071
21
-3.889621496062992
0
LINE
8
BLACK
6
CONTINUOUS
10
6.8102616535433071
20
-3.889621496062992
11
6.8131685826771653
21
-3.8925284251968502
0
LINE
8
BLACK
6
CONTINUOUS
10
6.8131685826771653
20
-3.8925284251968502
11
6.8152241338582673
21
-3.8960887401574804
0
LINE
8
BLACK
6
CONTINUOUS
10
6.8152241338582673
20
-3.8960887401574804
11
6.816288149606299
21
-3.9000597244094486
0
LINE
8
BLACK
6
CONTINUOUS
10
6.816288149606299
20
-3.9000597244094486
11
6.816288149606299
21
-3.904170748031496
0
LINE
8
BLACK
6
CONTINUOUS
10
6.816288149606299
20
-3.904170748031496
11
6.8152241338582673
21
-3.9081417322834646
0
LINE
8
BLACK
6
CONTINUOUS
10
6.8152241338582673
20
-3.9081417322834646
11
6.8131685826771653
21
-3.9117020472440944
0
LINE
8
BLACK
6
CONTINUOUS
10
6.8131685826771653
20
-3.9117020472440944
11
6.8102616535433071
21
-3.9146089763779526
0
LINE
8
BLACK
6
CONTINUOUS
10
6.8102616535433071
20
-3.9146089763779526
11
6.8067013385826769
21
-3.916664527559055
0
LINE
8
BLACK
6
CONTINUOUS
10
6.8067013385826769
20
-3.916664527559055
11
6.8027303543307083
21
-3.9177285433070863
0
LINE
8
BLACK
6
CONTINUOUS
10
6.8027303543307083
20
-3.9177285433070863
11
6.7986193307086609
21
-3.9177285433070863
0
LINE
8
BLACK
6
CONTINUOUS
10
6.7986193307086609
20
-3.9177285433070863
11
6.7946483464566931
21
-3.916664527559055
0
LINE
8
BLACK
6
CONTINUOUS
10
6.7946483464566931
20
-3.916664527559055
11
6.7910880314960629
21
-3.9146089763779526
0
LINE
8
BLACK
6
CONTINUOUS
10
6.7910880314960629
20
-3.9146089763779526
11
6.7881811023622047
21
-3.9117020472440944
0
LINE
8
BLACK
6
CONTINUOUS
10
6.7881811023622047
20
-3.9117020472440944
11
6.7861255511811018
21
-3.9081417322834646
0
LINE
8
BLACK
6
CONTINUOUS
10
6.7861255511811018
20
-3.9081417322834646
11
6.785061535433071
21
-3.904170748031496
0
LINE
8
BLACK
6
CONTINUOUS
10
6.785061535433071
20
-3.904170748031496
11
6.785061535433071
21
-3.9000597244094486
0
LINE
8
BLACK
6
CONTINUOUS
10
6.785061535433071
20
-3.9000597244094486
11
6.7861255511811018
21
-3.8960887401574804
0
LINE
8
BLACK
6
CONTINUOUS
10
6.7861255511811018
20
-3.8960887401574804
11
6.7881811023622047
21
-3.8925284251968502
0
LINE
8
BLACK
6
CONTINUOUS
10
6.7881811023622047
20
-3.8925284251968502
11
6.7910880314960629
21
-3.889621496062992
0
LINE
8
BLACK
6
CONTINUOUS
10
6.7910880314960629
20
-3.889621496062992
11
6.7946483464566931
21
-3.8875659448818896
0
LINE
8
BLACK
6
CONTINUOUS
10
6.7946483464566931
20
-3.8875659448818896
11
6.7986193307086609
21
-3.8865019291338583
0
LINE
8
BLACK
6
CONTINUOUS
10
6.7986193307086609
20
-3.8865019291338583
11
6.8027303543307083
21
-3.8865019291338583
0
LINE
8
BLACK
6
CONTINUOUS
10
6.8027303543307083
20
-3.8865019291338583
11
6.8067013385826769
21
-3.8875659448818896
0
LINE
8
BLACK
6
CONTINUOUS
10
5.7218288976377956
20
-3.7122977559055119
11
5.7253892125984249
21
-3.7143533070866139
0
LINE
8
BLACK
6
CONTINUOUS
10
5.7253892125984249
20
-3.7143533070866139
11
5.7282961417322831
21
-3.7172602362204725
0
LINE
8
BLACK
6
CONTINUOUS
10
5.7282961417322831
20
-3.7172602362204725
11
5.730351692913386
21
-3.7208205511811023
0
LINE
8
BLACK
6
CONTINUOUS
10
5.730351692913386
20
-3.7208205511811023
11
5.7314157086614168
21
-3.724791535433071
0
LINE
8
BLACK
6
CONTINUOUS
10
5.7314157086614168
20
-3.724791535433071
11
5.7314157086614168
21
-3.7289025590551179
0
LINE
8
BLACK
6
CONTINUOUS
10
5.7314157086614168
20
-3.7289025590551179
11
5.730351692913386
21
-3.7328735433070865
0
LINE
8
BLACK
6
CONTINUOUS
10
5.730351692913386
20
-3.7328735433070865
11
5.7282961417322831
21
-3.7364338582677163
0
LINE
8
BLACK
6
CONTINUOUS
10
5.7282961417322831
20
-3.7364338582677163
11
5.7253892125984249
21
-3.7393407874015749
0
LINE
8
BLACK
6
CONTINUOUS
10
5.7253892125984249
20
-3.7393407874015749
11
5.7218288976377956
21
-3.741396338582677
0
LINE
8
BLACK
6
CONTINUOUS
10
5.7218288976377956
20
-3.741396338582677
11
5.7178579133858269
21
-3.7424603543307087
0
LINE
8
BLACK
6
CONTINUOUS
10
5.7178579133858269
20
-3.7424603543307087
11
5.7137468897637795
21
-3.7424603543307087
0
LINE
8
BLACK
6
CONTINUOUS
10
5.7137468897637795
20
-3.7424603543307087
11
5.7097759055118109
21
-3.741396338582677
0
LINE
8
BLACK
6
CONTINUOUS
10
5.7097759055118109
20
-3.741396338582677
11
5.7062155905511807
21
-3.7393407874015749
0
LINE
8
BLACK
6
CONTINUOUS
10
5.7062155905511807
20
-3.7393407874015749
11
5.7033086614173225
21
-3.7364338582677163
0
LINE
8
BLACK
6
CONTINUOUS
10
5.7033086614173225
20
-3.7364338582677163
11
5.7012531102362205
21
-3.7328735433070865
0
LINE
8
BLACK
6
CONTINUOUS
10
5.7012531102362205
20
-3.7328735433070865
11
5.7001890944881888
21
-3.7289025590551179
0
LINE
8
BLACK
6
CONTINUOUS
10
5.7001890944881888
20
-3.7289025590551179
11
5.7001890944881888
21
-3.724791535433071
0
LINE
8
BLACK
6
CONTINUOUS
10
5.7001890944881888
20
-3.724791535433071
11
5.7012531102362205
21
-3.7208205511811023
0
LINE
8
BLACK
6
CONTINUOUS
10
5.7012531102362205
20
-3.7208205511811023
11
5.7033086614173225
21
-3.7172602362204725
0
LINE
8
BLACK
6
CONTINUOUS
10
5.7033086614173225
20
-3.7172602362204725
11
5.7062155905511807
21
-3.7143533070866139
0
LINE
8
BLACK
6
CONTINUOUS
10
5.7062155905511807
20
-3.7143533070866139
11
5.7097759055118109
21
-3.7122977559055119
0
LINE
8
BLACK
6
CONTINUOUS
10
5.7097759055118109
20
-3.7122977559055119
11
5.7137468897637795
21
-3.7112337401574802
0
LINE
8
BLACK
6
CONTINUOUS
10
5.7137468897637795
20
-3.7112337401574802
11
5.7178579133858269
21
-3.7112337401574802
0
LINE
8
BLACK
6
CONTINUOUS
10
5.7178579133858269
20
-3.7112337401574802
11
5.7218288976377956
21
-3.7122977559055119
0
LINE
8
BLACK
6
CONTINUOUS
10
6.5210694488188974
20
-3.7105994094488186
11
6.5246297637795276
21
-3.7126549606299211
0
LINE
8
BLACK
6
CONTINUOUS
10
6.5246297637795276
20
-3.7126549606299211
11
6.5275366929133858
21
-3.7155618897637797
0
LINE
8
BLACK
6
CONTINUOUS
10
6.5275366929133858
20
-3.7155618897637797
11
6.5295922440944878
21
-3.7191222047244095
0
LINE
8
BLACK
6
CONTINUOUS
10
6.5295922440944878
20
-3.7191222047244095
11
6.5306562598425195
21
-3.7230931889763781
0
LINE
8
BLACK
6
CONTINUOUS
10
6.5306562598425195
20
-3.7230931889763781
11
6.5306562598425195
21
-3.727204212598425
0
LINE
8
BLACK
6
CONTINUOUS
10
6.5306562598425195
20
-3.727204212598425
11
6.5295922440944878
21
-3.7311751968503937
0
LINE
8
BLACK
6
CONTINUOUS
10
6.5295922440944878
20
-3.7311751968503937
11
6.5275366929133858
21
-3.7347355118110235
0
LINE
8
BLACK
6
CONTINUOUS
10
6.5275366929133858
20
-3.7347355118110235
11
6.5246297637795276
21
-3.7376424409448816
0
LINE
8
BLACK
6
CONTINUOUS
10
6.5246297637795276
20
-3.7376424409448816
11
6.5210694488188974
21
-3.7396979921259841
0
LINE
8
BLACK
6
CONTINUOUS
10
6.5210694488188974
20
-3.7396979921259841
11
6.5170984645669288
21
-3.7407620078740158
0
LINE
8
BLACK
6
CONTINUOUS
10
6.5170984645669288
20
-3.7407620078740158
11
6.5129874409448814
21
-3.7407620078740158
0
LINE
8
BLACK
6
CONTINUOUS
10
6.5129874409448814
20
-3.7407620078740158
11
6.5090164566929136
21
-3.7396979921259841
0
LINE
8
BLACK
6
CONTINUOUS
10
6.5090164566929136
20
-3.7396979921259841
11
6.5054561417322834
21
-3.7376424409448816
0
LINE
8
BLACK
6
CONTINUOUS
10
6.5054561417322834
20
-3.7376424409448816
11
6.5025492125984252
21
-3.7347355118110235
0
LINE
8
BLACK
6
CONTINUOUS
10
6.5025492125984252
20
-3.7347355118110235
11
6.5004936614173223
21
-3.7311751968503937
0
LINE
8
BLACK
6
CONTINUOUS
10
6.5004936614173223
20
-3.7311751968503937
11
6.4994296456692915
21
-3.727204212598425
0
LINE
8
BLACK
6
CONTINUOUS
10
6.4994296456692915
20
-3.727204212598425
11
6.4994296456692915
21
-3.7230931889763781
0
LINE
8
BLACK
6
CONTINUOUS
10
6.4994296456692915
20
-3.7230931889763781
11
6.5004936614173223
21
-3.7191222047244095
0
LINE
8
BLACK
6
CONTINUOUS
10
6.5004936614173223
20
-3.7191222047244095
11
6.5025492125984252
21
-3.7155618897637797
0
LINE
8
BLACK
6
CONTINUOUS
10
6.5025492125984252
20
-3.7155618897637797
11
6.5054561417322834
21
-3.7126549606299211
0
LINE
8
BLACK
6
CONTINUOUS
10
6.5054561417322834
20
-3.7126549606299211
11
6.5090164566929136
21
-3.7105994094488186
0
LINE
8
BLACK
6
CONTINUOUS
10
6.5090164566929136
20
-3.7105994094488186
11
6.5129874409448814
21
-3.7095353937007873
0
LINE
8
BLACK
6
CONTINUOUS
10
6.5129874409448814
20
-3.7095353937007873
11
6.5170984645669288
21
-3.7095353937007873
0
LINE
8
BLACK
6
CONTINUOUS
10
6.5170984645669288
20
-3.7095353937007873
11
6.5210694488188974
21
-3.7105994094488186
0
LINE
8
BLACK
6
CONTINUOUS
10
7.1807013385826766
20
-3.6889675196850393
11
7.1842616535433068
21
-3.6910230708661418
0
LINE
8
BLACK
6
CONTINUOUS
10
7.1842616535433068
20
-3.6910230708661418
11
7.187168582677165
21
-3.6939299999999999
0
LINE
8
BLACK
6
CONTINUOUS
10
7.187168582677165
20
-3.6939299999999999
11
7.1892241338582679
21
-3.6974903149606297
0
LINE
8
BLACK
6
CONTINUOUS
10
7.1892241338582679
20
-3.6974903149606297
11
7.1902881496062987
21
-3.7014612992125984
0
LINE
8
BLACK
6
CONTINUOUS
10
7.1902881496062987
20
-3.7014612992125984
11
7.1902881496062987
21
-3.7055723228346458
0
LINE
8
BLACK
6
CONTINUOUS
10
7.1902881496062987
20
-3.7055723228346458
11
7.1892241338582679
21
-3.709543307086614
0
LINE
8
BLACK
6
CONTINUOUS
10
7.1892241338582679
20
-3.709543307086614
11
7.187168582677165
21
-3.7131036220472442
0
LINE
8
BLACK
6
CONTINUOUS
10
7.187168582677165
20
-3.7131036220472442
11
7.1842616535433068
21
-3.7160105511811024
0
LINE
8
BLACK
6
CONTINUOUS
10
7.1842616535433068
20
-3.7160105511811024
11
7.1807013385826766
21
-3.7180661023622048
0
LINE
8
BLACK
6
CONTINUOUS
10
7.1807013385826766
20
-3.7180661023622048
11
7.1767303543307088
21
-3.7191301181102361
0
LINE
8
BLACK
6
CONTINUOUS
10
7.1767303543307088
20
-3.7191301181102361
11
7.1726193307086614
21
-3.7191301181102361
0
LINE
8
BLACK
6
CONTINUOUS
10
7.1726193307086614
20
-3.7191301181102361
11
7.1686483464566928
21
-3.7180661023622048
0
LINE
8
BLACK
6
CONTINUOUS
10
7.1686483464566928
20
-3.7180661023622048
11
7.1650880314960625
21
-3.7160105511811024
0
LINE
8
BLACK
6
CONTINUOUS
10
7.1650880314960625
20
-3.7160105511811024
11
7.1621811023622044
21
-3.7131036220472442
0
LINE
8
BLACK
6
CONTINUOUS
10
7.1621811023622044
20
-3.7131036220472442
11
7.1601255511811024
21
-3.709543307086614
0
LINE
8
BLACK
6
CONTINUOUS
10
7.1601255511811024
20
-3.709543307086614
11
7.1590615354330707
21
-3.7055723228346458
0
LINE
8
BLACK
6
CONTINUOUS
10
7.1590615354330707
20
-3.7055723228346458
11
7.1590615354330707
21
-3.7014612992125984
0
LINE
8
BLACK
6
CONTINUOUS
10
7.1590615354330707
20
-3.7014612992125984
11
7.1601255511811024
21
-3.6974903149606297
0
LINE
8
BLACK
6
CONTINUOUS
10
7.1601255511811024
20
-3.6974903149606297
11
7.1621811023622044
21
-3.6939299999999999
0
LINE
8
BLACK
6
CONTINUOUS
10
7.1621811023622044
20
-3.6939299999999999
11
7.1650880314960625
21
-3.6910230708661418
0
LINE
8
BLACK
6
CONTINUOUS
10
7.1650880314960625
20
-3.6910230708661418
11
7.1686483464566928
21
-3.6889675196850393
0
LINE
8
BLACK
6
CONTINUOUS
10
7.1686483464566928
20
-3.6889675196850393
11
7.1726193307086614
21
-3.6879035039370076
0
LINE
8
BLACK
6
CONTINUOUS
10
7.1726193307086614
20
-3.6879035039370076
11
7.1767303543307088
21
-3.6879035039370076
0
LINE
8
BLACK
6
CONTINUOUS
10
7.1767303543307088
20
-3.6879035039370076
11
7.1807013385826766
21
-3.6889675196850393
0
LINE
8
BLACK
6
CONTINUOUS
10
6.3483718897637793
20
-3.589896653543307
11
6.3519322047244096
21
-3.5919522047244095
0
LINE
8
BLACK
6
CONTINUOUS
10
6.3519322047244096
20
-3.5919522047244095
11
6.3548391338582677
21
-3.5948591338582676
0
LINE
8
BLACK
6
CONTINUOUS
10
6.3548391338582677
20
-3.5948591338582676
11
6.355868937007874
21
-3.5966427952755904
0
LINE
8
BLACK
6
CONTINUOUS
10
6.355868937007874
20
-3.5966427952755904
11
6.4703992519685034
21
-3.5966427952755904
0
LINE
8
BLACK
6
CONTINUOUS
10
6.4703992519685034
20
-3.5966427952755904
11
6.4719353937007869
21
-3.5967940944881889
0
LINE
8
BLACK
6
CONTINUOUS
10
6.4719353937007869
20
-3.5967940944881889
11
6.4747738188976376
21
-3.5979698031496063
0
LINE
8
BLACK
6
CONTINUOUS
10
6.4747738188976376
20
-3.5979698031496063
11
6.4759670078740159
21
-3.5989490551181103
0
LINE
8
BLACK
6
CONTINUOUS
10
6.4759670078740159
20
-3.5989490551181103
11
6.5563776771653544
21
-3.6793596850393699
0
LINE
8
BLACK
6
CONTINUOUS
10
6.5563776771653544
20
-3.6793596850393699
11
6.6216671259842519
21
-3.6793596850393699
0
LINE
8
BLACK
6
CONTINUOUS
10
6.6216671259842519
20
-3.6793596850393699
11
6.6226560236220475
21
-3.6776468897637793
0
LINE
8
BLACK
6
CONTINUOUS
10
6.6226560236220475
20
-3.6776468897637793
11
6.6255629527559057
21
-3.6747399606299211
0
LINE
8
BLACK
6
CONTINUOUS
10
6.6255629527559057
20
-3.6747399606299211
11
6.629123267716535
21
-3.6726844094488187
0
LINE
8
BLACK
6
CONTINUOUS
10
6.629123267716535
20
-3.6726844094488187
11
6.6330942519685037
21
-3.6716203937007874
0
LINE
8
BLACK
6
CONTINUOUS
10
6.6330942519685037
20
-3.6716203937007874
11
6.6372052755905511
21
-3.6716203937007874
0
LINE
8
BLACK
6
CONTINUOUS
10
6.6372052755905511
20
-3.6716203937007874
11
6.6411762598425197
21
-3.6726844094488187
0
LINE
8
BLACK
6
CONTINUOUS
10
6.6411762598425197
20
-3.6726844094488187
11
6.6447365748031491
21
-3.6747399606299211
0
LINE
8
BLACK
6
CONTINUOUS
10
6.6447365748031491
20
-3.6747399606299211
11
6.6476435039370081
21
-3.6776468897637793
0
LINE
8
BLACK
6
CONTINUOUS
10
6.6476435039370081
20
-3.6776468897637793
11
6.6496990551181101
21
-3.6812072047244095
0
LINE
8
BLACK
6
CONTINUOUS
10
6.6496990551181101
20
-3.6812072047244095
11
6.6507630708661418
21
-3.6851781889763777
0
LINE
8
BLACK
6
CONTINUOUS
10
6.6507630708661418
20
-3.6851781889763777
11
6.6507630708661418
21
-3.6892892125984251
0
LINE
8
BLACK
6
CONTINUOUS
10
6.6507630708661418
20
-3.6892892125984251
11
6.6496990551181101
21
-3.6932601968503938
0
LINE
8
BLACK
6
CONTINUOUS
10
6.6496990551181101
20
-3.6932601968503938
11
6.6476435039370081
21
-3.6968205118110236
0
LINE
8
BLACK
6
CONTINUOUS
10
6.6476435039370081
20
-3.6968205118110236
11
6.6447365748031491
21
-3.6997274409448817
0
LINE
8
BLACK
6
CONTINUOUS
10
6.6447365748031491
20
-3.6997274409448817
11
6.6411762598425197
21
-3.7017829921259842
0
LINE
8
BLACK
6
CONTINUOUS
10
6.6411762598425197
20
-3.7017829921259842
11
6.6372052755905511
21
-3.7028470078740159
0
LINE
8
BLACK
6
CONTINUOUS
10
6.6372052755905511
20
-3.7028470078740159
11
6.6330942519685037
21
-3.7028470078740159
0
LINE
8
BLACK
6
CONTINUOUS
10
6.6330942519685037
20
-3.7028470078740159
11
6.629123267716535
21
-3.7017829921259842
0
LINE
8
BLACK
6
CONTINUOUS
10
6.629123267716535
20
-3.7017829921259842
11
6.6255629527559057
21
-3.6997274409448817
0
LINE
8
BLACK
6
CONTINUOUS
10
6.6255629527559057
20
-3.6997274409448817
11
6.6226560236220475
21
-3.6968205118110236
0
LINE
8
BLACK
6
CONTINUOUS
10
6.6226560236220475
20
-3.6968205118110236
11
6.6216671259842519
21
-3.6951077165354329
0
LINE
8
BLACK
6
CONTINUOUS
10
6.6216671259842519
20
-3.6951077165354329
11
6.553116141732283
21
-3.6951077165354329
0
LINE
8
BLACK
6
CONTINUOUS
10
6.553116141732283
20
-3.6951077165354329
11
6.5515799999999995
21
-3.6949564173228344
0
LINE
8
BLACK
6
CONTINUOUS
10
6.5515799999999995
20
-3.6949564173228344
11
6.5487415748031497
21
-3.6937807086614174
0
LINE
8
BLACK
6
CONTINUOUS
10
6.5487415748031497
20
-3.6937807086614174
11
6.5475483464566926
21
-3.6928014566929135
0
LINE
8
BLACK
6
CONTINUOUS
10
6.5475483464566926
20
-3.6928014566929135
11
6.4671377559055117
21
-3.6123908267716534
0
LINE
8
BLACK
6
CONTINUOUS
10
6.4671377559055117
20
-3.6123908267716534
11
6.355787086614173
21
-3.6123908267716534
0
LINE
8
BLACK
6
CONTINUOUS
10
6.355787086614173
20
-3.6123908267716534
11
6.3548391338582677
21
-3.6140327559055119
0
LINE
8
BLACK
6
CONTINUOUS
10
6.3548391338582677
20
-3.6140327559055119
11
6.3519322047244096
21
-3.61693968503937
0
LINE
8
BLACK
6
CONTINUOUS
10
6.3519322047244096
20
-3.61693968503937
11
6.3483718897637793
21
-3.6189952362204725
0
LINE
8
BLACK
6
CONTINUOUS
10
6.3483718897637793
20
-3.6189952362204725
11
6.3444009055118107
21
-3.6200592519685038
0
LINE
8
BLACK
6
CONTINUOUS
10
6.3444009055118107
20
-3.6200592519685038
11
6.3402898818897633
21
-3.6200592519685038
0
LINE
8
BLACK
6
CONTINUOUS
10
6.3402898818897633
20
-3.6200592519685038
11
6.3363188976377955
21
-3.6189952362204725
0
LINE
8
BLACK
6
CONTINUOUS
10
6.3363188976377955
20
-3.6189952362204725
11
6.3327585826771653
21
-3.61693968503937
0
LINE
8
BLACK
6
CONTINUOUS
10
6.3327585826771653
20
-3.61693968503937
11
6.3298516535433071
21
-3.6140327559055119
0
LINE
8
BLACK
6
CONTINUOUS
10
6.3298516535433071
20
-3.6140327559055119
11
6.3277961023622042
21
-3.6104724409448816
0
LINE
8
BLACK
6
CONTINUOUS
10
6.3277961023622042
20
-3.6104724409448816
11
6.3267320866141734
21
-3.6065014566929134
0
LINE
8
BLACK
6
CONTINUOUS
10
6.3267320866141734
20
-3.6065014566929134
11
6.3267320866141734
21
-3.602390433070866
0
LINE
8
BLACK
6
CONTINUOUS
10
6.3267320866141734
20
-3.602390433070866
11
6.3277961023622042
21
-3.5984194488188974
0
LINE
8
BLACK
6
CONTINUOUS
10
6.3277961023622042
20
-3.5984194488188974
11
6.3298516535433071
21
-3.5948591338582676
0
LINE
8
BLACK
6
CONTINUOUS
10
6.3298516535433071
20
-3.5948591338582676
11
6.3327585826771653
21
-3.5919522047244095
0
LINE
8
BLACK
6
CONTINUOUS
10
6.3327585826771653
20
-3.5919522047244095
11
6.3363188976377955
21
-3.589896653543307
0
LINE
8
BLACK
6
CONTINUOUS
10
6.3363188976377955
20
-3.589896653543307
11
6.3402898818897633
21
-3.5888326377952757
0
LINE
8
BLACK
6
CONTINUOUS
10
6.3402898818897633
20
-3.5888326377952757
11
6.3444009055118107
21
-3.5888326377952757
0
LINE
8
BLACK
6
CONTINUOUS
10
6.3444009055118107
20
-3.5888326377952757
11
6.3483718897637793
21
-3.589896653543307
0
LINE
8
BLACK
6
CONTINUOUS
10
6.354441496062992
20
-3.6289307086614171
11
6.3580018110236223
21
-3.6309862598425195
0
LINE
8
BLACK
6
CONTINUOUS
10
6.3580018110236223
20
-3.6309862598425195
11
6.3609087401574804
21
-3.6338931889763777
0
LINE
8
BLACK
6
CONTINUOUS
10
6.3609087401574804
20
-3.6338931889763777
11
6.3629642913385824
21
-3.6374535039370079
0
LINE
8
BLACK
6
CONTINUOUS
10
6.3629642913385824
20
-3.6374535039370079
11
6.3640283070866142
21
-3.6414244881889761
0
LINE
8
BLACK
6
CONTINUOUS
10
6.3640283070866142
20
-3.6414244881889761
11
6.3640283070866142
21
-3.6455355118110235
0
LINE
8
BLACK
6
CONTINUOUS
10
6.3640283070866142
20
-3.6455355118110235
11
6.3629642913385824
21
-3.6495064960629922
0
LINE
8
BLACK
6
CONTINUOUS
10
6.3629642913385824
20
-3.6495064960629922
11
6.3609087401574804
21
-3.653066811023622
0
LINE
8
BLACK
6
CONTINUOUS
10
6.3609087401574804
20
-3.653066811023622
11
6.3580018110236223
21
-3.6559737401574801
0
LINE
8
BLACK
6
CONTINUOUS
10
6.3580018110236223
20
-3.6559737401574801
11
6.354441496062992
21
-3.6580292913385826
0
LINE
8
BLACK
6
CONTINUOUS
10
6.354441496062992
20
-3.6580292913385826
11
6.3504705118110234
21
-3.6590933070866143
0
LINE
8
BLACK
6
CONTINUOUS
10
6.3504705118110234
20
-3.6590933070866143
11
6.346359488188976
21
-3.6590933070866143
0
LINE
8
BLACK
6
CONTINUOUS
10
6.346359488188976
20
-3.6590933070866143
11
6.3423885039370074
21
-3.6580292913385826
0
LINE
8
BLACK
6
CONTINUOUS
10
6.3423885039370074
20
-3.6580292913385826
11
6.338828188976378
21
-3.6559737401574801
0
LINE
8
BLACK
6
CONTINUOUS
10
6.338828188976378
20
-3.6559737401574801
11
6.3359212598425199
21
-3.653066811023622
0
LINE
8
BLACK
6
CONTINUOUS
10
6.3359212598425199
20
-3.653066811023622
11
6.333865708661417
21
-3.6495064960629922
0
LINE
8
BLACK
6
CONTINUOUS
10
6.333865708661417
20
-3.6495064960629922
11
6.3328016929133852
21
-3.6455355118110235
0
LINE
8
BLACK
6
CONTINUOUS
10
6.3328016929133852
20
-3.6455355118110235
11
6.3328016929133852
21
-3.6414244881889761
0
LINE
8
BLACK
6
CONTINUOUS
10
6.3328016929133852
20
-3.6414244881889761
11
6.333865708661417
21
-3.6374535039370079
0
LINE
8
BLACK
6
CONTINUOUS
10
6.333865708661417
20
-3.6374535039370079
11
6.3359212598425199
21
-3.6338931889763777
0
LINE
8
BLACK
6
CONTINUOUS
10
6.3359212598425199
20
-3.6338931889763777
11
6.338828188976378
21
-3.6309862598425195
0
LINE
8
BLACK
6
CONTINUOUS
10
6.338828188976378
20
-3.6309862598425195
11
6.3423885039370074
21
-3.6289307086614171
0
LINE
8
BLACK
6
CONTINUOUS
10
6.3423885039370074
20
-3.6289307086614171
11
6.346359488188976
21
-3.6278666929133858
0
LINE
8
BLACK
6
CONTINUOUS
10
6.346359488188976
20
-3.6278666929133858
11
6.3504705118110234
21
-3.6278666929133858
0
LINE
8
BLACK
6
CONTINUOUS
10
6.3504705118110234
20
-3.6278666929133858
11
6.354441496062992
21
-3.6289307086614171
0
LINE
8
BLACK
6
CONTINUOUS
10
5.7867013385826773
20
-3.6686368110236218
11
5.7902616535433067
21
-3.6706923622047243
0
LINE
8
BLACK
6
CONTINUOUS
10
5.7902616535433067
20
-3.6706923622047243
11
5.7931685826771648
21
-3.6735992913385824
0
LINE
8
BLACK
6
CONTINUOUS
10
5.7931685826771648
20
-3.6735992913385824
11
5.7952241338582677
21
-3.6771596062992127
0
LINE
8
BLACK
6
CONTINUOUS
10
5.7952241338582677
20
-3.6771596062992127
11
5.7962881496062995
21
-3.6811305905511809
0
LINE
8
BLACK
6
CONTINUOUS
10
5.7962881496062995
20
-3.6811305905511809
11
5.7962881496062995
21
-3.6852416141732283
0
LINE
8
BLACK
6
CONTINUOUS
10
5.7962881496062995
20
-3.6852416141732283
11
5.7952241338582677
21
-3.6892125984251969
0
LINE
8
BLACK
6
CONTINUOUS
10
5.7952241338582677
20
-3.6892125984251969
11
5.7931685826771648
21
-3.6927729133858267
0
LINE
8
BLACK
6
CONTINUOUS
10
5.7931685826771648
20
-3.6927729133858267
11
5.7902616535433067
21
-3.6956798425196848
0
LINE
8
BLACK
6
CONTINUOUS
10
5.7902616535433067
20
-3.6956798425196848
11
5.7867013385826773
21
-3.6977353937007873
0
LINE
8
BLACK
6
CONTINUOUS
10
5.7867013385826773
20
-3.6977353937007873
11
5.7827303543307087
21
-3.698799409448819
0
LINE
8
BLACK
6
CONTINUOUS
10
5.7827303543307087
20
-3.698799409448819
11
5.7786193307086613
21
-3.698799409448819
0
LINE
8
BLACK
6
CONTINUOUS
10
5.7786193307086613
20
-3.698799409448819
11
5.7746483464566927
21
-3.6977353937007873
0
LINE
8
BLACK
6
CONTINUOUS
10
5.7746483464566927
20
-3.6977353937007873
11
5.7710880314960624
21
-3.6956798425196848
0
LINE
8
BLACK
6
CONTINUOUS
10
5.7710880314960624
20
-3.6956798425196848
11
5.7681811023622043
21
-3.6927729133858267
0
LINE
8
BLACK
6
CONTINUOUS
10
5.7681811023622043
20
-3.6927729133858267
11
5.7661255511811023
21
-3.6892125984251969
0
LINE
8
BLACK
6
CONTINUOUS
10
5.7661255511811023
20
-3.6892125984251969
11
5.7650615354330705
21
-3.6852416141732283
0
LINE
8
BLACK
6
CONTINUOUS
10
5.7650615354330705
20
-3.6852416141732283
11
5.7650615354330705
21
-3.6811305905511809
0
LINE
8
BLACK
6
CONTINUOUS
10
5.7650615354330705
20
-3.6811305905511809
11
5.7661255511811023
21
-3.6771596062992127
0
LINE
8
BLACK
6
CONTINUOUS
10
5.7661255511811023
20
-3.6771596062992127
11
5.7681811023622043
21
-3.6735992913385824
0
LINE
8
BLACK
6
CONTINUOUS
10
5.7681811023622043
20
-3.6735992913385824
11
5.7710880314960624
21
-3.6706923622047243
0
LINE
8
BLACK
6
CONTINUOUS
10
5.7710880314960624
20
-3.6706923622047243
11
5.7746483464566927
21
-3.6686368110236218
0
LINE
8
BLACK
6
CONTINUOUS
10
5.7746483464566927
20
-3.6686368110236218
11
5.7786193307086613
21
-3.6675727952755905
0
LINE
8
BLACK
6
CONTINUOUS
10
5.7786193307086613
20
-3.6675727952755905
11
5.7827303543307087
21
-3.6675727952755905
0
LINE
8
BLACK
6
CONTINUOUS
10
5.7827303543307087
20
-3.6675727952755905
11
5.7867013385826773
21
-3.6686368110236218
0
LINE
8
BLACK
6
CONTINUOUS
10
5.6157249606299215
20
-3.6619438976377952
11
5.6192852755905509
21
-3.6639994488188976
0
LINE
8
BLACK
6
CONTINUOUS
10
5.6192852755905509
20
-3.6639994488188976
11
5.6221922047244091
21
-3.6669063779527558
0
LINE
8
BLACK
6
CONTINUOUS
10
5.6221922047244091
20
-3.6669063779527558
11
5.624247755905512
21
-3.6704666929133856
0
LINE
8
BLACK
6
CONTINUOUS
10
5.624247755905512
20
-3.6704666929133856
11
5.6253117716535428
21
-3.6744376771653542
0
LINE
8
BLACK
6
CONTINUOUS
10
5.6253117716535428
20
-3.6744376771653542
11
5.6253117716535428
21
-3.6785487007874016
0
LINE
8
BLACK
6
CONTINUOUS
10
5.6253117716535428
20
-3.6785487007874016
11
5.624247755905512
21
-3.6825196850393702
0
LINE
8
BLACK
6
CONTINUOUS
10
5.624247755905512
20
-3.6825196850393702
11
5.6221922047244091
21
-3.68608
0
LINE
8
BLACK
6
CONTINUOUS
10
5.6221922047244091
20
-3.68608
11
5.6192852755905509
21
-3.6889869291338582
0
LINE
8
BLACK
6
CONTINUOUS
10
5.6192852755905509
20
-3.6889869291338582
11
5.6157249606299215
21
-3.6910424803149606
0
LINE
8
BLACK
6
CONTINUOUS
10
5.6157249606299215
20
-3.6910424803149606
11
5.6117539763779529
21
-3.6921064960629919
0
LINE
8
BLACK
6
CONTINUOUS
10
5.6117539763779529
20
-3.6921064960629919
11
5.6076429527559055
21
-3.6921064960629919
0
LINE
8
BLACK
6
CONTINUOUS
10
5.6076429527559055
20
-3.6921064960629919
11
5.6036719685039369
21
-3.6910424803149606
0
LINE
8
BLACK
6
CONTINUOUS
10
5.6036719685039369
20
-3.6910424803149606
11
5.6001116535433066
21
-3.6889869291338582
0
LINE
8
BLACK
6
CONTINUOUS
10
5.6001116535433066
20
-3.6889869291338582
11
5.5972047244094485
21
-3.68608
0
LINE
8
BLACK
6
CONTINUOUS
10
5.5972047244094485
20
-3.68608
11
5.5951491732283465
21
-3.6825196850393702
0
LINE
8
BLACK
6
CONTINUOUS
10
5.5951491732283465
20
-3.6825196850393702
11
5.5940851574803148
21
-3.6785487007874016
0
LINE
8
BLACK
6
CONTINUOUS
10
5.5940851574803148
20
-3.6785487007874016
11
5.5940851574803148
21
-3.6744376771653542
0
LINE
8
BLACK
6
CONTINUOUS
10
5.5940851574803148
20
-3.6744376771653542
11
5.5951491732283465
21
-3.6704666929133856
0
LINE
8
BLACK
6
CONTINUOUS
10
5.5951491732283465
20
-3.6704666929133856
11
5.5972047244094485
21
-3.6669063779527558
0
LINE
8
BLACK
6
CONTINUOUS
10
5.5972047244094485
20
-3.6669063779527558
11
5.6001116535433066
21
-3.6639994488188976
0
LINE
8
BLACK
6
CONTINUOUS
10
5.6001116535433066
20
-3.6639994488188976
11
5.6036719685039369
21
-3.6619438976377952
0
LINE
8
BLACK
6
CONTINUOUS
10
5.6036719685039369
20
-3.6619438976377952
11
5.6076429527559055
21
-3.6608798818897639
0
LINE
8
BLACK
6
CONTINUOUS
10
5.6076429527559055
20
-3.6608798818897639
11
5.6117539763779529
21
-3.6608798818897639
0
LINE
8
BLACK
6
CONTINUOUS
10
5.6117539763779529
20
-3.6608798818897639
11
5.6157249606299215
21
-3.6619438976377952
0
LINE
8
BLACK
6
CONTINUOUS
10
5.8374055118110233
20
-3.6213117322834645
11
5.8409658267716535
21
-3.6233672834645669
0
LINE
8
BLACK
6
CONTINUOUS
10
5.8409658267716535
20
-3.6233672834645669
11
5.8438727559055117
21
-3.6262742125984251
0
LINE
8
BLACK
6
CONTINUOUS
10
5.8438727559055117
20
-3.6262742125984251
11
5.8459283070866137
21
-3.6298345275590549
0
LINE
8
BLACK
6
CONTINUOUS
10
5.8459283070866137
20
-3.6298345275590549
11
5.8469923228346454
21
-3.6338055118110235
0
LINE
8
BLACK
6
CONTINUOUS
10
5.8469923228346454
20
-3.6338055118110235
11
5.8469923228346454
21
-3.6379165354330709
0
LINE
8
BLACK
6
CONTINUOUS
10
5.8469923228346454
20
-3.6379165354330709
11
5.8459283070866137
21
-3.6418875196850391
0
LINE
8
BLACK
6
CONTINUOUS
10
5.8459283070866137
20
-3.6418875196850391
11
5.8438727559055117
21
-3.6454478346456693
0
LINE
8
BLACK
6
CONTINUOUS
10
5.8438727559055117
20
-3.6454478346456693
11
5.8409658267716535
21
-3.6483547637795275
0
LINE
8
BLACK
6
CONTINUOUS
10
5.8409658267716535
20
-3.6483547637795275
11
5.8374055118110233
21
-3.65041031496063
0
LINE
8
BLACK
6
CONTINUOUS
10
5.8374055118110233
20
-3.65041031496063
11
5.8334345275590547
21
-3.6514743307086612
0
LINE
8
BLACK
6
CONTINUOUS
10
5.8334345275590547
20
-3.6514743307086612
11
5.8293235039370082
21
-3.6514743307086612
0
LINE
8
BLACK
6
CONTINUOUS
10
5.8293235039370082
20
-3.6514743307086612
11
5.8253525196850395
21
-3.65041031496063
0
LINE
8
BLACK
6
CONTINUOUS
10
5.8253525196850395
20
-3.65041031496063
11
5.8217922047244093
21
-3.6483547637795275
0
LINE
8
BLACK
6
CONTINUOUS
10
5.8217922047244093
20
-3.6483547637795275
11
5.8188852755905511
21
-3.6454478346456693
0
LINE
8
BLACK
6
CONTINUOUS
10
5.8188852755905511
20
-3.6454478346456693
11
5.8168297244094491
21
-3.6418875196850391
0
LINE
8
BLACK
6
CONTINUOUS
10
5.8168297244094491
20
-3.6418875196850391
11
5.8157657086614174
21
-3.6379165354330709
0
LINE
8
BLACK
6
CONTINUOUS
10
5.8157657086614174
20
-3.6379165354330709
11
5.8157657086614174
21
-3.6338055118110235
0
LINE
8
BLACK
6
CONTINUOUS
10
5.8157657086614174
20
-3.6338055118110235
11
5.8168297244094491
21
-3.6298345275590549
0
LINE
8
BLACK
6
CONTINUOUS
10
5.8168297244094491
20
-3.6298345275590549
11
5.8188852755905511
21
-3.6262742125984251
0
LINE
8
BLACK
6
CONTINUOUS
10
5.8188852755905511
20
-3.6262742125984251
11
5.8217922047244093
21
-3.6233672834645669
0
LINE
8
BLACK
6
CONTINUOUS
10
5.8217922047244093
20
-3.6233672834645669
11
5.8253525196850395
21
-3.6213117322834645
0
LINE
8
BLACK
6
CONTINUOUS
10
5.8253525196850395
20
-3.6213117322834645
11
5.8293235039370082
21
-3.6202477165354332
0
LINE
8
BLACK
6
CONTINUOUS
10
5.8293235039370082
20
-3.6202477165354332
11
5.8334345275590547
21
-3.6202477165354332
0
LINE
8
BLACK
6
CONTINUOUS
10
5.8334345275590547
20
-3.6202477165354332
11
5.8374055118110233
21
-3.6213117322834645
0
LINE
8
BLACK
6
CONTINUOUS
10
5.9767013385826768
20
-3.2989675196850392
11
5.9802616535433071
21
-3.3010230708661417
0
LINE
8
BLACK
6
CONTINUOUS
10
5.9802616535433071
20
-3.3010230708661417
11
5.9831685826771652
21
-3.3039299999999998
0
LINE
8
BLACK
6
CONTINUOUS
10
5.9831685826771652
20
-3.3039299999999998
11
5.9852241338582672
21
-3.3074903149606301
0
LINE
8
BLACK
6
CONTINUOUS
10
5.9852241338582672
20
-3.3074903149606301
11
5.986288149606299
21
-3.3114612992125982
0
LINE
8
BLACK
6
CONTINUOUS
10
5.986288149606299
20
-3.3114612992125982
11
5.986288149606299
21
-3.3155723228346456
0
LINE
8
BLACK
6
CONTINUOUS
10
5.986288149606299
20
-3.3155723228346456
11
5.9852241338582672
21
-3.3195433070866143
0
LINE
8
BLACK
6
CONTINUOUS
10
5.9852241338582672
20
-3.3195433070866143
11
5.9831685826771652
21
-3.3231036220472441
0
LINE
8
BLACK
6
CONTINUOUS
10
5.9831685826771652
20
-3.3231036220472441
11
5.9802616535433071
21
-3.3260105511811022
0
LINE
8
BLACK
6
CONTINUOUS
10
5.9802616535433071
20
-3.3260105511811022
11
5.9767013385826768
21
-3.3280661023622047
0
LINE
8
BLACK
6
CONTINUOUS
10
5.9767013385826768
20
-3.3280661023622047
11
5.9727303543307082
21
-3.329130118110236
0
LINE
8
BLACK
6
CONTINUOUS
10
5.9727303543307082
20
-3.329130118110236
11
5.9686193307086617
21
-3.329130118110236
0
LINE
8
BLACK
6
CONTINUOUS
10
5.9686193307086617
20
-3.329130118110236
11
5.9646483464566931
21
-3.3280661023622047
0
LINE
8
BLACK
6
CONTINUOUS
10
5.9646483464566931
20
-3.3280661023622047
11
5.9610880314960628
21
-3.3260105511811022
0
LINE
8
BLACK
6
CONTINUOUS
10
5.9610880314960628
20
-3.3260105511811022
11
5.9581811023622047
21
-3.3231036220472441
0
LINE
8
BLACK
6
CONTINUOUS
10
5.9581811023622047
20
-3.3231036220472441
11
5.9561255511811027
21
-3.3195433070866143
0
LINE
8
BLACK
6
CONTINUOUS
10
5.9561255511811027
20
-3.3195433070866143
11
5.9550615354330709
21
-3.3155723228346456
0
LINE
8
BLACK
6
CONTINUOUS
10
5.9550615354330709
20
-3.3155723228346456
11
5.9550615354330709
21
-3.3114612992125982
0
LINE
8
BLACK
6
CONTINUOUS
10
5.9550615354330709
20
-3.3114612992125982
11
5.9561255511811027
21
-3.3074903149606301
0
LINE
8
BLACK
6
CONTINUOUS
10
5.9561255511811027
20
-3.3074903149606301
11
5.9581811023622047
21
-3.3039299999999998
0
LINE
8
BLACK
6
CONTINUOUS
10
5.9581811023622047
20
-3.3039299999999998
11
5.9610880314960628
21
-3.3010230708661417
0
LINE
8
BLACK
6
CONTINUOUS
10
5.9610880314960628
20
-3.3010230708661417
11
5.9646483464566931
21
-3.2989675196850392
0
LINE
8
BLACK
6
CONTINUOUS
10
5.9646483464566931
20
-3.2989675196850392
11
5.9686193307086617
21
-3.2979035039370079
0
LINE
8
BLACK
6
CONTINUOUS
10
5.9686193307086617
20
-3.2979035039370079
11
5.9727303543307082
21
-3.2979035039370079
0
LINE
8
BLACK
6
CONTINUOUS
10
5.9727303543307082
20
-3.2979035039370079
11
5.9767013385826768
21
-3.2989675196850392
0
LINE
8
BLACK
6
CONTINUOUS
10
6.3847013385826772
20
-3.2969675196850394
11
6.3882616535433066
21
-3.2990230708661414
0
LINE
8
BLACK
6
CONTINUOUS
10
6.3882616535433066
20
-3.2990230708661414
11
6.3911685826771656
21
-3.30193
0
LINE
8
BLACK
6
CONTINUOUS
10
6.3911685826771656
20
-3.30193
11
6.3932241338582676
21
-3.3054903149606298
0
LINE
8
BLACK
6
CONTINUOUS
10
6.3932241338582676
20
-3.3054903149606298
11
6.3942881496062993
21
-3.3094612992125985
0
LINE
8
BLACK
6
CONTINUOUS
10
6.3942881496062993
20
-3.3094612992125985
11
6.3942881496062993
21
-3.3135723228346454
0
LINE
8
BLACK
6
CONTINUOUS
10
6.3942881496062993
20
-3.3135723228346454
11
6.3937762598425198
21
-3.315482716535433
0
LINE
8
BLACK
6
CONTINUOUS
10
6.3937762598425198
20
-3.315482716535433
11
6.4896128346456692
21
-3.4113192519685041
0
LINE
8
BLACK
6
CONTINUOUS
10
6.4896128346456692
20
-3.4113192519685041
11
6.9753512992125986
21
-3.4113192519685041
0
LINE
8
BLACK
6
CONTINUOUS
10
6.9753512992125986
20
-3.4113192519685041
11
6.976887440944882
21
-3.4114705511811021
0
LINE
8
BLACK
6
CONTINUOUS
10
6.976887440944882
20
-3.4114705511811021
11
6.9797258661417318
21
-3.4126462598425196
0
LINE
8
BLACK
6
CONTINUOUS
10
6.9797258661417318
20
-3.4126462598425196
11
6.9809190551181102
21
-3.4136255118110235
0
LINE
8
BLACK
6
CONTINUOUS
10
6.9809190551181102
20
-3.4136255118110235
11
6.9879363779527557
21
-3.4206427952755907
0
LINE
8
BLACK
6
CONTINUOUS
10
6.9879363779527557
20
-3.4206427952755907
11
7.0466148818897638
21
-3.4206427952755907
0
LINE
8
BLACK
6
CONTINUOUS
10
7.0466148818897638
20
-3.4206427952755907
11
7.0481811023622045
21
-3.4179300000000001
0
LINE
8
BLACK
6
CONTINUOUS
10
7.0481811023622045
20
-3.4179300000000001
11
7.0510880314960627
21
-3.4150230708661415
0
LINE
8
BLACK
6
CONTINUOUS
10
7.0510880314960627
20
-3.4150230708661415
11
7.0546483464566929
21
-3.4129675196850391
0
LINE
8
BLACK
6
CONTINUOUS
10
7.0546483464566929
20
-3.4129675196850391
11
7.0586193307086615
21
-3.4119035039370078
0
LINE
8
BLACK
6
CONTINUOUS
10
7.0586193307086615
20
-3.4119035039370078
11
7.0627303543307081
21
-3.4119035039370078
0
LINE
8
BLACK
6
CONTINUOUS
10
7.0627303543307081
20
-3.4119035039370078
11
7.0667013385826767
21
-3.4129675196850391
0
LINE
8
BLACK
6
CONTINUOUS
10
7.0667013385826767
20
-3.4129675196850391
11
7.0702616535433069
21
-3.4150230708661415
0
LINE
8
BLACK
6
CONTINUOUS
10
7.0702616535433069
20
-3.4150230708661415
11
7.0731685826771651
21
-3.4179300000000001
0
LINE
8
BLACK
6
CONTINUOUS
10
7.0731685826771651
20
-3.4179300000000001
11
7.075224133858268
21
-3.4214903149606299
0
LINE
8
BLACK
6
CONTINUOUS
10
7.075224133858268
20
-3.4214903149606299
11
7.0762881496062988
21
-3.4254612992125986
0
LINE
8
BLACK
6
CONTINUOUS
10
7.0762881496062988
20
-3.4254612992125986
11
7.0762881496062988
21
-3.4295723228346455
0
LINE
8
BLACK
6
CONTINUOUS
10
7.0762881496062988
20
-3.4295723228346455
11
7.075224133858268
21
-3.4335433070866141
0
LINE
8
BLACK
6
CONTINUOUS
10
7.075224133858268
20
-3.4335433070866141
11
7.0731685826771651
21
-3.437103622047244
0
LINE
8
BLACK
6
CONTINUOUS
10
7.0731685826771651
20
-3.437103622047244
11
7.0702616535433069
21
-3.4400105511811021
0
LINE
8
BLACK
6
CONTINUOUS
10
7.0702616535433069
20
-3.4400105511811021
11
7.0667013385826767
21
-3.4420661023622046
0
LINE
8
BLACK
6
CONTINUOUS
10
7.0667013385826767
20
-3.4420661023622046
11
7.0627303543307081
21
-3.4431301181102363
0
LINE
8
BLACK
6
CONTINUOUS
10
7.0627303543307081
20
-3.4431301181102363
11
7.0586193307086615
21
-3.4431301181102363
0
LINE
8
BLACK
6
CONTINUOUS
10
7.0586193307086615
20
-3.4431301181102363
11
7.0546483464566929
21
-3.4420661023622046
0
LINE
8
BLACK
6
CONTINUOUS
10
7.0546483464566929
20
-3.4420661023622046
11
7.0510880314960627
21
-3.4400105511811021
0
LINE
8
BLACK
6
CONTINUOUS
10
7.0510880314960627
20
-3.4400105511811021
11
7.0481811023622045
21
-3.437103622047244
0
LINE
8
BLACK
6
CONTINUOUS
10
7.0481811023622045
20
-3.437103622047244
11
7.0477695669291336
21
-3.4363908267716536
0
LINE
8
BLACK
6
CONTINUOUS
10
7.0477695669291336
20
-3.4363908267716536
11
6.9846748425196852
21
-3.4363908267716536
0
LINE
8
BLACK
6
CONTINUOUS
10
6.9846748425196852
20
-3.4363908267716536
11
6.9831387007874017
21
-3.4362395275590552
0
LINE
8
BLACK
6
CONTINUOUS
10
6.9831387007874017
20
-3.4362395275590552
11
6.980300275590551
21
-3.4350638188976377
0
LINE
8
BLACK
6
CONTINUOUS
10
6.980300275590551
20
-3.4350638188976377
11
6.9791070472440939
21
-3.4340845669291338
0
LINE
8
BLACK
6
CONTINUOUS
10
6.9791070472440939
20
-3.4340845669291338
11
6.9720898031496059
21
-3.427067283464567
0
LINE
8
BLACK
6
CONTINUOUS
10
6.9720898031496059
20
-3.427067283464567
11
6.4863512992125987
21
-3.427067283464567
0
LINE
8
BLACK
6
CONTINUOUS
10
6.4863512992125987
20
-3.427067283464567
11
6.4848151574803152
21
-3.4269159842519685
0
LINE
8
BLACK
6
CONTINUOUS
10
6.4848151574803152
20
-3.4269159842519685
11
6.4819767322834645
21
-3.4257402755905511
0
LINE
8
BLACK
6
CONTINUOUS
10
6.4819767322834645
20
-3.4257402755905511
11
6.4807835433070862
21
-3.4247610629921259
0
LINE
8
BLACK
6
CONTINUOUS
10
6.4807835433070862
20
-3.4247610629921259
11
6.3826407480314957
21
-3.3266182283464567
0
LINE
8
BLACK
6
CONTINUOUS
10
6.3826407480314957
20
-3.3266182283464567
11
6.3807303543307086
21
-3.3271301181102362
0
LINE
8
BLACK
6
CONTINUOUS
10
6.3807303543307086
20
-3.3271301181102362
11
6.3766193307086612
21
-3.3271301181102362
0
LINE
8
BLACK
6
CONTINUOUS
10
6.3766193307086612
20
-3.3271301181102362
11
6.3726483464566925
21
-3.3260661023622045
0
LINE
8
BLACK
6
CONTINUOUS
10
6.3726483464566925
20
-3.3260661023622045
11
6.3690880314960632
21
-3.3240105511811024
0
LINE
8
BLACK
6
CONTINUOUS
10
6.3690880314960632
20
-3.3240105511811024
11
6.3661811023622041
21
-3.3211036220472439
0
LINE
8
BLACK
6
CONTINUOUS
10
6.3661811023622041
20
-3.3211036220472439
11
6.3641255511811021
21
-3.317543307086614
0
LINE
8
BLACK
6
CONTINUOUS
10
6.3641255511811021
20
-3.317543307086614
11
6.3630615354330704
21
-3.3135723228346454
0
LINE
8
BLACK
6
CONTINUOUS
10
6.3630615354330704
20
-3.3135723228346454
11
6.3630615354330704
21
-3.3094612992125985
0
LINE
8
BLACK
6
CONTINUOUS
10
6.3630615354330704
20
-3.3094612992125985
11
6.3641255511811021
21
-3.3054903149606298
0
LINE
8
BLACK
6
CONTINUOUS
10
6.3641255511811021
20
-3.3054903149606298
11
6.3661811023622041
21
-3.30193
0
LINE
8
BLACK
6
CONTINUOUS
10
6.3661811023622041
20
-3.30193
11
6.3690880314960632
21
-3.2990230708661414
0
LINE
8
BLACK
6
CONTINUOUS
10
6.3690880314960632
20
-3.2990230708661414
11
6.3726483464566925
21
-3.2969675196850394
0
LINE
8
BLACK
6
CONTINUOUS
10
6.3726483464566925
20
-3.2969675196850394
11
6.3766193307086612
21
-3.2959035039370077
0
LINE
8
BLACK
6
CONTINUOUS
10
6.3766193307086612
20
-3.2959035039370077
11
6.3807303543307086
21
-3.2959035039370077
0
LINE
8
BLACK
6
CONTINUOUS
10
6.3807303543307086
20
-3.2959035039370077
11
6.3847013385826772
21
-3.2969675196850394
0
LINE
8
BLACK
6
CONTINUOUS
10
5.9047013385826768
20
-3.3659675196850394
11
5.908261653543307
21
-3.3680230708661418
0
LINE
8
BLACK
6
CONTINUOUS
10
5.908261653543307
20
-3.3680230708661418
11
5.9111685826771652
21
-3.37093
0
LINE
8
BLACK
6
CONTINUOUS
10
5.9111685826771652
20
-3.37093
11
5.9132241338582672
21
-3.3744903149606298
0
LINE
8
BLACK
6
CONTINUOUS
10
5.9132241338582672
20
-3.3744903149606298
11
5.9142881496062989
21
-3.3784612992125984
0
LINE
8
BLACK
6
CONTINUOUS
10
5.9142881496062989
20
-3.3784612992125984
11
5.9142881496062989
21
-3.3825723228346454
0
LINE
8
BLACK
6
CONTINUOUS
10
5.9142881496062989
20
-3.3825723228346454
11
5.9132241338582672
21
-3.386543307086614
0
LINE
8
BLACK
6
CONTINUOUS
10
5.9132241338582672
20
-3.386543307086614
11
5.9111685826771652
21
-3.3901036220472438
0
LINE
8
BLACK
6
CONTINUOUS
10
5.9111685826771652
20
-3.3901036220472438
11
5.908261653543307
21
-3.3930105511811024
0
LINE
8
BLACK
6
CONTINUOUS
10
5.908261653543307
20
-3.3930105511811024
11
5.9047013385826768
21
-3.3950661023622049
0
LINE
8
BLACK
6
CONTINUOUS
10
5.9047013385826768
20
-3.3950661023622049
11
5.9007303543307081
21
-3.3961301181102361
0
LINE
8
BLACK
6
CONTINUOUS
10
5.9007303543307081
20
-3.3961301181102361
11
5.8966193307086616
21
-3.3961301181102361
0
LINE
8
BLACK
6
CONTINUOUS
10
5.8966193307086616
20
-3.3961301181102361
11
5.892648346456693
21
-3.3950661023622049
0
LINE
8
BLACK
6
CONTINUOUS
10
5.892648346456693
20
-3.3950661023622049
11
5.8890880314960627
21
-3.3930105511811024
0
LINE
8
BLACK
6
CONTINUOUS
10
5.8890880314960627
20
-3.3930105511811024
11
5.8861811023622046
21
-3.3901036220472438
0
LINE
8
BLACK
6
CONTINUOUS
10
5.8861811023622046
20
-3.3901036220472438
11
5.8841255511811026
21
-3.386543307086614
0
LINE
8
BLACK
6
CONTINUOUS
10
5.8841255511811026
20
-3.386543307086614
11
5.8830615354330709
21
-3.3825723228346454
0
LINE
8
BLACK
6
CONTINUOUS
10
5.8830615354330709
20
-3.3825723228346454
11
5.8830615354330709
21
-3.3784612992125984
0
LINE
8
BLACK
6
CONTINUOUS
10
5.8830615354330709
20
-3.3784612992125984
11
5.8841255511811026
21
-3.3744903149606298
0
LINE
8
BLACK
6
CONTINUOUS
10
5.8841255511811026
20
-3.3744903149606298
11
5.8861811023622046
21
-3.37093
0
LINE
8
BLACK
6
CONTINUOUS
10
5.8861811023622046
20
-3.37093
11
5.8890880314960627
21
-3.3680230708661418
0
LINE
8
BLACK
6
CONTINUOUS
10
5.8890880314960627
20
-3.3680230708661418
11
5.892648346456693
21
-3.3659675196850394
0
LINE
8
BLACK
6
CONTINUOUS
10
5.892648346456693
20
-3.3659675196850394
11
5.8966193307086616
21
-3.3649035039370077
0
LINE
8
BLACK
6
CONTINUOUS
10
5.8966193307086616
20
-3.3649035039370077
11
5.9007303543307081
21
-3.3649035039370077
0
LINE
8
BLACK
6
CONTINUOUS
10
5.9007303543307081
20
-3.3649035039370077
11
5.9047013385826768
21
-3.3659675196850394
0
LINE
8
BLACK
6
CONTINUOUS
10
6.5427013385826767
20
-3.3129674409448819
11
6.5462616535433069
21
-3.3150229921259844
0
LINE
8
BLACK
6
CONTINUOUS
10
6.5462616535433069
20
-3.3150229921259844
11
6.5491685826771651
21
-3.3179299212598425
0
LINE
8
BLACK
6
CONTINUOUS
10
6.5491685826771651
20
-3.3179299212598425
11
6.551224133858268
21
-3.3214902362204723
0
LINE
8
BLACK
6
CONTINUOUS
10
6.551224133858268
20
-3.3214902362204723
11
6.5522881496062988
21
-3.325461220472441
0
LINE
8
BLACK
6
CONTINUOUS
10
6.5522881496062988
20
-3.325461220472441
11
6.5522881496062988
21
-3.3295722440944879
0
LINE
8
BLACK
6
CONTINUOUS
10
6.5522881496062988
20
-3.3295722440944879
11
6.5517762598425193
21
-3.3314826377952755
0
LINE
8
BLACK
6
CONTINUOUS
10
6.5517762598425193
20
-3.3314826377952755
11
6.5799364173228341
21
-3.3596427952755903
0
LINE
8
BLACK
6
CONTINUOUS
10
6.5799364173228341
20
-3.3596427952755903
11
7.0491922047244095
21
-3.3596427952755903
0
LINE
8
BLACK
6
CONTINUOUS
10
7.0491922047244095
20
-3.3596427952755903
11
7.0501811023622043
21
-3.3579300000000001
0
LINE
8
BLACK
6
CONTINUOUS
10
7.0501811023622043
20
-3.3579300000000001
11
7.0530880314960624
21
-3.3550230708661415
0
LINE
8
BLACK
6
CONTINUOUS
10
7.0530880314960624
20
-3.3550230708661415
11
7.0566483464566927
21
-3.3529675196850395
0
LINE
8
BLACK
6
CONTINUOUS
10
7.0566483464566927
20
-3.3529675196850395
11
7.0606193307086613
21
-3.3519035039370078
0
LINE
8
BLACK
6
CONTINUOUS
10
7.0606193307086613
20
-3.3519035039370078
11
7.0647303543307087
21
-3.3519035039370078
0
LINE
8
BLACK
6
CONTINUOUS
10
7.0647303543307087
20
-3.3519035039370078
11
7.0687013385826774
21
-3.3529675196850395
0
LINE
8
BLACK
6
CONTINUOUS
10
7.0687013385826774
20
-3.3529675196850395
11
7.0722616535433067
21
-3.3550230708661415
0
LINE
8
BLACK
6
CONTINUOUS
10
7.0722616535433067
20
-3.3550230708661415
11
7.0751685826771649
21
-3.3579300000000001
0
LINE
8
BLACK
6
CONTINUOUS
10
7.0751685826771649
20
-3.3579300000000001
11
7.0772241338582678
21
-3.3614903149606299
0
LINE
8
BLACK
6
CONTINUOUS
10
7.0772241338582678
20
-3.3614903149606299
11
7.0782881496062995
21
-3.3654612992125985
0
LINE
8
BLACK
6
CONTINUOUS
10
7.0782881496062995
20
-3.3654612992125985
11
7.0782881496062995
21
-3.3695723228346455
0
LINE
8
BLACK
6
CONTINUOUS
10
7.0782881496062995
20
-3.3695723228346455
11
7.0772241338582678
21
-3.3735433070866141
0
LINE
8
BLACK
6
CONTINUOUS
10
7.0772241338582678
20
-3.3735433070866141
11
7.0751685826771649
21
-3.3771036220472439
0
LINE
8
BLACK
6
CONTINUOUS
10
7.0751685826771649
20
-3.3771036220472439
11
7.0722616535433067
21
-3.3800105511811025
0
LINE
8
BLACK
6
CONTINUOUS
10
7.0722616535433067
20
-3.3800105511811025
11
7.0687013385826774
21
-3.3820661023622045
0
LINE
8
BLACK
6
CONTINUOUS
10
7.0687013385826774
20
-3.3820661023622045
11
7.0647303543307087
21
-3.3831301181102362
0
LINE
8
BLACK
6
CONTINUOUS
10
7.0647303543307087
20
-3.3831301181102362
11
7.0606193307086613
21
-3.3831301181102362
0
LINE
8
BLACK
6
CONTINUOUS
10
7.0606193307086613
20
-3.3831301181102362
11
7.0566483464566927
21
-3.3820661023622045
0
LINE
8
BLACK
6
CONTINUOUS
10
7.0566483464566927
20
-3.3820661023622045
11
7.0530880314960624
21
-3.3800105511811025
0
LINE
8
BLACK
6
CONTINUOUS
10
7.0530880314960624
20
-3.3800105511811025
11
7.0501811023622043
21
-3.3771036220472439
0
LINE
8
BLACK
6
CONTINUOUS
10
7.0501811023622043
20
-3.3771036220472439
11
7.0491922047244095
21
-3.3753908267716533
0
LINE
8
BLACK
6
CONTINUOUS
10
7.0491922047244095
20
-3.3753908267716533
11
6.5766749212598423
21
-3.3753908267716533
0
LINE
8
BLACK
6
CONTINUOUS
10
6.5766749212598423
20
-3.3753908267716533
11
6.5751387795275589
21
-3.3752395275590552
0
LINE
8
BLACK
6
CONTINUOUS
10
6.5751387795275589
20
-3.3752395275590552
11
6.5723003543307081
21
-3.3740638188976377
0
LINE
8
BLACK
6
CONTINUOUS
10
6.5723003543307081
20
-3.3740638188976377
11
6.5711071653543307
21
-3.3730845669291338
0
LINE
8
BLACK
6
CONTINUOUS
10
6.5711071653543307
20
-3.3730845669291338
11
6.5406407480314961
21
-3.3426181496062992
0
LINE
8
BLACK
6
CONTINUOUS
10
6.5406407480314961
20
-3.3426181496062992
11
6.5387303543307089
21
-3.3431300393700787
0
LINE
8
BLACK
6
CONTINUOUS
10
6.5387303543307089
20
-3.3431300393700787
11
6.5346193307086615
21
-3.3431300393700787
0
LINE
8
BLACK
6
CONTINUOUS
10
6.5346193307086615
20
-3.3431300393700787
11
6.5306483464566929
21
-3.342066023622047
0
LINE
8
BLACK
6
CONTINUOUS
10
6.5306483464566929
20
-3.342066023622047
11
6.5270880314960626
21
-3.340010472440945
0
LINE
8
BLACK
6
CONTINUOUS
10
6.5270880314960626
20
-3.340010472440945
11
6.5241811023622045
21
-3.3371035433070864
0
LINE
8
BLACK
6
CONTINUOUS
10
6.5241811023622045
20
-3.3371035433070864
11
6.5221255511811025
21
-3.3335432283464566
0
LINE
8
BLACK
6
CONTINUOUS
10
6.5221255511811025
20
-3.3335432283464566
11
6.5210615354330708
21
-3.3295722440944879
0
LINE
8
BLACK
6
CONTINUOUS
10
6.5210615354330708
20
-3.3295722440944879
11
6.5210615354330708
21
-3.325461220472441
0
LINE
8
BLACK
6
CONTINUOUS
10
6.5210615354330708
20
-3.325461220472441
11
6.5221255511811025
21
-3.3214902362204723
0
LINE
8
BLACK
6
CONTINUOUS
10
6.5221255511811025
20
-3.3214902362204723
11
6.5241811023622045
21
-3.3179299212598425
0
LINE
8
BLACK
6
CONTINUOUS
10
6.5241811023622045
20
-3.3179299212598425
11
6.5270880314960626
21
-3.3150229921259844
0
LINE
8
BLACK
6
CONTINUOUS
10
6.5270880314960626
20
-3.3150229921259844
11
6.5306483464566929
21
-3.3129674409448819
0
LINE
8
BLACK
6
CONTINUOUS
10
6.5306483464566929
20
-3.3129674409448819
11
6.5346193307086615
21
-3.3119034251968502
0
LINE
8
BLACK
6
CONTINUOUS
10
6.5346193307086615
20
-3.3119034251968502
11
6.5387303543307089
21
-3.3119034251968502
0
LINE
8
BLACK
6
CONTINUOUS
10
6.5387303543307089
20
-3.3119034251968502
11
6.5427013385826767
21
-3.3129674409448819
0
LINE
8
BLACK
6
CONTINUOUS
10
7.3427013385826774
20
-3.2589675196850392
11
7.3462616535433067
21
-3.2610230708661416
0
LINE
8
BLACK
6
CONTINUOUS
10
7.3462616535433067
20
-3.2610230708661416
11
7.3491685826771649
21
-3.2639299999999998
0
LINE
8
BLACK
6
CONTINUOUS
10
7.3491685826771649
20
-3.2639299999999998
11
7.3512241338582678
21
-3.26749031496063
0
LINE
8
BLACK
6
CONTINUOUS
10
7.3512241338582678
20
-3.26749031496063
11
7.3522881496062986
21
-3.2714612992125982
0
LINE
8
BLACK
6
CONTINUOUS
10
7.3522881496062986
20
-3.2714612992125982
11
7.3522881496062986
21
-3.2755723228346456
0
LINE
8
BLACK
6
CONTINUOUS
10
7.3522881496062986
20
-3.2755723228346456
11
7.3512241338582678
21
-3.2795433070866142
0
LINE
8
BLACK
6
CONTINUOUS
10
7.3512241338582678
20
-3.2795433070866142
11
7.3491685826771649
21
-3.283103622047244
0
LINE
8
BLACK
6
CONTINUOUS
10
7.3491685826771649
20
-3.283103622047244
11
7.3462616535433067
21
-3.2860105511811022
0
LINE
8
BLACK
6
CONTINUOUS
10
7.3462616535433067
20
-3.2860105511811022
11
7.3427013385826774
21
-3.2880661023622046
0
LINE
8
BLACK
6
CONTINUOUS
10
7.3427013385826774
20
-3.2880661023622046
11
7.3387303543307087
21
-3.2891301181102364
0
LINE
8
BLACK
6
CONTINUOUS
10
7.3387303543307087
20
-3.2891301181102364
11
7.3346193307086613
21
-3.2891301181102364
0
LINE
8
BLACK
6
CONTINUOUS
10
7.3346193307086613
20
-3.2891301181102364
11
7.3306483464566927
21
-3.2880661023622046
0
LINE
8
BLACK
6
CONTINUOUS
10
7.3306483464566927
20
-3.2880661023622046
11
7.3270880314960625
21
-3.2860105511811022
0
LINE
8
BLACK
6
CONTINUOUS
10
7.3270880314960625
20
-3.2860105511811022
11
7.3241811023622043
21
-3.283103622047244
0
LINE
8
BLACK
6
CONTINUOUS
10
7.3241811023622043
20
-3.283103622047244
11
7.3221255511811023
21
-3.2795433070866142
0
LINE
8
BLACK
6
CONTINUOUS
10
7.3221255511811023
20
-3.2795433070866142
11
7.3210615354330706
21
-3.2755723228346456
0
LINE
8
BLACK
6
CONTINUOUS
10
7.3210615354330706
20
-3.2755723228346456
11
7.3210615354330706
21
-3.2714612992125982
0
LINE
8
BLACK
6
CONTINUOUS
10
7.3210615354330706
20
-3.2714612992125982
11
7.3221255511811023
21
-3.26749031496063
0
LINE
8
BLACK
6
CONTINUOUS
10
7.3221255511811023
20
-3.26749031496063
11
7.3241811023622043
21
-3.2639299999999998
0
LINE
8
BLACK
6
CONTINUOUS
10
7.3241811023622043
20
-3.2639299999999998
11
7.3270880314960625
21
-3.2610230708661416
0
LINE
8
BLACK
6
CONTINUOUS
10
7.3270880314960625
20
-3.2610230708661416
11
7.3306483464566927
21
-3.2589675196850392
0
LINE
8
BLACK
6
CONTINUOUS
10
7.3306483464566927
20
-3.2589675196850392
11
7.3346193307086613
21
-3.2579035039370079
0
LINE
8
BLACK
6
CONTINUOUS
10
7.3346193307086613
20
-3.2579035039370079
11
7.3387303543307087
21
-3.2579035039370079
0
LINE
8
BLACK
6
CONTINUOUS
10
7.3387303543307087
20
-3.2579035039370079
11
7.3427013385826774
21
-3.2589675196850392
0
LINE
8
BLACK
6
CONTINUOUS
10
7.3447013385826772
20
-3.2089675196850393
11
7.3482616535433065
21
-3.2110230708661418
0
LINE
8
BLACK
6
CONTINUOUS
10
7.3482616535433065
20
-3.2110230708661418
11
7.3511685826771656
21
-3.21393
0
LINE
8
BLACK
6
CONTINUOUS
10
7.3511685826771656
20
-3.21393
11
7.3532241338582676
21
-3.2174903149606298
0
LINE
8
BLACK
6
CONTINUOUS
10
7.3532241338582676
20
-3.2174903149606298
11
7.3542881496062993
21
-3.2214612992125984
0
LINE
8
BLACK
6
CONTINUOUS
10
7.3542881496062993
20
-3.2214612992125984
11
7.3542881496062993
21
-3.2255723228346458
0
LINE
8
BLACK
6
CONTINUOUS
10
7.3542881496062993
20
-3.2255723228346458
11
7.3532241338582676
21
-3.229543307086614
0
LINE
8
BLACK
6
CONTINUOUS
10
7.3532241338582676
20
-3.229543307086614
11
7.3511685826771656
21
-3.2331036220472442
0
LINE
8
BLACK
6
CONTINUOUS
10
7.3511685826771656
20
-3.2331036220472442
11
7.3482616535433065
21
-3.2360105511811024
0
LINE
8
BLACK
6
CONTINUOUS
10
7.3482616535433065
20
-3.2360105511811024
11
7.3447013385826772
21
-3.2380661023622048
0
LINE
8
BLACK
6
CONTINUOUS
10
7.3447013385826772
20
-3.2380661023622048
11
7.3407303543307085
21
-3.2391301181102361
0
LINE
8
BLACK
6
CONTINUOUS
10
7.3407303543307085
20
-3.2391301181102361
11
7.3366193307086611
21
-3.2391301181102361
0
LINE
8
BLACK
6
CONTINUOUS
10
7.3366193307086611
20
-3.2391301181102361
11
7.3326483464566925
21
-3.2380661023622048
0
LINE
8
BLACK
6
CONTINUOUS
10
7.3326483464566925
20
-3.2380661023622048
11
7.3290880314960631
21
-3.2360105511811024
0
LINE
8
BLACK
6
CONTINUOUS
10
7.3290880314960631
20
-3.2360105511811024
11
7.326181102362205
21
-3.2331036220472442
0
LINE
8
BLACK
6
CONTINUOUS
10
7.326181102362205
20
-3.2331036220472442
11
7.3241255511811021
21
-3.229543307086614
0
LINE
8
BLACK
6
CONTINUOUS
10
7.3241255511811021
20
-3.229543307086614
11
7.3230615354330704
21
-3.2255723228346458
0
LINE
8
BLACK
6
CONTINUOUS
10
7.3230615354330704
20
-3.2255723228346458
11
7.3230615354330704
21
-3.2214612992125984
0
LINE
8
BLACK
6
CONTINUOUS
10
7.3230615354330704
20
-3.2214612992125984
11
7.3241255511811021
21
-3.2174903149606298
0
LINE
8
BLACK
6
CONTINUOUS
10
7.3241255511811021
20
-3.2174903149606298
11
7.326181102362205
21
-3.21393
0
LINE
8
BLACK
6
CONTINUOUS
10
7.326181102362205
20
-3.21393
11
7.3290880314960631
21
-3.2110230708661418
0
LINE
8
BLACK
6
CONTINUOUS
10
7.3290880314960631
20
-3.2110230708661418
11
7.3326483464566925
21
-3.2089675196850393
0
LINE
8
BLACK
6
CONTINUOUS
10
7.3326483464566925
20
-3.2089675196850393
11
7.3366193307086611
21
-3.2079035039370076
0
LINE
8
BLACK
6
CONTINUOUS
10
7.3366193307086611
20
-3.2079035039370076
11
7.3407303543307085
21
-3.2079035039370076
0
LINE
8
BLACK
6
CONTINUOUS
10
7.3407303543307085
20
-3.2079035039370076
11
7.3447013385826772
21
-3.2089675196850393
0
LINE
8
BLACK
6
CONTINUOUS
10
6.133789566929134
20
-3.0412607086614174
11
6.1391373622047238
21
-3.0434758267716533
0
LINE
8
BLACK
6
CONTINUOUS
10
6.1391373622047238
20
-3.0434758267716533
11
6.1439502362204719
21
-3.0466916929133858
0
LINE
8
BLACK
6
CONTINUOUS
10
6.1439502362204719
20
-3.0466916929133858
11
6.1480432677165355
21
-3.0507847244094486
0
LINE
8
BLACK
6
CONTINUOUS
10
6.1480432677165355
20
-3.0507847244094486
11
6.1512591338582672
21
-3.0555975984251966
0
LINE
8
BLACK
6
CONTINUOUS
10
6.1512591338582672
20
-3.0555975984251966
11
6.1534742519685039
21
-3.0609453937007873
0
LINE
8
BLACK
6
CONTINUOUS
10
6.1534742519685039
20
-3.0609453937007873
11
6.1546035433070863
21
-3.0666225984251967
0
LINE
8
BLACK
6
CONTINUOUS
10
6.1546035433070863
20
-3.0666225984251967
11
6.1546035433070863
21
-3.0724110236220472
0
LINE
8
BLACK
6
CONTINUOUS
10
6.1546035433070863
20
-3.0724110236220472
11
6.1534742519685039
21
-3.0780882283464566
0
LINE
8
BLACK
6
CONTINUOUS
10
6.1534742519685039
20
-3.0780882283464566
11
6.1512591338582672
21
-3.0834360236220473
0
LINE
8
BLACK
6
CONTINUOUS
10
6.1512591338582672
20
-3.0834360236220473
11
6.1480432677165355
21
-3.0882488976377953
0
LINE
8
BLACK
6
CONTINUOUS
10
6.1480432677165355
20
-3.0882488976377953
11
6.1439502362204719
21
-3.0923419291338581
0
LINE
8
BLACK
6
CONTINUOUS
10
6.1439502362204719
20
-3.0923419291338581
11
6.1391373622047238
21
-3.0955577952755906
0
LINE
8
BLACK
6
CONTINUOUS
10
6.1391373622047238
20
-3.0955577952755906
11
6.133789566929134
21
-3.0977729133858265
0
LINE
8
BLACK
6
CONTINUOUS
10
6.133789566929134
20
-3.0977729133858265
11
6.1281123622047247
21
-3.0989022047244092
0
LINE
8
BLACK
6
CONTINUOUS
10
6.1281123622047247
20
-3.0989022047244092
11
6.1223239370078737
21
-3.0989022047244092
0
LINE
8
BLACK
6
CONTINUOUS
10
6.1223239370078737
20
-3.0989022047244092
11
6.1166467322834643
21
-3.0977729133858265
0
LINE
8
BLACK
6
CONTINUOUS
10
6.1166467322834643
20
-3.0977729133858265
11
6.1112989370078736
21
-3.0955577952755906
0
LINE
8
BLACK
6
CONTINUOUS
10
6.1112989370078736
20
-3.0955577952755906
11
6.1064860629921256
21
-3.0923419291338581
0
LINE
8
BLACK
6
CONTINUOUS
10
6.1064860629921256
20
-3.0923419291338581
11
6.1023930314960628
21
-3.0882488976377953
0
LINE
8
BLACK
6
CONTINUOUS
10
6.1023930314960628
20
-3.0882488976377953
11
6.0991771653543303
21
-3.0834360236220473
0
LINE
8
BLACK
6
CONTINUOUS
10
6.0991771653543303
20
-3.0834360236220473
11
6.0969620472440944
21
-3.0780882283464566
0
LINE
8
BLACK
6
CONTINUOUS
10
6.0969620472440944
20
-3.0780882283464566
11
6.0958327559055121
21
-3.0724110236220472
0
LINE
8
BLACK
6
CONTINUOUS
10
6.0958327559055121
20
-3.0724110236220472
11
6.0958327559055121
21
-3.0666225984251967
0
LINE
8
BLACK
6
CONTINUOUS
10
6.0958327559055121
20
-3.0666225984251967
11
6.0969620472440944
21
-3.0609453937007873
0
LINE
8
BLACK
6
CONTINUOUS
10
6.0969620472440944
20
-3.0609453937007873
11
6.0991771653543303
21
-3.0555975984251966
0
LINE
8
BLACK
6
CONTINUOUS
10
6.0991771653543303
20
-3.0555975984251966
11
6.1023930314960628
21
-3.0507847244094486
0
LINE
8
BLACK
6
CONTINUOUS
10
6.1023930314960628
20
-3.0507847244094486
11
6.1064860629921256
21
-3.0466916929133858
0
LINE
8
BLACK
6
CONTINUOUS
10
6.1064860629921256
20
-3.0466916929133858
11
6.1112989370078736
21
-3.0434758267716533
0
LINE
8
BLACK
6
CONTINUOUS
10
6.1112989370078736
20
-3.0434758267716533
11
6.1166467322834643
21
-3.0412607086614174
0
LINE
8
BLACK
6
CONTINUOUS
10
6.1166467322834643
20
-3.0412607086614174
11
6.1223239370078737
21
-3.0401314173228347
0
LINE
8
BLACK
6
CONTINUOUS
10
6.1223239370078737
20
-3.0401314173228347
11
6.1281123622047247
21
-3.0401314173228347
0
LINE
8
BLACK
6
CONTINUOUS
10
6.1281123622047247
20
-3.0401314173228347
11
6.133789566929134
21
-3.0412607086614174
0
LINE
8
BLACK
6
CONTINUOUS
10
6.3259155511811018
20
-3.0412607086614174
11
6.3312633464566925
21
-3.0434758267716533
0
LINE
8
BLACK
6
CONTINUOUS
10
6.3312633464566925
20
-3.0434758267716533
11
6.3360762204724406
21
-3.0466916929133858
0
LINE
8
BLACK
6
CONTINUOUS
10
6.3360762204724406
20
-3.0466916929133858
11
6.3401692519685042
21
-3.0507847244094486
0
LINE
8
BLACK
6
CONTINUOUS
10
6.3401692519685042
20
-3.0507847244094486
11
6.3433851181102359
21
-3.0555975984251966
0
LINE
8
BLACK
6
CONTINUOUS
10
6.3433851181102359
20
-3.0555975984251966
11
6.3456002362204726
21
-3.0609453937007873
0
LINE
8
BLACK
6
CONTINUOUS
10
6.3456002362204726
20
-3.0609453937007873
11
6.346729527559055
21
-3.0666225984251967
0
LINE
8
BLACK
6
CONTINUOUS
10
6.346729527559055
20
-3.0666225984251967
11
6.346729527559055
21
-3.0724110236220472
0
LINE
8
BLACK
6
CONTINUOUS
10
6.346729527559055
20
-3.0724110236220472
11
6.3456002362204726
21
-3.0780882283464566
0
LINE
8
BLACK
6
CONTINUOUS
10
6.3456002362204726
20
-3.0780882283464566
11
6.3433851181102359
21
-3.0834360236220473
0
LINE
8
BLACK
6
CONTINUOUS
10
6.3433851181102359
20
-3.0834360236220473
11
6.3401692519685042
21
-3.0882488976377953
0
LINE
8
BLACK
6
CONTINUOUS
10
6.3401692519685042
20
-3.0882488976377953
11
6.3360762204724406
21
-3.0923419291338581
0
LINE
8
BLACK
6
CONTINUOUS
10
6.3360762204724406
20
-3.0923419291338581
11
6.3312633464566925
21
-3.0955577952755906
0
LINE
8
BLACK
6
CONTINUOUS
10
6.3312633464566925
20
-3.0955577952755906
11
6.3259155511811018
21
-3.0977729133858265
0
LINE
8
BLACK
6
CONTINUOUS
10
6.3259155511811018
20
-3.0977729133858265
11
6.3202383464566925
21
-3.0989022047244092
0
LINE
8
BLACK
6
CONTINUOUS
10
6.3202383464566925
20
-3.0989022047244092
11
6.3144499212598424
21
-3.0989022047244092
0
LINE
8
BLACK
6
CONTINUOUS
10
6.3144499212598424
20
-3.0989022047244092
11
6.308772716535433
21
-3.0977729133858265
0
LINE
8
BLACK
6
CONTINUOUS
10
6.308772716535433
20
-3.0977729133858265
11
6.3034249212598423
21
-3.0955577952755906
0
LINE
8
BLACK
6
CONTINUOUS
10
6.3034249212598423
20
-3.0955577952755906
11
6.2986120472440943
21
-3.0923419291338581
0
LINE
8
BLACK
6
CONTINUOUS
10
6.2986120472440943
20
-3.0923419291338581
11
6.2945190157480315
21
-3.0882488976377953
0
LINE
8
BLACK
6
CONTINUOUS
10
6.2945190157480315
20
-3.0882488976377953
11
6.291303149606299
21
-3.0834360236220473
0
LINE
8
BLACK
6
CONTINUOUS
10
6.291303149606299
20
-3.0834360236220473
11
6.2890880314960631
21
-3.0780882283464566
0
LINE
8
BLACK
6
CONTINUOUS
10
6.2890880314960631
20
-3.0780882283464566
11
6.2879587401574799
21
-3.0724110236220472
0
LINE
8
BLACK
6
CONTINUOUS
10
6.2879587401574799
20
-3.0724110236220472
11
6.2879587401574799
21
-3.0666225984251967
0
LINE
8
BLACK
6
CONTINUOUS
10
6.2879587401574799
20
-3.0666225984251967
11
6.2890880314960631
21
-3.0609453937007873
0
LINE
8
BLACK
6
CONTINUOUS
10
6.2890880314960631
20
-3.0609453937007873
11
6.291303149606299
21
-3.0555975984251966
0
LINE
8
BLACK
6
CONTINUOUS
10
6.291303149606299
20
-3.0555975984251966
11
6.2945190157480315
21
-3.0507847244094486
0
LINE
8
BLACK
6
CONTINUOUS
10
6.2945190157480315
20
-3.0507847244094486
11
6.2986120472440943
21
-3.0466916929133858
0
LINE
8
BLACK
6
CONTINUOUS
10
6.2986120472440943
20
-3.0466916929133858
11
6.3034249212598423
21
-3.0434758267716533
0
LINE
8
BLACK
6
CONTINUOUS
10
6.3034249212598423
20
-3.0434758267716533
11
6.308772716535433
21
-3.0412607086614174
0
LINE
8
BLACK
6
CONTINUOUS
10
6.308772716535433
20
-3.0412607086614174
11
6.3144499212598424
21
-3.0401314173228347
0
LINE
8
BLACK
6
CONTINUOUS
10
6.3144499212598424
20
-3.0401314173228347
11
6.3202383464566925
21
-3.0401314173228347
0
LINE
8
BLACK
6
CONTINUOUS
10
6.3202383464566925
20
-3.0401314173228347
11
6.3259155511811018
21
-3.0412607086614174
0
LINE
8
BLACK
6
CONTINUOUS
10
6.620701338582677
20
-2.9749675196850394
11
6.6242616535433072
21
-2.9770230708661418
0
LINE
8
BLACK
6
CONTINUOUS
10
6.6242616535433072
20
-2.9770230708661418
11
6.6271685826771654
21
-2.97993
0
LINE
8
BLACK
6
CONTINUOUS
10
6.6271685826771654
20
-2.97993
11
6.6292241338582674
21
-2.9834903149606298
0
LINE
8
BLACK
6
CONTINUOUS
10
6.6292241338582674
20
-2.9834903149606298
11
6.6302881496062991
21
-2.9874612992125984
0
LINE
8
BLACK
6
CONTINUOUS
10
6.6302881496062991
20
-2.9874612992125984
11
6.6302881496062991
21
-2.9915723228346458
0
LINE
8
BLACK
6
CONTINUOUS
10
6.6302881496062991
20
-2.9915723228346458
11
6.6292241338582674
21
-2.995543307086614
0
LINE
8
BLACK
6
CONTINUOUS
10
6.6292241338582674
20
-2.995543307086614
11
6.6271685826771654
21
-2.9991036220472442
0
LINE
8
BLACK
6
CONTINUOUS
10
6.6271685826771654
20
-2.9991036220472442
11
6.6242616535433072
21
-3.0020105511811024
0
LINE
8
BLACK
6
CONTINUOUS
10
6.6242616535433072
20
-3.0020105511811024
11
6.620701338582677
21
-3.0040661023622048
0
LINE
8
BLACK
6
CONTINUOUS
10
6.620701338582677
20
-3.0040661023622048
11
6.6167303543307083
21
-3.0051301181102361
0
LINE
8
BLACK
6
CONTINUOUS
10
6.6167303543307083
20
-3.0051301181102361
11
6.6126193307086609
21
-3.0051301181102361
0
LINE
8
BLACK
6
CONTINUOUS
10
6.6126193307086609
20
-3.0051301181102361
11
6.6086483464566932
21
-3.0040661023622048
0
LINE
8
BLACK
6
CONTINUOUS
10
6.6086483464566932
20
-3.0040661023622048
11
6.6050880314960629
21
-3.0020105511811024
0
LINE
8
BLACK
6
CONTINUOUS
10
6.6050880314960629
20
-3.0020105511811024
11
6.6021811023622048
21
-2.9991036220472442
0
LINE
8
BLACK
6
CONTINUOUS
10
6.6021811023622048
20
-2.9991036220472442
11
6.6001255511811019
21
-2.995543307086614
0
LINE
8
BLACK
6
CONTINUOUS
10
6.6001255511811019
20
-2.995543307086614
11
6.5990615354330711
21
-2.9915723228346458
0
LINE
8
BLACK
6
CONTINUOUS
10
6.5990615354330711
20
-2.9915723228346458
11
6.5990615354330711
21
-2.9874612992125984
0
LINE
8
BLACK
6
CONTINUOUS
10
6.5990615354330711
20
-2.9874612992125984
11
6.6001255511811019
21
-2.9834903149606298
0
LINE
8
BLACK
6
CONTINUOUS
10
6.6001255511811019
20
-2.9834903149606298
11
6.6021811023622048
21
-2.97993
0
LINE
8
BLACK
6
CONTINUOUS
10
6.6021811023622048
20
-2.97993
11
6.6050880314960629
21
-2.9770230708661418
0
LINE
8
BLACK
6
CONTINUOUS
10
6.6050880314960629
20
-2.9770230708661418
11
6.6086483464566932
21
-2.9749675196850394
0
LINE
8
BLACK
6
CONTINUOUS
10
6.6086483464566932
20
-2.9749675196850394
11
6.6126193307086609
21
-2.9739035039370076
0
LINE
8
BLACK
6
CONTINUOUS
10
6.6126193307086609
20
-2.9739035039370076
11
6.6167303543307083
21
-2.9739035039370076
0
LINE
8
BLACK
6
CONTINUOUS
10
6.6167303543307083
20
-2.9739035039370076
11
6.620701338582677
21
-2.9749675196850394
0
LINE
8
BLACK
6
CONTINUOUS
10
7.4766548031496063
20
-2.9086745669291338
11
7.4780707086614173
21
-2.9106233858267716
0
LINE
8
BLACK
6
CONTINUOUS
10
7.4780707086614173
20
-2.9106233858267716
11
7.4782614566929135
21
-2.9118278346456692
0
LINE
8
BLACK
6
CONTINUOUS
10
7.4782614566929135
20
-2.9118278346456692
11
7.4782614566929135
21
-4.8832057874015744
0
LINE
8
BLACK
6
CONTINUOUS
10
7.4782614566929135
20
-4.8832057874015744
11
7.4775170866141734
21
-4.8854967716535436
0
LINE
8
BLACK
6
CONTINUOUS
10
7.4775170866141734
20
-4.8854967716535436
11
7.4755682677165352
21
-4.8869126771653546
0
LINE
8
BLACK
6
CONTINUOUS
10
7.4755682677165352
20
-4.8869126771653546
11
7.474363818897638
21
-4.8871034251968499
0
LINE
8
BLACK
6
CONTINUOUS
10
7.474363818897638
20
-4.8871034251968499
11
3.9029858661417323
21
-4.8871034251968499
0
LINE
8
BLACK
6
CONTINUOUS
10
3.9029858661417323
20
-4.8871034251968499
11
3.9006948818897635
21
-4.8863590551181098
0
LINE
8
BLACK
6
CONTINUOUS
10
3.9006948818897635
20
-4.8863590551181098
11
3.8992789763779525
21
-4.8844102362204724
0
LINE
8
BLACK
6
CONTINUOUS
10
3.8992789763779525
20
-4.8844102362204724
11
3.8990882283464567
21
-4.8832057874015744
0
LINE
8
BLACK
6
CONTINUOUS
10
3.8990882283464567
20
-4.8832057874015744
11
3.8990882283464567
21
-4.830686102362205
0
LINE
8
BLACK
6
CONTINUOUS
10
3.8990882283464567
20
-4.830686102362205
11
3.8990882283464567
21
-4.8038137401574801
0
LINE
8
BLACK
6
CONTINUOUS
10
3.8990882283464567
20
-4.8038137401574801
11
3.8990882283464567
21
-4.7735994881889763
0
LINE
8
BLACK
6
CONTINUOUS
10
3.8990882283464567
20
-4.7735994881889763
11
3.8990882283464567
21
-4.6998201574803149
0
LINE
8
BLACK
6
CONTINUOUS
10
3.8990882283464567
20
-4.6998201574803149
11
3.8990882283464567
21
-4.4926349212598424
0
LINE
8
BLACK
6
CONTINUOUS
10
3.8990882283464567
20
-4.4926349212598424
11
3.8990882283464567
21
-3.2735168110236219
0
LINE
8
BLACK
6
CONTINUOUS
10
3.8990882283464567
20
-3.2735168110236219
11
3.8990882283464567
21
-3.0695169685039367
0
LINE
8
BLACK
6
CONTINUOUS
10
3.8990882283464567
20
-3.0695169685039367
11
3.8990882283464567
21
-2.9895168110236221
0
LINE
8
BLACK
6
CONTINUOUS
10
3.8990882283464567
20
-2.9895168110236221
11
3.8990882283464567
21
-2.9118278346456692
0
LINE
8
BLACK
6
CONTINUOUS
10
3.8990882283464567
20
-2.9118278346456692
11
3.8998325984251969
21
-2.9095368503937009
0
LINE
8
BLACK
6
CONTINUOUS
10
3.8998325984251969
20
-2.9095368503937009
11
3.9017814173228347
21
-2.9081209448818899
0
LINE
8
BLACK
6
CONTINUOUS
10
3.9017814173228347
20
-2.9081209448818899
11
3.9029858661417323
21
-2.9079301968503937
0
LINE
8
BLACK
6
CONTINUOUS
10
3.9029858661417323
20
-2.9079301968503937
11
7.474363818897638
21
-2.9079301968503937
0
LINE
8
BLACK
6
CONTINUOUS
10
7.474363818897638
20
-2.9079301968503937
11
7.4766548031496063
21
-2.9086745669291338
0
LINE
8
BLACK
6
CONTINUOUS
10
7.3096474015748027
20
-4.8121427952755909
11
7.3113440944881889
21
-4.8177361417322837
0
LINE
8
BLACK
6
CONTINUOUS
10
7.3113440944881889
20
-4.8177361417322837
11
7.3151095275590547
21
-4.8247807874015747
0
LINE
8
BLACK
6
CONTINUOUS
10
7.3151095275590547
20
-4.8247807874015747
11
7.3201768503937004
21
-4.8309553543307082
0
LINE
8
BLACK
6
CONTINUOUS
10
7.3201768503937004
20
-4.8309553543307082
11
7.3201772047244091
21
-4.830955708661417
0
LINE
8
BLACK
6
CONTINUOUS
10
7.3201772047244091
20
-4.830955708661417
11
7.3263517716535436
21
-4.8360230314960626
0
LINE
8
BLACK
6
CONTINUOUS
10
7.3263517716535436
20
-4.8360230314960626
11
7.3333964173228345
21
-4.8397884645669293
0
LINE
8
BLACK
6
CONTINUOUS
10
7.3333964173228345
20
-4.8397884645669293
11
7.3410403543307083
21
-4.8421072440944881
0
LINE
8
BLACK
6
CONTINUOUS
10
7.3410403543307083
20
-4.8421072440944881
11
7.3410405905511809
21
-4.8421072834645669
0
LINE
8
BLACK
6
CONTINUOUS
10
7.3410405905511809
20
-4.8421072834645669
11
7.3469975984251965
21
-4.8426939763779524
0
LINE
8
BLACK
6
CONTINUOUS
10
7.3469975984251965
20
-4.8426939763779524
11
7.3586748031496061
21
-4.8426939763779524
0
LINE
8
BLACK
6
CONTINUOUS
10
7.3586748031496061
20
-4.8426939763779524
11
7.3586748425196848
21
-4.8426939370078737
0
LINE
8
BLACK
6
CONTINUOUS
10
7.3586748425196848
20
-4.8426939370078737
11
7.3586748425196848
21
-4.8218278346456689
0
LINE
8
BLACK
6
CONTINUOUS
10
7.3586748425196848
20
-4.8218278346456689
11
7.3489898031496059
21
-4.8218278346456689
0
LINE
8
BLACK
6
CONTINUOUS
10
7.3489898031496059
20
-4.8218278346456689
11
7.3464203937007868
21
-4.8216594094488192
0
LINE
8
BLACK
6
CONTINUOUS
10
7.3464203937007868
20
-4.8216594094488192
11
7.3414566535433066
21
-4.8203294094488189
0
LINE
8
BLACK
6
CONTINUOUS
10
7.3414566535433066
20
-4.8203294094488189
11
7.3370062992125984
21
-4.8177599999999998
0
LINE
8
BLACK
6
CONTINUOUS
10
7.3370062992125984
20
-4.8177599999999998
11
7.3333725984251963
21
-4.8141262992125986
0
LINE
8
BLACK
6
CONTINUOUS
10
7.3333725984251963
20
-4.8141262992125986
11
7.332227440944882
21
-4.8121427952755909
0
LINE
8
BLACK
6
CONTINUOUS
10
7.332227440944882
20
-4.8121427952755909
11
7.3096474015748027
21
-4.8121427952755909
0
LINE
8
BLACK
6
CONTINUOUS
10
7.403977086614173
20
-4.8141262992125986
11
7.4003433858267718
21
-4.8177599999999998
0
LINE
8
BLACK
6
CONTINUOUS
10
7.4003433858267718
20
-4.8177599999999998
11
7.3958930314960627
21
-4.8203294094488189
0
LINE
8
BLACK
6
CONTINUOUS
10
7.3958930314960627
20
-4.8203294094488189
11
7.3909292913385825
21
-4.8216594094488192
0
LINE
8
BLACK
6
CONTINUOUS
10
7.3909292913385825
20
-4.8216594094488192
11
7.3883598818897633
21
-4.8218278346456689
0
LINE
8
BLACK
6
CONTINUOUS
10
7.3883598818897633
20
-4.8218278346456689
11
7.3786748425196853
21
-4.8218278346456689
0
LINE
8
BLACK
6
CONTINUOUS
10
7.3786748425196853
20
-4.8218278346456689
11
7.3786748425196853
21
-4.8426939370078737
0
LINE
8
BLACK
6
CONTINUOUS
10
7.3786748425196853
20
-4.8426939370078737
11
7.3786748818897632
21
-4.8426939763779524
0
LINE
8
BLACK
6
CONTINUOUS
10
7.3786748818897632
20
-4.8426939763779524
11
7.3903520866141728
21
-4.8426939763779524
0
LINE
8
BLACK
6
CONTINUOUS
10
7.3903520866141728
20
-4.8426939763779524
11
7.3963090551181097
21
-4.8421072834645669
0
LINE
8
BLACK
6
CONTINUOUS
10
7.3963090551181097
20
-4.8421072834645669
11
7.3963092913385822
21
-4.8421072440944881
0
LINE
8
BLACK
6
CONTINUOUS
10
7.3963092913385822
20
-4.8421072440944881
11
7.4039532283464569
21
-4.8397884645669293
0
LINE
8
BLACK
6
CONTINUOUS
10
7.4039532283464569
20
-4.8397884645669293
11
7.4109978740157478
21
-4.8360230314960626
0
LINE
8
BLACK
6
CONTINUOUS
10
7.4109978740157478
20
-4.8360230314960626
11
7.4171724409448814
21
-4.830955708661417
0
LINE
8
BLACK
6
CONTINUOUS
10
7.4171724409448814
20
-4.830955708661417
11
7.4171727952755901
21
-4.8309553543307082
0
LINE
8
BLACK
6
CONTINUOUS
10
7.4171727952755901
20
-4.8309553543307082
11
7.4222401181102358
21
-4.8247807874015747
0
LINE
8
BLACK
6
CONTINUOUS
10
7.4222401181102358
20
-4.8247807874015747
11
7.4260055511811025
21
-4.8177361417322837
0
LINE
8
BLACK
6
CONTINUOUS
10
7.4260055511811025
20
-4.8177361417322837
11
7.4277022834645665
21
-4.8121427952755909
0
LINE
8
BLACK
6
CONTINUOUS
10
7.4277022834645665
20
-4.8121427952755909
11
7.4051222440944882
21
-4.8121427952755909
0
LINE
8
BLACK
6
CONTINUOUS
10
7.4051222440944882
20
-4.8121427952755909
11
7.403977086614173
21
-4.8141262992125986
0
LINE
8
BLACK
6
CONTINUOUS
10
7.1973580708661418
20
-4.8228120866141735
11
7.1894840551181103
21
-4.830686102362205
0
LINE
8
BLACK
6
CONTINUOUS
10
7.1894840551181103
20
-4.830686102362205
11
7.2187317716535429
21
-4.830686102362205
0
LINE
8
BLACK
6
CONTINUOUS
10
7.2187317716535429
20
-4.830686102362205
11
7.2108577559055114
21
-4.8228120866141735
0
LINE
8
BLACK
6
CONTINUOUS
10
7.2108577559055114
20
-4.8228120866141735
11
7.1973580708661418
21
-4.8228120866141735
0
LINE
8
BLACK
6
CONTINUOUS
10
7.1649664566929134
20
-4.7801284251968506
11
7.1603875196850391
21
-4.784981771653543
0
LINE
8
BLACK
6
CONTINUOUS
10
7.1603875196850391
20
-4.784981771653543
11
7.1603874803149603
21
-4.784981771653543
0
LINE
8
BLACK
6
CONTINUOUS
10
7.1603874803149603
20
-4.784981771653543
11
7.1570512598425191
21
-4.7907603543307085
0
LINE
8
BLACK
6
CONTINUOUS
10
7.1570512598425191
20
-4.7907603543307085
11
7.1551375590551176
21
-4.7971524015748033
0
LINE
8
BLACK
6
CONTINUOUS
10
7.1551375590551176
20
-4.7971524015748033
11
7.1547496062992124
21
-4.8038137401574801
0
LINE
8
BLACK
6
CONTINUOUS
10
7.1547496062992124
20
-4.8038137401574801
11
7.1559081889763778
21
-4.8103846062992126
0
LINE
8
BLACK
6
CONTINUOUS
10
7.1559081889763778
20
-4.8103846062992126
11
7.1585511023622042
21
-4.816511614173228
0
LINE
8
BLACK
6
CONTINUOUS
10
7.1585511023622042
20
-4.816511614173228
11
7.1625355905511805
21
-4.8218637007874019
0
LINE
8
BLACK
6
CONTINUOUS
10
7.1625355905511805
20
-4.8218637007874019
11
7.162535669291338
21
-4.8218637795275585
0
LINE
8
BLACK
6
CONTINUOUS
10
7.162535669291338
20
-4.8218637795275585
11
7.1668485039370076
21
-4.8254827165354328
0
LINE
8
BLACK
6
CONTINUOUS
10
7.1668485039370076
20
-4.8254827165354328
11
7.1727162598425194
21
-4.8196149212598423
0
LINE
8
BLACK
6
CONTINUOUS
10
7.1727162598425194
20
-4.8196149212598423
11
7.1708559448818896
21
-4.8185408661417322
0
LINE
8
BLACK
6
CONTINUOUS
10
7.1708559448818896
20
-4.8185408661417322
11
7.1670405511811026
21
-4.8147254724409452
0
LINE
8
BLACK
6
CONTINUOUS
10
7.1670405511811026
20
-4.8147254724409452
11
7.1643426771653544
21
-4.8100525984251972
0
LINE
8
BLACK
6
CONTINUOUS
10
7.1643426771653544
20
-4.8100525984251972
11
7.1629461417322835
21
-4.8048406692913384
0
LINE
8
BLACK
6
CONTINUOUS
10
7.1629461417322835
20
-4.8048406692913384
11
7.1629461417322835
21
-4.799444921259842
0
LINE
8
BLACK
6
CONTINUOUS
10
7.1629461417322835
20
-4.799444921259842
11
7.1643426771653544
21
-4.7942329921259841
0
LINE
8
BLACK
6
CONTINUOUS
10
7.1643426771653544
20
-4.7942329921259841
11
7.1670405511811026
21
-4.7895601181102361
0
LINE
8
BLACK
6
CONTINUOUS
10
7.1670405511811026
20
-4.7895601181102361
11
7.1708559448818896
21
-4.7857447244094491
0
LINE
8
BLACK
6
CONTINUOUS
10
7.1708559448818896
20
-4.7857447244094491
11
7.1727162992125981
21
-4.7846706299212594
0
LINE
8
BLACK
6
CONTINUOUS
10
7.1727162992125981
20
-4.7846706299212594
11
7.1669014173228343
21
-4.7788557480314964
0
LINE
8
BLACK
6
CONTINUOUS
10
7.1669014173228343
20
-4.7788557480314964
11
7.1649664566929134
21
-4.7801284251968506
0
LINE
8
BLACK
6
CONTINUOUS
10
7.2496646850393702
20
-4.7877739370078736
11
7.2456801968503939
21
-4.7824218503937006
0
LINE
8
BLACK
6
CONTINUOUS
10
7.2456801968503939
20
-4.7824218503937006
11
7.2456801181102364
21
-4.7824217716535431
0
LINE
8
BLACK
6
CONTINUOUS
10
7.2456801181102364
20
-4.7824217716535431
11
7.2413672440944881
21
-4.77880279527559
0
LINE
8
BLACK
6
CONTINUOUS
10
7.2413672440944881
20
-4.77880279527559
11
7.2413672047244093
21
-4.7788028346456688
0
LINE
8
BLACK
6
CONTINUOUS
10
7.2413672047244093
20
-4.7788028346456688
11
7.2354994094488188
21
-4.7846705905511806
0
LINE
8
BLACK
6
CONTINUOUS
10
7.2354994094488188
20
-4.7846705905511806
11
7.2373598818897635
21
-4.7857447244094491
0
LINE
8
BLACK
6
CONTINUOUS
10
7.2373598818897635
20
-4.7857447244094491
11
7.2411752755905514
21
-4.7895601181102361
0
LINE
8
BLACK
6
CONTINUOUS
10
7.2411752755905514
20
-4.7895601181102361
11
7.2438731496062987
21
-4.7942329921259841
0
LINE
8
BLACK
6
CONTINUOUS
10
7.2438731496062987
20
-4.7942329921259841
11
7.2452696850393696
21
-4.799444921259842
0
LINE
8
BLACK
6
CONTINUOUS
10
7.2452696850393696
20
-4.799444921259842
11
7.2452696850393696
21
-4.8048406692913384
0
LINE
8
BLACK
6
CONTINUOUS
10
7.2452696850393696
20
-4.8048406692913384
11
7.2438731496062987
21
-4.8100525984251972
0
LINE
8
BLACK
6
CONTINUOUS
10
7.2438731496062987
20
-4.8100525984251972
11
7.2411752755905514
21
-4.8147254724409452
0
LINE
8
BLACK
6
CONTINUOUS
10
7.2411752755905514
20
-4.8147254724409452
11
7.2373598818897635
21
-4.8185408661417322
0
LINE
8
BLACK
6
CONTINUOUS
10
7.2373598818897635
20
-4.8185408661417322
11
7.2354994881889763
21
-4.8196149212598423
0
LINE
8
BLACK
6
CONTINUOUS
10
7.2354994881889763
20
-4.8196149212598423
11
7.2413143307086614
21
-4.8254297637795274
0
LINE
8
BLACK
6
CONTINUOUS
10
7.2413143307086614
20
-4.8254297637795274
11
7.2432494094488185
21
-4.8241570472440944
0
LINE
8
BLACK
6
CONTINUOUS
10
7.2432494094488185
20
-4.8241570472440944
11
7.2478282677165353
21
-4.8193037795275586
0
LINE
8
BLACK
6
CONTINUOUS
10
7.2478282677165353
20
-4.8193037795275586
11
7.2478283070866141
21
-4.8193037795275586
0
LINE
8
BLACK
6
CONTINUOUS
10
7.2478283070866141
20
-4.8193037795275586
11
7.2511645275590553
21
-4.8135251968503932
0
LINE
8
BLACK
6
CONTINUOUS
10
7.2511645275590553
20
-4.8135251968503932
11
7.2530782283464568
21
-4.8071331496062992
0
LINE
8
BLACK
6
CONTINUOUS
10
7.2530782283464568
20
-4.8071331496062992
11
7.253466181102362
21
-4.8004718110236215
0
LINE
8
BLACK
6
CONTINUOUS
10
7.253466181102362
20
-4.8004718110236215
11
7.2523075984251966
21
-4.7939009448818899
0
LINE
8
BLACK
6
CONTINUOUS
10
7.2523075984251966
20
-4.7939009448818899
11
7.2515492125984249
21
-4.7921427559055116
0
LINE
8
BLACK
6
CONTINUOUS
10
7.2515492125984249
20
-4.7921427559055116
11
7.2496646850393702
21
-4.7877739370078736
0
LINE
8
BLACK
6
CONTINUOUS
10
7.3786748425196853
20
-4.7615916535433067
11
7.3786748425196853
21
-4.7824577559055115
0
LINE
8
BLACK
6
CONTINUOUS
10
7.3786748425196853
20
-4.7824577559055115
11
7.3883598818897633
21
-4.7824577559055115
0
LINE
8
BLACK
6
CONTINUOUS
10
7.3883598818897633
20
-4.7824577559055115
11
7.3909292913385825
21
-4.782626181102362
0
LINE
8
BLACK
6
CONTINUOUS
10
7.3909292913385825
20
-4.782626181102362
11
7.3958930314960627
21
-4.7839561811023623
0
LINE
8
BLACK
6
CONTINUOUS
10
7.3958930314960627
20
-4.7839561811023623
11
7.4003433858267718
21
-4.7865255905511814
0
LINE
8
BLACK
6
CONTINUOUS
10
7.4003433858267718
20
-4.7865255905511814
11
7.403977086614173
21
-4.7901592913385826
0
LINE
8
BLACK
6
CONTINUOUS
10
7.403977086614173
20
-4.7901592913385826
11
7.4051222440944882
21
-4.7921427952755904
0
LINE
8
BLACK
6
CONTINUOUS
10
7.4051222440944882
20
-4.7921427952755904
11
7.4277022834645665
21
-4.7921427952755904
0
LINE
8
BLACK
6
CONTINUOUS
10
7.4277022834645665
20
-4.7921427952755904
11
7.4277022834645665
21
-4.7921427559055116
0
LINE
8
BLACK
6
CONTINUOUS
10
7.4277022834645665
20
-4.7921427559055116
11
7.4260055511811025
21
-4.7865494094488188
0
LINE
8
BLACK
6
CONTINUOUS
10
7.4260055511811025
20
-4.7865494094488188
11
7.4222401181102358
21
-4.7795047637795278
0
LINE
8
BLACK
6
CONTINUOUS
10
7.4222401181102358
20
-4.7795047637795278
11
7.4171727952755901
21
-4.7733301968503934
0
LINE
8
BLACK
6
CONTINUOUS
10
7.4171727952755901
20
-4.7733301968503934
11
7.4171724409448814
21
-4.7733298425196846
0
LINE
8
BLACK
6
CONTINUOUS
10
7.4171724409448814
20
-4.7733298425196846
11
7.4109978740157478
21
-4.768262519685039
0
LINE
8
BLACK
6
CONTINUOUS
10
7.4109978740157478
20
-4.768262519685039
11
7.4039532283464569
21
-4.7644970866141731
0
LINE
8
BLACK
6
CONTINUOUS
10
7.4039532283464569
20
-4.7644970866141731
11
7.3963092913385822
21
-4.7621783070866144
0
LINE
8
BLACK
6
CONTINUOUS
10
7.3963092913385822
20
-4.7621783070866144
11
7.3963090551181097
21
-4.7621782677165356
0
LINE
8
BLACK
6
CONTINUOUS
10
7.3963090551181097
20
-4.7621782677165356
11
7.3903520866141728
21
-4.761591614173228
0
LINE
8
BLACK
6
CONTINUOUS
10
7.3903520866141728
20
-4.761591614173228
11
7.3786748818897632
21
-4.761591614173228
0
LINE
8
BLACK
6
CONTINUOUS
10
7.3786748818897632
20
-4.761591614173228
11
7.3786748425196853
21
-4.7615916535433067
0
LINE
8
BLACK
6
CONTINUOUS
10
7.1973580708661418
20
-4.7814735039370078
11
7.2108577559055114
21
-4.7814735039370078
0
LINE
8
BLACK
6
CONTINUOUS
10
7.2108577559055114
20
-4.7814735039370078
11
7.2187317716535429
21
-4.7735994881889763
0
LINE
8
BLACK
6
CONTINUOUS
10
7.2187317716535429
20
-4.7735994881889763
11
7.1894840551181103
21
-4.7735994881889763
0
LINE
8
BLACK
6
CONTINUOUS
10
7.1894840551181103
20
-4.7735994881889763
11
7.1973580708661418
21
-4.7814735039370078
0
LINE
8
BLACK
6
CONTINUOUS
10
7.1125032283464567
20
-4.7044835433070862
11
7.1125029133858266
21
-4.7044836220472437
0
LINE
8
BLACK
6
CONTINUOUS
10
7.1125029133858266
20
-4.7044836220472437
11
7.1067520472440942
21
-4.7068657086614172
0
LINE
8
BLACK
6
CONTINUOUS
10
7.1067520472440942
20
-4.7068657086614172
11
7.1067520078740154
21
-4.7068657086614172
0
LINE
8
BLACK
6
CONTINUOUS
10
7.1067520078740154
20
-4.7068657086614172
11
7.1018135433070864
21
-4.7106551181102363
0
LINE
8
BLACK
6
CONTINUOUS
10
7.1018135433070864
20
-4.7106551181102363
11
7.1018131496062988
21
-4.7106555118110238
0
LINE
8
BLACK
6
CONTINUOUS
10
7.1018131496062988
20
-4.7106555118110238
11
7.0980237401574797
21
-4.7155939763779529
0
LINE
8
BLACK
6
CONTINUOUS
10
7.0980237401574797
20
-4.7155939763779529
11
7.0980237401574797
21
-4.7155940157480316
0
LINE
8
BLACK
6
CONTINUOUS
10
7.0980237401574797
20
-4.7155940157480316
11
7.0956416535433071
21
-4.7213448818897641
0
LINE
8
BLACK
6
CONTINUOUS
10
7.0956416535433071
20
-4.7213448818897641
11
7.0956415748031496
21
-4.7213451968503932
0
LINE
8
BLACK
6
CONTINUOUS
10
7.0956415748031496
20
-4.7213451968503932
11
7.0948290944881887
21
-4.7275167716535433
0
LINE
8
BLACK
6
CONTINUOUS
10
7.0948290944881887
20
-4.7275167716535433
11
7.0948290944881887
21
-4.7275168110236221
0
LINE
8
BLACK
6
CONTINUOUS
10
7.0948290944881887
20
-4.7275168110236221
11
7.0956415748031496
21
-4.7336883858267713
0
LINE
8
BLACK
6
CONTINUOUS
10
7.0956415748031496
20
-4.7336883858267713
11
7.0956416535433071
21
-4.7336887007874013
0
LINE
8
BLACK
6
CONTINUOUS
10
7.0956416535433071
20
-4.7336887007874013
11
7.0980237401574797
21
-4.7394395669291338
0
LINE
8
BLACK
6
CONTINUOUS
10
7.0980237401574797
20
-4.7394395669291338
11
7.0980237401574797
21
-4.7394396062992126
0
LINE
8
BLACK
6
CONTINUOUS
10
7.0980237401574797
20
-4.7394396062992126
11
7.1018131496062988
21
-4.7443780708661416
0
LINE
8
BLACK
6
CONTINUOUS
10
7.1018131496062988
20
-4.7443780708661416
11
7.1018133464566926
21
-4.7443783070866141
0
LINE
8
BLACK
6
CONTINUOUS
10
7.1018133464566926
20
-4.7443783070866141
11
7.1067519685039366
21
-4.7481678346456695
0
LINE
8
BLACK
6
CONTINUOUS
10
7.1067519685039366
20
-4.7481678346456695
11
7.1067520078740154
21
-4.7481678346456695
0
LINE
8
BLACK
6
CONTINUOUS
10
7.1067520078740154
20
-4.7481678346456695
11
7.1067520472440942
21
-4.7481678740157482
0
LINE
8
BLACK
6
CONTINUOUS
10
7.1067520472440942
20
-4.7481678740157482
11
7.1076388582677161
21
-4.7485351968503933
0
LINE
8
BLACK
6
CONTINUOUS
10
7.1076388582677161
20
-4.7485351968503933
11
7.1125031102362204
21
-4.7505500393700784
0
LINE
8
BLACK
6
CONTINUOUS
10
7.1125031102362204
20
-4.7505500393700784
11
7.1171318897637796
21
-4.7511594094488192
0
LINE
8
BLACK
6
CONTINUOUS
10
7.1171318897637796
20
-4.7511594094488192
11
7.1186748031496059
21
-4.7513625590551181
0
LINE
8
BLACK
6
CONTINUOUS
10
7.1186748031496059
20
-4.7513625590551181
11
7.1186748425196846
21
-4.7513625590551181
0
LINE
8
BLACK
6
CONTINUOUS
10
7.1186748425196846
20
-4.7513625590551181
11
7.1186748818897634
21
-4.7513625590551181
0
LINE
8
BLACK
6
CONTINUOUS
10
7.1186748818897634
20
-4.7513625590551181
11
7.1199091732283462
21
-4.7512000393700786
0
LINE
8
BLACK
6
CONTINUOUS
10
7.1199091732283462
20
-4.7512000393700786
11
7.1248465748031498
21
-4.7505500393700784
0
LINE
8
BLACK
6
CONTINUOUS
10
7.1248465748031498
20
-4.7505500393700784
11
7.1297108267716531
21
-4.7485351968503933
0
LINE
8
BLACK
6
CONTINUOUS
10
7.1297108267716531
20
-4.7485351968503933
11
7.1305977165354326
21
-4.7481678346456695
0
LINE
8
BLACK
6
CONTINUOUS
10
7.1305977165354326
20
-4.7481678346456695
11
7.1355363385826767
21
-4.7443783070866141
0
LINE
8
BLACK
6
CONTINUOUS
10
7.1355363385826767
20
-4.7443783070866141
11
7.139325866141732
21
-4.7394396850393701
0
LINE
8
BLACK
6
CONTINUOUS
10
7.139325866141732
20
-4.7394396850393701
11
7.1417080708661418
21
-4.7336885433070863
0
LINE
8
BLACK
6
CONTINUOUS
10
7.1417080708661418
20
-4.7336885433070863
11
7.1425205905511806
21
-4.7275168110236221
0
LINE
8
BLACK
6
CONTINUOUS
10
7.1425205905511806
20
-4.7275168110236221
11
7.1424687401574802
21
-4.7271231102362208
0
LINE
8
BLACK
6
CONTINUOUS
10
7.1424687401574802
20
-4.7271231102362208
11
7.1421387007874015
21
-4.7246160629921254
0
LINE
8
BLACK
6
CONTINUOUS
10
7.1421387007874015
20
-4.7246160629921254
11
7.1417080708661418
21
-4.721345078740157
0
LINE
8
BLACK
6
CONTINUOUS
10
7.1417080708661418
20
-4.721345078740157
11
7.1417079921259843
21
-4.7213448818897641
0
LINE
8
BLACK
6
CONTINUOUS
10
7.1417079921259843
20
-4.7213448818897641
11
7.1393259055118108
21
-4.7155940157480316
0
LINE
8
BLACK
6
CONTINUOUS
10
7.1393259055118108
20
-4.7155940157480316
11
7.1393259055118108
21
-4.7155939763779529
0
LINE
8
BLACK
6
CONTINUOUS
10
7.1393259055118108
20
-4.7155939763779529
11
7.1355364960629917
21
-4.7106555118110238
0
LINE
8
BLACK
6
CONTINUOUS
10
7.1355364960629917
20
-4.7106555118110238
11
7.1355364566929129
21
-4.7106554724409451
0
LINE
8
BLACK
6
CONTINUOUS
10
7.1355364566929129
20
-4.7106554724409451
11
7.1355363385826767
21
-4.7106553149606301
0
LINE
8
BLACK
6
CONTINUOUS
10
7.1355363385826767
20
-4.7106553149606301
11
7.1355361417322829
21
-4.710655157480315
0
LINE
8
BLACK
6
CONTINUOUS
10
7.1355361417322829
20
-4.710655157480315
11
7.1355361023622041
21
-4.7106551181102363
0
LINE
8
BLACK
6
CONTINUOUS
10
7.1355361023622041
20
-4.7106551181102363
11
7.1327340551181102
21
-4.7085050393700785
0
LINE
8
BLACK
6
CONTINUOUS
10
7.1327340551181102
20
-4.7085050393700785
11
7.1305977165354326
21
-4.7068657874015747
0
LINE
8
BLACK
6
CONTINUOUS
10
7.1305977165354326
20
-4.7068657874015747
11
7.1305976771653539
21
-4.7068657480314959
0
LINE
8
BLACK
6
CONTINUOUS
10
7.1305976771653539
20
-4.7068657480314959
11
7.1305975984251964
21
-4.7068657086614172
0
LINE
8
BLACK
6
CONTINUOUS
10
7.1305975984251964
20
-4.7068657086614172
11
7.1248467322834648
21
-4.7044836220472437
0
LINE
8
BLACK
6
CONTINUOUS
10
7.1248467322834648
20
-4.7044836220472437
11
7.1248464173228347
21
-4.7044835433070862
0
LINE
8
BLACK
6
CONTINUOUS
10
7.1248464173228347
20
-4.7044835433070862
11
7.1186748818897634
21
-4.7036710629921261
0
LINE
8
BLACK
6
CONTINUOUS
10
7.1186748818897634
20
-4.7036710629921261
11
7.1186748031496059
21
-4.7036710629921261
0
LINE
8
BLACK
6
CONTINUOUS
10
7.1186748031496059
20
-4.7036710629921261
11
7.1125032283464567
21
-4.7044835433070862
0
LINE
8
BLACK
6
CONTINUOUS
10
5.3270023228346455
20
-4.6712457874015749
11
5.3202990944881892
21
-4.6689001968503936
0
LINE
8
BLACK
6
CONTINUOUS
10
5.3202990944881892
20
-4.6689001968503936
11
5.3202989370078742
21
-4.6689001574803148
0
LINE
8
BLACK
6
CONTINUOUS
10
5.3202989370078742
20
-4.6689001574803148
11
5.3132415748031496
21
-4.6681049999999997
0
LINE
8
BLACK
6
CONTINUOUS
10
5.3132415748031496
20
-4.6681049999999997
11
5.3061841732283463
21
-4.6689001574803148
0
LINE
8
BLACK
6
CONTINUOUS
10
5.3061841732283463
20
-4.6689001574803148
11
5.3061840157480313
21
-4.6689001968503936
0
LINE
8
BLACK
6
CONTINUOUS
10
5.3061840157480313
20
-4.6689001968503936
11
5.2994808267716538
21
-4.6712457874015749
0
LINE
8
BLACK
6
CONTINUOUS
10
5.2994808267716538
20
-4.6712457874015749
11
5.299480787401575
21
-4.6712457874015749
0
LINE
8
BLACK
6
CONTINUOUS
10
5.299480787401575
20
-4.6712457874015749
11
5.2934675984251971
21
-4.6750241338582672
0
LINE
8
BLACK
6
CONTINUOUS
10
5.2934675984251971
20
-4.6750241338582672
11
5.2884455511811019
21
-4.6800461811023624
0
LINE
8
BLACK
6
CONTINUOUS
10
5.2884455511811019
20
-4.6800461811023624
11
5.2846672047244097
21
-4.6860593700787403
0
LINE
8
BLACK
6
CONTINUOUS
10
5.2846672047244097
20
-4.6860593700787403
11
5.2846672047244097
21
-4.686059409448819
0
LINE
8
BLACK
6
CONTINUOUS
10
5.2846672047244097
20
-4.686059409448819
11
5.2823216141732283
21
-4.6927625984251966
0
LINE
8
BLACK
6
CONTINUOUS
10
5.2823216141732283
20
-4.6927625984251966
11
5.2823215748031496
21
-4.6927627559055116
0
LINE
8
BLACK
6
CONTINUOUS
10
5.2823215748031496
20
-4.6927627559055116
11
5.2815264173228345
21
-4.6998201574803149
0
LINE
8
BLACK
6
CONTINUOUS
10
5.2815264173228345
20
-4.6998201574803149
11
5.2823215748031496
21
-4.7068775196850394
0
LINE
8
BLACK
6
CONTINUOUS
10
5.2823215748031496
20
-4.7068775196850394
11
5.2823216141732283
21
-4.7068776771653544
0
LINE
8
BLACK
6
CONTINUOUS
10
5.2823216141732283
20
-4.7068776771653544
11
5.2846672047244097
21
-4.713580866141732
0
LINE
8
BLACK
6
CONTINUOUS
10
5.2846672047244097
20
-4.713580866141732
11
5.2846672047244097
21
-4.7135809055118107
0
LINE
8
BLACK
6
CONTINUOUS
10
5.2846672047244097
20
-4.7135809055118107
11
5.2884455511811019
21
-4.7195940944881887
0
LINE
8
BLACK
6
CONTINUOUS
10
5.2884455511811019
20
-4.7195940944881887
11
5.2884456692913382
21
-4.7195942519685037
0
LINE
8
BLACK
6
CONTINUOUS
10
5.2884456692913382
20
-4.7195942519685037
11
5.2934674803149608
21
-4.7246160629921254
0
LINE
8
BLACK
6
CONTINUOUS
10
5.2934674803149608
20
-4.7246160629921254
11
5.2934675590551183
21
-4.7246161023622042
0
LINE
8
BLACK
6
CONTINUOUS
10
5.2934675590551183
20
-4.7246161023622042
11
5.2934675984251971
21
-4.7246161417322829
0
LINE
8
BLACK
6
CONTINUOUS
10
5.2934675984251971
20
-4.7246161417322829
11
5.2983702362204728
21
-4.7276966929133861
0
LINE
8
BLACK
6
CONTINUOUS
10
5.2983702362204728
20
-4.7276966929133861
11
5.2994808661417325
21
-4.7283945275590549
0
LINE
8
BLACK
6
CONTINUOUS
10
5.2994808661417325
20
-4.7283945275590549
11
5.3021650787401571
21
-4.7293337795275585
0
LINE
8
BLACK
6
CONTINUOUS
10
5.3021650787401571
20
-4.7293337795275585
11
5.3061840157480313
21
-4.7307400787401575
0
LINE
8
BLACK
6
CONTINUOUS
10
5.3061840157480313
20
-4.7307400787401575
11
5.3061841732283463
21
-4.7307401181102362
0
LINE
8
BLACK
6
CONTINUOUS
10
5.3061841732283463
20
-4.7307401181102362
11
5.3061842913385826
21
-4.730740157480315
0
LINE
8
BLACK
6
CONTINUOUS
10
5.3061842913385826
20
-4.730740157480315
11
5.3132415748031496
21
-4.7315353149606301
0
LINE
8
BLACK
6
CONTINUOUS
10
5.3132415748031496
20
-4.7315353149606301
11
5.3202988582677166
21
-4.730740157480315
0
LINE
8
BLACK
6
CONTINUOUS
10
5.3202988582677166
20
-4.730740157480315
11
5.3270022834645667
21
-4.7283945275590549
0
LINE
8
BLACK
6
CONTINUOUS
10
5.3270022834645667
20
-4.7283945275590549
11
5.3330156692913384
21
-4.7246160629921254
0
LINE
8
BLACK
6
CONTINUOUS
10
5.3330156692913384
20
-4.7246160629921254
11
5.3380374803149602
21
-4.7195942519685037
0
LINE
8
BLACK
6
CONTINUOUS
10
5.3380374803149602
20
-4.7195942519685037
11
5.3418159448818896
21
-4.713580866141732
0
LINE
8
BLACK
6
CONTINUOUS
10
5.3418159448818896
20
-4.713580866141732
11
5.3441615748031497
21
-4.7068774409448819
0
LINE
8
BLACK
6
CONTINUOUS
10
5.3441615748031497
20
-4.7068774409448819
11
5.3449567322834648
21
-4.6998201574803149
0
LINE
8
BLACK
6
CONTINUOUS
10
5.3449567322834648
20
-4.6998201574803149
11
5.3441615748031497
21
-4.6927628740157479
0
LINE
8
BLACK
6
CONTINUOUS
10
5.3441615748031497
20
-4.6927628740157479
11
5.3418159448818896
21
-4.6860594488188978
0
LINE
8
BLACK
6
CONTINUOUS
10
5.3418159448818896
20
-4.6860594488188978
11
5.3416554330708657
21
-4.6858040157480314
0
LINE
8
BLACK
6
CONTINUOUS
10
5.3416554330708657
20
-4.6858040157480314
11
5.3380375590551177
21
-4.6800461811023624
0
LINE
8
BLACK
6
CONTINUOUS
10
5.3380375590551177
20
-4.6800461811023624
11
5.3380375196850389
21
-4.6800461417322836
0
LINE
8
BLACK
6
CONTINUOUS
10
5.3380375196850389
20
-4.6800461417322836
11
5.3380374803149602
21
-4.6800460629921261
0
LINE
8
BLACK
6
CONTINUOUS
10
5.3380374803149602
20
-4.6800460629921261
11
5.3330156692913384
21
-4.6750242519685035
0
LINE
8
BLACK
6
CONTINUOUS
10
5.3330156692913384
20
-4.6750242519685035
11
5.3330155511811022
21
-4.675024173228346
0
LINE
8
BLACK
6
CONTINUOUS
10
5.3330155511811022
20
-4.675024173228346
11
5.3330155118110234
21
-4.6750241338582672
0
LINE
8
BLACK
6
CONTINUOUS
10
5.3330155118110234
20
-4.6750241338582672
11
5.3306166141732279
21
-4.6735168110236218
0
LINE
8
BLACK
6
CONTINUOUS
10
5.3306166141732279
20
-4.6735168110236218
11
5.3270023228346455
21
-4.6712457874015749
0
LINE
8
BLACK
6
CONTINUOUS
10
5.4696415748031493
20
-4.6796883858267719
11
5.4696416535433068
21
-4.6796887007874011
0
LINE
8
BLACK
6
CONTINUOUS
10
5.4696416535433068
20
-4.6796887007874011
11
5.4720237401574803
21
-4.6854395669291335
0
LINE
8
BLACK
6
CONTINUOUS
10
5.4720237401574803
20
-4.6854395669291335
11
5.4720237401574803
21
-4.6854396062992123
0
LINE
8
BLACK
6
CONTINUOUS
10
5.4720237401574803
20
-4.6854396062992123
11
5.4758131496062994
21
-4.6903780708661413
0
LINE
8
BLACK
6
CONTINUOUS
10
5.4758131496062994
20
-4.6903780708661413
11
5.4758133464566932
21
-4.6903783070866139
0
LINE
8
BLACK
6
CONTINUOUS
10
5.4758133464566932
20
-4.6903783070866139
11
5.4807519685039372
21
-4.6941678346456692
0
LINE
8
BLACK
6
CONTINUOUS
10
5.4807519685039372
20
-4.6941678346456692
11
5.4865031102362201
21
-4.696550039370079
0
LINE
8
BLACK
6
CONTINUOUS
10
5.4865031102362201
20
-4.696550039370079
11
5.4889767322834642
21
-4.6968756692913383
0
LINE
8
BLACK
6
CONTINUOUS
10
5.4889767322834642
20
-4.6968756692913383
11
5.4911509055118106
21
-4.6979126771653545
0
LINE
8
BLACK
6
CONTINUOUS
10
5.4911509055118106
20
-4.6979126771653545
11
5.492300354330709
21
-4.7000296456692912
0
LINE
8
BLACK
6
CONTINUOUS
10
5.492300354330709
20
-4.7000296456692912
11
5.4920689763779524
21
-4.7022314566929131
0
LINE
8
BLACK
6
CONTINUOUS
10
5.4920689763779524
20
-4.7022314566929131
11
5.4913247637795273
21
-4.704028149606299
0
LINE
8
BLACK
6
CONTINUOUS
10
5.4913247637795273
20
-4.704028149606299
11
5.4913247244094485
21
-4.7040283464566928
0
LINE
8
BLACK
6
CONTINUOUS
10
5.4913247244094485
20
-4.7040283464566928
11
5.4905122440944885
21
-4.710199921259842
0
LINE
8
BLACK
6
CONTINUOUS
10
5.4905122440944885
20
-4.710199921259842
11
5.4905122440944885
21
-4.7101999606299207
0
LINE
8
BLACK
6
CONTINUOUS
10
5.4905122440944885
20
-4.7101999606299207
11
5.4913247244094485
21
-4.7163715354330709
0
LINE
8
BLACK
6
CONTINUOUS
10
5.4913247244094485
20
-4.7163715354330709
11
5.491324803149606
21
-4.7163718503937009
0
LINE
8
BLACK
6
CONTINUOUS
10
5.491324803149606
20
-4.7163718503937009
11
5.4937068897637795
21
-4.7221227165354334
0
LINE
8
BLACK
6
CONTINUOUS
10
5.4937068897637795
20
-4.7221227165354334
11
5.4937068897637795
21
-4.7221227559055121
0
LINE
8
BLACK
6
CONTINUOUS
10
5.4937068897637795
20
-4.7221227559055121
11
5.4974962992125986
21
-4.7270612204724411
0
LINE
8
BLACK
6
CONTINUOUS
10
5.4974962992125986
20
-4.7270612204724411
11
5.4974964960629924
21
-4.7270614566929137
0
LINE
8
BLACK
6
CONTINUOUS
10
5.4974964960629924
20
-4.7270614566929137
11
5.5024351181102364
21
-4.7308509842519681
0
LINE
8
BLACK
6
CONTINUOUS
10
5.5024351181102364
20
-4.7308509842519681
11
5.5024351574803152
21
-4.7308509842519681
0
LINE
8
BLACK
6
CONTINUOUS
10
5.5024351574803152
20
-4.7308509842519681
11
5.502435196850394
21
-4.7308510236220469
0
LINE
8
BLACK
6
CONTINUOUS
10
5.502435196850394
20
-4.7308510236220469
11
5.5081860629921255
21
-4.7332331102362204
0
LINE
8
BLACK
6
CONTINUOUS
10
5.5081860629921255
20
-4.7332331102362204
11
5.5081862598425193
21
-4.7332331889763779
0
LINE
8
BLACK
6
CONTINUOUS
10
5.5081862598425193
20
-4.7332331889763779
11
5.5128150393700786
21
-4.7338425590551179
0
LINE
8
BLACK
6
CONTINUOUS
10
5.5128150393700786
20
-4.7338425590551179
11
5.5143579527559057
21
-4.7340457086614176
0
LINE
8
BLACK
6
CONTINUOUS
10
5.5143579527559057
20
-4.7340457086614176
11
5.5143579921259844
21
-4.7340457086614176
0
LINE
8
BLACK
6
CONTINUOUS
10
5.5143579921259844
20
-4.7340457086614176
11
5.5143580314960632
21
-4.7340457086614176
0
LINE
8
BLACK
6
CONTINUOUS
10
5.5143580314960632
20
-4.7340457086614176
11
5.515592322834646
21
-4.7338831889763782
0
LINE
8
BLACK
6
CONTINUOUS
10
5.515592322834646
20
-4.7338831889763782
11
5.5205297244094487
21
-4.7332331889763779
0
LINE
8
BLACK
6
CONTINUOUS
10
5.5205297244094487
20
-4.7332331889763779
11
5.5262808661417324
21
-4.7308509842519681
0
LINE
8
BLACK
6
CONTINUOUS
10
5.5262808661417324
20
-4.7308509842519681
11
5.530626062992126
21
-4.7275168110236221
0
LINE
8
BLACK
6
CONTINUOUS
10
5.530626062992126
20
-4.7275168110236221
11
5.5312194881889765
21
-4.7270614566929137
0
LINE
8
BLACK
6
CONTINUOUS
10
5.5312194881889765
20
-4.7270614566929137
11
5.5350090157480309
21
-4.7221228346456696
0
LINE
8
BLACK
6
CONTINUOUS
10
5.5350090157480309
20
-4.7221228346456696
11
5.5373912204724407
21
-4.7163716929133859
0
LINE
8
BLACK
6
CONTINUOUS
10
5.5373912204724407
20
-4.7163716929133859
11
5.5382037401574804
21
-4.7101999606299207
0
LINE
8
BLACK
6
CONTINUOUS
10
5.5382037401574804
20
-4.7101999606299207
11
5.5373912204724407
21
-4.7040282283464565
0
LINE
8
BLACK
6
CONTINUOUS
10
5.5373912204724407
20
-4.7040282283464565
11
5.5350090551181097
21
-4.6982771653543303
0
LINE
8
BLACK
6
CONTINUOUS
10
5.5350090551181097
20
-4.6982771653543303
11
5.5350090551181097
21
-4.6982771259842515
0
LINE
8
BLACK
6
CONTINUOUS
10
5.5350090551181097
20
-4.6982771259842515
11
5.5312196456692915
21
-4.6933386614173225
0
LINE
8
BLACK
6
CONTINUOUS
10
5.5312196456692915
20
-4.6933386614173225
11
5.5312196062992127
21
-4.6933386220472437
0
LINE
8
BLACK
6
CONTINUOUS
10
5.5312196062992127
20
-4.6933386220472437
11
5.5312194881889765
21
-4.6933384645669287
0
LINE
8
BLACK
6
CONTINUOUS
10
5.5312194881889765
20
-4.6933384645669287
11
5.5312192913385827
21
-4.6933383070866137
0
LINE
8
BLACK
6
CONTINUOUS
10
5.5312192913385827
20
-4.6933383070866137
11
5.5312192519685039
21
-4.693338267716535
0
LINE
8
BLACK
6
CONTINUOUS
10
5.5312192519685039
20
-4.693338267716535
11
5.5262807480314962
21
-4.6895488582677167
0
LINE
8
BLACK
6
CONTINUOUS
10
5.5262807480314962
20
-4.6895488582677167
11
5.5205298818897637
21
-4.6871667716535432
0
LINE
8
BLACK
6
CONTINUOUS
10
5.5205298818897637
20
-4.6871667716535432
11
5.5205295669291337
21
-4.6871666929133857
0
LINE
8
BLACK
6
CONTINUOUS
10
5.5205295669291337
20
-4.6871666929133857
11
5.5180560629921258
21
-4.6868410629921256
0
LINE
8
BLACK
6
CONTINUOUS
10
5.5180560629921258
20
-4.6868410629921256
11
5.5158818503937006
21
-4.6858040157480314
0
LINE
8
BLACK
6
CONTINUOUS
10
5.5158818503937006
20
-4.6858040157480314
11
5.5147324409448819
21
-4.6836870472440948
0
LINE
8
BLACK
6
CONTINUOUS
10
5.5147324409448819
20
-4.6836870472440948
11
5.5149638582677163
21
-4.6814851968503932
0
LINE
8
BLACK
6
CONTINUOUS
10
5.5149638582677163
20
-4.6814851968503932
11
5.5155599212598423
21
-4.6800461811023624
0
LINE
8
BLACK
6
CONTINUOUS
10
5.5155599212598423
20
-4.6800461811023624
11
5.5157080708661415
21
-4.6796885433070869
0
LINE
8
BLACK
6
CONTINUOUS
10
5.5157080708661415
20
-4.6796885433070869
11
5.5165205905511812
21
-4.6735168110236218
0
LINE
8
BLACK
6
CONTINUOUS
10
5.5165205905511812
20
-4.6735168110236218
11
5.5157080708661415
21
-4.6673450787401576
0
LINE
8
BLACK
6
CONTINUOUS
10
5.5157080708661415
20
-4.6673450787401576
11
5.5133259055118105
21
-4.6615940157480313
0
LINE
8
BLACK
6
CONTINUOUS
10
5.5133259055118105
20
-4.6615940157480313
11
5.5133259055118105
21
-4.6615939763779526
0
LINE
8
BLACK
6
CONTINUOUS
10
5.5133259055118105
20
-4.6615939763779526
11
5.5095364960629922
21
-4.6566555118110236
0
LINE
8
BLACK
6
CONTINUOUS
10
5.5095364960629922
20
-4.6566555118110236
11
5.5095364566929135
21
-4.6566554724409448
0
LINE
8
BLACK
6
CONTINUOUS
10
5.5095364566929135
20
-4.6566554724409448
11
5.5095363385826772
21
-4.6566553149606298
0
LINE
8
BLACK
6
CONTINUOUS
10
5.5095363385826772
20
-4.6566553149606298
11
5.5095361417322835
21
-4.6566551574803148
0
LINE
8
BLACK
6
CONTINUOUS
10
5.5095361417322835
20
-4.6566551574803148
11
5.5095361023622047
21
-4.656655118110236
0
LINE
8
BLACK
6
CONTINUOUS
10
5.5095361023622047
20
-4.656655118110236
11
5.5045975984251969
21
-4.6528657086614169
0
LINE
8
BLACK
6
CONTINUOUS
10
5.5045975984251969
20
-4.6528657086614169
11
5.4988467322834644
21
-4.6504836220472443
0
LINE
8
BLACK
6
CONTINUOUS
10
5.4988467322834644
20
-4.6504836220472443
11
5.4988464173228344
21
-4.6504835433070868
0
LINE
8
BLACK
6
CONTINUOUS
10
5.4988464173228344
20
-4.6504835433070868
11
5.4926748818897639
21
-4.6496710629921258
0
LINE
8
BLACK
6
CONTINUOUS
10
5.4926748818897639
20
-4.6496710629921258
11
5.4926748031496064
21
-4.6496710629921258
0
LINE
8
BLACK
6
CONTINUOUS
10
5.4926748031496064
20
-4.6496710629921258
11
5.4865032283464563
21
-4.6504835433070868
0
LINE
8
BLACK
6
CONTINUOUS
10
5.4865032283464563
20
-4.6504835433070868
11
5.4865029133858263
21
-4.6504836220472443
0
LINE
8
BLACK
6
CONTINUOUS
10
5.4865029133858263
20
-4.6504836220472443
11
5.4807520472440947
21
-4.6528657086614169
0
LINE
8
BLACK
6
CONTINUOUS
10
5.4807520472440947
20
-4.6528657086614169
11
5.480752007874016
21
-4.6528657086614169
0
LINE
8
BLACK
6
CONTINUOUS
10
5.480752007874016
20
-4.6528657086614169
11
5.4758135433070869
21
-4.656655118110236
0
LINE
8
BLACK
6
CONTINUOUS
10
5.4758135433070869
20
-4.656655118110236
11
5.4758131496062994
21
-4.6566555118110236
0
LINE
8
BLACK
6
CONTINUOUS
10
5.4758131496062994
20
-4.6566555118110236
11
5.4720237401574803
21
-4.6615939763779526
0
LINE
8
BLACK
6
CONTINUOUS
10
5.4720237401574803
20
-4.6615939763779526
11
5.4720237401574803
21
-4.6615940157480313
0
LINE
8
BLACK
6
CONTINUOUS
10
5.4720237401574803
20
-4.6615940157480313
11
5.4696416535433068
21
-4.6673448818897638
0
LINE
8
BLACK
6
CONTINUOUS
10
5.4696416535433068
20
-4.6673448818897638
11
5.4696415748031493
21
-4.6673451968503938
0
LINE
8
BLACK
6
CONTINUOUS
10
5.4696415748031493
20
-4.6673451968503938
11
5.4688290944881892
21
-4.6735167716535431
0
LINE
8
BLACK
6
CONTINUOUS
10
5.4688290944881892
20
-4.6735167716535431
11
5.4688290944881892
21
-4.6735168110236218
0
LINE
8
BLACK
6
CONTINUOUS
10
5.4688290944881892
20
-4.6735168110236218
11
5.4696415748031493
21
-4.6796883858267719
0
LINE
8
BLACK
6
CONTINUOUS
10
4.0007427952755901
20
-4.49410905511811
11
4.0007692125984251
21
-4.4943548031496059
0
LINE
8
BLACK
6
CONTINUOUS
10
4.0007692125984251
20
-4.4943548031496059
11
4.0012103543307083
21
-4.4963827165354333
0
LINE
8
BLACK
6
CONTINUOUS
10
4.0012103543307083
20
-4.4963827165354333
11
4.001308267716535
21
-4.4967833464566924
0
LINE
8
BLACK
6
CONTINUOUS
10
4.001308267716535
20
-4.4967833464566924
11
4.0013083070866138
21
-4.4967834645669287
0
LINE
8
BLACK
6
CONTINUOUS
10
4.0013083070866138
20
-4.4967834645669287
11
4.0030016141732281
21
-4.4999611023622048
0
LINE
8
BLACK
6
CONTINUOUS
10
4.0030016141732281
20
-4.4999611023622048
11
4.004321417322835
21
-4.5014842519685034
0
LINE
8
BLACK
6
CONTINUOUS
10
4.004321417322835
20
-4.5014842519685034
11
4.0048030708661413
21
-4.5020400787401575
0
LINE
8
BLACK
6
CONTINUOUS
10
4.0048030708661413
20
-4.5020400787401575
11
4.0054955905511811
21
-4.5027468897637792
0
LINE
8
BLACK
6
CONTINUOUS
10
4.0054955905511811
20
-4.5027468897637792
11
4.0054956692913386
21
-4.5027469685039367
0
LINE
8
BLACK
6
CONTINUOUS
10
4.0054956692913386
20
-4.5027469685039367
11
4.0086377559055117
21
-4.5045045275590549
0
LINE
8
BLACK
6
CONTINUOUS
10
4.0086377559055117
20
-4.5045045275590549
11
4.0086379133858268
21
-4.5045046062992125
0
LINE
8
BLACK
6
CONTINUOUS
10
4.0086379133858268
20
-4.5045046062992125
11
4.0103605905511808
21
-4.5050104330708658
0
LINE
8
BLACK
6
CONTINUOUS
10
4.0103605905511808
20
-4.5050104330708658
11
4.0112772834645671
21
-4.5052796062992124
0
LINE
8
BLACK
6
CONTINUOUS
10
4.0112772834645671
20
-4.5052796062992124
11
4.0135567322834644
21
-4.5056073622047244
0
LINE
8
BLACK
6
CONTINUOUS
10
4.0135567322834644
20
-4.5056073622047244
11
4.0135567716535432
21
-4.5056073622047244
0
LINE
8
BLACK
6
CONTINUOUS
10
4.0135567716535432
20
-4.5056073622047244
11
4.6614410629921261
21
-4.5056073622047244
0
LINE
8
BLACK
6
CONTINUOUS
10
4.6614410629921261
20
-4.5056073622047244
11
4.6627894488188977
21
-4.5054658267716539
0
LINE
8
BLACK
6
CONTINUOUS
10
4.6627894488188977
20
-4.5054658267716539
11
4.6631202362204727
21
-4.5054311417322834
0
LINE
8
BLACK
6
CONTINUOUS
10
4.6631202362204727
20
-4.5054311417322834
11
4.6651028346456691
21
-4.5050104330708658
0
LINE
8
BLACK
6
CONTINUOUS
10
4.6651028346456691
20
-4.5050104330708658
11
4.6654642125984251
21
-4.5049250393700788
0
LINE
8
BLACK
6
CONTINUOUS
10
4.6654642125984251
20
-4.5049250393700788
11
4.6686589763779525
21
-4.5032642519685036
0
LINE
8
BLACK
6
CONTINUOUS
10
4.6686589763779525
20
-4.5032642519685036
11
4.6707560236220473
21
-4.5014842519685034
0
LINE
8
BLACK
6
CONTINUOUS
10
4.6707560236220473
20
-4.5014842519685034
11
4.6707560236220473
21
-4.5014842913385822
0
LINE
8
BLACK
6
CONTINUOUS
10
4.6707560236220473
20
-4.5014842913385822
11
4.6716711023622048
21
-4.5006057874015744
0
LINE
8
BLACK
6
CONTINUOUS
10
4.6716711023622048
20
-4.5006057874015744
11
4.6717416535433074
21
-4.5006792519685037
0
LINE
8
BLACK
6
CONTINUOUS
10
4.6717416535433074
20
-4.5006792519685037
11
4.6733609448818898
21
-4.499586062992126
0
LINE
8
BLACK
6
CONTINUOUS
10
4.6733609448818898
20
-4.499586062992126
11
4.6757683858267711
21
-4.4996690944881887
0
LINE
8
BLACK
6
CONTINUOUS
10
4.6757683858267711
20
-4.4996690944881887
11
4.6765105905511808
21
-4.500032047244094
0
LINE
8
BLACK
6
CONTINUOUS
10
4.6765105905511808
20
-4.500032047244094
11
4.6779139370078742
21
-4.5009138582677162
0
LINE
8
BLACK
6
CONTINUOUS
10
4.6779139370078742
20
-4.5009138582677162
11
4.6779140551181104
21
-4.5009138582677162
0
LINE
8
BLACK
6
CONTINUOUS
10
4.6779140551181104
20
-4.5009138582677162
11
4.6779141338582679
21
-4.5009139370078737
0
LINE
8
BLACK
6
CONTINUOUS
10
4.6779141338582679
20
-4.5009139370078737
11
4.6807833464566926
21
-4.5019179133858263
0
LINE
8
BLACK
6
CONTINUOUS
10
4.6807833464566926
20
-4.5019179133858263
11
4.6846172834645667
21
-4.5032594881889763
0
LINE
8
BLACK
6
CONTINUOUS
10
4.6846172834645667
20
-4.5032594881889763
11
4.6846174409448817
21
-4.503259527559055
0
LINE
8
BLACK
6
CONTINUOUS
10
4.6846174409448817
20
-4.503259527559055
11
4.684617559055118
21
-4.5032595669291338
0
LINE
8
BLACK
6
CONTINUOUS
10
4.684617559055118
20
-4.5032595669291338
11
4.691674842519685
21
-4.5040547244094489
0
LINE
8
BLACK
6
CONTINUOUS
10
4.691674842519685
20
-4.5040547244094489
11
4.6987321259842521
21
-4.5032595669291338
0
LINE
8
BLACK
6
CONTINUOUS
10
4.6987321259842521
20
-4.5032595669291338
11
4.7054355511811021
21
-4.5009139370078737
0
LINE
8
BLACK
6
CONTINUOUS
10
4.7054355511811021
20
-4.5009139370078737
11
4.7114489370078738
21
-4.4971354724409451
0
LINE
8
BLACK
6
CONTINUOUS
10
4.7114489370078738
20
-4.4971354724409451
11
4.7164707480314956
21
-4.4921136614173225
0
LINE
8
BLACK
6
CONTINUOUS
10
4.7164707480314956
20
-4.4921136614173225
11
4.7174415354330703
21
-4.4905686220472436
0
LINE
8
BLACK
6
CONTINUOUS
10
4.7174415354330703
20
-4.4905686220472436
11
4.7192907086614175
21
-4.4890248818897636
0
LINE
8
BLACK
6
CONTINUOUS
10
4.7192907086614175
20
-4.4890248818897636
11
4.7216940944881891
21
-4.4888628346456692
0
LINE
8
BLACK
6
CONTINUOUS
10
4.7216940944881891
20
-4.4888628346456692
11
4.7237337795275591
21
-4.4901444094488188
0
LINE
8
BLACK
6
CONTINUOUS
10
4.7237337795275591
20
-4.4901444094488188
11
4.7246305905511807
21
-4.4923801181102361
0
LINE
8
BLACK
6
CONTINUOUS
10
4.7246305905511807
20
-4.4923801181102361
11
4.7246394094488187
21
-4.4926423228346453
0
LINE
8
BLACK
6
CONTINUOUS
10
4.7246394094488187
20
-4.4926423228346453
11
4.7246394094488187
21
-4.5197466141732283
0
LINE
8
BLACK
6
CONTINUOUS
10
4.7246394094488187
20
-4.5197466141732283
11
4.7249328346456689
21
-4.5206496456692911
0
LINE
8
BLACK
6
CONTINUOUS
10
4.7249328346456689
20
-4.5206496456692911
11
4.7250755905511808
21
-4.5212441338582678
0
LINE
8
BLACK
6
CONTINUOUS
10
4.7250755905511808
20
-4.5212441338582678
11
4.725224212598425
21
-4.5221824015748027
0
LINE
8
BLACK
6
CONTINUOUS
10
4.725224212598425
20
-4.5221824015748027
11
4.7256551968503935
21
-4.523028149606299
0
LINE
8
BLACK
6
CONTINUOUS
10
4.7256551968503935
20
-4.523028149606299
11
4.7258892913385822
21
-4.5235932677165351
0
LINE
8
BLACK
6
CONTINUOUS
10
4.7258892913385822
20
-4.5235932677165351
11
4.7261828346456696
21
-4.5244966535433067
0
LINE
8
BLACK
6
CONTINUOUS
10
4.7261828346456696
20
-4.5244966535433067
11
4.7261827952755908
21
-4.5244966535433067
0
LINE
8
BLACK
6
CONTINUOUS
10
4.7261827952755908
20
-4.5244966535433067
11
4.7267411417322833
21
-4.5252651574803151
0
LINE
8
BLACK
6
CONTINUOUS
10
4.7267411417322833
20
-4.5252651574803151
11
4.7270605511811024
21
-4.5257863779527554
0
LINE
8
BLACK
6
CONTINUOUS
10
4.7270605511811024
20
-4.5257863779527554
11
4.7274917716535434
21
-4.5266326377952755
0
LINE
8
BLACK
6
CONTINUOUS
10
4.7274917716535434
20
-4.5266326377952755
11
4.7274918110236221
21
-4.5266326771653542
0
LINE
8
BLACK
6
CONTINUOUS
10
4.7274918110236221
20
-4.5266326771653542
11
4.7282823622047241
21
-4.5274232677165349
0
LINE
8
BLACK
6
CONTINUOUS
10
4.7282823622047241
20
-4.5274232677165349
11
4.7854029133858269
21
-4.5845438188976377
0
LINE
8
BLACK
6
CONTINUOUS
10
4.7854029133858269
20
-4.5845438188976377
11
4.7862912204724406
21
-4.5854320866141736
0
LINE
8
BLACK
6
CONTINUOUS
10
4.7862912204724406
20
-4.5854320866141736
11
4.7862912992125981
21
-4.5854321653543302
0
LINE
8
BLACK
6
CONTINUOUS
10
4.7862912992125981
20
-4.5854321653543302
11
4.7871373228346457
21
-4.5858632283464562
0
LINE
8
BLACK
6
CONTINUOUS
10
4.7871373228346457
20
-4.5858632283464562
11
4.7876587795275594
21
-4.5861827559055115
0
LINE
8
BLACK
6
CONTINUOUS
10
4.7876587795275594
20
-4.5861827559055115
11
4.7884272047244094
21
-4.5867410629921261
0
LINE
8
BLACK
6
CONTINUOUS
10
4.7884272047244094
20
-4.5867410629921261
11
4.7893303937007872
21
-4.5870344881889764
0
LINE
8
BLACK
6
CONTINUOUS
10
4.7893303937007872
20
-4.5870344881889764
11
4.7898953543307083
21
-4.5872685433070863
0
LINE
8
BLACK
6
CONTINUOUS
10
4.7898953543307083
20
-4.5872685433070863
11
4.7907414173228346
21
-4.5876996456692911
0
LINE
8
BLACK
6
CONTINUOUS
10
4.7907414173228346
20
-4.5876996456692911
11
4.7907414960629922
21
-4.5876996456692911
0
LINE
8
BLACK
6
CONTINUOUS
10
4.7907414960629922
20
-4.5876996456692911
11
4.7907416141732284
21
-4.5876997244094486
0
LINE
8
BLACK
6
CONTINUOUS
10
4.7907416141732284
20
-4.5876997244094486
11
4.7916794488188978
21
-4.5878482283464566
0
LINE
8
BLACK
6
CONTINUOUS
10
4.7916794488188978
20
-4.5878482283464566
11
4.7922737795275587
21
-4.5879909055118109
0
LINE
8
BLACK
6
CONTINUOUS
10
4.7922737795275587
20
-4.5879909055118109
11
4.7931774803149603
21
-4.5882845275590549
0
LINE
8
BLACK
6
CONTINUOUS
10
4.7931774803149603
20
-4.5882845275590549
11
4.7944339370078737
21
-4.5882845275590549
0
LINE
8
BLACK
6
CONTINUOUS
10
4.7944339370078737
20
-4.5882845275590549
11
5.2838237795275589
21
-4.5882845275590549
0
LINE
8
BLACK
6
CONTINUOUS
10
5.2838237795275589
20
-4.5882845275590549
11
5.2861147637795272
21
-4.5890288976377951
0
LINE
8
BLACK
6
CONTINUOUS
10
5.2861147637795272
20
-4.5890288976377951
11
5.2875306692913382
21
-4.5909777165354333
0
LINE
8
BLACK
6
CONTINUOUS
10
5.2875306692913382
20
-4.5909777165354333
11
5.2875306692913382
21
-4.5933866141732285
0
LINE
8
BLACK
6
CONTINUOUS
10
5.2875306692913382
20
-4.5933866141732285
11
5.2871240157480317
21
-4.5942558267716533
0
LINE
8
BLACK
6
CONTINUOUS
10
5.2871240157480317
20
-4.5942558267716533
11
5.2846674015748034
21
-4.5981654724409449
0
LINE
8
BLACK
6
CONTINUOUS
10
5.2846674015748034
20
-4.5981654724409449
11
5.2846674015748034
21
-4.5981655118110236
0
LINE
8
BLACK
6
CONTINUOUS
10
5.2846674015748034
20
-4.5981655118110236
11
5.2823218110236221
21
-4.6048687007874012
0
LINE
8
BLACK
6
CONTINUOUS
10
5.2823218110236221
20
-4.6048687007874012
11
5.2823217716535433
21
-4.6048688582677162
0
LINE
8
BLACK
6
CONTINUOUS
10
5.2823217716535433
20
-4.6048688582677162
11
5.2815266141732282
21
-4.6119262598425195
0
LINE
8
BLACK
6
CONTINUOUS
10
5.2815266141732282
20
-4.6119262598425195
11
5.2823217716535433
21
-4.618983622047244
0
LINE
8
BLACK
6
CONTINUOUS
10
5.2823217716535433
20
-4.618983622047244
11
5.2823218110236221
21
-4.618983779527559
0
LINE
8
BLACK
6
CONTINUOUS
10
5.2823218110236221
20
-4.618983779527559
11
5.2846674015748034
21
-4.6256869685039366
0
LINE
8
BLACK
6
CONTINUOUS
10
5.2846674015748034
20
-4.6256869685039366
11
5.2846674015748034
21
-4.6256870078740153
0
LINE
8
BLACK
6
CONTINUOUS
10
5.2846674015748034
20
-4.6256870078740153
11
5.2884457480314957
21
-4.6317001968503932
0
LINE
8
BLACK
6
CONTINUOUS
10
5.2884457480314957
20
-4.6317001968503932
11
5.288445866141732
21
-4.6317003543307083
0
LINE
8
BLACK
6
CONTINUOUS
10
5.288445866141732
20
-4.6317003543307083
11
5.2934676771653546
21
-4.6367221653543309
0
LINE
8
BLACK
6
CONTINUOUS
10
5.2934676771653546
20
-4.6367221653543309
11
5.2994810629921263
21
-4.6405006299212594
0
LINE
8
BLACK
6
CONTINUOUS
10
5.2994810629921263
20
-4.6405006299212594
11
5.3021652755905508
21
-4.641439881889764
0
LINE
8
BLACK
6
CONTINUOUS
10
5.3021652755905508
20
-4.641439881889764
11
5.3061842125984251
21
-4.642846181102362
0
LINE
8
BLACK
6
CONTINUOUS
10
5.3061842125984251
20
-4.642846181102362
11
5.3061843700787401
21
-4.6428462204724408
0
LINE
8
BLACK
6
CONTINUOUS
10
5.3061843700787401
20
-4.6428462204724408
11
5.3061844881889764
21
-4.6428462598425195
0
LINE
8
BLACK
6
CONTINUOUS
10
5.3061844881889764
20
-4.6428462598425195
11
5.3132417716535434
21
-4.6436414173228346
0
LINE
8
BLACK
6
CONTINUOUS
10
5.3132417716535434
20
-4.6436414173228346
11
5.3202990551181104
21
-4.6428462598425195
0
LINE
8
BLACK
6
CONTINUOUS
10
5.3202990551181104
20
-4.6428462598425195
11
5.3270024803149605
21
-4.6405006299212594
0
LINE
8
BLACK
6
CONTINUOUS
10
5.3270024803149605
20
-4.6405006299212594
11
5.3330158661417322
21
-4.6367221653543309
0
LINE
8
BLACK
6
CONTINUOUS
10
5.3330158661417322
20
-4.6367221653543309
11
5.3380376771653539
21
-4.6317003543307083
0
LINE
8
BLACK
6
CONTINUOUS
10
5.3380376771653539
20
-4.6317003543307083
11
5.3418161417322834
21
-4.6256869685039366
0
LINE
8
BLACK
6
CONTINUOUS
10
5.3418161417322834
20
-4.6256869685039366
11
5.3441617716535434
21
-4.6189835433070865
0
LINE
8
BLACK
6
CONTINUOUS
10
5.3441617716535434
20
-4.6189835433070865
11
5.3449569291338586
21
-4.6119262598425195
0
LINE
8
BLACK
6
CONTINUOUS
10
5.3449569291338586
20
-4.6119262598425195
11
5.3441617716535434
21
-4.6048689763779524
0
LINE
8
BLACK
6
CONTINUOUS
10
5.3441617716535434
20
-4.6048689763779524
11
5.3440114960629916
21
-4.604439566929134
0
LINE
8
BLACK
6
CONTINUOUS
10
5.3440114960629916
20
-4.604439566929134
11
5.3430488188976373
21
-4.6016883858267716
0
LINE
8
BLACK
6
CONTINUOUS
10
5.3430488188976373
20
-4.6016883858267716
11
5.3418161417322834
21
-4.5981655511811024
0
LINE
8
BLACK
6
CONTINUOUS
10
5.3418161417322834
20
-4.5981655511811024
11
5.3418161023622046
21
-4.5981654724409449
0
LINE
8
BLACK
6
CONTINUOUS
10
5.3418161023622046
20
-4.5981654724409449
11
5.3401518503937009
21
-4.5955168110236215
0
LINE
8
BLACK
6
CONTINUOUS
10
5.3401518503937009
20
-4.5955168110236215
11
5.3393595275590551
21
-4.5942558267716533
0
LINE
8
BLACK
6
CONTINUOUS
10
5.3393595275590551
20
-4.5942558267716533
11
5.3387709448818894
21
-4.5919199606299212
0
LINE
8
BLACK
6
CONTINUOUS
10
5.3387709448818894
20
-4.5919199606299212
11
5.3396677559055119
21
-4.5896842519685039
0
LINE
8
BLACK
6
CONTINUOUS
10
5.3396677559055119
20
-4.5896842519685039
11
5.3417074409448819
21
-4.5884026771653543
0
LINE
8
BLACK
6
CONTINUOUS
10
5.3417074409448819
20
-4.5884026771653543
11
5.342659763779527
21
-4.5882845275590549
0
LINE
8
BLACK
6
CONTINUOUS
10
5.342659763779527
20
-4.5882845275590549
11
5.5391721653543309
21
-4.5882845275590549
0
LINE
8
BLACK
6
CONTINUOUS
10
5.5391721653543309
20
-4.5882845275590549
11
5.5391722047244096
21
-4.5882845275590549
0
LINE
8
BLACK
6
CONTINUOUS
10
5.5391722047244096
20
-4.5882845275590549
11
5.5400757086614174
21
-4.5879909448818896
0
LINE
8
BLACK
6
CONTINUOUS
10
5.5400757086614174
20
-4.5879909448818896
11
5.5406695275590554
21
-4.5878483464566928
0
LINE
8
BLACK
6
CONTINUOUS
10
5.5406695275590554
20
-4.5878483464566928
11
5.5416080708661415
21
-4.5876997244094486
0
LINE
8
BLACK
6
CONTINUOUS
10
5.5416080708661415
20
-4.5876997244094486
11
5.5424544488188978
21
-4.5872683858267713
0
LINE
8
BLACK
6
CONTINUOUS
10
5.5424544488188978
20
-4.5872683858267713
11
5.5430193700787402
21
-4.5870344488188977
0
LINE
8
BLACK
6
CONTINUOUS
10
5.5430193700787402
20
-4.5870344488188977
11
5.5439224803149605
21
-4.5867410629921261
0
LINE
8
BLACK
6
CONTINUOUS
10
5.5439224803149605
20
-4.5867410629921261
11
5.5446910629921256
21
-4.5861825984251965
0
LINE
8
BLACK
6
CONTINUOUS
10
5.5446910629921256
20
-4.5861825984251965
11
5.5452122047244092
21
-4.585863267716535
0
LINE
8
BLACK
6
CONTINUOUS
10
5.5452122047244092
20
-4.585863267716535
11
5.5460583858267718
21
-4.5854321653543302
0
LINE
8
BLACK
6
CONTINUOUS
10
5.5460583858267718
20
-4.5854321653543302
11
5.5467244881889766
21
-4.5847659842519688
0
LINE
8
BLACK
6
CONTINUOUS
10
5.5467244881889766
20
-4.5847659842519688
11
5.5467246456692916
21
-4.5847659055118113
0
LINE
8
BLACK
6
CONTINUOUS
10
5.5467246456692916
20
-4.5847659055118113
11
5.546946771653543
21
-4.584543779527559
0
LINE
8
BLACK
6
CONTINUOUS
10
5.546946771653543
20
-4.584543779527559
11
5.5469468503937005
21
-4.5845437401574802
0
LINE
8
BLACK
6
CONTINUOUS
10
5.5469468503937005
20
-4.5845437401574802
11
5.585973779527559
21
-4.5455168110236217
0
LINE
8
BLACK
6
CONTINUOUS
10
5.585973779527559
20
-4.5455168110236217
11
5.8739682283464569
21
-4.2575223228346459
0
LINE
8
BLACK
6
CONTINUOUS
10
5.8739682283464569
20
-4.2575223228346459
11
5.8743822047244096
21
-4.2573114173228346
0
LINE
8
BLACK
6
CONTINUOUS
10
5.8743822047244096
20
-4.2573114173228346
11
5.874680433070866
21
-4.256810118110236
0
LINE
8
BLACK
6
CONTINUOUS
10
5.874680433070866
20
-4.256810118110236
11
5.894438149606299
21
-4.2370524409448818
0
LINE
8
BLACK
6
CONTINUOUS
10
5.894438149606299
20
-4.2370524409448818
11
5.8965844881889762
21
-4.2359588582677166
0
LINE
8
BLACK
6
CONTINUOUS
10
5.8965844881889762
20
-4.2359588582677166
11
5.8971942125984249
21
-4.2359108661417322
0
LINE
8
BLACK
6
CONTINUOUS
10
5.8971942125984249
20
-4.2359108661417322
11
5.9925458267716536
21
-4.2359108661417322
0
LINE
8
BLACK
6
CONTINUOUS
10
5.9925458267716536
20
-4.2359108661417322
11
5.9925458661417323
21
-4.2359108661417322
0
LINE
8
BLACK
6
CONTINUOUS
10
5.9925458661417323
20
-4.2359108661417322
11
5.9934493700787401
21
-4.2356172834645669
0
LINE
8
BLACK
6
CONTINUOUS
10
5.9934493700787401
20
-4.2356172834645669
11
5.9940431889763781
21
-4.2354746850393701
0
LINE
8
BLACK
6
CONTINUOUS
10
5.9940431889763781
20
-4.2354746850393701
11
5.9949817322834642
21
-4.2353260629921259
0
LINE
8
BLACK
6
CONTINUOUS
10
5.9949817322834642
20
-4.2353260629921259
11
5.9958281102362205
21
-4.2348947244094486
0
LINE
8
BLACK
6
CONTINUOUS
10
5.9958281102362205
20
-4.2348947244094486
11
5.996393031496063
21
-4.2346607874015749
0
LINE
8
BLACK
6
CONTINUOUS
10
5.996393031496063
20
-4.2346607874015749
11
5.9972961417322832
21
-4.2343674015748034
0
LINE
8
BLACK
6
CONTINUOUS
10
5.9972961417322832
20
-4.2343674015748034
11
5.9980647244094483
21
-4.2338089370078738
0
LINE
8
BLACK
6
CONTINUOUS
10
5.9980647244094483
20
-4.2338089370078738
11
5.9985858661417319
21
-4.2334896062992122
0
LINE
8
BLACK
6
CONTINUOUS
10
5.9985858661417319
20
-4.2334896062992122
11
5.9994320472440945
21
-4.2330585039370074
0
LINE
8
BLACK
6
CONTINUOUS
10
5.9994320472440945
20
-4.2330585039370074
11
6.0000981496062993
21
-4.2323923228346452
0
LINE
8
BLACK
6
CONTINUOUS
10
6.0000981496062993
20
-4.2323923228346452
11
6.0000983070866143
21
-4.2323922440944877
0
LINE
8
BLACK
6
CONTINUOUS
10
6.0000983070866143
20
-4.2323922440944877
11
6.0003204330708657
21
-4.2321701181102362
0
LINE
8
BLACK
6
CONTINUOUS
10
6.0003204330708657
20
-4.2321701181102362
11
6.0003205118110232
21
-4.2321700787401575
0
LINE
8
BLACK
6
CONTINUOUS
10
6.0003205118110232
20
-4.2321700787401575
11
6.2392535039370074
21
-3.9932370472440946
0
LINE
8
BLACK
6
CONTINUOUS
10
6.2392535039370074
20
-3.9932370472440946
11
6.2413997637795271
21
-3.9921435433070864
0
LINE
8
BLACK
6
CONTINUOUS
10
6.2413997637795271
20
-3.9921435433070864
11
6.2437789763779525
21
-3.9925203543307086
0
LINE
8
BLACK
6
CONTINUOUS
10
6.2437789763779525
20
-3.9925203543307086
11
6.2454823228346452
21
-3.9942237007874013
0
LINE
8
BLACK
6
CONTINUOUS
10
6.2454823228346452
20
-3.9942237007874013
11
6.2459071259842522
21
-3.995993188976378
0
LINE
8
BLACK
6
CONTINUOUS
10
6.2459071259842522
20
-3.995993188976378
11
6.2459071259842522
21
-4.023371102362205
0
LINE
8
BLACK
6
CONTINUOUS
10
6.2459071259842522
20
-4.023371102362205
11
6.2451627559055121
21
-4.0256620866141732
0
LINE
8
BLACK
6
CONTINUOUS
10
6.2451627559055121
20
-4.0256620866141732
11
6.2447655511811027
21
-4.0261271653543309
0
LINE
8
BLACK
6
CONTINUOUS
10
6.2447655511811027
20
-4.0261271653543309
11
6.0082852755905511
21
-4.2626074409448815
0
LINE
8
BLACK
6
CONTINUOUS
10
6.0082852755905511
20
-4.2626074409448815
11
6.0061389370078739
21
-4.2637010236220467
0
LINE
8
BLACK
6
CONTINUOUS
10
6.0061389370078739
20
-4.2637010236220467
11
6.0055292125984252
21
-4.2637490157480311
0
LINE
8
BLACK
6
CONTINUOUS
10
6.0055292125984252
20
-4.2637490157480311
11
5.9162445669291337
21
-4.2637490157480311
0
LINE
8
BLACK
6
CONTINUOUS
10
5.9162445669291337
20
-4.2637490157480311
11
5.9139535826771654
21
-4.2630046456692909
0
LINE
8
BLACK
6
CONTINUOUS
10
5.9139535826771654
20
-4.2630046456692909
11
5.9136162598425193
21
-4.2627165748031492
0
LINE
8
BLACK
6
CONTINUOUS
10
5.9136162598425193
20
-4.2627165748031492
11
5.9135362598425196
21
-4.2626551968503934
0
LINE
8
BLACK
6
CONTINUOUS
10
5.9135362598425196
20
-4.2626551968503934
11
5.9085977165354331
21
-4.2588657086614168
0
LINE
8
BLACK
6
CONTINUOUS
10
5.9085977165354331
20
-4.2588657086614168
11
5.9085976771653543
21
-4.2588656692913389
0
LINE
8
BLACK
6
CONTINUOUS
10
5.9085976771653543
20
-4.2588656692913389
11
5.9085975984251968
21
-4.2588656299212602
0
LINE
8
BLACK
6
CONTINUOUS
10
5.9085975984251968
20
-4.2588656299212602
11
5.9028467322834643
21
-4.2564835433070867
0
LINE
8
BLACK
6
CONTINUOUS
10
5.9028467322834643
20
-4.2564835433070867
11
5.9028464173228343
21
-4.2564834645669292
0
LINE
8
BLACK
6
CONTINUOUS
10
5.9028464173228343
20
-4.2564834645669292
11
5.8966748818897639
21
-4.2556709842519682
0
LINE
8
BLACK
6
CONTINUOUS
10
5.8966748818897639
20
-4.2556709842519682
11
5.8966748031496063
21
-4.2556709842519682
0
LINE
8
BLACK
6
CONTINUOUS
10
5.8966748031496063
20
-4.2556709842519682
11
5.8905032283464562
21
-4.2564834645669292
0
LINE
8
BLACK
6
CONTINUOUS
10
5.8905032283464562
20
-4.2564834645669292
11
5.8905029133858262
21
-4.2564835433070867
0
LINE
8
BLACK
6
CONTINUOUS
10
5.8905029133858262
20
-4.2564835433070867
11
5.8847520472440946
21
-4.2588656299212602
0
LINE
8
BLACK
6
CONTINUOUS
10
5.8847520472440946
20
-4.2588656299212602
11
5.8847520078740159
21
-4.2588656299212602
0
LINE
8
BLACK
6
CONTINUOUS
10
5.8847520078740159
20
-4.2588656299212602
11
5.8798133070866143
21
-4.2626551968503934
0
LINE
8
BLACK
6
CONTINUOUS
10
5.8798133070866143
20
-4.2626551968503934
11
5.8760237401574802
21
-4.267593897637795
0
LINE
8
BLACK
6
CONTINUOUS
10
5.8760237401574802
20
-4.267593897637795
11
5.8760237401574802
21
-4.2675939370078737
0
LINE
8
BLACK
6
CONTINUOUS
10
5.8760237401574802
20
-4.2675939370078737
11
5.8736416535433067
21
-4.2733448031496062
0
LINE
8
BLACK
6
CONTINUOUS
10
5.8736416535433067
20
-4.2733448031496062
11
5.8736415748031492
21
-4.2733451181102362
0
LINE
8
BLACK
6
CONTINUOUS
10
5.8736415748031492
20
-4.2733451181102362
11
5.8728290944881891
21
-4.2795166929133854
0
LINE
8
BLACK
6
CONTINUOUS
10
5.8728290944881891
20
-4.2795166929133854
11
5.8728290944881891
21
-4.2795167322834642
0
LINE
8
BLACK
6
CONTINUOUS
10
5.8728290944881891
20
-4.2795167322834642
11
5.8736415748031492
21
-4.2856883070866143
0
LINE
8
BLACK
6
CONTINUOUS
10
5.8736415748031492
20
-4.2856883070866143
11
5.8736416535433067
21
-4.2856886220472443
0
LINE
8
BLACK
6
CONTINUOUS
10
5.8736416535433067
20
-4.2856886220472443
11
5.8760237401574802
21
-4.2914394881889759
0
LINE
8
BLACK
6
CONTINUOUS
10
5.8760237401574802
20
-4.2914394881889759
11
5.8760237401574802
21
-4.2914395275590547
0
LINE
8
BLACK
6
CONTINUOUS
10
5.8760237401574802
20
-4.2914395275590547
11
5.8798131496062993
21
-4.2963779921259846
0
LINE
8
BLACK
6
CONTINUOUS
10
5.8798131496062993
20
-4.2963779921259846
11
5.8798133464566931
21
-4.2963782283464562
0
LINE
8
BLACK
6
CONTINUOUS
10
5.8798133464566931
20
-4.2963782283464562
11
5.8847519685039371
21
-4.3001677559055116
0
LINE
8
BLACK
6
CONTINUOUS
10
5.8847519685039371
20
-4.3001677559055116
11
5.8847520078740159
21
-4.3001677559055116
0
LINE
8
BLACK
6
CONTINUOUS
10
5.8847520078740159
20
-4.3001677559055116
11
5.8847520472440946
21
-4.3001677952755903
0
LINE
8
BLACK
6
CONTINUOUS
10
5.8847520472440946
20
-4.3001677952755903
11
5.8864846850393695
21
-4.3008854724409451
0
LINE
8
BLACK
6
CONTINUOUS
10
5.8864846850393695
20
-4.3008854724409451
11
5.89050311023622
21
-4.3025499606299213
0
LINE
8
BLACK
6
CONTINUOUS
10
5.89050311023622
20
-4.3025499606299213
11
5.8951318897637792
21
-4.3031593307086613
0
LINE
8
BLACK
6
CONTINUOUS
10
5.8951318897637792
20
-4.3031593307086613
11
5.8966748031496063
21
-4.3033624803149602
0
LINE
8
BLACK
6
CONTINUOUS
10
5.8966748031496063
20
-4.3033624803149602
11
5.8966748425196851
21
-4.3033624803149602
0
LINE
8
BLACK
6
CONTINUOUS
10
5.8966748425196851
20
-4.3033624803149602
11
5.8966748818897639
21
-4.3033624803149602
0
LINE
8
BLACK
6
CONTINUOUS
10
5.8966748818897639
20
-4.3033624803149602
11
5.8979091732283466
21
-4.3031999606299216
0
LINE
8
BLACK
6
CONTINUOUS
10
5.8979091732283466
20
-4.3031999606299216
11
5.9028465748031493
21
-4.3025499606299213
0
LINE
8
BLACK
6
CONTINUOUS
10
5.9028465748031493
20
-4.3025499606299213
11
5.9085977165354331
21
-4.3001677559055116
0
LINE
8
BLACK
6
CONTINUOUS
10
5.9085977165354331
20
-4.3001677559055116
11
5.9135363385826771
21
-4.2963782283464562
0
LINE
8
BLACK
6
CONTINUOUS
10
5.9135363385826771
20
-4.2963782283464562
11
5.9135362992125984
21
-4.2963782283464562
0
LINE
8
BLACK
6
CONTINUOUS
10
5.9135362992125984
20
-4.2963782283464562
11
5.913739015748031
21
-4.296222716535433
0
LINE
8
BLACK
6
CONTINUOUS
10
5.913739015748031
20
-4.296222716535433
11
5.9137807480314963
21
-4.2962770866141735
0
LINE
8
BLACK
6
CONTINUOUS
10
5.9137807480314963
20
-4.2962770866141735
11
5.915634842519685
21
-4.2953324409448816
0
LINE
8
BLACK
6
CONTINUOUS
10
5.915634842519685
20
-4.2953324409448816
11
5.9162445669291337
21
-4.2952844488188973
0
LINE
8
BLACK
6
CONTINUOUS
10
5.9162445669291337
20
-4.2952844488188973
11
6.0091984645669294
21
-4.2952844488188973
0
LINE
8
BLACK
6
CONTINUOUS
10
6.0091984645669294
20
-4.2952844488188973
11
6.0114894488188977
21
-4.2960288188976374
0
LINE
8
BLACK
6
CONTINUOUS
10
6.0114894488188977
20
-4.2960288188976374
11
6.0129053543307087
21
-4.2979776377952756
0
LINE
8
BLACK
6
CONTINUOUS
10
6.0129053543307087
20
-4.2979776377952756
11
6.0129053543307087
21
-4.3003865354330708
0
LINE
8
BLACK
6
CONTINUOUS
10
6.0129053543307087
20
-4.3003865354330708
11
6.0119545275590554
21
-4.3019381496062987
0
LINE
8
BLACK
6
CONTINUOUS
10
6.0119545275590554
20
-4.3019381496062987
11
5.8913631889763778
21
-4.4225294881889763
0
LINE
8
BLACK
6
CONTINUOUS
10
5.8913631889763778
20
-4.4225294881889763
11
5.8892168503937006
21
-4.4236230708661415
0
LINE
8
BLACK
6
CONTINUOUS
10
5.8892168503937006
20
-4.4236230708661415
11
5.8887754330708661
21
-4.4236577952755907
0
LINE
8
BLACK
6
CONTINUOUS
10
5.8887754330708661
20
-4.4236577952755907
11
5.8825032283464562
21
-4.4244835433070868
0
LINE
8
BLACK
6
CONTINUOUS
10
5.8825032283464562
20
-4.4244835433070868
11
5.8825029133858262
21
-4.4244836220472443
0
LINE
8
BLACK
6
CONTINUOUS
10
5.8825029133858262
20
-4.4244836220472443
11
5.8767520472440946
21
-4.4268657086614169
0
LINE
8
BLACK
6
CONTINUOUS
10
5.8767520472440946
20
-4.4268657086614169
11
5.8767520078740159
21
-4.4268657086614169
0
LINE
8
BLACK
6
CONTINUOUS
10
5.8767520078740159
20
-4.4268657086614169
11
5.8718135433070868
21
-4.430655118110236
0
LINE
8
BLACK
6
CONTINUOUS
10
5.8718135433070868
20
-4.430655118110236
11
5.8718131496062993
21
-4.4306555118110236
0
LINE
8
BLACK
6
CONTINUOUS
10
5.8718131496062993
20
-4.4306555118110236
11
5.8680237401574802
21
-4.4355939763779526
0
LINE
8
BLACK
6
CONTINUOUS
10
5.8680237401574802
20
-4.4355939763779526
11
5.8680237401574802
21
-4.4355940157480314
0
LINE
8
BLACK
6
CONTINUOUS
10
5.8680237401574802
20
-4.4355940157480314
11
5.8656416535433067
21
-4.4413448818897638
0
LINE
8
BLACK
6
CONTINUOUS
10
5.8656416535433067
20
-4.4413448818897638
11
5.8656415748031492
21
-4.4413451968503939
0
LINE
8
BLACK
6
CONTINUOUS
10
5.8656415748031492
20
-4.4413451968503939
11
5.8648290944881891
21
-4.4475167716535431
0
LINE
8
BLACK
6
CONTINUOUS
10
5.8648290944881891
20
-4.4475167716535431
11
5.8648290944881891
21
-4.4475168110236218
0
LINE
8
BLACK
6
CONTINUOUS
10
5.8648290944881891
20
-4.4475168110236218
11
5.8656415748031492
21
-4.453688385826772
0
LINE
8
BLACK
6
CONTINUOUS
10
5.8656415748031492
20
-4.453688385826772
11
5.8656416535433067
21
-4.4536887007874011
0
LINE
8
BLACK
6
CONTINUOUS
10
5.8656416535433067
20
-4.4536887007874011
11
5.8680237401574802
21
-4.4594395669291336
0
LINE
8
BLACK
6
CONTINUOUS
10
5.8680237401574802
20
-4.4594395669291336
11
5.8680237401574802
21
-4.4594396062992123
0
LINE
8
BLACK
6
CONTINUOUS
10
5.8680237401574802
20
-4.4594396062992123
11
5.8718131496062993
21
-4.4643780708661414
0
LINE
8
BLACK
6
CONTINUOUS
10
5.8718131496062993
20
-4.4643780708661414
11
5.8718133464566931
21
-4.4643783070866139
0
LINE
8
BLACK
6
CONTINUOUS
10
5.8718133464566931
20
-4.4643783070866139
11
5.8767519685039371
21
-4.4681678346456692
0
LINE
8
BLACK
6
CONTINUOUS
10
5.8767519685039371
20
-4.4681678346456692
11
5.8767520078740159
21
-4.4681678346456692
0
LINE
8
BLACK
6
CONTINUOUS
10
5.8767520078740159
20
-4.4681678346456692
11
5.8767520472440946
21
-4.468167874015748
0
LINE
8
BLACK
6
CONTINUOUS
10
5.8767520472440946
20
-4.468167874015748
11
5.8825029133858262
21
-4.4705499606299215
0
LINE
8
BLACK
6
CONTINUOUS
10
5.8825029133858262
20
-4.4705499606299215
11
5.88250311023622
21
-4.470550039370079
0
LINE
8
BLACK
6
CONTINUOUS
10
5.88250311023622
20
-4.470550039370079
11
5.8871318897637792
21
-4.471159409448819
0
LINE
8
BLACK
6
CONTINUOUS
10
5.8871318897637792
20
-4.471159409448819
11
5.8886748031496063
21
-4.4713625590551178
0
LINE
8
BLACK
6
CONTINUOUS
10
5.8886748031496063
20
-4.4713625590551178
11
5.8886748425196851
21
-4.4713625590551178
0
LINE
8
BLACK
6
CONTINUOUS
10
5.8886748425196851
20
-4.4713625590551178
11
5.8886748818897638
21
-4.4713625590551178
0
LINE
8
BLACK
6
CONTINUOUS
10
5.8886748818897638
20
-4.4713625590551178
11
5.8899091732283466
21
-4.4712000393700784
0
LINE
8
BLACK
6
CONTINUOUS
10
5.8899091732283466
20
-4.4712000393700784
11
5.8948465748031493
21
-4.470550039370079
0
LINE
8
BLACK
6
CONTINUOUS
10
5.8948465748031493
20
-4.470550039370079
11
5.9005977165354331
21
-4.4681678346456692
0
LINE
8
BLACK
6
CONTINUOUS
10
5.9005977165354331
20
-4.4681678346456692
11
5.9055363385826771
21
-4.4643783070866139
0
LINE
8
BLACK
6
CONTINUOUS
10
5.9055363385826771
20
-4.4643783070866139
11
5.9093258661417325
21
-4.4594396850393698
0
LINE
8
BLACK
6
CONTINUOUS
10
5.9093258661417325
20
-4.4594396850393698
11
5.9117080708661414
21
-4.4536885433070861
0
LINE
8
BLACK
6
CONTINUOUS
10
5.9117080708661414
20
-4.4536885433070861
11
5.9125205905511811
21
-4.4475168110236218
0
LINE
8
BLACK
6
CONTINUOUS
10
5.9125205905511811
20
-4.4475168110236218
11
5.9125205905511811
21
-4.4475167716535431
0
LINE
8
BLACK
6
CONTINUOUS
10
5.9125205905511811
20
-4.4475167716535431
11
5.9125539370078739
21
-4.4472635433070868
0
LINE
8
BLACK
6
CONTINUOUS
10
5.9125539370078739
20
-4.4472635433070868
11
5.9126219291338584
21
-4.4472724803149601
0
LINE
8
BLACK
6
CONTINUOUS
10
5.9126219291338584
20
-4.4472724803149601
11
5.9132649606299212
21
-4.4452934645669293
0
LINE
8
BLACK
6
CONTINUOUS
10
5.9132649606299212
20
-4.4452934645669293
11
5.9136621653543306
21
-4.4448283858267716
0
LINE
8
BLACK
6
CONTINUOUS
10
5.9136621653543306
20
-4.4448283858267716
11
6.1039228346456689
21
-4.2545677165354325
0
LINE
8
BLACK
6
CONTINUOUS
10
6.1039228346456689
20
-4.2545677165354325
11
6.2973237795275585
21
-4.0611667716535429
0
LINE
8
BLACK
6
CONTINUOUS
10
6.2973237795275585
20
-4.0611667716535429
11
6.2982122440944881
21
-4.0602783070866142
0
LINE
8
BLACK
6
CONTINUOUS
10
6.2982122440944881
20
-4.0602783070866142
11
6.2986434251968504
21
-4.0594318897637791
0
LINE
8
BLACK
6
CONTINUOUS
10
6.2986434251968504
20
-4.0594318897637791
11
6.2989628346456694
21
-4.0589107086614176
0
LINE
8
BLACK
6
CONTINUOUS
10
6.2989628346456694
20
-4.0589107086614176
11
6.2995211417322832
21
-4.0581424015748029
0
LINE
8
BLACK
6
CONTINUOUS
10
6.2995211417322832
20
-4.0581424015748029
11
6.2998146456692909
21
-4.0572390157480314
0
LINE
8
BLACK
6
CONTINUOUS
10
6.2998146456692909
20
-4.0572390157480314
11
6.300048661417323
21
-4.0566740944881889
0
LINE
8
BLACK
6
CONTINUOUS
10
6.300048661417323
20
-4.0566740944881889
11
6.3004798031496065
21
-4.0558279921259839
0
LINE
8
BLACK
6
CONTINUOUS
10
6.3004798031496065
20
-4.0558279921259839
11
6.3006283464566923
21
-4.0548897637795278
0
LINE
8
BLACK
6
CONTINUOUS
10
6.3006283464566923
20
-4.0548897637795278
11
6.3007712204724404
21
-4.0542949212598423
0
LINE
8
BLACK
6
CONTINUOUS
10
6.3007712204724404
20
-4.0542949212598423
11
6.3010645275590553
21
-4.0533922047244095
0
LINE
8
BLACK
6
CONTINUOUS
10
6.3010645275590553
20
-4.0533922047244095
11
6.3010645669291341
21
-4.0533921653543308
0
LINE
8
BLACK
6
CONTINUOUS
10
6.3010645669291341
20
-4.0533921653543308
11
6.3010645669291341
21
-4.0522161417322833
0
LINE
8
BLACK
6
CONTINUOUS
10
6.3010645669291341
20
-4.0522161417322833
11
6.3010646062992128
21
-4.0522151574803145
0
LINE
8
BLACK
6
CONTINUOUS
10
6.3010646062992128
20
-4.0522151574803145
11
6.3010646062992128
21
-3.8458020472440944
0
LINE
8
BLACK
6
CONTINUOUS
10
6.3010646062992128
20
-3.8458020472440944
11
6.301808976377953
21
-3.8435110629921261
0
LINE
8
BLACK
6
CONTINUOUS
10
6.301808976377953
20
-3.8435110629921261
11
6.3037577952755903
21
-3.842095157480315
0
LINE
8
BLACK
6
CONTINUOUS
10
6.3037577952755903
20
-3.842095157480315
11
6.3061666929133855
21
-3.842095157480315
0
LINE
8
BLACK
6
CONTINUOUS
10
6.3061666929133855
20
-3.842095157480315
11
6.3077183070866143
21
-3.8430459842519684
0
LINE
8
BLACK
6
CONTINUOUS
10
6.3077183070866143
20
-3.8430459842519684
11
6.3180096456692914
21
-3.8533373228346455
0
LINE
8
BLACK
6
CONTINUOUS
10
6.3180096456692914
20
-3.8533373228346455
11
6.3191032283464565
21
-3.8554836614173227
0
LINE
8
BLACK
6
CONTINUOUS
10
6.3191032283464565
20
-3.8554836614173227
11
6.3191512204724409
21
-3.8560933858267714
0
LINE
8
BLACK
6
CONTINUOUS
10
6.3191512204724409
20
-3.8560933858267714
11
6.3191512204724409
21
-4.1591269685039371
0
LINE
8
BLACK
6
CONTINUOUS
10
6.3191512204724409
20
-4.1591269685039371
11
6.3184068503937008
21
-4.1614179527559054
0
LINE
8
BLACK
6
CONTINUOUS
10
6.3184068503937008
20
-4.1614179527559054
11
6.3180096456692914
21
-4.1618830314960631
0
LINE
8
BLACK
6
CONTINUOUS
10
6.3180096456692914
20
-4.1618830314960631
11
6.1923631889763779
21
-4.2875294881889765
0
LINE
8
BLACK
6
CONTINUOUS
10
6.1923631889763779
20
-4.2875294881889765
11
6.1902168503937007
21
-4.2886230708661417
0
LINE
8
BLACK
6
CONTINUOUS
10
6.1902168503937007
20
-4.2886230708661417
11
6.1897754330708663
21
-4.2886577952755909
0
LINE
8
BLACK
6
CONTINUOUS
10
6.1897754330708663
20
-4.2886577952755909
11
6.1835032283464564
21
-4.2894835433070861
0
LINE
8
BLACK
6
CONTINUOUS
10
6.1835032283464564
20
-4.2894835433070861
11
6.1835029133858264
21
-4.2894836220472436
0
LINE
8
BLACK
6
CONTINUOUS
10
6.1835029133858264
20
-4.2894836220472436
11
6.1777520472440948
21
-4.2918657086614171
0
LINE
8
BLACK
6
CONTINUOUS
10
6.1777520472440948
20
-4.2918657086614171
11
6.177752007874016
21
-4.2918657086614171
0
LINE
8
BLACK
6
CONTINUOUS
10
6.177752007874016
20
-4.2918657086614171
11
6.1728135433070861
21
-4.2956551181102363
0
LINE
8
BLACK
6
CONTINUOUS
10
6.1728135433070861
20
-4.2956551181102363
11
6.1728131496062995
21
-4.2956555118110238
0
LINE
8
BLACK
6
CONTINUOUS
10
6.1728131496062995
20
-4.2956555118110238
11
6.1690237401574803
21
-4.3005939763779528
0
LINE
8
BLACK
6
CONTINUOUS
10
6.1690237401574803
20
-4.3005939763779528
11
6.1690237401574803
21
-4.3005940157480316
0
LINE
8
BLACK
6
CONTINUOUS
10
6.1690237401574803
20
-4.3005940157480316
11
6.1666416535433068
21
-4.3063448818897641
0
LINE
8
BLACK
6
CONTINUOUS
10
6.1666416535433068
20
-4.3063448818897641
11
6.1666415748031493
21
-4.3063451968503932
0
LINE
8
BLACK
6
CONTINUOUS
10
6.1666415748031493
20
-4.3063451968503932
11
6.1658290944881893
21
-4.3125167716535433
0
LINE
8
BLACK
6
CONTINUOUS
10
6.1658290944881893
20
-4.3125167716535433
11
6.1658290944881893
21
-4.3125168110236221
0
LINE
8
BLACK
6
CONTINUOUS
10
6.1658290944881893
20
-4.3125168110236221
11
6.1666415748031493
21
-4.3186883858267713
0
LINE
8
BLACK
6
CONTINUOUS
10
6.1666415748031493
20
-4.3186883858267713
11
6.1666416535433068
21
-4.3186887007874013
0
LINE
8
BLACK
6
CONTINUOUS
10
6.1666416535433068
20
-4.3186887007874013
11
6.1690237401574803
21
-4.3244395669291338
0
LINE
8
BLACK
6
CONTINUOUS
10
6.1690237401574803
20
-4.3244395669291338
11
6.1690237401574803
21
-4.3244396062992125
0
LINE
8
BLACK
6
CONTINUOUS
10
6.1690237401574803
20
-4.3244396062992125
11
6.1728131496062995
21
-4.3293780708661416
0
LINE
8
BLACK
6
CONTINUOUS
10
6.1728131496062995
20
-4.3293780708661416
11
6.1728133464566923
21
-4.3293783070866141
0
LINE
8
BLACK
6
CONTINUOUS
10
6.1728133464566923
20
-4.3293783070866141
11
6.1777519685039373
21
-4.3331678346456695
0
LINE
8
BLACK
6
CONTINUOUS
10
6.1777519685039373
20
-4.3331678346456695
11
6.177752007874016
21
-4.3331678346456695
0
LINE
8
BLACK
6
CONTINUOUS
10
6.177752007874016
20
-4.3331678346456695
11
6.1777520472440948
21
-4.3331678740157482
0
LINE
8
BLACK
6
CONTINUOUS
10
6.1777520472440948
20
-4.3331678740157482
11
6.1824688976377953
21
-4.3351216535433066
0
LINE
8
BLACK
6
CONTINUOUS
10
6.1824688976377953
20
-4.3351216535433066
11
6.1835031102362201
21
-4.3355500393700783
0
LINE
8
BLACK
6
CONTINUOUS
10
6.1835031102362201
20
-4.3355500393700783
11
6.1881318897637794
21
-4.3361594094488192
0
LINE
8
BLACK
6
CONTINUOUS
10
6.1881318897637794
20
-4.3361594094488192
11
6.1896748031496065
21
-4.336362559055118
0
LINE
8
BLACK
6
CONTINUOUS
10
6.1896748031496065
20
-4.336362559055118
11
6.1896748425196852
21
-4.336362559055118
0
LINE
8
BLACK
6
CONTINUOUS
10
6.1896748425196852
20
-4.336362559055118
11
6.189674881889764
21
-4.336362559055118
0
LINE
8
BLACK
6
CONTINUOUS
10
6.189674881889764
20
-4.336362559055118
11
6.1909091732283459
21
-4.3362000393700786
0
LINE
8
BLACK
6
CONTINUOUS
10
6.1909091732283459
20
-4.3362000393700786
11
6.1958465748031495
21
-4.3355500393700783
0
LINE
8
BLACK
6
CONTINUOUS
10
6.1958465748031495
20
-4.3355500393700783
11
6.2015977165354332
21
-4.3331678346456695
0
LINE
8
BLACK
6
CONTINUOUS
10
6.2015977165354332
20
-4.3331678346456695
11
6.2065363385826773
21
-4.3293783070866141
0
LINE
8
BLACK
6
CONTINUOUS
10
6.2065363385826773
20
-4.3293783070866141
11
6.2103258661417318
21
-4.32443968503937
0
LINE
8
BLACK
6
CONTINUOUS
10
6.2103258661417318
20
-4.32443968503937
11
6.2127080708661415
21
-4.3186885433070863
0
LINE
8
BLACK
6
CONTINUOUS
10
6.2127080708661415
20
-4.3186885433070863
11
6.2135205905511812
21
-4.3125168110236221
0
LINE
8
BLACK
6
CONTINUOUS
10
6.2135205905511812
20
-4.3125168110236221
11
6.2135205905511812
21
-4.3125167716535433
0
LINE
8
BLACK
6
CONTINUOUS
10
6.2135205905511812
20
-4.3125167716535433
11
6.2135539370078741
21
-4.3122635433070862
0
LINE
8
BLACK
6
CONTINUOUS
10
6.2135539370078741
20
-4.3122635433070862
11
6.2136219291338577
21
-4.3122724803149604
0
LINE
8
BLACK
6
CONTINUOUS
10
6.2136219291338577
20
-4.3122724803149604
11
6.2142649606299214
21
-4.3102934645669286
0
LINE
8
BLACK
6
CONTINUOUS
10
6.2142649606299214
20
-4.3102934645669286
11
6.2146621653543308
21
-4.3098283858267719
0
LINE
8
BLACK
6
CONTINUOUS
10
6.2146621653543308
20
-4.3098283858267719
11
6.2760944488188972
21
-4.2483961023622046
0
LINE
8
BLACK
6
CONTINUOUS
10
6.2760944488188972
20
-4.2483961023622046
11
6.3361196062992127
21
-4.18837094488189
0
LINE
8
BLACK
6
CONTINUOUS
10
6.3361196062992127
20
-4.18837094488189
11
6.3382659055118111
21
-4.1872774015748027
0
LINE
8
BLACK
6
CONTINUOUS
10
6.3382659055118111
20
-4.1872774015748027
11
6.3406451181102357
21
-4.1876542125984253
0
LINE
8
BLACK
6
CONTINUOUS
10
6.3406451181102357
20
-4.1876542125984253
11
6.3423484645669292
21
-4.189357559055118
0
LINE
8
BLACK
6
CONTINUOUS
10
6.3423484645669292
20
-4.189357559055118
11
6.3427732677165354
21
-4.1911270472440947
0
LINE
8
BLACK
6
CONTINUOUS
10
6.3427732677165354
20
-4.1911270472440947
11
6.3427732677165354
21
-4.4455049212598423
0
LINE
8
BLACK
6
CONTINUOUS
10
6.3427732677165354
20
-4.4455049212598423
11
6.3420288976377952
21
-4.4477959055118106
0
LINE
8
BLACK
6
CONTINUOUS
10
6.3420288976377952
20
-4.4477959055118106
11
6.3416316929133858
21
-4.4482609842519683
0
LINE
8
BLACK
6
CONTINUOUS
10
6.3416316929133858
20
-4.4482609842519683
11
6.2933631889763779
21
-4.4965294881889761
0
LINE
8
BLACK
6
CONTINUOUS
10
6.2933631889763779
20
-4.4965294881889761
11
6.2912168503937007
21
-4.4976230708661413
0
LINE
8
BLACK
6
CONTINUOUS
10
6.2912168503937007
20
-4.4976230708661413
11
6.2907754330708663
21
-4.4976577952755905
0
LINE
8
BLACK
6
CONTINUOUS
10
6.2907754330708663
20
-4.4976577952755905
11
6.2845032283464564
21
-4.4984835433070867
0
LINE
8
BLACK
6
CONTINUOUS
10
6.2845032283464564
20
-4.4984835433070867
11
6.2845029133858263
21
-4.4984836220472442
0
LINE
8
BLACK
6
CONTINUOUS
10
6.2845029133858263
20
-4.4984836220472442
11
6.2787520472440947
21
-4.5008657086614177
0
LINE
8
BLACK
6
CONTINUOUS
10
6.2787520472440947
20
-4.5008657086614177
11
6.278752007874016
21
-4.5008657086614177
0
LINE
8
BLACK
6
CONTINUOUS
10
6.278752007874016
20
-4.5008657086614177
11
6.2738135433070861
21
-4.5046551181102359
0
LINE
8
BLACK
6
CONTINUOUS
10
6.2738135433070861
20
-4.5046551181102359
11
6.2738131496062994
21
-4.5046555118110234
0
LINE
8
BLACK
6
CONTINUOUS
10
6.2738131496062994
20
-4.5046555118110234
11
6.2700237401574803
21
-4.5095939763779525
0
LINE
8
BLACK
6
CONTINUOUS
10
6.2700237401574803
20
-4.5095939763779525
11
6.2700237401574803
21
-4.5095940157480312
0
LINE
8
BLACK
6
CONTINUOUS
10
6.2700237401574803
20
-4.5095940157480312
11
6.2676416535433068
21
-4.5153448818897637
0
LINE
8
BLACK
6
CONTINUOUS
10
6.2676416535433068
20
-4.5153448818897637
11
6.2676415748031493
21
-4.5153451968503937
0
LINE
8
BLACK
6
CONTINUOUS
10
6.2676415748031493
20
-4.5153451968503937
11
6.2668290944881893
21
-4.5215167716535429
0
LINE
8
BLACK
6
CONTINUOUS
10
6.2668290944881893
20
-4.5215167716535429
11
6.2668290944881893
21
-4.5215168110236217
0
LINE
8
BLACK
6
CONTINUOUS
10
6.2668290944881893
20
-4.5215168110236217
11
6.2676415748031493
21
-4.5276883858267718
0
LINE
8
BLACK
6
CONTINUOUS
10
6.2676415748031493
20
-4.5276883858267718
11
6.2676416535433068
21
-4.5276887007874018
0
LINE
8
BLACK
6
CONTINUOUS
10
6.2676416535433068
20
-4.5276887007874018
11
6.2700237401574803
21
-4.5334395669291334
0
LINE
8
BLACK
6
CONTINUOUS
10
6.2700237401574803
20
-4.5334395669291334
11
6.2700237401574803
21
-4.5334396062992122
0
LINE
8
BLACK
6
CONTINUOUS
10
6.2700237401574803
20
-4.5334396062992122
11
6.2734957480314959
21
-4.5379644094488185
0
LINE
8
BLACK
6
CONTINUOUS
10
6.2734957480314959
20
-4.5379644094488185
11
6.2738133464566932
21
-4.5383783070866137
0
LINE
8
BLACK
6
CONTINUOUS
10
6.2738133464566932
20
-4.5383783070866137
11
6.2787519685039372
21
-4.5421678346456691
0
LINE
8
BLACK
6
CONTINUOUS
10
6.2787519685039372
20
-4.5421678346456691
11
6.278752007874016
21
-4.5421678346456691
0
LINE
8
BLACK
6
CONTINUOUS
10
6.278752007874016
20
-4.5421678346456691
11
6.2787520472440947
21
-4.5421678740157478
0
LINE
8
BLACK
6
CONTINUOUS
10
6.2787520472440947
20
-4.5421678740157478
11
6.2845029133858263
21
-4.5445499606299213
0
LINE
8
BLACK
6
CONTINUOUS
10
6.2845029133858263
20
-4.5445499606299213
11
6.2845031102362201
21
-4.5445500393700788
0
LINE
8
BLACK
6
CONTINUOUS
10
6.2845031102362201
20
-4.5445500393700788
11
6.2891318897637793
21
-4.5451594094488188
0
LINE
8
BLACK
6
CONTINUOUS
10
6.2891318897637793
20
-4.5451594094488188
11
6.2906748031496065
21
-4.5453625590551177
0
LINE
8
BLACK
6
CONTINUOUS
10
6.2906748031496065
20
-4.5453625590551177
11
6.2906748425196852
21
-4.5453625590551177
0
LINE
8
BLACK
6
CONTINUOUS
10
6.2906748425196852
20
-4.5453625590551177
11
6.290674881889764
21
-4.5453625590551177
0
LINE
8
BLACK
6
CONTINUOUS
10
6.290674881889764
20
-4.5453625590551177
11
6.2919091732283468
21
-4.5452000393700782
0
LINE
8
BLACK
6
CONTINUOUS
10
6.2919091732283468
20
-4.5452000393700782
11
6.2968465748031495
21
-4.5445500393700788
0
LINE
8
BLACK
6
CONTINUOUS
10
6.2968465748031495
20
-4.5445500393700788
11
6.3025977165354332
21
-4.5421678346456691
0
LINE
8
BLACK
6
CONTINUOUS
10
6.3025977165354332
20
-4.5421678346456691
11
6.3075363385826773
21
-4.5383783070866137
0
LINE
8
BLACK
6
CONTINUOUS
10
6.3075363385826773
20
-4.5383783070866137
11
6.3113258661417317
21
-4.5334396850393697
0
LINE
8
BLACK
6
CONTINUOUS
10
6.3113258661417317
20
-4.5334396850393697
11
6.3137080708661415
21
-4.5276885433070868
0
LINE
8
BLACK
6
CONTINUOUS
10
6.3137080708661415
20
-4.5276885433070868
11
6.3145205905511812
21
-4.5215168110236217
0
LINE
8
BLACK
6
CONTINUOUS
10
6.3145205905511812
20
-4.5215168110236217
11
6.3145205905511812
21
-4.5215167716535429
0
LINE
8
BLACK
6
CONTINUOUS
10
6.3145205905511812
20
-4.5215167716535429
11
6.314553937007874
21
-4.5212635433070867
0
LINE
8
BLACK
6
CONTINUOUS
10
6.314553937007874
20
-4.5212635433070867
11
6.3146219291338586
21
-4.5212724803149609
0
LINE
8
BLACK
6
CONTINUOUS
10
6.3146219291338586
20
-4.5212724803149609
11
6.3152649606299214
21
-4.5192934645669292
0
LINE
8
BLACK
6
CONTINUOUS
10
6.3152649606299214
20
-4.5192934645669292
11
6.3156621653543308
21
-4.5188283858267715
0
LINE
8
BLACK
6
CONTINUOUS
10
6.3156621653543308
20
-4.5188283858267715
11
6.3434130708661414
21
-4.4910774803149609
0
LINE
8
BLACK
6
CONTINUOUS
10
6.3434130708661414
20
-4.4910774803149609
11
6.3705678740157481
21
-4.4639226771653542
0
LINE
8
BLACK
6
CONTINUOUS
10
6.3705678740157481
20
-4.4639226771653542
11
6.3714563385826768
21
-4.4630342125984255
0
LINE
8
BLACK
6
CONTINUOUS
10
6.3714563385826768
20
-4.4630342125984255
11
6.3718875196850391
21
-4.4621877952755904
0
LINE
8
BLACK
6
CONTINUOUS
10
6.3718875196850391
20
-4.4621877952755904
11
6.3722069291338581
21
-4.461666614173228
0
LINE
8
BLACK
6
CONTINUOUS
10
6.3722069291338581
20
-4.461666614173228
11
6.3727652362204719
21
-4.4608983070866142
0
LINE
8
BLACK
6
CONTINUOUS
10
6.3727652362204719
20
-4.4608983070866142
11
6.3730587401574805
21
-4.4599949212598426
0
LINE
8
BLACK
6
CONTINUOUS
10
6.3730587401574805
20
-4.4599949212598426
11
6.3732927559055117
21
-4.4594300000000002
0
LINE
8
BLACK
6
CONTINUOUS
10
6.3732927559055117
20
-4.4594300000000002
11
6.3737238976377952
21
-4.4585838976377952
0
LINE
8
BLACK
6
CONTINUOUS
10
6.3737238976377952
20
-4.4585838976377952
11
6.3738724409448819
21
-4.4576456692913382
0
LINE
8
BLACK
6
CONTINUOUS
10
6.3738724409448819
20
-4.4576456692913382
11
6.37401531496063
21
-4.4570508267716535
0
LINE
8
BLACK
6
CONTINUOUS
10
6.37401531496063
20
-4.4570508267716535
11
6.374308622047244
21
-4.4561481102362199
0
LINE
8
BLACK
6
CONTINUOUS
10
6.374308622047244
20
-4.4561481102362199
11
6.3743086614173228
21
-4.4561480708661421
0
LINE
8
BLACK
6
CONTINUOUS
10
6.3743086614173228
20
-4.4561480708661421
11
6.3743086614173228
21
-4.4549720472440946
0
LINE
8
BLACK
6
CONTINUOUS
10
6.3743086614173228
20
-4.4549720472440946
11
6.3743087007874015
21
-4.4549710629921258
0
LINE
8
BLACK
6
CONTINUOUS
10
6.3743087007874015
20
-4.4549710629921258
11
6.3743087007874015
21
-4.4253120866141735
0
LINE
8
BLACK
6
CONTINUOUS
10
6.3743087007874015
20
-4.4253120866141735
11
6.3743087007874015
21
-4.3690128740157483
0
LINE
8
BLACK
6
CONTINUOUS
10
6.3743087007874015
20
-4.3690128740157483
11
6.3743087007874015
21
-4.0512961811023622
0
LINE
8
BLACK
6
CONTINUOUS
10
6.3743087007874015
20
-4.0512961811023622
11
6.3743087007874015
21
-3.9021152362204723
0
LINE
8
BLACK
6
CONTINUOUS
10
6.3743087007874015
20
-3.9021152362204723
11
6.3743087007874015
21
-3.8008493307086613
0
LINE
8
BLACK
6
CONTINUOUS
10
6.3743087007874015
20
-3.8008493307086613
11
6.3743086614173228
21
-3.8008481889763779
0
LINE
8
BLACK
6
CONTINUOUS
10
6.3743086614173228
20
-3.8008481889763779
11
6.3743086614173228
21
-3.7996657480314959
0
LINE
8
BLACK
6
CONTINUOUS
10
6.3743086614173228
20
-3.7996657480314959
11
6.374308622047244
21
-3.7996656692913384
0
LINE
8
BLACK
6
CONTINUOUS
10
6.374308622047244
20
-3.7996656692913384
11
6.3740152755905513
21
-3.798762834645669
0
LINE
8
BLACK
6
CONTINUOUS
10
6.3740152755905513
20
-3.798762834645669
11
6.3738724409448819
21
-3.7981679527559056
0
LINE
8
BLACK
6
CONTINUOUS
10
6.3738724409448819
20
-3.7981679527559056
11
6.3737238976377952
21
-3.7972299212598424
0
LINE
8
BLACK
6
CONTINUOUS
10
6.3737238976377952
20
-3.7972299212598424
11
6.3737238976377952
21
-3.7972298818897636
0
LINE
8
BLACK
6
CONTINUOUS
10
6.3737238976377952
20
-3.7972298818897636
11
6.3732925590551179
21
-3.7963833858267715
0
LINE
8
BLACK
6
CONTINUOUS
10
6.3732925590551179
20
-3.7963833858267715
11
6.3730587007874018
21
-3.7958187007874016
0
LINE
8
BLACK
6
CONTINUOUS
10
6.3730587007874018
20
-3.7958187007874016
11
6.3727652755905506
21
-3.7949155905511809
0
LINE
8
BLACK
6
CONTINUOUS
10
6.3727652755905506
20
-3.7949155905511809
11
6.3727652362204719
21
-3.7949155511811021
0
LINE
8
BLACK
6
CONTINUOUS
10
6.3727652362204719
20
-3.7949155511811021
11
6.3727652362204719
21
-3.7949154724409446
0
LINE
8
BLACK
6
CONTINUOUS
10
6.3727652362204719
20
-3.7949154724409446
11
6.3722070078740156
21
-3.7941471653543308
0
LINE
8
BLACK
6
CONTINUOUS
10
6.3722070078740156
20
-3.7941471653543308
11
6.3718874409448816
21
-3.7936256692913384
0
LINE
8
BLACK
6
CONTINUOUS
10
6.3718874409448816
20
-3.7936256692913384
11
6.3714563385826768
21
-3.7927795669291338
0
LINE
8
BLACK
6
CONTINUOUS
10
6.3714563385826768
20
-3.7927795669291338
11
6.371456299212598
21
-3.792779527559055
0
LINE
8
BLACK
6
CONTINUOUS
10
6.371456299212598
20
-3.792779527559055
11
6.3679245275590546
21
-3.7892477165354328
0
LINE
8
BLACK
6
CONTINUOUS
10
6.3679245275590546
20
-3.7892477165354328
11
6.3148977559055117
21
-3.7362209842519682
0
LINE
8
BLACK
6
CONTINUOUS
10
6.3148977559055117
20
-3.7362209842519682
11
6.3138041732283465
21
-3.734074645669291
0
LINE
8
BLACK
6
CONTINUOUS
10
6.3138041732283465
20
-3.734074645669291
11
6.3141809842519683
21
-3.731695433070866
0
LINE
8
BLACK
6
CONTINUOUS
10
6.3141809842519683
20
-3.731695433070866
11
6.315884330708661
21
-3.7299920866141734
0
LINE
8
BLACK
6
CONTINUOUS
10
6.315884330708661
20
-3.7299920866141734
11
6.3171449212598425
21
-3.7296006692913384
0
LINE
8
BLACK
6
CONTINUOUS
10
6.3171449212598425
20
-3.7296006692913384
11
6.3219171653543302
21
-3.7289724015748029
0
LINE
8
BLACK
6
CONTINUOUS
10
6.3219171653543302
20
-3.7289724015748029
11
6.327668307086614
21
-3.7265901968503936
0
LINE
8
BLACK
6
CONTINUOUS
10
6.327668307086614
20
-3.7265901968503936
11
6.3295468897637797
21
-3.7251487007874013
0
LINE
8
BLACK
6
CONTINUOUS
10
6.3295468897637797
20
-3.7251487007874013
11
6.332606929133858
21
-3.7228006692913387
0
LINE
8
BLACK
6
CONTINUOUS
10
6.332606929133858
20
-3.7228006692913387
11
6.3363964566929134
21
-3.7178620472440942
0
LINE
8
BLACK
6
CONTINUOUS
10
6.3363964566929134
20
-3.7178620472440942
11
6.3387786614173223
21
-3.7121109055118109
0
LINE
8
BLACK
6
CONTINUOUS
10
6.3387786614173223
20
-3.7121109055118109
11
6.339591181102362
21
-3.7059391732283462
0
LINE
8
BLACK
6
CONTINUOUS
10
6.339591181102362
20
-3.7059391732283462
11
6.3387786614173223
21
-3.699767440944882
0
LINE
8
BLACK
6
CONTINUOUS
10
6.3387786614173223
20
-3.699767440944882
11
6.3386787795275588
21
-3.6995263385826771
0
LINE
8
BLACK
6
CONTINUOUS
10
6.3386787795275588
20
-3.6995263385826771
11
6.3363964960629922
21
-3.6940163779527557
0
LINE
8
BLACK
6
CONTINUOUS
10
6.3363964960629922
20
-3.6940163779527557
11
6.3363964960629922
21
-3.694016338582677
0
LINE
8
BLACK
6
CONTINUOUS
10
6.3363964960629922
20
-3.694016338582677
11
6.3324514173228348
21
-3.6888749999999999
0
LINE
8
BLACK
6
CONTINUOUS
10
6.3324514173228348
20
-3.6888749999999999
11
6.3325057874015744
21
-3.6888332283464567
0
LINE
8
BLACK
6
CONTINUOUS
10
6.3325057874015744
20
-3.6888332283464567
11
6.3315611417322835
21
-3.6869791732283463
0
LINE
8
BLACK
6
CONTINUOUS
10
6.3315611417322835
20
-3.6869791732283463
11
6.3315131496062991
21
-3.6863694488188976
0
LINE
8
BLACK
6
CONTINUOUS
10
6.3315131496062991
20
-3.6863694488188976
11
6.3315131496062991
21
-3.6810741338582678
0
LINE
8
BLACK
6
CONTINUOUS
10
6.3315131496062991
20
-3.6810741338582678
11
6.3315131496062991
21
-3.6810740551181103
0
LINE
8
BLACK
6
CONTINUOUS
10
6.3315131496062991
20
-3.6810740551181103
11
6.3312194881889763
21
-3.6801702755905512
0
LINE
8
BLACK
6
CONTINUOUS
10
6.3312194881889763
20
-3.6801702755905512
11
6.331076968503937
21
-3.6795766929133857
0
LINE
8
BLACK
6
CONTINUOUS
10
6.331076968503937
20
-3.6795766929133857
11
6.3309283464566928
21
-3.678638188976378
0
LINE
8
BLACK
6
CONTINUOUS
10
6.3309283464566928
20
-3.678638188976378
11
6.3304971259842517
21
-3.6777919291338583
0
LINE
8
BLACK
6
CONTINUOUS
10
6.3304971259842517
20
-3.6777919291338583
11
6.3302632283464568
21
-3.6772273622047242
0
LINE
8
BLACK
6
CONTINUOUS
10
6.3302632283464568
20
-3.6772273622047242
11
6.3299696850393703
21
-3.6763238188976377
0
LINE
8
BLACK
6
CONTINUOUS
10
6.3299696850393703
20
-3.6763238188976377
11
6.3299696062992128
21
-3.6763237007874014
0
LINE
8
BLACK
6
CONTINUOUS
10
6.3299696062992128
20
-3.6763237007874014
11
6.3294112598425194
21
-3.6755551181102359
0
LINE
8
BLACK
6
CONTINUOUS
10
6.3294112598425194
20
-3.6755551181102359
11
6.3290917716535429
21
-3.6750337401574802
0
LINE
8
BLACK
6
CONTINUOUS
10
6.3290917716535429
20
-3.6750337401574802
11
6.3287944094488191
21
-3.6744501574803148
0
LINE
8
BLACK
6
CONTINUOUS
10
6.3287944094488191
20
-3.6744501574803148
11
6.3286607874015743
21
-3.6741878740157481
0
LINE
8
BLACK
6
CONTINUOUS
10
6.3286607874015743
20
-3.6741878740157481
11
6.3286607086614168
21
-3.6741877952755906
0
LINE
8
BLACK
6
CONTINUOUS
10
6.3286607086614168
20
-3.6741877952755906
11
6.3277724409448819
21
-3.6732994881889764
0
LINE
8
BLACK
6
CONTINUOUS
10
6.3277724409448819
20
-3.6732994881889764
11
6.2962429527559056
21
-3.6417699999999997
0
LINE
8
BLACK
6
CONTINUOUS
10
6.2962429527559056
20
-3.6417699999999997
11
6.295452362204724
21
-3.6409794488188973
0
LINE
8
BLACK
6
CONTINUOUS
10
6.295452362204724
20
-3.6409794488188973
11
6.2954523228346453
21
-3.6409794094488186
0
LINE
8
BLACK
6
CONTINUOUS
10
6.2954523228346453
20
-3.6409794094488186
11
6.2946059842519686
21
-3.6405481496062992
0
LINE
8
BLACK
6
CONTINUOUS
10
6.2946059842519686
20
-3.6405481496062992
11
6.2940848425196849
21
-3.640228779527559
0
LINE
8
BLACK
6
CONTINUOUS
10
6.2940848425196849
20
-3.640228779527559
11
6.2938475590551182
21
-3.6400563779527557
0
LINE
8
BLACK
6
CONTINUOUS
10
6.2938475590551182
20
-3.6400563779527557
11
6.2933164173228349
21
-3.6396705118110235
0
LINE
8
BLACK
6
CONTINUOUS
10
6.2933164173228349
20
-3.6396705118110235
11
6.2933163385826774
21
-3.6396704724409448
0
LINE
8
BLACK
6
CONTINUOUS
10
6.2933163385826774
20
-3.6396704724409448
11
6.292412952755905
21
-3.6393769291338582
0
LINE
8
BLACK
6
CONTINUOUS
10
6.292412952755905
20
-3.6393769291338582
11
6.2918478346456688
21
-3.6391428346456691
0
LINE
8
BLACK
6
CONTINUOUS
10
6.2918478346456688
20
-3.6391428346456691
11
6.2910020866141734
21
-3.6387118503937006
0
LINE
8
BLACK
6
CONTINUOUS
10
6.2910020866141734
20
-3.6387118503937006
11
6.2900638188976377
21
-3.6385632283464564
0
LINE
8
BLACK
6
CONTINUOUS
10
6.2900638188976377
20
-3.6385632283464564
11
6.2894693307086609
21
-3.638420472440945
0
LINE
8
BLACK
6
CONTINUOUS
10
6.2894693307086609
20
-3.638420472440945
11
6.2885662992125981
21
-3.6381270472440943
0
LINE
8
BLACK
6
CONTINUOUS
10
6.2885662992125981
20
-3.6381270472440943
11
6.2885661417322831
21
-3.6381270472440943
0
LINE
8
BLACK
6
CONTINUOUS
10
6.2885661417322831
20
-3.6381270472440943
11
6.2873096850393697
21
-3.6381270472440943
0
LINE
8
BLACK
6
CONTINUOUS
10
6.2873096850393697
20
-3.6381270472440943
11
6.2267942519685038
21
-3.6381270472440943
0
LINE
8
BLACK
6
CONTINUOUS
10
6.2267942519685038
20
-3.6381270472440943
11
6.221799527559055
21
-3.6381270472440943
0
LINE
8
BLACK
6
CONTINUOUS
10
6.221799527559055
20
-3.6381270472440943
11
6.2217994881889762
21
-3.6381270472440943
0
LINE
8
BLACK
6
CONTINUOUS
10
6.2217994881889762
20
-3.6381270472440943
11
6.2217992519685037
21
-3.6381270866141731
0
LINE
8
BLACK
6
CONTINUOUS
10
6.2217992519685037
20
-3.6381270866141731
11
6.2208962598425197
21
-3.638420472440945
0
LINE
8
BLACK
6
CONTINUOUS
10
6.2208962598425197
20
-3.638420472440945
11
6.2203018110236217
21
-3.6385631889763776
0
LINE
8
BLACK
6
CONTINUOUS
10
6.2203018110236217
20
-3.6385631889763776
11
6.219363858267716
21
-3.6387117716535431
0
LINE
8
BLACK
6
CONTINUOUS
10
6.219363858267716
20
-3.6387117716535431
11
6.2193636220472444
21
-3.6387118503937006
0
LINE
8
BLACK
6
CONTINUOUS
10
6.2193636220472444
20
-3.6387118503937006
11
6.2185172047244093
21
-3.6391430708661416
0
LINE
8
BLACK
6
CONTINUOUS
10
6.2185172047244093
20
-3.6391430708661416
11
6.2179526771653544
21
-3.6393768897637795
0
LINE
8
BLACK
6
CONTINUOUS
10
6.2179526771653544
20
-3.6393768897637795
11
6.2170494094488191
21
-3.639670433070866
0
LINE
8
BLACK
6
CONTINUOUS
10
6.2170494094488191
20
-3.639670433070866
11
6.2170492913385829
21
-3.6396705118110235
0
LINE
8
BLACK
6
CONTINUOUS
10
6.2170492913385829
20
-3.6396705118110235
11
6.2162808267716532
21
-3.640228779527559
0
LINE
8
BLACK
6
CONTINUOUS
10
6.2162808267716532
20
-3.640228779527559
11
6.2157597244094482
21
-3.6405481102362205
0
LINE
8
BLACK
6
CONTINUOUS
10
6.2157597244094482
20
-3.6405481102362205
11
6.2149133464566928
21
-3.6409794094488186
0
LINE
8
BLACK
6
CONTINUOUS
10
6.2149133464566928
20
-3.6409794094488186
11
6.2140249999999995
21
-3.6418677165354332
0
LINE
8
BLACK
6
CONTINUOUS
10
6.2140249999999995
20
-3.6418677165354332
11
6.214024921259842
21
-3.6418677952755907
0
LINE
8
BLACK
6
CONTINUOUS
10
6.214024921259842
20
-3.6418677952755907
11
6.2140248425196845
21
-3.6418677952755907
0
LINE
8
BLACK
6
CONTINUOUS
10
6.2140248425196845
20
-3.6418677952755907
11
6.2140248818897632
21
-3.641867834645669
0
LINE
8
BLACK
6
CONTINUOUS
10
6.2140248818897632
20
-3.641867834645669
11
6.1880962598425198
21
-3.6677964566929133
0
LINE
8
BLACK
6
CONTINUOUS
10
6.1880962598425198
20
-3.6677964566929133
11
6.1859499212598426
21
-3.6688900393700785
0
LINE
8
BLACK
6
CONTINUOUS
10
6.1859499212598426
20
-3.6688900393700785
11
6.1835707086614171
21
-3.6685132283464568
0
LINE
8
BLACK
6
CONTINUOUS
10
6.1835707086614171
20
-3.6685132283464568
11
6.1818673622047244
21
-3.6668098818897636
0
LINE
8
BLACK
6
CONTINUOUS
10
6.1818673622047244
20
-3.6668098818897636
11
6.1814425590551183
21
-3.6650403937007874
0
LINE
8
BLACK
6
CONTINUOUS
10
6.1814425590551183
20
-3.6650403937007874
11
6.1814425590551183
21
-3.6044459448818897
0
LINE
8
BLACK
6
CONTINUOUS
10
6.1814425590551183
20
-3.6044459448818897
11
6.1814425590551183
21
-3.537019527559055
0
LINE
8
BLACK
6
CONTINUOUS
10
6.1814425590551183
20
-3.537019527559055
11
6.1814425590551183
21
-3.5370194488188975
0
LINE
8
BLACK
6
CONTINUOUS
10
6.1814425590551183
20
-3.5370194488188975
11
6.1811489370078743
21
-3.536115748031496
0
LINE
8
BLACK
6
CONTINUOUS
10
6.1811489370078743
20
-3.536115748031496
11
6.1810062598425199
21
-3.5355212992125984
0
LINE
8
BLACK
6
CONTINUOUS
10
6.1810062598425199
20
-3.5355212992125984
11
6.180857755905512
21
-3.5345837007874015
0
LINE
8
BLACK
6
CONTINUOUS
10
6.180857755905512
20
-3.5345837007874015
11
6.180857755905512
21
-3.5345835826771652
0
LINE
8
BLACK
6
CONTINUOUS
10
6.180857755905512
20
-3.5345835826771652
11
6.1808576771653545
21
-3.534583464566929
0
LINE
8
BLACK
6
CONTINUOUS
10
6.1808576771653545
20
-3.534583464566929
11
6.1808576771653545
21
-3.5345833858267715
0
LINE
8
BLACK
6
CONTINUOUS
10
6.1808576771653545
20
-3.5345833858267715
11
6.1804265748031497
21
-3.5337373228346456
0
LINE
8
BLACK
6
CONTINUOUS
10
6.1804265748031497
20
-3.5337373228346456
11
6.1801925196850389
21
-3.5331723622047244
0
LINE
8
BLACK
6
CONTINUOUS
10
6.1801925196850389
20
-3.5331723622047244
11
6.1798990944881886
21
-3.5322691732283462
0
LINE
8
BLACK
6
CONTINUOUS
10
6.1798990944881886
20
-3.5322691732283462
11
6.1793407874015749
21
-3.5315007086614174
0
LINE
8
BLACK
6
CONTINUOUS
10
6.1793407874015749
20
-3.5315007086614174
11
6.1790212204724408
21
-3.530979212598425
0
LINE
8
BLACK
6
CONTINUOUS
10
6.1790212204724408
20
-3.530979212598425
11
6.1785901968503936
21
-3.5301332677165354
0
LINE
8
BLACK
6
CONTINUOUS
10
6.1785901968503936
20
-3.5301332677165354
11
6.1785900787401573
21
-3.5301331496062991
0
LINE
8
BLACK
6
CONTINUOUS
10
6.1785900787401573
20
-3.5301331496062991
11
6.178409921259842
21
-3.5298851574803147
0
LINE
8
BLACK
6
CONTINUOUS
10
6.178409921259842
20
-3.5298851574803147
11
6.1785143307086612
21
-3.529809251968504
0
LINE
8
BLACK
6
CONTINUOUS
10
6.1785143307086612
20
-3.529809251968504
11
6.1776785433070867
21
-3.5281688976377952
0
LINE
8
BLACK
6
CONTINUOUS
10
6.1776785433070867
20
-3.5281688976377952
11
6.1780553543307084
21
-3.5257896850393702
0
LINE
8
BLACK
6
CONTINUOUS
10
6.1780553543307084
20
-3.5257896850393702
11
6.1797587007874011
21
-3.5240863385826771
0
LINE
8
BLACK
6
CONTINUOUS
10
6.1797587007874011
20
-3.5240863385826771
11
6.1819646062992124
21
-3.5236860629921258
0
LINE
8
BLACK
6
CONTINUOUS
10
6.1819646062992124
20
-3.5236860629921258
11
6.1849978346456691
21
-3.5240278346456693
0
LINE
8
BLACK
6
CONTINUOUS
10
6.1849978346456691
20
-3.5240278346456693
11
6.1849978740157479
21
-3.5240277952755905
0
LINE
8
BLACK
6
CONTINUOUS
10
6.1849978740157479
20
-3.5240277952755905
11
6.1849979921259841
21
-3.5240278346456693
0
LINE
8
BLACK
6
CONTINUOUS
10
6.1849979921259841
20
-3.5240278346456693
11
6.1920552755905511
21
-3.5232326771653542
0
LINE
8
BLACK
6
CONTINUOUS
10
6.1920552755905511
20
-3.5232326771653542
11
6.1987587007874012
21
-3.5208870472440945
0
LINE
8
BLACK
6
CONTINUOUS
10
6.1987587007874012
20
-3.5208870472440945
11
6.2047720866141729
21
-3.5171085826771651
0
LINE
8
BLACK
6
CONTINUOUS
10
6.2047720866141729
20
-3.5171085826771651
11
6.2097938976377955
21
-3.5120867716535433
0
LINE
8
BLACK
6
CONTINUOUS
10
6.2097938976377955
20
-3.5120867716535433
11
6.2135723622047241
21
-3.5060733858267716
0
LINE
8
BLACK
6
CONTINUOUS
10
6.2135723622047241
20
-3.5060733858267716
11
6.2158218503937004
21
-3.4996447637795276
0
LINE
8
BLACK
6
CONTINUOUS
10
6.2158218503937004
20
-3.4996447637795276
11
6.2159179133858267
21
-3.4993701968503936
0
LINE
8
BLACK
6
CONTINUOUS
10
6.2159179133858267
20
-3.4993701968503936
11
6.2159179527559054
21
-3.4993700393700786
0
LINE
8
BLACK
6
CONTINUOUS
10
6.2159179527559054
20
-3.4993700393700786
11
6.2159179921259842
21
-3.4993699606299211
0
LINE
8
BLACK
6
CONTINUOUS
10
6.2159179921259842
20
-3.4993699606299211
11
6.2167131496062993
21
-3.4923126771653541
0
LINE
8
BLACK
6
CONTINUOUS
10
6.2167131496062993
20
-3.4923126771653541
11
6.2159179921259842
21
-3.4852553937007875
0
LINE
8
BLACK
6
CONTINUOUS
10
6.2159179921259842
20
-3.4852553937007875
11
6.2135723622047241
21
-3.478551968503937
0
LINE
8
BLACK
6
CONTINUOUS
10
6.2135723622047241
20
-3.478551968503937
11
6.2109447637795272
21
-3.4743701968503937
0
LINE
8
BLACK
6
CONTINUOUS
10
6.2109447637795272
20
-3.4743701968503937
11
6.2097939763779531
21
-3.4725387007874016
0
LINE
8
BLACK
6
CONTINUOUS
10
6.2097939763779531
20
-3.4725387007874016
11
6.2097939370078743
21
-3.4725386614173228
0
LINE
8
BLACK
6
CONTINUOUS
10
6.2097939370078743
20
-3.4725386614173228
11
6.2097938976377955
21
-3.4725385826771653
0
LINE
8
BLACK
6
CONTINUOUS
10
6.2097938976377955
20
-3.4725385826771653
11
6.2047720866141729
21
-3.4675167716535431
0
LINE
8
BLACK
6
CONTINUOUS
10
6.2047720866141729
20
-3.4675167716535431
11
6.2047719685039366
21
-3.4675166929133856
0
LINE
8
BLACK
6
CONTINUOUS
10
6.2047719685039366
20
-3.4675166929133856
11
6.2047719291338579
21
-3.4675166535433068
0
LINE
8
BLACK
6
CONTINUOUS
10
6.2047719291338579
20
-3.4675166535433068
11
6.19875874015748
21
-3.4637383070866141
0
LINE
8
BLACK
6
CONTINUOUS
10
6.19875874015748
20
-3.4637383070866141
11
6.1920555118110236
21
-3.4613927165354328
0
LINE
8
BLACK
6
CONTINUOUS
10
6.1920555118110236
20
-3.4613927165354328
11
6.1920553543307086
21
-3.461392677165354
0
LINE
8
BLACK
6
CONTINUOUS
10
6.1920553543307086
20
-3.461392677165354
11
6.1849979921259841
21
-3.4605975196850394
0
LINE
8
BLACK
6
CONTINUOUS
10
6.1849979921259841
20
-3.4605975196850394
11
6.1779405905511808
21
-3.461392677165354
0
LINE
8
BLACK
6
CONTINUOUS
10
6.1779405905511808
20
-3.461392677165354
11
6.1779404330708658
21
-3.4613927165354328
0
LINE
8
BLACK
6
CONTINUOUS
10
6.1779404330708658
20
-3.4613927165354328
11
6.1712372440944883
21
-3.4637383070866141
0
LINE
8
BLACK
6
CONTINUOUS
10
6.1712372440944883
20
-3.4637383070866141
11
6.1712372047244095
21
-3.4637383070866141
0
LINE
8
BLACK
6
CONTINUOUS
10
6.1712372047244095
20
-3.4637383070866141
11
6.1652240157480316
21
-3.4675166535433068
0
LINE
8
BLACK
6
CONTINUOUS
10
6.1652240157480316
20
-3.4675166535433068
11
6.1602019685039373
21
-3.4725387007874016
0
LINE
8
BLACK
6
CONTINUOUS
10
6.1602019685039373
20
-3.4725387007874016
11
6.1564236220472441
21
-3.4785518897637795
0
LINE
8
BLACK
6
CONTINUOUS
10
6.1564236220472441
20
-3.4785518897637795
11
6.1564236220472441
21
-3.4785519291338582
0
LINE
8
BLACK
6
CONTINUOUS
10
6.1564236220472441
20
-3.4785519291338582
11
6.1540780314960628
21
-3.4852551181102362
0
LINE
8
BLACK
6
CONTINUOUS
10
6.1540780314960628
20
-3.4852551181102362
11
6.1540779921259841
21
-3.4852552755905513
0
LINE
8
BLACK
6
CONTINUOUS
10
6.1540779921259841
20
-3.4852552755905513
11
6.1532828346456689
21
-3.4923126771653541
0
LINE
8
BLACK
6
CONTINUOUS
10
6.1532828346456689
20
-3.4923126771653541
11
6.1536246062992124
21
-3.4953459842519683
0
LINE
8
BLACK
6
CONTINUOUS
10
6.1536246062992124
20
-3.4953459842519683
11
6.153141377952756
21
-3.4977059055118112
0
LINE
8
BLACK
6
CONTINUOUS
10
6.153141377952756
20
-3.4977059055118112
11
6.1513633464566926
21
-3.4993310629921259
0
LINE
8
BLACK
6
CONTINUOUS
10
6.1513633464566926
20
-3.4993310629921259
11
6.1489696062992127
21
-3.4996007874015747
0
LINE
8
BLACK
6
CONTINUOUS
10
6.1489696062992127
20
-3.4996007874015747
11
6.1469953937007871
21
-3.4985384251968501
0
LINE
8
BLACK
6
CONTINUOUS
10
6.1469953937007871
20
-3.4985384251968501
11
6.10161062992126
21
-3.4531536614173226
0
LINE
8
BLACK
6
CONTINUOUS
10
6.10161062992126
20
-3.4531536614173226
11
6.1005170472440939
21
-3.4510073228346454
0
LINE
8
BLACK
6
CONTINUOUS
10
6.1005170472440939
20
-3.4510073228346454
11
6.1008938582677166
21
-3.4486281102362204
0
LINE
8
BLACK
6
CONTINUOUS
10
6.1008938582677166
20
-3.4486281102362204
11
6.1025972047244093
21
-3.4469247637795273
0
LINE
8
BLACK
6
CONTINUOUS
10
6.1025972047244093
20
-3.4469247637795273
11
6.104366692913386
21
-3.4464999606299211
0
LINE
8
BLACK
6
CONTINUOUS
10
6.104366692913386
20
-3.4464999606299211
11
6.2335562598425192
21
-3.4464999606299211
0
LINE
8
BLACK
6
CONTINUOUS
10
6.2335562598425192
20
-3.4464999606299211
11
6.2358472440944883
21
-3.4472443307086613
0
LINE
8
BLACK
6
CONTINUOUS
10
6.2358472440944883
20
-3.4472443307086613
11
6.2363123228346451
21
-3.4476415354330707
0
LINE
8
BLACK
6
CONTINUOUS
10
6.2363123228346451
20
-3.4476415354330707
11
6.2780151181102362
21
-3.4893443307086613
0
LINE
8
BLACK
6
CONTINUOUS
10
6.2780151181102362
20
-3.4893443307086613
11
6.2791087007874014
21
-3.4914906692913386
0
LINE
8
BLACK
6
CONTINUOUS
10
6.2791087007874014
20
-3.4914906692913386
11
6.2791434251968505
21
-3.4919321259842517
0
LINE
8
BLACK
6
CONTINUOUS
10
6.2791434251968505
20
-3.4919321259842517
11
6.2799691732283467
21
-3.4982042913385825
0
LINE
8
BLACK
6
CONTINUOUS
10
6.2799691732283467
20
-3.4982042913385825
11
6.2799692519685042
21
-3.4982046062992125
0
LINE
8
BLACK
6
CONTINUOUS
10
6.2799692519685042
20
-3.4982046062992125
11
6.2823513385826768
21
-3.503955472440945
0
LINE
8
BLACK
6
CONTINUOUS
10
6.2823513385826768
20
-3.503955472440945
11
6.2823513385826768
21
-3.5039555118110237
0
LINE
8
BLACK
6
CONTINUOUS
10
6.2823513385826768
20
-3.5039555118110237
11
6.2861407480314959
21
-3.5088939763779528
0
LINE
8
BLACK
6
CONTINUOUS
10
6.2861407480314959
20
-3.5088939763779528
11
6.2861409448818897
21
-3.5088942125984253
0
LINE
8
BLACK
6
CONTINUOUS
10
6.2861409448818897
20
-3.5088942125984253
11
6.2910795669291337
21
-3.5126837401574802
0
LINE
8
BLACK
6
CONTINUOUS
10
6.2910795669291337
20
-3.5126837401574802
11
6.2910796062992125
21
-3.5126837401574802
0
LINE
8
BLACK
6
CONTINUOUS
10
6.2910796062992125
20
-3.5126837401574802
11
6.2910796456692912
21
-3.5126837795275589
0
LINE
8
BLACK
6
CONTINUOUS
10
6.2910796456692912
20
-3.5126837795275589
11
6.2970666929133854
21
-3.5151637007874017
0
LINE
8
BLACK
6
CONTINUOUS
10
6.2970666929133854
20
-3.5151637007874017
11
6.2970365748031494
21
-3.515236377952756
0
LINE
8
BLACK
6
CONTINUOUS
10
6.2970365748031494
20
-3.515236377952756
11
6.2987546062992124
21
-3.5163520078740156
0
LINE
8
BLACK
6
CONTINUOUS
10
6.2987546062992124
20
-3.5163520078740156
11
6.299617913385827
21
-3.5186008661417323
0
LINE
8
BLACK
6
CONTINUOUS
10
6.299617913385827
20
-3.5186008661417323
11
6.2994045669291339
21
-3.5200922440944882
0
LINE
8
BLACK
6
CONTINUOUS
10
6.2994045669291339
20
-3.5200922440944882
11
6.2978323228346458
21
-3.5245853937007872
0
LINE
8
BLACK
6
CONTINUOUS
10
6.2978323228346458
20
-3.5245853937007872
11
6.2970371653543307
21
-3.5316427952755904
0
LINE
8
BLACK
6
CONTINUOUS
10
6.2970371653543307
20
-3.5316427952755904
11
6.2978323228346458
21
-3.538700157480315
0
LINE
8
BLACK
6
CONTINUOUS
10
6.2978323228346458
20
-3.538700157480315
11
6.2978323622047245
21
-3.53870031496063
0
LINE
8
BLACK
6
CONTINUOUS
10
6.2978323622047245
20
-3.53870031496063
11
6.300177952755905
21
-3.545403503937008
0
LINE
8
BLACK
6
CONTINUOUS
10
6.300177952755905
20
-3.545403503937008
11
6.300177952755905
21
-3.5454035433070867
0
LINE
8
BLACK
6
CONTINUOUS
10
6.300177952755905
20
-3.5454035433070867
11
6.3039562992125981
21
-3.5514167322834647
0
LINE
8
BLACK
6
CONTINUOUS
10
6.3039562992125981
20
-3.5514167322834647
11
6.3039564173228344
21
-3.5514168897637792
0
LINE
8
BLACK
6
CONTINUOUS
10
6.3039564173228344
20
-3.5514168897637792
11
6.3089782283464562
21
-3.5564387007874014
0
LINE
8
BLACK
6
CONTINUOUS
10
6.3089782283464562
20
-3.5564387007874014
11
6.3149916141732279
21
-3.5602171653543304
0
LINE
8
BLACK
6
CONTINUOUS
10
6.3149916141732279
20
-3.5602171653543304
11
6.3176758267716533
21
-3.5611564173228345
0
LINE
8
BLACK
6
CONTINUOUS
10
6.3176758267716533
20
-3.5611564173228345
11
6.3216947637795275
21
-3.562562716535433
0
LINE
8
BLACK
6
CONTINUOUS
10
6.3216947637795275
20
-3.562562716535433
11
6.3216949212598426
21
-3.5625627559055117
0
LINE
8
BLACK
6
CONTINUOUS
10
6.3216949212598426
20
-3.5625627559055117
11
6.3216950393700788
21
-3.5625627952755905
0
LINE
8
BLACK
6
CONTINUOUS
10
6.3216950393700788
20
-3.5625627952755905
11
6.3287523228346458
21
-3.5633579527559056
0
LINE
8
BLACK
6
CONTINUOUS
10
6.3287523228346458
20
-3.5633579527559056
11
6.3358096062992129
21
-3.5625627952755905
0
LINE
8
BLACK
6
CONTINUOUS
10
6.3358096062992129
20
-3.5625627952755905
11
6.3425130314960629
21
-3.5602171653543304
0
LINE
8
BLACK
6
CONTINUOUS
10
6.3425130314960629
20
-3.5602171653543304
11
6.3485264173228346
21
-3.5564387007874014
0
LINE
8
BLACK
6
CONTINUOUS
10
6.3485264173228346
20
-3.5564387007874014
11
6.3535482283464564
21
-3.5514168897637792
0
LINE
8
BLACK
6
CONTINUOUS
10
6.3535482283464564
20
-3.5514168897637792
11
6.3573266929133858
21
-3.545403503937008
0
LINE
8
BLACK
6
CONTINUOUS
10
6.3573266929133858
20
-3.545403503937008
11
6.3596723228346459
21
-3.5387000787401575
0
LINE
8
BLACK
6
CONTINUOUS
10
6.3596723228346459
20
-3.5387000787401575
11
6.3604674803149601
21
-3.5316427952755904
0
LINE
8
BLACK
6
CONTINUOUS
10
6.3604674803149601
20
-3.5316427952755904
11
6.3604674803149601
21
-3.5316426377952754
0
LINE
8
BLACK
6
CONTINUOUS
10
6.3604674803149601
20
-3.5316426377952754
11
6.3604674803149601
21
-3.5315601181102361
0
LINE
8
BLACK
6
CONTINUOUS
10
6.3604674803149601
20
-3.5315601181102361
11
6.3604816929133854
21
-3.5315162992125981
0
LINE
8
BLACK
6
CONTINUOUS
10
6.3604816929133854
20
-3.5315162992125981
11
6.3604919685039372
21
-3.5314253149606301
0
LINE
8
BLACK
6
CONTINUOUS
10
6.3604919685039372
20
-3.5314253149606301
11
6.360510590551181
21
-3.5314274015748031
0
LINE
8
BLACK
6
CONTINUOUS
10
6.360510590551181
20
-3.5314274015748031
11
6.3612118503937003
21
-3.5292691338582678
0
LINE
8
BLACK
6
CONTINUOUS
10
6.3612118503937003
20
-3.5292691338582678
11
6.3631606692913385
21
-3.5278532283464568
0
LINE
8
BLACK
6
CONTINUOUS
10
6.3631606692913385
20
-3.5278532283464568
11
6.3655695669291337
21
-3.5278532283464568
0
LINE
8
BLACK
6
CONTINUOUS
10
6.3655695669291337
20
-3.5278532283464568
11
6.3671211811023625
21
-3.5288040551181101
0
LINE
8
BLACK
6
CONTINUOUS
10
6.3671211811023625
20
-3.5288040551181101
11
6.3692174409448814
21
-3.5309003543307087
0
LINE
8
BLACK
6
CONTINUOUS
10
6.3692174409448814
20
-3.5309003543307087
11
6.3727492519685036
21
-3.5344321259842517
0
LINE
8
BLACK
6
CONTINUOUS
10
6.3727492519685036
20
-3.5344321259842517
11
6.3727492913385824
21
-3.5344321653543305
0
LINE
8
BLACK
6
CONTINUOUS
10
6.3727492913385824
20
-3.5344321653543305
11
6.3735953937007874
21
-3.5348632677165353
0
LINE
8
BLACK
6
CONTINUOUS
10
6.3735953937007874
20
-3.5348632677165353
11
6.374116889763779
21
-3.5351828346456693
0
LINE
8
BLACK
6
CONTINUOUS
10
6.374116889763779
20
-3.5351828346456693
11
6.3748851968503937
21
-3.535741062992126
0
LINE
8
BLACK
6
CONTINUOUS
10
6.3748851968503937
20
-3.535741062992126
11
6.3748852755905512
21
-3.535741062992126
0
LINE
8
BLACK
6
CONTINUOUS
10
6.3748852755905512
20
-3.535741062992126
11
6.3748853149606299
21
-3.5357411023622047
0
LINE
8
BLACK
6
CONTINUOUS
10
6.3748853149606299
20
-3.5357411023622047
11
6.3757884251968502
21
-3.536034527559055
0
LINE
8
BLACK
6
CONTINUOUS
10
6.3757884251968502
20
-3.536034527559055
11
6.3763531102362201
21
-3.5362683858267716
0
LINE
8
BLACK
6
CONTINUOUS
10
6.3763531102362201
20
-3.5362683858267716
11
6.3771996062992127
21
-3.5366997244094489
0
LINE
8
BLACK
6
CONTINUOUS
10
6.3771996062992127
20
-3.5366997244094489
11
6.3781377165354325
21
-3.5368482677165352
0
LINE
8
BLACK
6
CONTINUOUS
10
6.3781377165354325
20
-3.5368482677165352
11
6.378732559055118
21
-3.5369911023622045
0
LINE
8
BLACK
6
CONTINUOUS
10
6.378732559055118
20
-3.5369911023622045
11
6.379069606299212
21
-3.537100590551181
0
LINE
8
BLACK
6
CONTINUOUS
10
6.379069606299212
20
-3.537100590551181
11
6.3796354724409445
21
-3.5372844881889765
0
LINE
8
BLACK
6
CONTINUOUS
10
6.3796354724409445
20
-3.5372844881889765
11
6.3808114566929133
21
-3.5372844881889765
0
LINE
8
BLACK
6
CONTINUOUS
10
6.3808114566929133
20
-3.5372844881889765
11
6.3808124015748033
21
-3.5372845275590552
0
LINE
8
BLACK
6
CONTINUOUS
10
6.3808124015748033
20
-3.5372845275590552
11
6.3808919291338579
21
-3.5372845275590552
0
LINE
8
BLACK
6
CONTINUOUS
10
6.3808919291338579
20
-3.5372845275590552
11
6.5321557480314958
21
-3.5372845275590552
0
LINE
8
BLACK
6
CONTINUOUS
10
6.5321557480314958
20
-3.5372845275590552
11
6.5344467322834641
21
-3.5380288976377954
0
LINE
8
BLACK
6
CONTINUOUS
10
6.5344467322834641
20
-3.5380288976377954
11
6.5358626377952751
21
-3.5399777165354331
0
LINE
8
BLACK
6
CONTINUOUS
10
6.5358626377952751
20
-3.5399777165354331
11
6.5358626377952751
21
-3.5423866141732283
0
LINE
8
BLACK
6
CONTINUOUS
10
6.5358626377952751
20
-3.5423866141732283
11
6.5347241732283461
21
-3.5440299999999998
0
LINE
8
BLACK
6
CONTINUOUS
10
6.5347241732283461
20
-3.5440299999999998
11
6.534756377952756
21
-3.5440622047244092
0
LINE
8
BLACK
6
CONTINUOUS
10
6.534756377952756
20
-3.5440622047244092
11
6.5346016535433069
21
-3.5442168897637796
0
LINE
8
BLACK
6
CONTINUOUS
10
6.5346016535433069
20
-3.5442168897637796
11
6.5346015748031494
21
-3.5442169685039371
0
LINE
8
BLACK
6
CONTINUOUS
10
6.5346015748031494
20
-3.5442169685039371
11
6.5311957874015745
21
-3.5476227559055116
0
LINE
8
BLACK
6
CONTINUOUS
10
6.5311957874015745
20
-3.5476227559055116
11
6.5295796456692914
21
-3.5492388976377951
0
LINE
8
BLACK
6
CONTINUOUS
10
6.5295796456692914
20
-3.5492388976377951
11
6.5258012992125982
21
-3.555252086614173
0
LINE
8
BLACK
6
CONTINUOUS
10
6.5258012992125982
20
-3.555252086614173
11
6.5258012992125982
21
-3.5552521259842518
0
LINE
8
BLACK
6
CONTINUOUS
10
6.5258012992125982
20
-3.5552521259842518
11
6.5234557086614169
21
-3.5619553149606298
0
LINE
8
BLACK
6
CONTINUOUS
10
6.5234557086614169
20
-3.5619553149606298
11
6.5234556692913381
21
-3.5619554724409448
0
LINE
8
BLACK
6
CONTINUOUS
10
6.5234556692913381
20
-3.5619554724409448
11
6.5226605118110239
21
-3.5690128740157481
0
LINE
8
BLACK
6
CONTINUOUS
10
6.5226605118110239
20
-3.5690128740157481
11
6.5234556692913381
21
-3.5760702362204722
0
LINE
8
BLACK
6
CONTINUOUS
10
6.5234556692913381
20
-3.5760702362204722
11
6.5234557086614169
21
-3.5760703937007872
0
LINE
8
BLACK
6
CONTINUOUS
10
6.5234557086614169
20
-3.5760703937007872
11
6.5258012992125982
21
-3.5827735826771652
0
LINE
8
BLACK
6
CONTINUOUS
10
6.5258012992125982
20
-3.5827735826771652
11
6.5258012992125982
21
-3.5827736220472439
0
LINE
8
BLACK
6
CONTINUOUS
10
6.5258012992125982
20
-3.5827736220472439
11
6.5295796456692914
21
-3.5887868110236218
0
LINE
8
BLACK
6
CONTINUOUS
10
6.5295796456692914
20
-3.5887868110236218
11
6.5295797637795276
21
-3.5887869685039369
0
LINE
8
BLACK
6
CONTINUOUS
10
6.5295797637795276
20
-3.5887869685039369
11
6.5346015748031494
21
-3.5938087795275591
0
LINE
8
BLACK
6
CONTINUOUS
10
6.5346015748031494
20
-3.5938087795275591
11
6.5406149606299211
21
-3.597587244094488
0
LINE
8
BLACK
6
CONTINUOUS
10
6.5406149606299211
20
-3.597587244094488
11
6.5425785433070862
21
-3.5982743307086613
0
LINE
8
BLACK
6
CONTINUOUS
10
6.5425785433070862
20
-3.5982743307086613
11
6.5473181102362199
21
-3.5999327952755906
0
LINE
8
BLACK
6
CONTINUOUS
10
6.5473181102362199
20
-3.5999327952755906
11
6.5473182677165349
21
-3.5999328346456694
0
LINE
8
BLACK
6
CONTINUOUS
10
6.5473182677165349
20
-3.5999328346456694
11
6.5473183858267712
21
-3.5999328740157481
0
LINE
8
BLACK
6
CONTINUOUS
10
6.5473183858267712
20
-3.5999328740157481
11
6.5543756692913382
21
-3.6007280314960628
0
LINE
8
BLACK
6
CONTINUOUS
10
6.5543756692913382
20
-3.6007280314960628
11
6.5614329527559052
21
-3.5999328740157481
0
LINE
8
BLACK
6
CONTINUOUS
10
6.5614329527559052
20
-3.5999328740157481
11
6.5681363779527562
21
-3.597587244094488
0
LINE
8
BLACK
6
CONTINUOUS
10
6.5681363779527562
20
-3.597587244094488
11
6.574149763779527
21
-3.5938087795275591
0
LINE
8
BLACK
6
CONTINUOUS
10
6.574149763779527
20
-3.5938087795275591
11
6.5791715748031496
21
-3.5887869685039369
0
LINE
8
BLACK
6
CONTINUOUS
10
6.5791715748031496
20
-3.5887869685039369
11
6.5829500393700782
21
-3.5827735826771652
0
LINE
8
BLACK
6
CONTINUOUS
10
6.5829500393700782
20
-3.5827735826771652
11
6.5852956692913382
21
-3.5760701574803151
0
LINE
8
BLACK
6
CONTINUOUS
10
6.5852956692913382
20
-3.5760701574803151
11
6.5860908267716534
21
-3.5690128740157481
0
LINE
8
BLACK
6
CONTINUOUS
10
6.5860908267716534
20
-3.5690128740157481
11
6.5852956692913382
21
-3.5619555905511811
0
LINE
8
BLACK
6
CONTINUOUS
10
6.5852956692913382
20
-3.5619555905511811
11
6.5829500393700782
21
-3.5552521653543305
0
LINE
8
BLACK
6
CONTINUOUS
10
6.5829500393700782
20
-3.5552521653543305
11
6.5805401574803151
21
-3.5514168897637792
0
LINE
8
BLACK
6
CONTINUOUS
10
6.5805401574803151
20
-3.5514168897637792
11
6.5791716535433071
21
-3.5492388976377951
0
LINE
8
BLACK
6
CONTINUOUS
10
6.5791716535433071
20
-3.5492388976377951
11
6.5791716141732284
21
-3.5492388582677163
0
LINE
8
BLACK
6
CONTINUOUS
10
6.5791716141732284
20
-3.5492388582677163
11
6.5791715748031496
21
-3.5492387795275588
0
LINE
8
BLACK
6
CONTINUOUS
10
6.5791715748031496
20
-3.5492387795275588
11
6.574149763779527
21
-3.5442169685039371
0
LINE
8
BLACK
6
CONTINUOUS
10
6.574149763779527
20
-3.5442169685039371
11
6.5741496456692916
21
-3.5442168897637796
0
LINE
8
BLACK
6
CONTINUOUS
10
6.5741496456692916
20
-3.5442168897637796
11
6.5739949606299213
21
-3.5440622047244092
0
LINE
8
BLACK
6
CONTINUOUS
10
6.5739949606299213
20
-3.5440622047244092
11
6.5740310629921259
21
-3.5440260629921259
0
LINE
8
BLACK
6
CONTINUOUS
10
6.5740310629921259
20
-3.5440260629921259
11
6.5728383070866139
21
-3.5422187401574803
0
LINE
8
BLACK
6
CONTINUOUS
10
6.5728383070866139
20
-3.5422187401574803
11
6.5729466141732278
21
-3.5398123228346456
0
LINE
8
BLACK
6
CONTINUOUS
10
6.5729466141732278
20
-3.5398123228346456
11
6.5744487007874017
21
-3.5379290944881889
0
LINE
8
BLACK
6
CONTINUOUS
10
6.5744487007874017
20
-3.5379290944881889
11
6.5765955905511806
21
-3.5372845275590552
0
LINE
8
BLACK
6
CONTINUOUS
10
6.5765955905511806
20
-3.5372845275590552
11
6.6385290551181102
21
-3.5372845275590552
0
LINE
8
BLACK
6
CONTINUOUS
10
6.6385290551181102
20
-3.5372845275590552
11
6.6408200393700785
21
-3.5380288976377954
0
LINE
8
BLACK
6
CONTINUOUS
10
6.6408200393700785
20
-3.5380288976377954
11
6.6412851181102361
21
-3.5384261023622048
0
LINE
8
BLACK
6
CONTINUOUS
10
6.6412851181102361
20
-3.5384261023622048
11
6.9856198031496062
21
-3.8827607874015748
0
LINE
8
BLACK
6
CONTINUOUS
10
6.9856198031496062
20
-3.8827607874015748
11
6.9867133858267714
21
-3.884907125984252
0
LINE
8
BLACK
6
CONTINUOUS
10
6.9867133858267714
20
-3.884907125984252
11
6.9863365748031496
21
-3.887286338582677
0
LINE
8
BLACK
6
CONTINUOUS
10
6.9863365748031496
20
-3.887286338582677
11
6.9856198031496062
21
-3.8882729133858267
0
LINE
8
BLACK
6
CONTINUOUS
10
6.9856198031496062
20
-3.8882729133858267
11
6.8916478740157476
21
-3.9822448425196848
0
LINE
8
BLACK
6
CONTINUOUS
10
6.8916478740157476
20
-3.9822448425196848
11
6.8907594881889764
21
-3.9831332677165352
0
LINE
8
BLACK
6
CONTINUOUS
10
6.8907594881889764
20
-3.9831332677165352
11
6.8907594094488189
21
-3.9831333464566927
0
LINE
8
BLACK
6
CONTINUOUS
10
6.8907594094488189
20
-3.9831333464566927
11
6.8903282677165354
21
-3.9839794488188978
0
LINE
8
BLACK
6
CONTINUOUS
10
6.8903282677165354
20
-3.9839794488188978
11
6.8900089763779526
21
-3.9845004724409447
0
LINE
8
BLACK
6
CONTINUOUS
10
6.8900089763779526
20
-3.9845004724409447
11
6.8894506692913389
21
-3.9852690157480315
0
LINE
8
BLACK
6
CONTINUOUS
10
6.8894506692913389
20
-3.9852690157480315
11
6.8894504724409451
21
-3.9852693700787403
0
LINE
8
BLACK
6
CONTINUOUS
10
6.8894504724409451
20
-3.9852693700787403
11
6.8891570866141727
21
-3.986172401574803
0
LINE
8
BLACK
6
CONTINUOUS
10
6.8891570866141727
20
-3.986172401574803
11
6.8889230708661415
21
-3.9867373622047242
0
LINE
8
BLACK
6
CONTINUOUS
10
6.8889230708661415
20
-3.9867373622047242
11
6.8884919685039367
21
-3.9875833858267717
0
LINE
8
BLACK
6
CONTINUOUS
10
6.8884919685039367
20
-3.9875833858267717
11
6.8884918503937005
21
-3.9875837795275588
0
LINE
8
BLACK
6
CONTINUOUS
10
6.8884918503937005
20
-3.9875837795275588
11
6.8883432283464563
21
-3.9885218897637795
0
LINE
8
BLACK
6
CONTINUOUS
10
6.8883432283464563
20
-3.9885218897637795
11
6.888200551181102
21
-3.9891161811023621
0
LINE
8
BLACK
6
CONTINUOUS
10
6.888200551181102
20
-3.9891161811023621
11
6.8879071653543305
21
-3.990019251968504
0
LINE
8
BLACK
6
CONTINUOUS
10
6.8879071653543305
20
-3.990019251968504
11
6.8879071259842517
21
-3.9900195275590549
0
LINE
8
BLACK
6
CONTINUOUS
10
6.8879071259842517
20
-3.9900195275590549
11
6.8879071259842517
21
-4.1329470866141733
0
LINE
8
BLACK
6
CONTINUOUS
10
6.8879071259842517
20
-4.1329470866141733
11
6.8871627559055115
21
-4.1352380708661416
0
LINE
8
BLACK
6
CONTINUOUS
10
6.8871627559055115
20
-4.1352380708661416
11
6.8868746850393698
21
-4.135575354330709
0
LINE
8
BLACK
6
CONTINUOUS
10
6.8868746850393698
20
-4.135575354330709
11
6.8830237401574799
21
-4.1405939763779527
0
LINE
8
BLACK
6
CONTINUOUS
10
6.8830237401574799
20
-4.1405939763779527
11
6.8830237401574799
21
-4.1405940157480314
0
LINE
8
BLACK
6
CONTINUOUS
10
6.8830237401574799
20
-4.1405940157480314
11
6.8806416535433073
21
-4.1463448818897639
0
LINE
8
BLACK
6
CONTINUOUS
10
6.8806416535433073
20
-4.1463448818897639
11
6.8806415748031498
21
-4.1463451968503939
0
LINE
8
BLACK
6
CONTINUOUS
10
6.8806415748031498
20
-4.1463451968503939
11
6.8798290944881888
21
-4.1525167716535432
0
LINE
8
BLACK
6
CONTINUOUS
10
6.8798290944881888
20
-4.1525167716535432
11
6.8798290944881888
21
-4.1525168110236219
0
LINE
8
BLACK
6
CONTINUOUS
10
6.8798290944881888
20
-4.1525168110236219
11
6.8806415748031498
21
-4.1586883858267711
0
LINE
8
BLACK
6
CONTINUOUS
10
6.8806415748031498
20
-4.1586883858267711
11
6.8806416535433073
21
-4.1586887007874012
0
LINE
8
BLACK
6
CONTINUOUS
10
6.8806416535433073
20
-4.1586887007874012
11
6.8830237401574799
21
-4.1644395669291336
0
LINE
8
BLACK
6
CONTINUOUS
10
6.8830237401574799
20
-4.1644395669291336
11
6.8830237401574799
21
-4.1644396062992124
0
LINE
8
BLACK
6
CONTINUOUS
10
6.8830237401574799
20
-4.1644396062992124
11
6.8866554724409443
21
-4.1691725590551183
0
LINE
8
BLACK
6
CONTINUOUS
10
6.8866554724409443
20
-4.1691725590551183
11
6.8868133464566927
21
-4.1693783070866139
0
LINE
8
BLACK
6
CONTINUOUS
10
6.8868133464566927
20
-4.1693783070866139
11
6.8868135039370078
21
-4.1693784251968502
0
LINE
8
BLACK
6
CONTINUOUS
10
6.8868135039370078
20
-4.1693784251968502
11
6.8873098031496065
21
-4.1697592519685038
0
LINE
8
BLACK
6
CONTINUOUS
10
6.8873098031496065
20
-4.1697592519685038
11
6.8886742125984251
21
-4.1717444488188979
0
LINE
8
BLACK
6
CONTINUOUS
10
6.8886742125984251
20
-4.1717444488188979
11
6.8886111811023625
21
-4.1741524803149606
0
LINE
8
BLACK
6
CONTINUOUS
10
6.8886111811023625
20
-4.1741524803149606
11
6.8871447637795278
21
-4.1760635826771653
0
LINE
8
BLACK
6
CONTINUOUS
10
6.8871447637795278
20
-4.1760635826771653
11
6.8849370866141735
21
-4.1767490944881889
0
LINE
8
BLACK
6
CONTINUOUS
10
6.8849370866141735
20
-4.1767490944881889
11
6.8334903149606294
21
-4.1767490944881889
0
LINE
8
BLACK
6
CONTINUOUS
10
6.8334903149606294
20
-4.1767490944881889
11
6.8311993307086611
21
-4.1760047244094487
0
LINE
8
BLACK
6
CONTINUOUS
10
6.8311993307086611
20
-4.1760047244094487
11
6.8297834251968501
21
-4.1740559055118105
0
LINE
8
BLACK
6
CONTINUOUS
10
6.8297834251968501
20
-4.1740559055118105
11
6.8297834251968501
21
-4.1716470078740153
0
LINE
8
BLACK
6
CONTINUOUS
10
6.8297834251968501
20
-4.1716470078740153
11
6.8311993307086611
21
-4.169698188976378
0
LINE
8
BLACK
6
CONTINUOUS
10
6.8311993307086611
20
-4.169698188976378
11
6.8322029921259837
21
-4.1691725590551183
0
LINE
8
BLACK
6
CONTINUOUS
10
6.8322029921259837
20
-4.1691725590551183
11
6.8322143307086609
21
-4.1691685826771652
0
LINE
8
BLACK
6
CONTINUOUS
10
6.8322143307086609
20
-4.1691685826771652
11
6.8324355511811019
21
-4.1690911811023623
0
LINE
8
BLACK
6
CONTINUOUS
10
6.8324355511811019
20
-4.1690911811023623
11
6.8384489370078736
21
-4.1653127165354329
0
LINE
8
BLACK
6
CONTINUOUS
10
6.8384489370078736
20
-4.1653127165354329
11
6.8434707480314962
21
-4.1602909055118111
0
LINE
8
BLACK
6
CONTINUOUS
10
6.8434707480314962
20
-4.1602909055118111
11
6.8472492125984248
21
-4.1542775196850394
0
LINE
8
BLACK
6
CONTINUOUS
10
6.8472492125984248
20
-4.1542775196850394
11
6.8495948425196849
21
-4.1475740944881885
0
LINE
8
BLACK
6
CONTINUOUS
10
6.8495948425196849
20
-4.1475740944881885
11
6.85039
21
-4.1405168110236223
0
LINE
8
BLACK
6
CONTINUOUS
10
6.85039
20
-4.1405168110236223
11
6.8495948425196849
21
-4.1334595275590553
0
LINE
8
BLACK
6
CONTINUOUS
10
6.8495948425196849
20
-4.1334595275590553
11
6.8472492125984248
21
-4.1267561023622044
0
LINE
8
BLACK
6
CONTINUOUS
10
6.8472492125984248
20
-4.1267561023622044
11
6.8459482283464563
21
-4.1246856299212595
0
LINE
8
BLACK
6
CONTINUOUS
10
6.8459482283464563
20
-4.1246856299212595
11
6.8434708267716537
21
-4.1207428346456689
0
LINE
8
BLACK
6
CONTINUOUS
10
6.8434708267716537
20
-4.1207428346456689
11
6.843470787401575
21
-4.1207427952755902
0
LINE
8
BLACK
6
CONTINUOUS
10
6.843470787401575
20
-4.1207427952755902
11
6.8434707480314962
21
-4.1207427165354327
0
LINE
8
BLACK
6
CONTINUOUS
10
6.8434707480314962
20
-4.1207427165354327
11
6.8384489370078736
21
-4.1157209055118109
0
LINE
8
BLACK
6
CONTINUOUS
10
6.8384489370078736
20
-4.1157209055118109
11
6.8384488188976373
21
-4.1157208267716534
0
LINE
8
BLACK
6
CONTINUOUS
10
6.8384488188976373
20
-4.1157208267716534
11
6.8384487795275586
21
-4.1157207874015747
0
LINE
8
BLACK
6
CONTINUOUS
10
6.8384487795275586
20
-4.1157207874015747
11
6.8324355905511807
21
-4.1119424409448815
0
LINE
8
BLACK
6
CONTINUOUS
10
6.8324355905511807
20
-4.1119424409448815
11
6.8257323622047243
21
-4.109596850393701
0
LINE
8
BLACK
6
CONTINUOUS
10
6.8257323622047243
20
-4.109596850393701
11
6.8257322047244093
21
-4.1095968110236223
0
LINE
8
BLACK
6
CONTINUOUS
10
6.8257322047244093
20
-4.1095968110236223
11
6.8186748425196848
21
-4.1088016535433072
0
LINE
8
BLACK
6
CONTINUOUS
10
6.8186748425196848
20
-4.1088016535433072
11
6.8116174409448815
21
-4.1095968110236223
0
LINE
8
BLACK
6
CONTINUOUS
10
6.8116174409448815
20
-4.1095968110236223
11
6.8116172834645665
21
-4.109596850393701
0
LINE
8
BLACK
6
CONTINUOUS
10
6.8116172834645665
20
-4.109596850393701
11
6.804914094488189
21
-4.1119424409448815
0
LINE
8
BLACK
6
CONTINUOUS
10
6.804914094488189
20
-4.1119424409448815
11
6.8049140551181102
21
-4.1119424409448815
0
LINE
8
BLACK
6
CONTINUOUS
10
6.8049140551181102
20
-4.1119424409448815
11
6.7989008661417323
21
-4.1157207874015747
0
LINE
8
BLACK
6
CONTINUOUS
10
6.7989008661417323
20
-4.1157207874015747
11
6.793878818897638
21
-4.1207428346456689
0
LINE
8
BLACK
6
CONTINUOUS
10
6.793878818897638
20
-4.1207428346456689
11
6.7901004724409448
21
-4.1267560236220469
0
LINE
8
BLACK
6
CONTINUOUS
10
6.7901004724409448
20
-4.1267560236220469
11
6.7901004724409448
21
-4.1267560629921256
0
LINE
8
BLACK
6
CONTINUOUS
10
6.7901004724409448
20
-4.1267560629921256
11
6.7877548818897635
21
-4.1334592519685041
0
LINE
8
BLACK
6
CONTINUOUS
10
6.7877548818897635
20
-4.1334592519685041
11
6.7877548425196848
21
-4.1334594094488191
0
LINE
8
BLACK
6
CONTINUOUS
10
6.7877548425196848
20
-4.1334594094488191
11
6.7869596850393696
21
-4.1405168110236223
0
LINE
8
BLACK
6
CONTINUOUS
10
6.7869596850393696
20
-4.1405168110236223
11
6.7877548425196848
21
-4.147574173228346
0
LINE
8
BLACK
6
CONTINUOUS
10
6.7877548425196848
20
-4.147574173228346
11
6.7877548818897635
21
-4.147574330708661
0
LINE
8
BLACK
6
CONTINUOUS
10
6.7877548818897635
20
-4.147574330708661
11
6.7901004724409448
21
-4.1542775196850394
0
LINE
8
BLACK
6
CONTINUOUS
10
6.7901004724409448
20
-4.1542775196850394
11
6.7901004724409448
21
-4.1542775590551182
0
LINE
8
BLACK
6
CONTINUOUS
10
6.7901004724409448
20
-4.1542775590551182
11
6.793878818897638
21
-4.1602907480314961
0
LINE
8
BLACK
6
CONTINUOUS
10
6.793878818897638
20
-4.1602907480314961
11
6.7938789370078743
21
-4.1602909055118111
0
LINE
8
BLACK
6
CONTINUOUS
10
6.7938789370078743
20
-4.1602909055118111
11
6.798900748031496
21
-4.1653127165354329
0
LINE
8
BLACK
6
CONTINUOUS
10
6.798900748031496
20
-4.1653127165354329
11
6.7989008267716535
21
-4.1653127559055116
0
LINE
8
BLACK
6
CONTINUOUS
10
6.7989008267716535
20
-4.1653127559055116
11
6.7989008661417323
21
-4.1653127952755904
0
LINE
8
BLACK
6
CONTINUOUS
10
6.7989008661417323
20
-4.1653127952755904
11
6.8038469291338579
21
-4.1684206299212594
0
LINE
8
BLACK
6
CONTINUOUS
10
6.8038469291338579
20
-4.1684206299212594
11
6.8049141338582677
21
-4.1690911811023623
0
LINE
8
BLACK
6
CONTINUOUS
10
6.8049141338582677
20
-4.1690911811023623
11
6.805112716535433
21
-4.1691606692913386
0
LINE
8
BLACK
6
CONTINUOUS
10
6.805112716535433
20
-4.1691606692913386
11
6.8051466929133859
21
-4.1691725590551183
0
LINE
8
BLACK
6
CONTINUOUS
10
6.8051466929133859
20
-4.1691725590551183
11
6.8070632283464567
21
-4.1706318110236218
0
LINE
8
BLACK
6
CONTINUOUS
10
6.8070632283464567
20
-4.1706318110236218
11
6.8077560236220469
21
-4.1729389370078742
0
LINE
8
BLACK
6
CONTINUOUS
10
6.8077560236220469
20
-4.1729389370078742
11
6.8069604330708664
21
-4.1752126377952754
0
LINE
8
BLACK
6
CONTINUOUS
10
6.8069604330708664
20
-4.1752126377952754
11
6.8049803149606296
21
-4.1765844094488189
0
LINE
8
BLACK
6
CONTINUOUS
10
6.8049803149606296
20
-4.1765844094488189
11
6.8038593700787402
21
-4.1767490944881889
0
LINE
8
BLACK
6
CONTINUOUS
10
6.8038593700787402
20
-4.1767490944881889
11
6.7888040944881887
21
-4.1767490944881889
0
LINE
8
BLACK
6
CONTINUOUS
10
6.7888040944881887
20
-4.1767490944881889
11
6.7865131102362204
21
-4.1760047244094487
0
LINE
8
BLACK
6
CONTINUOUS
10
6.7865131102362204
20
-4.1760047244094487
11
6.7857118897637791
21
-4.1752242125984251
0
LINE
8
BLACK
6
CONTINUOUS
10
6.7857118897637791
20
-4.1752242125984251
11
6.785227007874016
21
-4.1745923228346458
0
LINE
8
BLACK
6
CONTINUOUS
10
6.785227007874016
20
-4.1745923228346458
11
6.7846537795275585
21
-4.1741524803149606
0
LINE
8
BLACK
6
CONTINUOUS
10
6.7846537795275585
20
-4.1741524803149606
11
6.7802883858267711
21
-4.1708027952755904
0
LINE
8
BLACK
6
CONTINUOUS
10
6.7802883858267711
20
-4.1708027952755904
11
6.7802883464566923
21
-4.1708027559055116
0
LINE
8
BLACK
6
CONTINUOUS
10
6.7802883464566923
20
-4.1708027559055116
11
6.7802882677165357
21
-4.1708027165354329
0
LINE
8
BLACK
6
CONTINUOUS
10
6.7802882677165357
20
-4.1708027165354329
11
6.7745374015748032
21
-4.1684206299212594
0
LINE
8
BLACK
6
CONTINUOUS
10
6.7745374015748032
20
-4.1684206299212594
11
6.7745370866141732
21
-4.1684205511811019
0
LINE
8
BLACK
6
CONTINUOUS
10
6.7745370866141732
20
-4.1684205511811019
11
6.7683655511811018
21
-4.1676080708661418
0
LINE
8
BLACK
6
CONTINUOUS
10
6.7683655511811018
20
-4.1676080708661418
11
6.7683654724409443
21
-4.1676080708661418
0
LINE
8
BLACK
6
CONTINUOUS
10
6.7683654724409443
20
-4.1676080708661418
11
6.7621938976377951
21
-4.1684205511811019
0
LINE
8
BLACK
6
CONTINUOUS
10
6.7621938976377951
20
-4.1684205511811019
11
6.7621935826771651
21
-4.1684206299212594
0
LINE
8
BLACK
6
CONTINUOUS
10
6.7621935826771651
20
-4.1684206299212594
11
6.7564427165354326
21
-4.1708027165354329
0
LINE
8
BLACK
6
CONTINUOUS
10
6.7564427165354326
20
-4.1708027165354329
11
6.7564426771653538
21
-4.1708027165354329
0
LINE
8
BLACK
6
CONTINUOUS
10
6.7564426771653538
20
-4.1708027165354329
11
6.7515042125984248
21
-4.174592125984252
0
LINE
8
BLACK
6
CONTINUOUS
10
6.7515042125984248
20
-4.174592125984252
11
6.7515038188976373
21
-4.1745925196850395
0
LINE
8
BLACK
6
CONTINUOUS
10
6.7515038188976373
20
-4.1745925196850395
11
6.7477144094488191
21
-4.1795309842519686
0
LINE
8
BLACK
6
CONTINUOUS
10
6.7477144094488191
20
-4.1795309842519686
11
6.7477144094488191
21
-4.1795310236220473
0
LINE
8
BLACK
6
CONTINUOUS
10
6.7477144094488191
20
-4.1795310236220473
11
6.7453323228346456
21
-4.1852818897637798
0
LINE
8
BLACK
6
CONTINUOUS
10
6.7453323228346456
20
-4.1852818897637798
11
6.7453322440944881
21
-4.1852821653543302
0
LINE
8
BLACK
6
CONTINUOUS
10
6.7453322440944881
20
-4.1852821653543302
11
6.7446893307086615
21
-4.190165551181102
0
LINE
8
BLACK
6
CONTINUOUS
10
6.7446893307086615
20
-4.190165551181102
11
6.7436522834645665
21
-4.1923397637795272
0
LINE
8
BLACK
6
CONTINUOUS
10
6.7436522834645665
20
-4.1923397637795272
11
6.7415353149606299
21
-4.193489133858268
0
LINE
8
BLACK
6
CONTINUOUS
10
6.7415353149606299
20
-4.193489133858268
11
6.7403162992125987
21
-4.1935210629921258
0
LINE
8
BLACK
6
CONTINUOUS
10
6.7403162992125987
20
-4.1935210629921258
11
6.7385205511811019
21
-4.1932846456692916
0
LINE
8
BLACK
6
CONTINUOUS
10
6.7385205511811019
20
-4.1932846456692916
11
6.7385204724409444
21
-4.1932846456692916
0
LINE
8
BLACK
6
CONTINUOUS
10
6.7385204724409444
20
-4.1932846456692916
11
6.7323488976377952
21
-4.1940971259842517
0
LINE
8
BLACK
6
CONTINUOUS
10
6.7323488976377952
20
-4.1940971259842517
11
6.7323485826771652
21
-4.1940972047244092
0
LINE
8
BLACK
6
CONTINUOUS
10
6.7323485826771652
20
-4.1940972047244092
11
6.7265977165354327
21
-4.1964792913385827
0
LINE
8
BLACK
6
CONTINUOUS
10
6.7265977165354327
20
-4.1964792913385827
11
6.726597677165354
21
-4.1964792913385827
0
LINE
8
BLACK
6
CONTINUOUS
10
6.726597677165354
20
-4.1964792913385827
11
6.7216592125984249
21
-4.2002687007874018
0
LINE
8
BLACK
6
CONTINUOUS
10
6.7216592125984249
20
-4.2002687007874018
11
6.7216588188976374
21
-4.2002690944881893
0
LINE
8
BLACK
6
CONTINUOUS
10
6.7216588188976374
20
-4.2002690944881893
11
6.7178694094488192
21
-4.2052075590551183
0
LINE
8
BLACK
6
CONTINUOUS
10
6.7178694094488192
20
-4.2052075590551183
11
6.7178694094488192
21
-4.2052075984251971
0
LINE
8
BLACK
6
CONTINUOUS
10
6.7178694094488192
20
-4.2052075984251971
11
6.7154873228346457
21
-4.2109584645669287
0
LINE
8
BLACK
6
CONTINUOUS
10
6.7154873228346457
20
-4.2109584645669287
11
6.7154872440944882
21
-4.2109587795275587
0
LINE
8
BLACK
6
CONTINUOUS
10
6.7154872440944882
20
-4.2109587795275587
11
6.7146747637795272
21
-4.2171303543307088
0
LINE
8
BLACK
6
CONTINUOUS
10
6.7146747637795272
20
-4.2171303543307088
11
6.7146747637795272
21
-4.2171303937007876
0
LINE
8
BLACK
6
CONTINUOUS
10
6.7146747637795272
20
-4.2171303937007876
11
6.7154872440944882
21
-4.2233019685039368
0
LINE
8
BLACK
6
CONTINUOUS
10
6.7154872440944882
20
-4.2233019685039368
11
6.7154873228346457
21
-4.2233022834645668
0
LINE
8
BLACK
6
CONTINUOUS
10
6.7154873228346457
20
-4.2233022834645668
11
6.7178694094488192
21
-4.2290531496062993
0
LINE
8
BLACK
6
CONTINUOUS
10
6.7178694094488192
20
-4.2290531496062993
11
6.7178694094488192
21
-4.2290531889763781
0
LINE
8
BLACK
6
CONTINUOUS
10
6.7178694094488192
20
-4.2290531889763781
11
6.7216588188976374
21
-4.2339916535433071
0
LINE
8
BLACK
6
CONTINUOUS
10
6.7216588188976374
20
-4.2339916535433071
11
6.7216590157480312
21
-4.2339918897637796
0
LINE
8
BLACK
6
CONTINUOUS
10
6.7216590157480312
20
-4.2339918897637796
11
6.7265976377952752
21
-4.237781417322835
0
LINE
8
BLACK
6
CONTINUOUS
10
6.7265976377952752
20
-4.237781417322835
11
6.7323487795275589
21
-4.2401636220472438
0
LINE
8
BLACK
6
CONTINUOUS
10
6.7323487795275589
20
-4.2401636220472438
11
6.7369775590551182
21
-4.2407729921259838
0
LINE
8
BLACK
6
CONTINUOUS
10
6.7369775590551182
20
-4.2407729921259838
11
6.7385204724409444
21
-4.2409761417322835
0
LINE
8
BLACK
6
CONTINUOUS
10
6.7385204724409444
20
-4.2409761417322835
11
6.7385205118110232
21
-4.2409761417322835
0
LINE
8
BLACK
6
CONTINUOUS
10
6.7385205118110232
20
-4.2409761417322835
11
6.7385205511811019
21
-4.2409761417322835
0
LINE
8
BLACK
6
CONTINUOUS
10
6.7385205511811019
20
-4.2409761417322835
11
6.7397548425196847
21
-4.2408136220472441
0
LINE
8
BLACK
6
CONTINUOUS
10
6.7397548425196847
20
-4.2408136220472441
11
6.7446922440944883
21
-4.2401636220472438
0
LINE
8
BLACK
6
CONTINUOUS
10
6.7446922440944883
20
-4.2401636220472438
11
6.7504433858267712
21
-4.237781417322835
0
LINE
8
BLACK
6
CONTINUOUS
10
6.7504433858267712
20
-4.237781417322835
11
6.7553820078740152
21
-4.2339918897637796
0
LINE
8
BLACK
6
CONTINUOUS
10
6.7553820078740152
20
-4.2339918897637796
11
6.7591715354330706
21
-4.2290532677165356
0
LINE
8
BLACK
6
CONTINUOUS
10
6.7591715354330706
20
-4.2290532677165356
11
6.7615537401574803
21
-4.2233021259842518
0
LINE
8
BLACK
6
CONTINUOUS
10
6.7615537401574803
20
-4.2233021259842518
11
6.7621966535433069
21
-4.2184186220472437
0
LINE
8
BLACK
6
CONTINUOUS
10
6.7621966535433069
20
-4.2184186220472437
11
6.763233700787401
21
-4.2162444488188973
0
LINE
8
BLACK
6
CONTINUOUS
10
6.763233700787401
20
-4.2162444488188973
11
6.7653506692913385
21
-4.2150950393700786
0
LINE
8
BLACK
6
CONTINUOUS
10
6.7653506692913385
20
-4.2150950393700786
11
6.766569488188976
21
-4.2150631102362199
0
LINE
8
BLACK
6
CONTINUOUS
10
6.766569488188976
20
-4.2150631102362199
11
6.7683655118110231
21
-4.2152995669291338
0
LINE
8
BLACK
6
CONTINUOUS
10
6.7683655118110231
20
-4.2152995669291338
11
6.7745372440944882
21
-4.2144870472440941
0
LINE
8
BLACK
6
CONTINUOUS
10
6.7745372440944882
20
-4.2144870472440941
11
6.7802883858267711
21
-4.2121048425196852
0
LINE
8
BLACK
6
CONTINUOUS
10
6.7802883858267711
20
-4.2121048425196852
11
6.7842174803149602
21
-4.209089960629921
0
LINE
8
BLACK
6
CONTINUOUS
10
6.7842174803149602
20
-4.209089960629921
11
6.786488188976378
21
-4.2082858661417326
0
LINE
8
BLACK
6
CONTINUOUS
10
6.786488188976378
20
-4.2082858661417326
11
6.7865901968503932
21
-4.208284527559055
0
LINE
8
BLACK
6
CONTINUOUS
10
6.7865901968503932
20
-4.208284527559055
11
6.9321721653543307
21
-4.208284527559055
0
LINE
8
BLACK
6
CONTINUOUS
10
6.9321721653543307
20
-4.208284527559055
11
6.9321722047244094
21
-4.208284527559055
0
LINE
8
BLACK
6
CONTINUOUS
10
6.9321722047244094
20
-4.208284527559055
11
6.9330757086614172
21
-4.2079909448818897
0
LINE
8
BLACK
6
CONTINUOUS
10
6.9330757086614172
20
-4.2079909448818897
11
6.9336695275590552
21
-4.2078483464566929
0
LINE
8
BLACK
6
CONTINUOUS
10
6.9336695275590552
20
-4.2078483464566929
11
6.9346080708661413
21
-4.2076997244094487
0
LINE
8
BLACK
6
CONTINUOUS
10
6.9346080708661413
20
-4.2076997244094487
11
6.9354544488188976
21
-4.2072683858267714
0
LINE
8
BLACK
6
CONTINUOUS
10
6.9354544488188976
20
-4.2072683858267714
11
6.93601937007874
21
-4.2070344488188978
0
LINE
8
BLACK
6
CONTINUOUS
10
6.93601937007874
20
-4.2070344488188978
11
6.9369224803149603
21
-4.2067410629921262
0
LINE
8
BLACK
6
CONTINUOUS
10
6.9369224803149603
20
-4.2067410629921262
11
6.9376910629921262
21
-4.2061825984251966
0
LINE
8
BLACK
6
CONTINUOUS
10
6.9376910629921262
20
-4.2061825984251966
11
6.938212204724409
21
-4.2058632677165351
0
LINE
8
BLACK
6
CONTINUOUS
10
6.938212204724409
20
-4.2058632677165351
11
6.9390583858267716
21
-4.2054321653543303
0
LINE
8
BLACK
6
CONTINUOUS
10
6.9390583858267716
20
-4.2054321653543303
11
6.9397244488188976
21
-4.2047660236220468
0
LINE
8
BLACK
6
CONTINUOUS
10
6.9397244488188976
20
-4.2047660236220468
11
6.9397249212598426
21
-4.2047656692913389
0
LINE
8
BLACK
6
CONTINUOUS
10
6.9397249212598426
20
-4.2047656692913389
11
6.9453227559055115
21
-4.1991678346456691
0
LINE
8
BLACK
6
CONTINUOUS
10
6.9453227559055115
20
-4.1991678346456691
11
6.9559863779527555
21
-4.1885041338582676
0
LINE
8
BLACK
6
CONTINUOUS
10
6.9559863779527555
20
-4.1885041338582676
11
6.9581327165354327
21
-4.1874105511811024
0
LINE
8
BLACK
6
CONTINUOUS
10
6.9581327165354327
20
-4.1874105511811024
11
6.9585743700787397
21
-4.1873757480314957
0
LINE
8
BLACK
6
CONTINUOUS
10
6.9585743700787397
20
-4.1873757480314957
11
6.9586746850393695
21
-4.1873625196850393
0
LINE
8
BLACK
6
CONTINUOUS
10
6.9586746850393695
20
-4.1873625196850393
11
6.9586748425196845
21
-4.187362559055118
0
LINE
8
BLACK
6
CONTINUOUS
10
6.9586748425196845
20
-4.187362559055118
11
6.9648465748031496
21
-4.1865500393700783
0
LINE
8
BLACK
6
CONTINUOUS
10
6.9648465748031496
20
-4.1865500393700783
11
6.9705977165354325
21
-4.1841678346456694
0
LINE
8
BLACK
6
CONTINUOUS
10
6.9705977165354325
20
-4.1841678346456694
11
6.9755363385826774
21
-4.1803783070866141
0
LINE
8
BLACK
6
CONTINUOUS
10
6.9755363385826774
20
-4.1803783070866141
11
6.9793258661417319
21
-4.17543968503937
0
LINE
8
BLACK
6
CONTINUOUS
10
6.9793258661417319
20
-4.17543968503937
11
6.9817080708661416
21
-4.1696885433070863
0
LINE
8
BLACK
6
CONTINUOUS
10
6.9817080708661416
20
-4.1696885433070863
11
6.9825205905511813
21
-4.163516811023622
0
LINE
8
BLACK
6
CONTINUOUS
10
6.9825205905511813
20
-4.163516811023622
11
6.9817080708661416
21
-4.1573450787401578
0
LINE
8
BLACK
6
CONTINUOUS
10
6.9817080708661416
20
-4.1573450787401578
11
6.9806004724409449
21
-4.1546710629921257
0
LINE
8
BLACK
6
CONTINUOUS
10
6.9806004724409449
20
-4.1546710629921257
11
6.9793259055118106
21
-4.1515940157480316
0
LINE
8
BLACK
6
CONTINUOUS
10
6.9793259055118106
20
-4.1515940157480316
11
6.9793259055118106
21
-4.1515939763779528
0
LINE
8
BLACK
6
CONTINUOUS
10
6.9793259055118106
20
-4.1515939763779528
11
6.9755364960629915
21
-4.1466555118110238
0
LINE
8
BLACK
6
CONTINUOUS
10
6.9755364960629915
20
-4.1466555118110238
11
6.9755364566929137
21
-4.146655472440945
0
LINE
8
BLACK
6
CONTINUOUS
10
6.9755364566929137
20
-4.146655472440945
11
6.9755363385826774
21
-4.14665531496063
0
LINE
8
BLACK
6
CONTINUOUS
10
6.9755363385826774
20
-4.14665531496063
11
6.9755361417322836
21
-4.146655157480315
0
LINE
8
BLACK
6
CONTINUOUS
10
6.9755361417322836
20
-4.146655157480315
11
6.9755361023622049
21
-4.1466551181102362
0
LINE
8
BLACK
6
CONTINUOUS
10
6.9755361023622049
20
-4.1466551181102362
11
6.9705975984251971
21
-4.1428657086614171
0
LINE
8
BLACK
6
CONTINUOUS
10
6.9705975984251971
20
-4.1428657086614171
11
6.9648467322834646
21
-4.1404836220472436
0
LINE
8
BLACK
6
CONTINUOUS
10
6.9648467322834646
20
-4.1404836220472436
11
6.9648464173228346
21
-4.1404835433070861
0
LINE
8
BLACK
6
CONTINUOUS
10
6.9648464173228346
20
-4.1404835433070861
11
6.9586748818897632
21
-4.1396710629921261
0
LINE
8
BLACK
6
CONTINUOUS
10
6.9586748818897632
20
-4.1396710629921261
11
6.9586748031496057
21
-4.1396710629921261
0
LINE
8
BLACK
6
CONTINUOUS
10
6.9586748031496057
20
-4.1396710629921261
11
6.9525032283464565
21
-4.1404835433070861
0
LINE
8
BLACK
6
CONTINUOUS
10
6.9525032283464565
20
-4.1404835433070861
11
6.9525029133858265
21
-4.1404836220472436
0
LINE
8
BLACK
6
CONTINUOUS
10
6.9525029133858265
20
-4.1404836220472436
11
6.946752047244094
21
-4.1428657086614171
0
LINE
8
BLACK
6
CONTINUOUS
10
6.946752047244094
20
-4.1428657086614171
11
6.9467520078740153
21
-4.1428657086614171
0
LINE
8
BLACK
6
CONTINUOUS
10
6.9467520078740153
20
-4.1428657086614171
11
6.9418135433070862
21
-4.1466551181102362
0
LINE
8
BLACK
6
CONTINUOUS
10
6.9418135433070862
20
-4.1466551181102362
11
6.9418131496062987
21
-4.1466555118110238
0
LINE
8
BLACK
6
CONTINUOUS
10
6.9418131496062987
20
-4.1466555118110238
11
6.9380237401574805
21
-4.1515939763779528
0
LINE
8
BLACK
6
CONTINUOUS
10
6.9380237401574805
20
-4.1515939763779528
11
6.9380237401574805
21
-4.1515940157480316
0
LINE
8
BLACK
6
CONTINUOUS
10
6.9380237401574805
20
-4.1515940157480316
11
6.935641653543307
21
-4.157344881889764
0
LINE
8
BLACK
6
CONTINUOUS
10
6.935641653543307
20
-4.157344881889764
11
6.9356415748031495
21
-4.1573451968503932
0
LINE
8
BLACK
6
CONTINUOUS
10
6.9356415748031495
20
-4.1573451968503932
11
6.9347957480314957
21
-4.163770078740157
0
LINE
8
BLACK
6
CONTINUOUS
10
6.9347957480314957
20
-4.163770078740157
11
6.9347277165354333
21
-4.163761102362205
0
LINE
8
BLACK
6
CONTINUOUS
10
6.9347277165354333
20
-4.163761102362205
11
6.9340847244094483
21
-4.1657401181102358
0
LINE
8
BLACK
6
CONTINUOUS
10
6.9340847244094483
20
-4.1657401181102358
11
6.9336877165354327
21
-4.1662049212598422
0
LINE
8
BLACK
6
CONTINUOUS
10
6.9336877165354327
20
-4.1662049212598422
11
6.9296788976377952
21
-4.1702137401574806
0
LINE
8
BLACK
6
CONTINUOUS
10
6.9296788976377952
20
-4.1702137401574806
11
6.9275326377952755
21
-4.1713073228346458
0
LINE
8
BLACK
6
CONTINUOUS
10
6.9275326377952755
20
-4.1713073228346458
11
6.9251534251968501
21
-4.1709305118110231
0
LINE
8
BLACK
6
CONTINUOUS
10
6.9251534251968501
20
-4.1709305118110231
11
6.9234500787401574
21
-4.1692271653543305
0
LINE
8
BLACK
6
CONTINUOUS
10
6.9234500787401574
20
-4.1692271653543305
11
6.9230732677165356
21
-4.166847952755905
0
LINE
8
BLACK
6
CONTINUOUS
10
6.9230732677165356
20
-4.166847952755905
11
6.923830748031496
21
-4.1650849212598429
0
LINE
8
BLACK
6
CONTINUOUS
10
6.923830748031496
20
-4.1650849212598429
11
6.9243258661417322
21
-4.1644396850393699
0
LINE
8
BLACK
6
CONTINUOUS
10
6.9243258661417322
20
-4.1644396850393699
11
6.9267080708661419
21
-4.1586885433070861
0
LINE
8
BLACK
6
CONTINUOUS
10
6.9267080708661419
20
-4.1586885433070861
11
6.9275205905511807
21
-4.1525168110236219
0
LINE
8
BLACK
6
CONTINUOUS
10
6.9275205905511807
20
-4.1525168110236219
11
6.9267080708661419
21
-4.1463450787401577
0
LINE
8
BLACK
6
CONTINUOUS
10
6.9267080708661419
20
-4.1463450787401577
11
6.9252668897637797
21
-4.1428657874015746
0
LINE
8
BLACK
6
CONTINUOUS
10
6.9252668897637797
20
-4.1428657874015746
11
6.9243259055118109
21
-4.1405940157480314
0
LINE
8
BLACK
6
CONTINUOUS
10
6.9243259055118109
20
-4.1405940157480314
11
6.9243259055118109
21
-4.1405939763779527
0
LINE
8
BLACK
6
CONTINUOUS
10
6.9243259055118109
20
-4.1405939763779527
11
6.9203808267716536
21
-4.1354526377952752
0
LINE
8
BLACK
6
CONTINUOUS
10
6.9203808267716536
20
-4.1354526377952752
11
6.9204351968503932
21
-4.1354108661417319
0
LINE
8
BLACK
6
CONTINUOUS
10
6.9204351968503932
20
-4.1354108661417319
11
6.9194905511811022
21
-4.133556811023622
0
LINE
8
BLACK
6
CONTINUOUS
10
6.9194905511811022
20
-4.133556811023622
11
6.9194425590551178
21
-4.1329470866141733
0
LINE
8
BLACK
6
CONTINUOUS
10
6.9194425590551178
20
-4.1329470866141733
11
6.9194425590551178
21
-4.0847609055118106
0
LINE
8
BLACK
6
CONTINUOUS
10
6.9194425590551178
20
-4.0847609055118106
11
6.9194425590551178
21
-4.0006624803149604
0
LINE
8
BLACK
6
CONTINUOUS
10
6.9194425590551178
20
-4.0006624803149604
11
6.920186929133858
21
-3.9983714960629921
0
LINE
8
BLACK
6
CONTINUOUS
10
6.920186929133858
20
-3.9983714960629921
11
6.9205838976377949
21
-3.997906653543307
0
LINE
8
BLACK
6
CONTINUOUS
10
6.9205838976377949
20
-3.997906653543307
11
7.0043263385826773
21
-3.9141641732283463
0
LINE
8
BLACK
6
CONTINUOUS
10
7.0043263385826773
20
-3.9141641732283463
11
7.006472598425197
21
-3.9130706692913386
0
LINE
8
BLACK
6
CONTINUOUS
10
7.006472598425197
20
-3.9130706692913386
11
7.0085737795275591
21
-3.9133193307086613
0
LINE
8
BLACK
6
CONTINUOUS
10
7.0085737795275591
20
-3.9133193307086613
11
7.0097662992125986
21
-3.9138133070866141
0
LINE
8
BLACK
6
CONTINUOUS
10
7.0097662992125986
20
-3.9138133070866141
11
7.014395078740157
21
-3.9144226771653541
0
LINE
8
BLACK
6
CONTINUOUS
10
7.014395078740157
20
-3.9144226771653541
11
7.0159379921259841
21
-3.9146258267716534
0
LINE
8
BLACK
6
CONTINUOUS
10
7.0159379921259841
20
-3.9146258267716534
11
7.0159380314960629
21
-3.9146258267716534
0
LINE
8
BLACK
6
CONTINUOUS
10
7.0159380314960629
20
-3.9146258267716534
11
7.0159380708661416
21
-3.9146258267716534
0
LINE
8
BLACK
6
CONTINUOUS
10
7.0159380708661416
20
-3.9146258267716534
11
7.0171723622047244
21
-3.9144633070866139
0
LINE
8
BLACK
6
CONTINUOUS
10
7.0171723622047244
20
-3.9144633070866139
11
7.0221097637795271
21
-3.9138133070866141
0
LINE
8
BLACK
6
CONTINUOUS
10
7.0221097637795271
20
-3.9138133070866141
11
7.0278609055118109
21
-3.9114311023622048
0
LINE
8
BLACK
6
CONTINUOUS
10
7.0278609055118109
20
-3.9114311023622048
11
7.0327995275590549
21
-3.9076415748031494
0
LINE
8
BLACK
6
CONTINUOUS
10
7.0327995275590549
20
-3.9076415748031494
11
7.0365890551181103
21
-3.9027029527559054
0
LINE
8
BLACK
6
CONTINUOUS
10
7.0365890551181103
20
-3.9027029527559054
11
7.0389712598425191
21
-3.8969518110236221
0
LINE
8
BLACK
6
CONTINUOUS
10
7.0389712598425191
20
-3.8969518110236221
11
7.0397837795275588
21
-3.8907800787401574
0
LINE
8
BLACK
6
CONTINUOUS
10
7.0397837795275588
20
-3.8907800787401574
11
7.0397389370078738
21
-3.8904396062992124
0
LINE
8
BLACK
6
CONTINUOUS
10
7.0397389370078738
20
-3.8904396062992124
11
7.0390908661417324
21
-3.8855168503937008
0
LINE
8
BLACK
6
CONTINUOUS
10
7.0390908661417324
20
-3.8855168503937008
11
7.0389712598425191
21
-3.8846083464566927
0
LINE
8
BLACK
6
CONTINUOUS
10
7.0389712598425191
20
-3.8846083464566927
11
7.0378472440944879
21
-3.8818947244094488
0
LINE
8
BLACK
6
CONTINUOUS
10
7.0378472440944879
20
-3.8818947244094488
11
7.036589094488189
21
-3.8788572834645669
0
LINE
8
BLACK
6
CONTINUOUS
10
7.036589094488189
20
-3.8788572834645669
11
7.036589094488189
21
-3.8788572440944882
0
LINE
8
BLACK
6
CONTINUOUS
10
7.036589094488189
20
-3.8788572440944882
11
7.0327996850393699
21
-3.8739187795275591
0
LINE
8
BLACK
6
CONTINUOUS
10
7.0327996850393699
20
-3.8739187795275591
11
7.0327996456692912
21
-3.8739187401574804
0
LINE
8
BLACK
6
CONTINUOUS
10
7.0327996456692912
20
-3.8739187401574804
11
7.0327995275590549
21
-3.8739185826771654
0
LINE
8
BLACK
6
CONTINUOUS
10
7.0327995275590549
20
-3.8739185826771654
11
7.0327993307086611
21
-3.8739184251968504
0
LINE
8
BLACK
6
CONTINUOUS
10
7.0327993307086611
20
-3.8739184251968504
11
7.0327992913385824
21
-3.8739183858267716
0
LINE
8
BLACK
6
CONTINUOUS
10
7.0327992913385824
20
-3.8739183858267716
11
7.0278607874015746
21
-3.8701289763779525
0
LINE
8
BLACK
6
CONTINUOUS
10
7.0278607874015746
20
-3.8701289763779525
11
7.0221099212598421
21
-3.8677468897637794
0
LINE
8
BLACK
6
CONTINUOUS
10
7.0221099212598421
20
-3.8677468897637794
11
7.0221096062992121
21
-3.8677468110236219
0
LINE
8
BLACK
6
CONTINUOUS
10
7.0221096062992121
20
-3.8677468110236219
11
7.015684763779527
21
-3.8669009842519686
0
LINE
8
BLACK
6
CONTINUOUS
10
7.015684763779527
20
-3.8669009842519686
11
7.0156937007874012
21
-3.8668329527559053
0
LINE
8
BLACK
6
CONTINUOUS
10
7.0156937007874012
20
-3.8668329527559053
11
7.0137147244094491
21
-3.8661899606299213
0
LINE
8
BLACK
6
CONTINUOUS
10
7.0137147244094491
20
-3.8661899606299213
11
7.0132496456692914
21
-3.8657927559055119
0
LINE
8
BLACK
6
CONTINUOUS
10
7.0132496456692914
20
-3.8657927559055119
11
6.8356952755905507
21
-3.6882383858267715
0
LINE
8
BLACK
6
CONTINUOUS
10
6.8356952755905507
20
-3.6882383858267715
11
6.6569467716535433
21
-3.5094898818897637
0
LINE
8
BLACK
6
CONTINUOUS
10
6.6569467716535433
20
-3.5094898818897637
11
6.6569466141732283
21
-3.5094897637795275
0
LINE
8
BLACK
6
CONTINUOUS
10
6.6569466141732283
20
-3.5094897637795275
11
6.6566076771653542
21
-3.5091508267716534
0
LINE
8
BLACK
6
CONTINUOUS
10
6.6566076771653542
20
-3.5091508267716534
11
6.655514094488189
21
-3.5070044881889761
0
LINE
8
BLACK
6
CONTINUOUS
10
6.655514094488189
20
-3.5070044881889761
11
6.6558909055118107
21
-3.5046252755905511
0
LINE
8
BLACK
6
CONTINUOUS
10
6.6558909055118107
20
-3.5046252755905511
11
6.6575942519685034
21
-3.502921929133858
0
LINE
8
BLACK
6
CONTINUOUS
10
6.6575942519685034
20
-3.502921929133858
11
6.6593637401574801
21
-3.5024971259842519
0
LINE
8
BLACK
6
CONTINUOUS
10
6.6593637401574801
20
-3.5024971259842519
11
6.687741732283464
21
-3.5024971259842519
0
LINE
8
BLACK
6
CONTINUOUS
10
6.687741732283464
20
-3.5024971259842519
11
6.6900327165354332
21
-3.5032414960629921
0
LINE
8
BLACK
6
CONTINUOUS
10
6.6900327165354332
20
-3.5032414960629921
11
6.69049779527559
21
-3.5036387007874015
0
LINE
8
BLACK
6
CONTINUOUS
10
6.69049779527559
20
-3.5036387007874015
11
6.989687519685039
21
-3.8028284251968505
0
LINE
8
BLACK
6
CONTINUOUS
10
6.989687519685039
20
-3.8028284251968505
11
6.9907811023622042
21
-3.8049747637795273
0
LINE
8
BLACK
6
CONTINUOUS
10
6.9907811023622042
20
-3.8049747637795273
11
6.9908158267716534
21
-3.8054162204724409
0
LINE
8
BLACK
6
CONTINUOUS
10
6.9908158267716534
20
-3.8054162204724409
11
6.9916415748031495
21
-3.8116883858267716
0
LINE
8
BLACK
6
CONTINUOUS
10
6.9916415748031495
20
-3.8116883858267716
11
6.991641653543307
21
-3.8116887007874016
0
LINE
8
BLACK
6
CONTINUOUS
10
6.991641653543307
20
-3.8116887007874016
11
6.9940237401574805
21
-3.8174395669291337
0
LINE
8
BLACK
6
CONTINUOUS
10
6.9940237401574805
20
-3.8174395669291337
11
6.9940237401574805
21
-3.8174396062992124
0
LINE
8
BLACK
6
CONTINUOUS
10
6.9940237401574805
20
-3.8174396062992124
11
6.994023818897638
21
-3.8174396850393699
0
LINE
8
BLACK
6
CONTINUOUS
10
6.994023818897638
20
-3.8174396850393699
11
6.9978133464566925
21
-3.822378307086614
0
LINE
8
BLACK
6
CONTINUOUS
10
6.9978133464566925
20
-3.822378307086614
11
7.0027519685039366
21
-3.8261678346456693
0
LINE
8
BLACK
6
CONTINUOUS
10
7.0027519685039366
20
-3.8261678346456693
11
7.0085031102362203
21
-3.8285500393700787
0
LINE
8
BLACK
6
CONTINUOUS
10
7.0085031102362203
20
-3.8285500393700787
11
7.0131318897637795
21
-3.8291594094488186
0
LINE
8
BLACK
6
CONTINUOUS
10
7.0131318897637795
20
-3.8291594094488186
11
7.0146748031496058
21
-3.8293625590551179
0
LINE
8
BLACK
6
CONTINUOUS
10
7.0146748031496058
20
-3.8293625590551179
11
7.0146748425196845
21
-3.8293625590551179
0
LINE
8
BLACK
6
CONTINUOUS
10
7.0146748425196845
20
-3.8293625590551179
11
7.0146748818897633
21
-3.8293625590551179
0
LINE
8
BLACK
6
CONTINUOUS
10
7.0146748818897633
20
-3.8293625590551179
11
7.0159091732283461
21
-3.8292000393700785
0
LINE
8
BLACK
6
CONTINUOUS
10
7.0159091732283461
20
-3.8292000393700785
11
7.0208465748031497
21
-3.8285500393700787
0
LINE
8
BLACK
6
CONTINUOUS
10
7.0208465748031497
20
-3.8285500393700787
11
7.0265977165354325
21
-3.8261678346456693
0
LINE
8
BLACK
6
CONTINUOUS
10
7.0265977165354325
20
-3.8261678346456693
11
7.0315363385826766
21
-3.822378307086614
0
LINE
8
BLACK
6
CONTINUOUS
10
7.0315363385826766
20
-3.822378307086614
11
7.0353258661417319
21
-3.8174396850393699
0
LINE
8
BLACK
6
CONTINUOUS
10
7.0353258661417319
20
-3.8174396850393699
11
7.0377080708661417
21
-3.8116885433070866
0
LINE
8
BLACK
6
CONTINUOUS
10
7.0377080708661417
20
-3.8116885433070866
11
7.0385205905511805
21
-3.8055168110236219
0
LINE
8
BLACK
6
CONTINUOUS
10
7.0385205905511805
20
-3.8055168110236219
11
7.038449212598425
21
-3.8049747637795273
0
LINE
8
BLACK
6
CONTINUOUS
10
7.038449212598425
20
-3.8049747637795273
11
7.0377756299212599
21
-3.7998583858267714
0
LINE
8
BLACK
6
CONTINUOUS
10
7.0377756299212599
20
-3.7998583858267714
11
7.0377080708661417
21
-3.7993450787401573
0
LINE
8
BLACK
6
CONTINUOUS
10
7.0377080708661417
20
-3.7993450787401573
11
7.0373460236220469
21
-3.7984709842519684
0
LINE
8
BLACK
6
CONTINUOUS
10
7.0373460236220469
20
-3.7984709842519684
11
7.0353259055118107
21
-3.7935940157480315
0
LINE
8
BLACK
6
CONTINUOUS
10
7.0353259055118107
20
-3.7935940157480315
11
7.0353259055118107
21
-3.7935939763779527
0
LINE
8
BLACK
6
CONTINUOUS
10
7.0353259055118107
20
-3.7935939763779527
11
7.0315364960629916
21
-3.7886555118110237
0
LINE
8
BLACK
6
CONTINUOUS
10
7.0315364960629916
20
-3.7886555118110237
11
7.0315364566929128
21
-3.7886554724409449
0
LINE
8
BLACK
6
CONTINUOUS
10
7.0315364566929128
20
-3.7886554724409449
11
7.0315363385826766
21
-3.7886553149606299
0
LINE
8
BLACK
6
CONTINUOUS
10
7.0315363385826766
20
-3.7886553149606299
11
7.0315361417322837
21
-3.7886551574803149
0
LINE
8
BLACK
6
CONTINUOUS
10
7.0315361417322837
20
-3.7886551574803149
11
7.0315361023622049
21
-3.7886551181102361
0
LINE
8
BLACK
6
CONTINUOUS
10
7.0315361023622049
20
-3.7886551181102361
11
7.0265975984251963
21
-3.784865708661417
0
LINE
8
BLACK
6
CONTINUOUS
10
7.0265975984251963
20
-3.784865708661417
11
7.0208467322834647
21
-3.782483622047244
0
LINE
8
BLACK
6
CONTINUOUS
10
7.0208467322834647
20
-3.782483622047244
11
7.0208464173228347
21
-3.7824835433070865
0
LINE
8
BLACK
6
CONTINUOUS
10
7.0208464173228347
20
-3.7824835433070865
11
7.0144215748031495
21
-3.7816377165354331
0
LINE
8
BLACK
6
CONTINUOUS
10
7.0144215748031495
20
-3.7816377165354331
11
7.0144305118110237
21
-3.7815696850393699
0
LINE
8
BLACK
6
CONTINUOUS
10
7.0144305118110237
20
-3.7815696850393699
11
7.0124515354330708
21
-3.7809266929133858
0
LINE
8
BLACK
6
CONTINUOUS
10
7.0124515354330708
20
-3.7809266929133858
11
7.0119864566929131
21
-3.7805294881889764
0
LINE
8
BLACK
6
CONTINUOUS
10
7.0119864566929131
20
-3.7805294881889764
11
6.9349737795275592
21
-3.7035168110236221
0
LINE
8
BLACK
6
CONTINUOUS
10
6.9349737795275592
20
-3.7035168110236221
11
6.859684488188976
21
-3.6282275196850393
0
LINE
8
BLACK
6
CONTINUOUS
10
6.859684488188976
20
-3.6282275196850393
11
6.7061594488188971
21
-3.4747024803149604
0
LINE
8
BLACK
6
CONTINUOUS
10
6.7061594488188971
20
-3.4747024803149604
11
6.7061592913385821
21
-3.4747023622047242
0
LINE
8
BLACK
6
CONTINUOUS
10
6.7061592913385821
20
-3.4747023622047242
11
6.7060616141732279
21
-3.4746046850393699
0
LINE
8
BLACK
6
CONTINUOUS
10
6.7060616141732279
20
-3.4746046850393699
11
6.7060616141732279
21
-3.4746046456692912
0
LINE
8
BLACK
6
CONTINUOUS
10
6.7060616141732279
20
-3.4746046456692912
11
6.7052710236220472
21
-3.4738140944881888
0
LINE
8
BLACK
6
CONTINUOUS
10
6.7052710236220472
20
-3.4738140944881888
11
6.7052709842519684
21
-3.47381405511811
0
LINE
8
BLACK
6
CONTINUOUS
10
6.7052709842519684
20
-3.47381405511811
11
6.7044247244094484
21
-3.473382834645669
0
LINE
8
BLACK
6
CONTINUOUS
10
6.7044247244094484
20
-3.473382834645669
11
6.7039035039370081
21
-3.4730634251968504
0
LINE
8
BLACK
6
CONTINUOUS
10
6.7039035039370081
20
-3.4730634251968504
11
6.7036662204724404
21
-3.4728910236220472
0
LINE
8
BLACK
6
CONTINUOUS
10
6.7036662204724404
20
-3.4728910236220472
11
6.7031350787401571
21
-3.472505157480315
0
LINE
8
BLACK
6
CONTINUOUS
10
6.7031350787401571
20
-3.472505157480315
11
6.7031349999999996
21
-3.4725051181102362
0
LINE
8
BLACK
6
CONTINUOUS
10
6.7031349999999996
20
-3.4725051181102362
11
6.7022316141732281
21
-3.4722115748031497
0
LINE
8
BLACK
6
CONTINUOUS
10
6.7022316141732281
20
-3.4722115748031497
11
6.7016664960629919
21
-3.4719774803149606
0
LINE
8
BLACK
6
CONTINUOUS
10
6.7016664960629919
20
-3.4719774803149606
11
6.7008207480314956
21
-3.471546496062992
0
LINE
8
BLACK
6
CONTINUOUS
10
6.7008207480314956
20
-3.471546496062992
11
6.6998824803149608
21
-3.4713978740157478
0
LINE
8
BLACK
6
CONTINUOUS
10
6.6998824803149608
20
-3.4713978740157478
11
6.699287992125984
21
-3.471255118110236
0
LINE
8
BLACK
6
CONTINUOUS
10
6.699287992125984
20
-3.471255118110236
11
6.6983849606299213
21
-3.4709616929133857
0
LINE
8
BLACK
6
CONTINUOUS
10
6.6983849606299213
20
-3.4709616929133857
11
6.6983848031496063
21
-3.4709616929133857
0
LINE
8
BLACK
6
CONTINUOUS
10
6.6983848031496063
20
-3.4709616929133857
11
6.6971283464566929
21
-3.4709616929133857
0
LINE
8
BLACK
6
CONTINUOUS
10
6.6971283464566929
20
-3.4709616929133857
11
6.412529251968504
21
-3.4709616929133857
0
LINE
8
BLACK
6
CONTINUOUS
10
6.412529251968504
20
-3.4709616929133857
11
6.4102382677165357
21
-3.4702173228346456
0
LINE
8
BLACK
6
CONTINUOUS
10
6.4102382677165357
20
-3.4702173228346456
11
6.409773188976378
21
-3.4698201181102362
0
LINE
8
BLACK
6
CONTINUOUS
10
6.409773188976378
20
-3.4698201181102362
11
6.369158228346457
21
-3.4292051574803151
0
LINE
8
BLACK
6
CONTINUOUS
10
6.369158228346457
20
-3.4292051574803151
11
6.3680646456692909
21
-3.4270588188976379
0
LINE
8
BLACK
6
CONTINUOUS
10
6.3680646456692909
20
-3.4270588188976379
11
6.3680298818897638
21
-3.4266173228346455
0
LINE
8
BLACK
6
CONTINUOUS
10
6.3680298818897638
20
-3.4266173228346455
11
6.3672041338582677
21
-3.4203451574803148
0
LINE
8
BLACK
6
CONTINUOUS
10
6.3672041338582677
20
-3.4203451574803148
11
6.3672041338582677
21
-3.4203450393700785
0
LINE
8
BLACK
6
CONTINUOUS
10
6.3672041338582677
20
-3.4203450393700785
11
6.3672040551181102
21
-3.4203448425196852
0
LINE
8
BLACK
6
CONTINUOUS
10
6.3672040551181102
20
-3.4203448425196852
11
6.3648219685039367
21
-3.4145939763779527
0
LINE
8
BLACK
6
CONTINUOUS
10
6.3648219685039367
20
-3.4145939763779527
11
6.3648219685039367
21
-3.4145939370078739
0
LINE
8
BLACK
6
CONTINUOUS
10
6.3648219685039367
20
-3.4145939370078739
11
6.3610325590551176
21
-3.4096554724409449
0
LINE
8
BLACK
6
CONTINUOUS
10
6.3610325590551176
20
-3.4096554724409449
11
6.3610325196850388
21
-3.4096554330708662
0
LINE
8
BLACK
6
CONTINUOUS
10
6.3610325196850388
20
-3.4096554330708662
11
6.3610324015748034
21
-3.4096552755905511
0
LINE
8
BLACK
6
CONTINUOUS
10
6.3610324015748034
20
-3.4096552755905511
11
6.3610322047244097
21
-3.4096551181102361
0
LINE
8
BLACK
6
CONTINUOUS
10
6.3610322047244097
20
-3.4096551181102361
11
6.3610321653543309
21
-3.4096550787401574
0
LINE
8
BLACK
6
CONTINUOUS
10
6.3610321653543309
20
-3.4096550787401574
11
6.3582301181102361
21
-3.407505
0
LINE
8
BLACK
6
CONTINUOUS
10
6.3582301181102361
20
-3.407505
11
6.3560937795275585
21
-3.4058657480314958
0
LINE
8
BLACK
6
CONTINUOUS
10
6.3560937795275585
20
-3.4058657480314958
11
6.3560937401574797
21
-3.405865708661417
0
LINE
8
BLACK
6
CONTINUOUS
10
6.3560937401574797
20
-3.405865708661417
11
6.3560936614173231
21
-3.4058656692913387
0
LINE
8
BLACK
6
CONTINUOUS
10
6.3560936614173231
20
-3.4058656692913387
11
6.3503427952755906
21
-3.4034835826771652
0
LINE
8
BLACK
6
CONTINUOUS
10
6.3503427952755906
20
-3.4034835826771652
11
6.3503424803149606
21
-3.4034835039370077
0
LINE
8
BLACK
6
CONTINUOUS
10
6.3503424803149606
20
-3.4034835039370077
11
6.3441709448818893
21
-3.4026710236220472
0
LINE
8
BLACK
6
CONTINUOUS
10
6.3441709448818893
20
-3.4026710236220472
11
6.3441708661417318
21
-3.4026710236220472
0
LINE
8
BLACK
6
CONTINUOUS
10
6.3441708661417318
20
-3.4026710236220472
11
6.3379992913385825
21
-3.4034835039370077
0
LINE
8
BLACK
6
CONTINUOUS
10
6.3379992913385825
20
-3.4034835039370077
11
6.3379990944881888
21
-3.4034835433070865
0
LINE
8
BLACK
6
CONTINUOUS
10
6.3379990944881888
20
-3.4034835433070865
11
6.3366147637795276
21
-3.4040569685039368
0
LINE
8
BLACK
6
CONTINUOUS
10
6.3366147637795276
20
-3.4040569685039368
11
6.334213307086614
21
-3.4042459055118108
0
LINE
8
BLACK
6
CONTINUOUS
10
6.334213307086614
20
-3.4042459055118108
11
6.3321594488188975
21
-3.4029872440944882
0
LINE
8
BLACK
6
CONTINUOUS
10
6.3321594488188975
20
-3.4029872440944882
11
6.331237637795275
21
-3.4007617322834647
0
LINE
8
BLACK
6
CONTINUOUS
10
6.331237637795275
20
-3.4007617322834647
11
6.3315223228346458
21
-3.3989644094488187
0
LINE
8
BLACK
6
CONTINUOUS
10
6.3315223228346458
20
-3.3989644094488187
11
6.3315929133858262
21
-3.3987940157480314
0
LINE
8
BLACK
6
CONTINUOUS
10
6.3315929133858262
20
-3.3987940157480314
11
6.3337076771653544
21
-3.3936885433070865
0
LINE
8
BLACK
6
CONTINUOUS
10
6.3337076771653544
20
-3.3936885433070865
11
6.3345201968503932
21
-3.3875168110236218
0
LINE
8
BLACK
6
CONTINUOUS
10
6.3345201968503932
20
-3.3875168110236218
11
6.3337076771653544
21
-3.3813450787401576
0
LINE
8
BLACK
6
CONTINUOUS
10
6.3337076771653544
20
-3.3813450787401576
11
6.3333294881889763
21
-3.380432086614173
0
LINE
8
BLACK
6
CONTINUOUS
10
6.3333294881889763
20
-3.380432086614173
11
6.3313255118110234
21
-3.3755940157480313
0
LINE
8
BLACK
6
CONTINUOUS
10
6.3313255118110234
20
-3.3755940157480313
11
6.3313255118110234
21
-3.3755939763779526
0
LINE
8
BLACK
6
CONTINUOUS
10
6.3313255118110234
20
-3.3755939763779526
11
6.3275361023622043
21
-3.3706555118110235
0
LINE
8
BLACK
6
CONTINUOUS
10
6.3275361023622043
20
-3.3706555118110235
11
6.3275360629921256
21
-3.3706554724409448
0
LINE
8
BLACK
6
CONTINUOUS
10
6.3275360629921256
20
-3.3706554724409448
11
6.3275359448818893
21
-3.3706553149606298
0
LINE
8
BLACK
6
CONTINUOUS
10
6.3275359448818893
20
-3.3706553149606298
11
6.3275357480314955
21
-3.3706551574803147
0
LINE
8
BLACK
6
CONTINUOUS
10
6.3275357480314955
20
-3.3706551574803147
11
6.3275357086614168
21
-3.370655118110236
0
LINE
8
BLACK
6
CONTINUOUS
10
6.3275357086614168
20
-3.370655118110236
11
6.3234457086614171
21
-3.367516771653543
0
LINE
8
BLACK
6
CONTINUOUS
10
6.3234457086614171
20
-3.367516771653543
11
6.3225973228346453
21
-3.3668657874015748
0
LINE
8
BLACK
6
CONTINUOUS
10
6.3225973228346453
20
-3.3668657874015748
11
6.3225972834645665
21
-3.3668657480314961
0
LINE
8
BLACK
6
CONTINUOUS
10
6.3225972834645665
20
-3.3668657480314961
11
6.322597204724409
21
-3.3668657086614173
0
LINE
8
BLACK
6
CONTINUOUS
10
6.322597204724409
20
-3.3668657086614173
11
6.3168463385826774
21
-3.3644836220472438
0
LINE
8
BLACK
6
CONTINUOUS
10
6.3168463385826774
20
-3.3644836220472438
11
6.3168460236220474
21
-3.3644835433070863
0
LINE
8
BLACK
6
CONTINUOUS
10
6.3168460236220474
20
-3.3644835433070863
11
6.310674488188976
21
-3.3636710629921258
0
LINE
8
BLACK
6
CONTINUOUS
10
6.310674488188976
20
-3.3636710629921258
11
6.3106744094488185
21
-3.3636710629921258
0
LINE
8
BLACK
6
CONTINUOUS
10
6.3106744094488185
20
-3.3636710629921258
11
6.3045028346456693
21
-3.3644835433070863
0
LINE
8
BLACK
6
CONTINUOUS
10
6.3045028346456693
20
-3.3644835433070863
11
6.3045025196850393
21
-3.3644836220472438
0
LINE
8
BLACK
6
CONTINUOUS
10
6.3045025196850393
20
-3.3644836220472438
11
6.2987516535433068
21
-3.3668657086614173
0
LINE
8
BLACK
6
CONTINUOUS
10
6.2987516535433068
20
-3.3668657086614173
11
6.298751614173228
21
-3.3668657086614173
0
LINE
8
BLACK
6
CONTINUOUS
10
6.298751614173228
20
-3.3668657086614173
11
6.293813149606299
21
-3.370655118110236
0
LINE
8
BLACK
6
CONTINUOUS
10
6.293813149606299
20
-3.370655118110236
11
6.2938127559055115
21
-3.3706555118110235
0
LINE
8
BLACK
6
CONTINUOUS
10
6.2938127559055115
20
-3.3706555118110235
11
6.2900233464566924
21
-3.3755939763779526
0
LINE
8
BLACK
6
CONTINUOUS
10
6.2900233464566924
20
-3.3755939763779526
11
6.2900233464566924
21
-3.3755940157480313
0
LINE
8
BLACK
6
CONTINUOUS
10
6.2900233464566924
20
-3.3755940157480313
11
6.2876412598425198
21
-3.3813448818897638
0
LINE
8
BLACK
6
CONTINUOUS
10
6.2876412598425198
20
-3.3813448818897638
11
6.2876411811023623
21
-3.3813451968503938
0
LINE
8
BLACK
6
CONTINUOUS
10
6.2876411811023623
20
-3.3813451968503938
11
6.2868287007874013
21
-3.387516771653543
0
LINE
8
BLACK
6
CONTINUOUS
10
6.2868287007874013
20
-3.387516771653543
11
6.2868287007874013
21
-3.3875168110236218
0
LINE
8
BLACK
6
CONTINUOUS
10
6.2868287007874013
20
-3.3875168110236218
11
6.2876411811023623
21
-3.3936883858267715
0
LINE
8
BLACK
6
CONTINUOUS
10
6.2876411811023623
20
-3.3936883858267715
11
6.2876412598425198
21
-3.3936887007874015
0
LINE
8
BLACK
6
CONTINUOUS
10
6.2876412598425198
20
-3.3936887007874015
11
6.2900233464566924
21
-3.399439566929134
0
LINE
8
BLACK
6
CONTINUOUS
10
6.2900233464566924
20
-3.399439566929134
11
6.2900233464566924
21
-3.3994396062992127
0
LINE
8
BLACK
6
CONTINUOUS
10
6.2900233464566924
20
-3.3994396062992127
11
6.2939684645669294
21
-3.4045810236220473
0
LINE
8
BLACK
6
CONTINUOUS
10
6.2939684645669294
20
-3.4045810236220473
11
6.2939139370078738
21
-3.4046228346456693
0
LINE
8
BLACK
6
CONTINUOUS
10
6.2939139370078738
20
-3.4046228346456693
11
6.2948586614173223
21
-3.4064762204724408
0
LINE
8
BLACK
6
CONTINUOUS
10
6.2948586614173223
20
-3.4064762204724408
11
6.2949067322834642
21
-3.4070865354330708
0
LINE
8
BLACK
6
CONTINUOUS
10
6.2949067322834642
20
-3.4070865354330708
11
6.2949067322834642
21
-3.4522283070866142
0
LINE
8
BLACK
6
CONTINUOUS
10
6.2949067322834642
20
-3.4522283070866142
11
6.294162362204724
21
-3.4545192913385825
0
LINE
8
BLACK
6
CONTINUOUS
10
6.294162362204724
20
-3.4545192913385825
11
6.2922135433070867
21
-3.4559351968503935
0
LINE
8
BLACK
6
CONTINUOUS
10
6.2922135433070867
20
-3.4559351968503935
11
6.2898046456692915
21
-3.4559351968503935
0
LINE
8
BLACK
6
CONTINUOUS
10
6.2898046456692915
20
-3.4559351968503935
11
6.2882530314960627
21
-3.4549843700787402
0
LINE
8
BLACK
6
CONTINUOUS
10
6.2882530314960627
20
-3.4549843700787402
11
6.2709570472440941
21
-3.4376883858267715
0
LINE
8
BLACK
6
CONTINUOUS
10
6.2709570472440941
20
-3.4376883858267715
11
6.2519739763779523
21
-3.4187053149606297
0
LINE
8
BLACK
6
CONTINUOUS
10
6.2519739763779523
20
-3.4187053149606297
11
6.2519738188976373
21
-3.4187051968503934
0
LINE
8
BLACK
6
CONTINUOUS
10
6.2519738188976373
20
-3.4187051968503934
11
6.251876141732283
21
-3.4186075196850392
0
LINE
8
BLACK
6
CONTINUOUS
10
6.251876141732283
20
-3.4186075196850392
11
6.251876141732283
21
-3.4186074803149604
0
LINE
8
BLACK
6
CONTINUOUS
10
6.251876141732283
20
-3.4186074803149604
11
6.2510855511811023
21
-3.417816929133858
0
LINE
8
BLACK
6
CONTINUOUS
10
6.2510855511811023
20
-3.417816929133858
11
6.2510855118110236
21
-3.4178168897637793
0
LINE
8
BLACK
6
CONTINUOUS
10
6.2510855118110236
20
-3.4178168897637793
11
6.2502392519685035
21
-3.4173856692913387
0
LINE
8
BLACK
6
CONTINUOUS
10
6.2502392519685035
20
-3.4173856692913387
11
6.2497180314960632
21
-3.4170662598425197
0
LINE
8
BLACK
6
CONTINUOUS
10
6.2497180314960632
20
-3.4170662598425197
11
6.2494807480314956
21
-3.4168938582677164
0
LINE
8
BLACK
6
CONTINUOUS
10
6.2494807480314956
20
-3.4168938582677164
11
6.2489496062992123
21
-3.4165079921259842
0
LINE
8
BLACK
6
CONTINUOUS
10
6.2489496062992123
20
-3.4165079921259842
11
6.2489495275590548
21
-3.4165079527559055
0
LINE
8
BLACK
6
CONTINUOUS
10
6.2489495275590548
20
-3.4165079527559055
11
6.2480461417322832
21
-3.4162144094488189
0
LINE
8
BLACK
6
CONTINUOUS
10
6.2480461417322832
20
-3.4162144094488189
11
6.247481023622047
21
-3.4159803149606298
0
LINE
8
BLACK
6
CONTINUOUS
10
6.247481023622047
20
-3.4159803149606298
11
6.2466352755905508
21
-3.4155493307086613
0
LINE
8
BLACK
6
CONTINUOUS
10
6.2466352755905508
20
-3.4155493307086613
11
6.2456970078740159
21
-3.4154007086614171
0
LINE
8
BLACK
6
CONTINUOUS
10
6.2456970078740159
20
-3.4154007086614171
11
6.2451025196850392
21
-3.4152579527559053
0
LINE
8
BLACK
6
CONTINUOUS
10
6.2451025196850392
20
-3.4152579527559053
11
6.2441994881889764
21
-3.414964527559055
0
LINE
8
BLACK
6
CONTINUOUS
10
6.2441994881889764
20
-3.414964527559055
11
6.2441993307086614
21
-3.414964527559055
0
LINE
8
BLACK
6
CONTINUOUS
10
6.2441993307086614
20
-3.414964527559055
11
6.242942874015748
21
-3.414964527559055
0
LINE
8
BLACK
6
CONTINUOUS
10
6.242942874015748
20
-3.414964527559055
11
6.135721141732283
21
-3.414964527559055
0
LINE
8
BLACK
6
CONTINUOUS
10
6.135721141732283
20
-3.414964527559055
11
6.1334301574803147
21
-3.4142201574803148
0
LINE
8
BLACK
6
CONTINUOUS
10
6.1334301574803147
20
-3.4142201574803148
11
6.1320142519685037
21
-3.4122713385826771
0
LINE
8
BLACK
6
CONTINUOUS
10
6.1320142519685037
20
-3.4122713385826771
11
6.1320142519685037
21
-3.4098624409448819
0
LINE
8
BLACK
6
CONTINUOUS
10
6.1320142519685037
20
-3.4098624409448819
11
6.1334301574803147
21
-3.4079136220472441
0
LINE
8
BLACK
6
CONTINUOUS
10
6.1334301574803147
20
-3.4079136220472441
11
6.1352123622047241
21
-3.4072025984251968
0
LINE
8
BLACK
6
CONTINUOUS
10
6.1352123622047241
20
-3.4072025984251968
11
6.1354764960629922
21
-3.4071678346456693
0
LINE
8
BLACK
6
CONTINUOUS
10
6.1354764960629922
20
-3.4071678346456693
11
6.141227637795275
21
-3.4047856299212595
0
LINE
8
BLACK
6
CONTINUOUS
10
6.141227637795275
20
-3.4047856299212595
11
6.14616625984252
21
-3.4009961023622046
0
LINE
8
BLACK
6
CONTINUOUS
10
6.14616625984252
20
-3.4009961023622046
11
6.1499557874015744
21
-3.3960574803149606
0
LINE
8
BLACK
6
CONTINUOUS
10
6.1499557874015744
20
-3.3960574803149606
11
6.1523379921259842
21
-3.3903063385826773
0
LINE
8
BLACK
6
CONTINUOUS
10
6.1523379921259842
20
-3.3903063385826773
11
6.1531505118110239
21
-3.3841346062992126
0
LINE
8
BLACK
6
CONTINUOUS
10
6.1531505118110239
20
-3.3841346062992126
11
6.1523379921259842
21
-3.3779628740157479
0
LINE
8
BLACK
6
CONTINUOUS
10
6.1523379921259842
20
-3.3779628740157479
11
6.1499872047244093
21
-3.372287598425197
0
LINE
8
BLACK
6
CONTINUOUS
10
6.1499872047244093
20
-3.372287598425197
11
6.1499558267716532
21
-3.3722118110236221
0
LINE
8
BLACK
6
CONTINUOUS
10
6.1499558267716532
20
-3.3722118110236221
11
6.1499558267716532
21
-3.3722117716535434
0
LINE
8
BLACK
6
CONTINUOUS
10
6.1499558267716532
20
-3.3722117716535434
11
6.1461664173228341
21
-3.3672733070866139
0
LINE
8
BLACK
6
CONTINUOUS
10
6.1461664173228341
20
-3.3672733070866139
11
6.1461663779527553
21
-3.3672732677165356
0
LINE
8
BLACK
6
CONTINUOUS
10
6.1461663779527553
20
-3.3672732677165356
11
6.14616625984252
21
-3.3672731102362206
0
LINE
8
BLACK
6
CONTINUOUS
10
6.14616625984252
20
-3.3672731102362206
11
6.1461660629921262
21
-3.3672729527559055
0
LINE
8
BLACK
6
CONTINUOUS
10
6.1461660629921262
20
-3.3672729527559055
11
6.1461660236220474
21
-3.3672729133858268
0
LINE
8
BLACK
6
CONTINUOUS
10
6.1461660236220474
20
-3.3672729133858268
11
6.1414516929133853
21
-3.3636555118110234
0
LINE
8
BLACK
6
CONTINUOUS
10
6.1414516929133853
20
-3.3636555118110234
11
6.141227637795275
21
-3.3634835826771652
0
LINE
8
BLACK
6
CONTINUOUS
10
6.141227637795275
20
-3.3634835826771652
11
6.1412275984251963
21
-3.3634835433070864
0
LINE
8
BLACK
6
CONTINUOUS
10
6.1412275984251963
20
-3.3634835433070864
11
6.1412275196850397
21
-3.3634835039370077
0
LINE
8
BLACK
6
CONTINUOUS
10
6.1412275196850397
20
-3.3634835039370077
11
6.1354766535433072
21
-3.3611014173228346
0
LINE
8
BLACK
6
CONTINUOUS
10
6.1354766535433072
20
-3.3611014173228346
11
6.1354763385826772
21
-3.3611013385826771
0
LINE
8
BLACK
6
CONTINUOUS
10
6.1354763385826772
20
-3.3611013385826771
11
6.1293048031496058
21
-3.3602888582677166
0
LINE
8
BLACK
6
CONTINUOUS
10
6.1293048031496058
20
-3.3602888582677166
11
6.1293047244094483
21
-3.3602888582677166
0
LINE
8
BLACK
6
CONTINUOUS
10
6.1293047244094483
20
-3.3602888582677166
11
6.1231331496062991
21
-3.3611013385826771
0
LINE
8
BLACK
6
CONTINUOUS
10
6.1231331496062991
20
-3.3611013385826771
11
6.123132834645669
21
-3.3611014173228346
0
LINE
8
BLACK
6
CONTINUOUS
10
6.123132834645669
20
-3.3611014173228346
11
6.1173819685039366
21
-3.3634835039370077
0
LINE
8
BLACK
6
CONTINUOUS
10
6.1173819685039366
20
-3.3634835039370077
11
6.1173819291338578
21
-3.3634835039370077
0
LINE
8
BLACK
6
CONTINUOUS
10
6.1173819291338578
20
-3.3634835039370077
11
6.1124434645669288
21
-3.3672729133858268
0
LINE
8
BLACK
6
CONTINUOUS
10
6.1124434645669288
20
-3.3672729133858268
11
6.1124430708661412
21
-3.3672733070866139
0
LINE
8
BLACK
6
CONTINUOUS
10
6.1124430708661412
20
-3.3672733070866139
11
6.108653661417323
21
-3.3722117716535434
0
LINE
8
BLACK
6
CONTINUOUS
10
6.108653661417323
20
-3.3722117716535434
11
6.108653661417323
21
-3.3722118110236221
0
LINE
8
BLACK
6
CONTINUOUS
10
6.108653661417323
20
-3.3722118110236221
11
6.1062715748031495
21
-3.3779626771653541
0
LINE
8
BLACK
6
CONTINUOUS
10
6.1062715748031495
20
-3.3779626771653541
11
6.106271496062992
21
-3.3779629921259842
0
LINE
8
BLACK
6
CONTINUOUS
10
6.106271496062992
20
-3.3779629921259842
11
6.1054590157480311
21
-3.3841345669291338
0
LINE
8
BLACK
6
CONTINUOUS
10
6.1054590157480311
20
-3.3841345669291338
11
6.1054590157480311
21
-3.3841346062992126
0
LINE
8
BLACK
6
CONTINUOUS
10
6.1054590157480311
20
-3.3841346062992126
11
6.106271496062992
21
-3.3903061811023623
0
LINE
8
BLACK
6
CONTINUOUS
10
6.106271496062992
20
-3.3903061811023623
11
6.1062715748031495
21
-3.3903064960629918
0
LINE
8
BLACK
6
CONTINUOUS
10
6.1062715748031495
20
-3.3903064960629918
11
6.108653661417323
21
-3.3960573622047243
0
LINE
8
BLACK
6
CONTINUOUS
10
6.108653661417323
20
-3.3960573622047243
11
6.108653661417323
21
-3.3960574015748031
0
LINE
8
BLACK
6
CONTINUOUS
10
6.108653661417323
20
-3.3960574015748031
11
6.1112489763779525
21
-3.3994396850393702
0
LINE
8
BLACK
6
CONTINUOUS
10
6.1112489763779525
20
-3.3994396850393702
11
6.112443267716535
21
-3.4009961023622046
0
LINE
8
BLACK
6
CONTINUOUS
10
6.112443267716535
20
-3.4009961023622046
11
6.1173818897637791
21
-3.4047856299212595
0
LINE
8
BLACK
6
CONTINUOUS
10
6.1173818897637791
20
-3.4047856299212595
11
6.1173819291338578
21
-3.4047856299212595
0
LINE
8
BLACK
6
CONTINUOUS
10
6.1173819291338578
20
-3.4047856299212595
11
6.1173819685039366
21
-3.4047856692913383
0
LINE
8
BLACK
6
CONTINUOUS
10
6.1173819685039366
20
-3.4047856692913383
11
6.1231291338582672
21
-3.4071662204724409
0
LINE
8
BLACK
6
CONTINUOUS
10
6.1231291338582672
20
-3.4071662204724409
11
6.1231330314960628
21
-3.4071678346456693
0
LINE
8
BLACK
6
CONTINUOUS
10
6.1231330314960628
20
-3.4071678346456693
11
6.1233971259842521
21
-3.4072025984251968
0
LINE
8
BLACK
6
CONTINUOUS
10
6.1233971259842521
20
-3.4072025984251968
11
6.1255713385826773
21
-3.4082396456692914
0
LINE
8
BLACK
6
CONTINUOUS
10
6.1255713385826773
20
-3.4082396456692914
11
6.126720748031496
21
-3.4103565748031497
0
LINE
8
BLACK
6
CONTINUOUS
10
6.126720748031496
20
-3.4103565748031497
11
6.1264063385826768
21
-3.4127448425196851
0
LINE
8
BLACK
6
CONTINUOUS
10
6.1264063385826768
20
-3.4127448425196851
11
6.124748188976378
21
-3.4144922047244095
0
LINE
8
BLACK
6
CONTINUOUS
10
6.124748188976378
20
-3.4144922047244095
11
6.1228883858267711
21
-3.414964527559055
0
LINE
8
BLACK
6
CONTINUOUS
10
6.1228883858267711
20
-3.414964527559055
11
6.0910787795275585
21
-3.414964527559055
0
LINE
8
BLACK
6
CONTINUOUS
10
6.0910787795275585
20
-3.414964527559055
11
6.0887877952755902
21
-3.4142201574803148
0
LINE
8
BLACK
6
CONTINUOUS
10
6.0887877952755902
20
-3.4142201574803148
11
6.0873718897637792
21
-3.4122713385826771
0
LINE
8
BLACK
6
CONTINUOUS
10
6.0873718897637792
20
-3.4122713385826771
11
6.0873718897637792
21
-3.4098624409448819
0
LINE
8
BLACK
6
CONTINUOUS
10
6.0873718897637792
20
-3.4098624409448819
11
6.0874778346456688
21
-3.4095753543307086
0
LINE
8
BLACK
6
CONTINUOUS
10
6.0874778346456688
20
-3.4095753543307086
11
6.0893870866141731
21
-3.4049659448818899
0
LINE
8
BLACK
6
CONTINUOUS
10
6.0893870866141731
20
-3.4049659448818899
11
6.0893870866141731
21
-3.4049659055118111
0
LINE
8
BLACK
6
CONTINUOUS
10
6.0893870866141731
20
-3.4049659055118111
11
6.0893871653543306
21
-3.4049657480314961
0
LINE
8
BLACK
6
CONTINUOUS
10
6.0893871653543306
20
-3.4049657480314961
11
6.0901996850393703
21
-3.3987940157480314
0
LINE
8
BLACK
6
CONTINUOUS
10
6.0901996850393703
20
-3.3987940157480314
11
6.0893871653543306
21
-3.3926222834645667
0
LINE
8
BLACK
6
CONTINUOUS
10
6.0893871653543306
20
-3.3926222834645667
11
6.0870049999999996
21
-3.3868712204724409
0
LINE
8
BLACK
6
CONTINUOUS
10
6.0870049999999996
20
-3.3868712204724409
11
6.0870049999999996
21
-3.3868711811023622
0
LINE
8
BLACK
6
CONTINUOUS
10
6.0870049999999996
20
-3.3868711811023622
11
6.0832155905511813
21
-3.3819327165354331
0
LINE
8
BLACK
6
CONTINUOUS
10
6.0832155905511813
20
-3.3819327165354331
11
6.0832155511811026
21
-3.3819326771653544
0
LINE
8
BLACK
6
CONTINUOUS
10
6.0832155511811026
20
-3.3819326771653544
11
6.0832154330708663
21
-3.3819325196850394
0
LINE
8
BLACK
6
CONTINUOUS
10
6.0832154330708663
20
-3.3819325196850394
11
6.0832152362204726
21
-3.3819323622047244
0
LINE
8
BLACK
6
CONTINUOUS
10
6.0832152362204726
20
-3.3819323622047244
11
6.0832151968503938
21
-3.3819323228346456
0
LINE
8
BLACK
6
CONTINUOUS
10
6.0832151968503938
20
-3.3819323228346456
11
6.079966692913386
21
-3.3794396850393702
0
LINE
8
BLACK
6
CONTINUOUS
10
6.079966692913386
20
-3.3794396850393702
11
6.0782768110236223
21
-3.378142992125984
0
LINE
8
BLACK
6
CONTINUOUS
10
6.0782768110236223
20
-3.378142992125984
11
6.0782767716535435
21
-3.3781429527559053
0
LINE
8
BLACK
6
CONTINUOUS
10
6.0782767716535435
20
-3.3781429527559053
11
6.078276692913386
21
-3.3781429133858265
0
LINE
8
BLACK
6
CONTINUOUS
10
6.078276692913386
20
-3.3781429133858265
11
6.0725258267716535
21
-3.3757608267716535
0
LINE
8
BLACK
6
CONTINUOUS
10
6.0725258267716535
20
-3.3757608267716535
11
6.0725255118110235
21
-3.375760748031496
0
LINE
8
BLACK
6
CONTINUOUS
10
6.0725255118110235
20
-3.375760748031496
11
6.066353976377953
21
-3.3749482677165354
0
LINE
8
BLACK
6
CONTINUOUS
10
6.066353976377953
20
-3.3749482677165354
11
6.0663538976377955
21
-3.3749482677165354
0
LINE
8
BLACK
6
CONTINUOUS
10
6.0663538976377955
20
-3.3749482677165354
11
6.0601823228346454
21
-3.375760748031496
0
LINE
8
BLACK
6
CONTINUOUS
10
6.0601823228346454
20
-3.375760748031496
11
6.0601820078740154
21
-3.3757608267716535
0
LINE
8
BLACK
6
CONTINUOUS
10
6.0601820078740154
20
-3.3757608267716535
11
6.0544311417322829
21
-3.3781429133858265
0
LINE
8
BLACK
6
CONTINUOUS
10
6.0544311417322829
20
-3.3781429133858265
11
6.0521337007874019
21
-3.3799057874015745
0
LINE
8
BLACK
6
CONTINUOUS
10
6.0521337007874019
20
-3.3799057874015745
11
6.0498629921259841
21
-3.3807098425196851
0
LINE
8
BLACK
6
CONTINUOUS
10
6.0498629921259841
20
-3.3807098425196851
11
6.0475533464566924
21
-3.3800256692913386
0
LINE
8
BLACK
6
CONTINUOUS
10
6.0475533464566924
20
-3.3800256692913386
11
6.0466688188976381
21
-3.3791862598425197
0
LINE
8
BLACK
6
CONTINUOUS
10
6.0466688188976381
20
-3.3791862598425197
11
6.0442832677165352
21
-3.3760773228346457
0
LINE
8
BLACK
6
CONTINUOUS
10
6.0442832677165352
20
-3.3760773228346457
11
6.0442832283464565
21
-3.3760772834645669
0
LINE
8
BLACK
6
CONTINUOUS
10
6.0442832283464565
20
-3.3760772834645669
11
6.0442831102362202
21
-3.3760771259842519
0
LINE
8
BLACK
6
CONTINUOUS
10
6.0442831102362202
20
-3.3760771259842519
11
6.0442829133858265
21
-3.3760769685039369
0
LINE
8
BLACK
6
CONTINUOUS
10
6.0442829133858265
20
-3.3760769685039369
11
6.0442828740157477
21
-3.3760769291338582
0
LINE
8
BLACK
6
CONTINUOUS
10
6.0442828740157477
20
-3.3760769291338582
11
6.0393443700787399
21
-3.3722875196850395
0
LINE
8
BLACK
6
CONTINUOUS
10
6.0393443700787399
20
-3.3722875196850395
11
6.0335935039370074
21
-3.369905433070866
0
LINE
8
BLACK
6
CONTINUOUS
10
6.0335935039370074
20
-3.369905433070866
11
6.0335931889763774
21
-3.3699053543307085
0
LINE
8
BLACK
6
CONTINUOUS
10
6.0335931889763774
20
-3.3699053543307085
11
6.0274216535433069
21
-3.369092874015748
0
LINE
8
BLACK
6
CONTINUOUS
10
6.0274216535433069
20
-3.369092874015748
11
6.0274215748031494
21
-3.369092874015748
0
LINE
8
BLACK
6
CONTINUOUS
10
6.0274215748031494
20
-3.369092874015748
11
6.0212500000000002
21
-3.3699053543307085
0
LINE
8
BLACK
6
CONTINUOUS
10
6.0212500000000002
20
-3.3699053543307085
11
6.0212496850393702
21
-3.369905433070866
0
LINE
8
BLACK
6
CONTINUOUS
10
6.0212496850393702
20
-3.369905433070866
11
6.0154988188976377
21
-3.3722875196850395
0
LINE
8
BLACK
6
CONTINUOUS
10
6.0154988188976377
20
-3.3722875196850395
11
6.015498779527559
21
-3.3722875196850395
0
LINE
8
BLACK
6
CONTINUOUS
10
6.015498779527559
20
-3.3722875196850395
11
6.0105603149606299
21
-3.3760769291338582
0
LINE
8
BLACK
6
CONTINUOUS
10
6.0105603149606299
20
-3.3760769291338582
11
6.0105599212598424
21
-3.3760773228346457
0
LINE
8
BLACK
6
CONTINUOUS
10
6.0105599212598424
20
-3.3760773228346457
11
6.0067705118110233
21
-3.3810157874015747
0
LINE
8
BLACK
6
CONTINUOUS
10
6.0067705118110233
20
-3.3810157874015747
11
6.0067705118110233
21
-3.3810158267716535
0
LINE
8
BLACK
6
CONTINUOUS
10
6.0067705118110233
20
-3.3810158267716535
11
6.0043884251968507
21
-3.3867666929133859
0
LINE
8
BLACK
6
CONTINUOUS
10
6.0043884251968507
20
-3.3867666929133859
11
6.0043883464566932
21
-3.3867670078740155
0
LINE
8
BLACK
6
CONTINUOUS
10
6.0043883464566932
20
-3.3867670078740155
11
6.0035758661417322
21
-3.3929385826771652
0
LINE
8
BLACK
6
CONTINUOUS
10
6.0035758661417322
20
-3.3929385826771652
11
6.0035758661417322
21
-3.3929386220472439
0
LINE
8
BLACK
6
CONTINUOUS
10
6.0035758661417322
20
-3.3929386220472439
11
6.0043883464566932
21
-3.3991101968503936
0
LINE
8
BLACK
6
CONTINUOUS
10
6.0043883464566932
20
-3.3991101968503936
11
6.0043884251968507
21
-3.3991105511811024
0
LINE
8
BLACK
6
CONTINUOUS
10
6.0043884251968507
20
-3.3991105511811024
11
6.0067682677165353
21
-3.4048559842519683
0
LINE
8
BLACK
6
CONTINUOUS
10
6.0067682677165353
20
-3.4048559842519683
11
6.0069572834645664
21
-3.4072574015748032
0
LINE
8
BLACK
6
CONTINUOUS
10
6.0069572834645664
20
-3.4072574015748032
11
6.0056986220472437
21
-3.4093112992125985
0
LINE
8
BLACK
6
CONTINUOUS
10
6.0056986220472437
20
-3.4093112992125985
11
6.0034731102362207
21
-3.4102331496062992
0
LINE
8
BLACK
6
CONTINUOUS
10
6.0034731102362207
20
-3.4102331496062992
11
6.0031673228346456
21
-3.4102451574803148
0
LINE
8
BLACK
6
CONTINUOUS
10
6.0031673228346456
20
-3.4102451574803148
11
5.9232931102362203
21
-3.4102451574803148
0
LINE
8
BLACK
6
CONTINUOUS
10
5.9232931102362203
20
-3.4102451574803148
11
5.9182983858267715
21
-3.4102451574803148
0
LINE
8
BLACK
6
CONTINUOUS
10
5.9182983858267715
20
-3.4102451574803148
11
5.918298307086614
21
-3.4102451574803148
0
LINE
8
BLACK
6
CONTINUOUS
10
5.918298307086614
20
-3.4102451574803148
11
5.9182981889763777
21
-3.4102451968503935
0
LINE
8
BLACK
6
CONTINUOUS
10
5.9182981889763777
20
-3.4102451968503935
11
5.9173951181102362
21
-3.4105385826771655
0
LINE
8
BLACK
6
CONTINUOUS
10
5.9173951181102362
20
-3.4105385826771655
11
5.9168008267716532
21
-3.4106812598425198
0
LINE
8
BLACK
6
CONTINUOUS
10
5.9168008267716532
20
-3.4106812598425198
11
5.9158627165354325
21
-3.4108298818897635
0
LINE
8
BLACK
6
CONTINUOUS
10
5.9158627165354325
20
-3.4108298818897635
11
5.9158623228346459
21
-3.4108299999999998
0
LINE
8
BLACK
6
CONTINUOUS
10
5.9158623228346459
20
-3.4108299999999998
11
5.9150162992125983
21
-3.4112611023622046
0
LINE
8
BLACK
6
CONTINUOUS
10
5.9150162992125983
20
-3.4112611023622046
11
5.9144513779527559
21
-3.4114950787401574
0
LINE
8
BLACK
6
CONTINUOUS
10
5.9144513779527559
20
-3.4114950787401574
11
5.9142025196850394
21
-3.4115759448818896
0
LINE
8
BLACK
6
CONTINUOUS
10
5.9142025196850394
20
-3.4115759448818896
11
5.9135481496062994
21
-3.4117885826771652
0
LINE
8
BLACK
6
CONTINUOUS
10
5.9135481496062994
20
-3.4117885826771652
11
5.9127797244094484
21
-3.4123468897637794
0
LINE
8
BLACK
6
CONTINUOUS
10
5.9127797244094484
20
-3.4123468897637794
11
5.9122583464566931
21
-3.412666377952756
0
LINE
8
BLACK
6
CONTINUOUS
10
5.9122583464566931
20
-3.412666377952756
11
5.9114122047244093
21
-3.4130975196850395
0
LINE
8
BLACK
6
CONTINUOUS
10
5.9114122047244093
20
-3.4130975196850395
11
5.9114121259842518
21
-3.4130975590551182
0
LINE
8
BLACK
6
CONTINUOUS
10
5.9114121259842518
20
-3.4130975590551182
11
5.9105237401574806
21
-3.4139859448818899
0
LINE
8
BLACK
6
CONTINUOUS
10
5.9105237401574806
20
-3.4139859448818899
11
5.9069022047244095
21
-3.4176075196850393
0
LINE
8
BLACK
6
CONTINUOUS
10
5.9069022047244095
20
-3.4176075196850393
11
5.9047558661417323
21
-3.4187011023622045
0
LINE
8
BLACK
6
CONTINUOUS
10
5.9047558661417323
20
-3.4187011023622045
11
5.9041461417322836
21
-3.4187490944881889
0
LINE
8
BLACK
6
CONTINUOUS
10
5.9041461417322836
20
-3.4187490944881889
11
5.8545996850393696
21
-3.4187490944881889
0
LINE
8
BLACK
6
CONTINUOUS
10
5.8545996850393696
20
-3.4187490944881889
11
5.8523087007874013
21
-3.4180047244094487
0
LINE
8
BLACK
6
CONTINUOUS
10
5.8523087007874013
20
-3.4180047244094487
11
5.8515074803149609
21
-3.4172241732283464
0
LINE
8
BLACK
6
CONTINUOUS
10
5.8515074803149609
20
-3.4172241732283464
11
5.8502565748031499
21
-3.4155939763779526
0
LINE
8
BLACK
6
CONTINUOUS
10
5.8502565748031499
20
-3.4155939763779526
11
5.8495363385826771
21
-3.4146553149606298
0
LINE
8
BLACK
6
CONTINUOUS
10
5.8495363385826771
20
-3.4146553149606298
11
5.8495361417322833
21
-3.4146551574803148
0
LINE
8
BLACK
6
CONTINUOUS
10
5.8495361417322833
20
-3.4146551574803148
11
5.8495361023622046
21
-3.414655118110236
0
LINE
8
BLACK
6
CONTINUOUS
10
5.8495361023622046
20
-3.414655118110236
11
5.8458003149606297
21
-3.4117885826771652
0
LINE
8
BLACK
6
CONTINUOUS
10
5.8458003149606297
20
-3.4117885826771652
11
5.844597716535433
21
-3.4108657874015749
0
LINE
8
BLACK
6
CONTINUOUS
10
5.844597716535433
20
-3.4108657874015749
11
5.8445976771653543
21
-3.4108657480314961
0
LINE
8
BLACK
6
CONTINUOUS
10
5.8445976771653543
20
-3.4108657480314961
11
5.8445975984251968
21
-3.4108657086614174
0
LINE
8
BLACK
6
CONTINUOUS
10
5.8445975984251968
20
-3.4108657086614174
11
5.8388467322834643
21
-3.4084836220472439
0
LINE
8
BLACK
6
CONTINUOUS
10
5.8388467322834643
20
-3.4084836220472439
11
5.8388464173228343
21
-3.4084835433070864
0
LINE
8
BLACK
6
CONTINUOUS
10
5.8388464173228343
20
-3.4084835433070864
11
5.8326748818897638
21
-3.4076710629921259
0
LINE
8
BLACK
6
CONTINUOUS
10
5.8326748818897638
20
-3.4076710629921259
11
5.8326748031496063
21
-3.4076710629921259
0
LINE
8
BLACK
6
CONTINUOUS
10
5.8326748031496063
20
-3.4076710629921259
11
5.8265032283464562
21
-3.4084835433070864
0
LINE
8
BLACK
6
CONTINUOUS
10
5.8265032283464562
20
-3.4084835433070864
11
5.826502913385827
21
-3.4084836220472439
0
LINE
8
BLACK
6
CONTINUOUS
10
5.826502913385827
20
-3.4084836220472439
11
5.8207520472440946
21
-3.4108657086614174
0
LINE
8
BLACK
6
CONTINUOUS
10
5.8207520472440946
20
-3.4108657086614174
11
5.8207520078740158
21
-3.4108657086614174
0
LINE
8
BLACK
6
CONTINUOUS
10
5.8207520078740158
20
-3.4108657086614174
11
5.8158135433070868
21
-3.414655118110236
0
LINE
8
BLACK
6
CONTINUOUS
10
5.8158135433070868
20
-3.414655118110236
11
5.8158131496062992
21
-3.4146555118110236
0
LINE
8
BLACK
6
CONTINUOUS
10
5.8158131496062992
20
-3.4146555118110236
11
5.8120237401574801
21
-3.4195939763779526
0
LINE
8
BLACK
6
CONTINUOUS
10
5.8120237401574801
20
-3.4195939763779526
11
5.8120237401574801
21
-3.4195940157480313
0
LINE
8
BLACK
6
CONTINUOUS
10
5.8120237401574801
20
-3.4195940157480313
11
5.8096416535433066
21
-3.4253448818897638
0
LINE
8
BLACK
6
CONTINUOUS
10
5.8096416535433066
20
-3.4253448818897638
11
5.8096415748031491
21
-3.4253451968503934
0
LINE
8
BLACK
6
CONTINUOUS
10
5.8096415748031491
20
-3.4253451968503934
11
5.8088290944881891
21
-3.4315167716535431
0
LINE
8
BLACK
6
CONTINUOUS
10
5.8088290944881891
20
-3.4315167716535431
11
5.8088290944881891
21
-3.4315168110236218
0
LINE
8
BLACK
6
CONTINUOUS
10
5.8088290944881891
20
-3.4315168110236218
11
5.8096415748031491
21
-3.4376883858267715
0
LINE
8
BLACK
6
CONTINUOUS
10
5.8096415748031491
20
-3.4376883858267715
11
5.8096416535433066
21
-3.4376887007874015
0
LINE
8
BLACK
6
CONTINUOUS
10
5.8096416535433066
20
-3.4376887007874015
11
5.8120237401574801
21
-3.443439566929134
0
LINE
8
BLACK
6
CONTINUOUS
10
5.8120237401574801
20
-3.443439566929134
11
5.8120237401574801
21
-3.4434396062992123
0
LINE
8
BLACK
6
CONTINUOUS
10
5.8120237401574801
20
-3.4434396062992123
11
5.8156633464566925
21
-3.4481828346456691
0
LINE
8
BLACK
6
CONTINUOUS
10
5.8156633464566925
20
-3.4481828346456691
11
5.815813346456693
21
-3.4483783070866143
0
LINE
8
BLACK
6
CONTINUOUS
10
5.815813346456693
20
-3.4483783070866143
11
5.815813503937008
21
-3.4483784251968501
0
LINE
8
BLACK
6
CONTINUOUS
10
5.815813503937008
20
-3.4483784251968501
11
5.8158135433070868
21
-3.4483784645669289
0
LINE
8
BLACK
6
CONTINUOUS
10
5.8158135433070868
20
-3.4483784645669289
11
5.8166683858267714
21
-3.449034409448819
0
LINE
8
BLACK
6
CONTINUOUS
10
5.8166683858267714
20
-3.449034409448819
11
5.8207519685039371
21
-3.4521678346456692
0
LINE
8
BLACK
6
CONTINUOUS
10
5.8207519685039371
20
-3.4521678346456692
11
5.8207520078740158
21
-3.4521678346456692
0
LINE
8
BLACK
6
CONTINUOUS
10
5.8207520078740158
20
-3.4521678346456692
11
5.8207520472440946
21
-3.452167874015748
0
LINE
8
BLACK
6
CONTINUOUS
10
5.8207520472440946
20
-3.452167874015748
11
5.826502913385827
21
-3.454549960629921
0
LINE
8
BLACK
6
CONTINUOUS
10
5.826502913385827
20
-3.454549960629921
11
5.8265031102362199
21
-3.4545500393700785
0
LINE
8
BLACK
6
CONTINUOUS
10
5.8265031102362199
20
-3.4545500393700785
11
5.8311318897637792
21
-3.4551594094488189
0
LINE
8
BLACK
6
CONTINUOUS
10
5.8311318897637792
20
-3.4551594094488189
11
5.8326748031496063
21
-3.4553625590551182
0
LINE
8
BLACK
6
CONTINUOUS
10
5.8326748031496063
20
-3.4553625590551182
11
5.832674842519685
21
-3.4553625590551182
0
LINE
8
BLACK
6
CONTINUOUS
10
5.832674842519685
20
-3.4553625590551182
11
5.8326748818897638
21
-3.4553625590551182
0
LINE
8
BLACK
6
CONTINUOUS
10
5.8326748818897638
20
-3.4553625590551182
11
5.8339091732283466
21
-3.4552000393700788
0
LINE
8
BLACK
6
CONTINUOUS
10
5.8339091732283466
20
-3.4552000393700788
11
5.8388465748031493
21
-3.4545500393700785
0
LINE
8
BLACK
6
CONTINUOUS
10
5.8388465748031493
20
-3.4545500393700785
11
5.844597716535433
21
-3.4521678346456692
0
LINE
8
BLACK
6
CONTINUOUS
10
5.844597716535433
20
-3.4521678346456692
11
5.8460024409448819
21
-3.4510899212598423
0
LINE
8
BLACK
6
CONTINUOUS
10
5.8460024409448819
20
-3.4510899212598423
11
5.84827311023622
21
-3.4502858661417322
0
LINE
8
BLACK
6
CONTINUOUS
10
5.84827311023622
20
-3.4502858661417322
11
5.8483751574803149
21
-3.450284527559055
0
LINE
8
BLACK
6
CONTINUOUS
10
5.8483751574803149
20
-3.450284527559055
11
5.9147891338582674
21
-3.450284527559055
0
LINE
8
BLACK
6
CONTINUOUS
10
5.9147891338582674
20
-3.450284527559055
11
5.9147891732283462
21
-3.450284527559055
0
LINE
8
BLACK
6
CONTINUOUS
10
5.9147891732283462
20
-3.450284527559055
11
5.915692677165354
21
-3.4499909448818897
0
LINE
8
BLACK
6
CONTINUOUS
10
5.915692677165354
20
-3.4499909448818897
11
5.916286496062992
21
-3.4498483464566929
0
LINE
8
BLACK
6
CONTINUOUS
10
5.916286496062992
20
-3.4498483464566929
11
5.9172250393700789
21
-3.4496997244094487
0
LINE
8
BLACK
6
CONTINUOUS
10
5.9172250393700789
20
-3.4496997244094487
11
5.9180714173228344
21
-3.4492683858267714
0
LINE
8
BLACK
6
CONTINUOUS
10
5.9180714173228344
20
-3.4492683858267714
11
5.9186363385826768
21
-3.4490344488188978
0
LINE
8
BLACK
6
CONTINUOUS
10
5.9186363385826768
20
-3.4490344488188978
11
5.9195394488188979
21
-3.4487410629921258
0
LINE
8
BLACK
6
CONTINUOUS
10
5.9195394488188979
20
-3.4487410629921258
11
5.920308031496063
21
-3.4481825984251966
0
LINE
8
BLACK
6
CONTINUOUS
10
5.920308031496063
20
-3.4481825984251966
11
5.9208291732283467
21
-3.4478632677165355
0
LINE
8
BLACK
6
CONTINUOUS
10
5.9208291732283467
20
-3.4478632677165355
11
5.9216753543307084
21
-3.4474321653543307
0
LINE
8
BLACK
6
CONTINUOUS
10
5.9216753543307084
20
-3.4474321653543307
11
5.9223414960629919
21
-3.4467659448818897
0
LINE
8
BLACK
6
CONTINUOUS
10
5.9223414960629919
20
-3.4467659448818897
11
5.9223416929133856
21
-3.4467658267716534
0
LINE
8
BLACK
6
CONTINUOUS
10
5.9223416929133856
20
-3.4467658267716534
11
5.9225637401574804
21
-3.4465437401574803
0
LINE
8
BLACK
6
CONTINUOUS
10
5.9225637401574804
20
-3.4465437401574803
11
5.9225638188976379
21
-3.4465437401574803
0
LINE
8
BLACK
6
CONTINUOUS
10
5.9225638188976379
20
-3.4465437401574803
11
5.9252112992125987
21
-3.4438962598425196
0
LINE
8
BLACK
6
CONTINUOUS
10
5.9252112992125987
20
-3.4438962598425196
11
5.9261854330708656
21
-3.4429221653543305
0
LINE
8
BLACK
6
CONTINUOUS
10
5.9261854330708656
20
-3.4429221653543305
11
5.9283317322834641
21
-3.4418285826771653
0
LINE
8
BLACK
6
CONTINUOUS
10
5.9283317322834641
20
-3.4418285826771653
11
5.9289414566929128
21
-3.4417805905511809
0
LINE
8
BLACK
6
CONTINUOUS
10
5.9289414566929128
20
-3.4417805905511809
11
6.002828622047244
21
-3.4417805905511809
0
LINE
8
BLACK
6
CONTINUOUS
10
6.002828622047244
20
-3.4417805905511809
11
6.0051196062992123
21
-3.4425249606299211
0
LINE
8
BLACK
6
CONTINUOUS
10
6.0051196062992123
20
-3.4425249606299211
11
6.0065355118110233
21
-3.4444737795275588
0
LINE
8
BLACK
6
CONTINUOUS
10
6.0065355118110233
20
-3.4444737795275588
11
6.0065355118110233
21
-3.4468826771653545
0
LINE
8
BLACK
6
CONTINUOUS
10
6.0065355118110233
20
-3.4468826771653545
11
6.0064295669291337
21
-3.4471697637795273
0
LINE
8
BLACK
6
CONTINUOUS
10
6.0064295669291337
20
-3.4471697637795273
11
6.0047034251968503
21
-3.451336968503937
0
LINE
8
BLACK
6
CONTINUOUS
10
6.0047034251968503
20
-3.451336968503937
11
6.0047033464566928
21
-3.4513373228346458
0
LINE
8
BLACK
6
CONTINUOUS
10
6.0047033464566928
20
-3.4513373228346458
11
6.0038908661417318
21
-3.457508897637795
0
LINE
8
BLACK
6
CONTINUOUS
10
6.0038908661417318
20
-3.457508897637795
11
6.0038908661417318
21
-3.4575089370078738
0
LINE
8
BLACK
6
CONTINUOUS
10
6.0038908661417318
20
-3.4575089370078738
11
6.0047033464566928
21
-3.4636805118110234
0
LINE
8
BLACK
6
CONTINUOUS
10
6.0047033464566928
20
-3.4636805118110234
11
6.0047034251968503
21
-3.4636808267716535
0
LINE
8
BLACK
6
CONTINUOUS
10
6.0047034251968503
20
-3.4636808267716535
11
6.0070855118110238
21
-3.4694316929133859
0
LINE
8
BLACK
6
CONTINUOUS
10
6.0070855118110238
20
-3.4694316929133859
11
6.0070855118110238
21
-3.4694317322834647
0
LINE
8
BLACK
6
CONTINUOUS
10
6.0070855118110238
20
-3.4694317322834647
11
6.0094694881889765
21
-3.4725385826771653
0
LINE
8
BLACK
6
CONTINUOUS
10
6.0094694881889765
20
-3.4725385826771653
11
6.0108751181102358
21
-3.4743704330708662
0
LINE
8
BLACK
6
CONTINUOUS
10
6.0108751181102358
20
-3.4743704330708662
11
6.0108752755905508
21
-3.4743705511811025
0
LINE
8
BLACK
6
CONTINUOUS
10
6.0108752755905508
20
-3.4743705511811025
11
6.0108753149606295
21
-3.4743705905511808
0
LINE
8
BLACK
6
CONTINUOUS
10
6.0108753149606295
20
-3.4743705905511808
11
6.0113078346456694
21
-3.4747024803149604
0
LINE
8
BLACK
6
CONTINUOUS
10
6.0113078346456694
20
-3.4747024803149604
11
6.0158137401574798
21
-3.4781599606299212
0
LINE
8
BLACK
6
CONTINUOUS
10
6.0158137401574798
20
-3.4781599606299212
11
6.0158137795275586
21
-3.4781599606299212
0
LINE
8
BLACK
6
CONTINUOUS
10
6.0158137795275586
20
-3.4781599606299212
11
6.0158138188976373
21
-3.4781599999999999
0
LINE
8
BLACK
6
CONTINUOUS
10
6.0158138188976373
20
-3.4781599999999999
11
6.0167601181102359
21
-3.478551968503937
0
LINE
8
BLACK
6
CONTINUOUS
10
6.0167601181102359
20
-3.478551968503937
11
6.0215648818897636
21
-3.4805421653543305
0
LINE
8
BLACK
6
CONTINUOUS
10
6.0215648818897636
20
-3.4805421653543305
11
6.0277366141732278
21
-3.4813546850393702
0
LINE
8
BLACK
6
CONTINUOUS
10
6.0277366141732278
20
-3.4813546850393702
11
6.0296070472440944
21
-3.4811084251968505
0
LINE
8
BLACK
6
CONTINUOUS
10
6.0296070472440944
20
-3.4811084251968505
11
6.0319755511811026
21
-3.4815474015748031
0
LINE
8
BLACK
6
CONTINUOUS
10
6.0319755511811026
20
-3.4815474015748031
11
6.0336337401574802
21
-3.4832947244094488
0
LINE
8
BLACK
6
CONTINUOUS
10
6.0336337401574802
20
-3.4832947244094488
11
6.0339801181102359
21
-3.4854812992125983
0
LINE
8
BLACK
6
CONTINUOUS
10
6.0339801181102359
20
-3.4854812992125983
11
6.033925787401575
21
-3.4858940944881889
0
LINE
8
BLACK
6
CONTINUOUS
10
6.033925787401575
20
-3.4858940944881889
11
6.0347382677165351
21
-3.4920656692913385
0
LINE
8
BLACK
6
CONTINUOUS
10
6.0347382677165351
20
-3.4920656692913385
11
6.0347383464566926
21
-3.4920659842519686
0
LINE
8
BLACK
6
CONTINUOUS
10
6.0347383464566926
20
-3.4920659842519686
11
6.0371204330708661
21
-3.4978168503937006
0
LINE
8
BLACK
6
CONTINUOUS
10
6.0371204330708661
20
-3.4978168503937006
11
6.0371204330708661
21
-3.4978168897637794
0
LINE
8
BLACK
6
CONTINUOUS
10
6.0371204330708661
20
-3.4978168897637794
11
6.0409098425196852
21
-3.5027553543307084
0
LINE
8
BLACK
6
CONTINUOUS
10
6.0409098425196852
20
-3.5027553543307084
11
6.040910039370079
21
-3.5027555905511809
0
LINE
8
BLACK
6
CONTINUOUS
10
6.040910039370079
20
-3.5027555905511809
11
6.045848661417323
21
-3.5065451181102363
0
LINE
8
BLACK
6
CONTINUOUS
10
6.045848661417323
20
-3.5065451181102363
11
6.0458487007874018
21
-3.5065451181102363
0
LINE
8
BLACK
6
CONTINUOUS
10
6.0458487007874018
20
-3.5065451181102363
11
6.0458487401574805
21
-3.506545157480315
0
LINE
8
BLACK
6
CONTINUOUS
10
6.0458487401574805
20
-3.506545157480315
11
6.0515202362204725
21
-3.5088943700787403
0
LINE
8
BLACK
6
CONTINUOUS
10
6.0515202362204725
20
-3.5088943700787403
11
6.0515998031496059
21
-3.5089273228346456
0
LINE
8
BLACK
6
CONTINUOUS
10
6.0515998031496059
20
-3.5089273228346456
11
6.0560947637795275
21
-3.5095190944881889
0
LINE
8
BLACK
6
CONTINUOUS
10
6.0560947637795275
20
-3.5095190944881889
11
6.0577714960629923
21
-3.5097398425196848
0
LINE
8
BLACK
6
CONTINUOUS
10
6.0577714960629923
20
-3.5097398425196848
11
6.057771535433071
21
-3.5097398425196848
0
LINE
8
BLACK
6
CONTINUOUS
10
6.057771535433071
20
-3.5097398425196848
11
6.0577715748031498
21
-3.5097398425196848
0
LINE
8
BLACK
6
CONTINUOUS
10
6.0577715748031498
20
-3.5097398425196848
11
6.0606801574803146
21
-3.5093568897637795
0
LINE
8
BLACK
6
CONTINUOUS
10
6.0606801574803146
20
-3.5093568897637795
11
6.0627826377952756
21
-3.5090801181102362
0
LINE
8
BLACK
6
CONTINUOUS
10
6.0627826377952756
20
-3.5090801181102362
11
6.0651511811023617
21
-3.5095190944881889
0
LINE
8
BLACK
6
CONTINUOUS
10
6.0651511811023617
20
-3.5095190944881889
11
6.0660474409448817
21
-3.510188346456693
0
LINE
8
BLACK
6
CONTINUOUS
10
6.0660474409448817
20
-3.510188346456693
11
6.1191435039370079
21
-3.5632844094488187
0
LINE
8
BLACK
6
CONTINUOUS
10
6.1191435039370079
20
-3.5632844094488187
11
6.1202370866141731
21
-3.565430748031496
0
LINE
8
BLACK
6
CONTINUOUS
10
6.1202370866141731
20
-3.565430748031496
11
6.1202850787401575
21
-3.5660404724409447
0
LINE
8
BLACK
6
CONTINUOUS
10
6.1202850787401575
20
-3.5660404724409447
11
6.1202850787401575
21
-3.7527988976377951
0
LINE
8
BLACK
6
CONTINUOUS
10
6.1202850787401575
20
-3.7527988976377951
11
6.1205785039370078
21
-3.7537019291338583
0
LINE
8
BLACK
6
CONTINUOUS
10
6.1205785039370078
20
-3.7537019291338583
11
6.1207212598425196
21
-3.7542964173228346
0
LINE
8
BLACK
6
CONTINUOUS
10
6.1207212598425196
20
-3.7542964173228346
11
6.1208698818897638
21
-3.7552346850393699
0
LINE
8
BLACK
6
CONTINUOUS
10
6.1208698818897638
20
-3.7552346850393699
11
6.1213008661417323
21
-3.7560804330708661
0
LINE
8
BLACK
6
CONTINUOUS
10
6.1213008661417323
20
-3.7560804330708661
11
6.121534960629921
21
-3.7566455511811023
0
LINE
8
BLACK
6
CONTINUOUS
10
6.121534960629921
20
-3.7566455511811023
11
6.1218285039370075
21
-3.7575489370078738
0
LINE
8
BLACK
6
CONTINUOUS
10
6.1218285039370075
20
-3.7575489370078738
11
6.1218284645669288
21
-3.7575489370078738
0
LINE
8
BLACK
6
CONTINUOUS
10
6.1218284645669288
20
-3.7575489370078738
11
6.1223868110236221
21
-3.7583174409448818
0
LINE
8
BLACK
6
CONTINUOUS
10
6.1223868110236221
20
-3.7583174409448818
11
6.1227062204724412
21
-3.7588386614173226
0
LINE
8
BLACK
6
CONTINUOUS
10
6.1227062204724412
20
-3.7588386614173226
11
6.1231374409448813
21
-3.7596849212598422
0
LINE
8
BLACK
6
CONTINUOUS
10
6.1231374409448813
20
-3.7596849212598422
11
6.1231374803149601
21
-3.759684960629921
0
LINE
8
BLACK
6
CONTINUOUS
10
6.1231374803149601
20
-3.759684960629921
11
6.1239280314960629
21
-3.7604755511811021
0
LINE
8
BLACK
6
CONTINUOUS
10
6.1239280314960629
20
-3.7604755511811021
11
6.1240258267716534
21
-3.7605733464566926
0
LINE
8
BLACK
6
CONTINUOUS
10
6.1240258267716534
20
-3.7605733464566926
11
6.1240258661417322
21
-3.7605733858267714
0
LINE
8
BLACK
6
CONTINUOUS
10
6.1240258661417322
20
-3.7605733858267714
11
6.1684272440944881
21
-3.8049747637795273
0
LINE
8
BLACK
6
CONTINUOUS
10
6.1684272440944881
20
-3.8049747637795273
11
6.2121435039370079
21
-3.8486909842519683
0
LINE
8
BLACK
6
CONTINUOUS
10
6.2121435039370079
20
-3.8486909842519683
11
6.2132370866141731
21
-3.8508373228346455
0
LINE
8
BLACK
6
CONTINUOUS
10
6.2132370866141731
20
-3.8508373228346455
11
6.2132850787401575
21
-3.8514470472440943
0
LINE
8
BLACK
6
CONTINUOUS
10
6.2132850787401575
20
-3.8514470472440943
11
6.2132850787401575
21
-3.9729931496062991
0
LINE
8
BLACK
6
CONTINUOUS
10
6.2132850787401575
20
-3.9729931496062991
11
6.2125407086614173
21
-3.9752841338582678
0
LINE
8
BLACK
6
CONTINUOUS
10
6.2125407086614173
20
-3.9752841338582678
11
6.2121435039370079
21
-3.9757492125984251
0
LINE
8
BLACK
6
CONTINUOUS
10
6.2121435039370079
20
-3.9757492125984251
11
5.984658858267716
21
-4.2032338582677164
0
LINE
8
BLACK
6
CONTINUOUS
10
5.984658858267716
20
-4.2032338582677164
11
5.9825125196850388
21
-4.2043274409448816
0
LINE
8
BLACK
6
CONTINUOUS
10
5.9825125196850388
20
-4.2043274409448816
11
5.9819027952755901
21
-4.204375433070866
0
LINE
8
BLACK
6
CONTINUOUS
10
5.9819027952755901
20
-4.204375433070866
11
5.8915458661417324
21
-4.204375433070866
0
LINE
8
BLACK
6
CONTINUOUS
10
5.8915458661417324
20
-4.204375433070866
11
5.8865511417322836
21
-4.204375433070866
0
LINE
8
BLACK
6
CONTINUOUS
10
5.8865511417322836
20
-4.204375433070866
11
5.886551062992126
21
-4.204375433070866
0
LINE
8
BLACK
6
CONTINUOUS
10
5.886551062992126
20
-4.204375433070866
11
5.8865509448818898
21
-4.2043754724409448
0
LINE
8
BLACK
6
CONTINUOUS
10
5.8865509448818898
20
-4.2043754724409448
11
5.8856478740157483
21
-4.2046688582677163
0
LINE
8
BLACK
6
CONTINUOUS
10
5.8856478740157483
20
-4.2046688582677163
11
5.8850535826771653
21
-4.2048115354330706
0
LINE
8
BLACK
6
CONTINUOUS
10
5.8850535826771653
20
-4.2048115354330706
11
5.8841154724409446
21
-4.2049601574803148
0
LINE
8
BLACK
6
CONTINUOUS
10
5.8841154724409446
20
-4.2049601574803148
11
5.884115078740157
21
-4.2049602755905511
0
LINE
8
BLACK
6
CONTINUOUS
10
5.884115078740157
20
-4.2049602755905511
11
5.8832690551181104
21
-4.2053913779527559
0
LINE
8
BLACK
6
CONTINUOUS
10
5.8832690551181104
20
-4.2053913779527559
11
5.8827040944881892
21
-4.205625393700787
0
LINE
8
BLACK
6
CONTINUOUS
10
5.8827040944881892
20
-4.205625393700787
11
5.8818010629921256
21
-4.2059187795275585
0
LINE
8
BLACK
6
CONTINUOUS
10
5.8818010629921256
20
-4.2059187795275585
11
5.8818007086614168
21
-4.2059189763779523
0
LINE
8
BLACK
6
CONTINUOUS
10
5.8818007086614168
20
-4.2059189763779523
11
5.8810321653543305
21
-4.206477283464567
0
LINE
8
BLACK
6
CONTINUOUS
10
5.8810321653543305
20
-4.206477283464567
11
5.8805111417322831
21
-4.2067965748031497
0
LINE
8
BLACK
6
CONTINUOUS
10
5.8805111417322831
20
-4.2067965748031497
11
5.8796650393700789
21
-4.2072277165354333
0
LINE
8
BLACK
6
CONTINUOUS
10
5.8796650393700789
20
-4.2072277165354333
11
5.8796649606299214
21
-4.2072277952755908
0
LINE
8
BLACK
6
CONTINUOUS
10
5.8796649606299214
20
-4.2072277952755908
11
5.8787766141732281
21
-4.2081161023622045
0
LINE
8
BLACK
6
CONTINUOUS
10
5.8787766141732281
20
-4.2081161023622045
11
5.8787765354330705
21
-4.208116181102362
0
LINE
8
BLACK
6
CONTINUOUS
10
5.8787765354330705
20
-4.208116181102362
11
5.878776456692913
21
-4.208116181102362
0
LINE
8
BLACK
6
CONTINUOUS
10
5.878776456692913
20
-4.208116181102362
11
5.8787764960629918
21
-4.2081162204724407
0
LINE
8
BLACK
6
CONTINUOUS
10
5.8787764960629918
20
-4.2081162204724407
11
5.5312851968503933
21
-4.5556075196850392
0
LINE
8
BLACK
6
CONTINUOUS
10
5.5312851968503933
20
-4.5556075196850392
11
5.5291388582677161
21
-4.5567011023622044
0
LINE
8
BLACK
6
CONTINUOUS
10
5.5291388582677161
20
-4.5567011023622044
11
5.5285291338582674
21
-4.5567490944881888
0
LINE
8
BLACK
6
CONTINUOUS
10
5.5285291338582674
20
-4.5567490944881888
11
4.8038205511811025
21
-4.5567490944881888
0
LINE
8
BLACK
6
CONTINUOUS
10
4.8038205511811025
20
-4.5567490944881888
11
4.8015295669291334
21
-4.5560047244094486
0
LINE
8
BLACK
6
CONTINUOUS
10
4.8015295669291334
20
-4.5560047244094486
11
4.8010644881889766
21
-4.5556075196850392
0
LINE
8
BLACK
6
CONTINUOUS
10
4.8010644881889766
20
-4.5556075196850392
11
4.757666968503937
21
-4.5122099999999996
0
LINE
8
BLACK
6
CONTINUOUS
10
4.757666968503937
20
-4.5122099999999996
11
4.7565733858267718
21
-4.5100636614173224
0
LINE
8
BLACK
6
CONTINUOUS
10
4.7565733858267718
20
-4.5100636614173224
11
4.7569501968503936
21
-4.5076844488188978
0
LINE
8
BLACK
6
CONTINUOUS
10
4.7569501968503936
20
-4.5076844488188978
11
4.7586535433070862
21
-4.5059811023622043
0
LINE
8
BLACK
6
CONTINUOUS
10
4.7586535433070862
20
-4.5059811023622043
11
4.7609174803149603
21
-4.5056060236220468
0
LINE
8
BLACK
6
CONTINUOUS
10
4.7609174803149603
20
-4.5056060236220468
11
4.7609181102362204
21
-4.5055974409448813
0
LINE
8
BLACK
6
CONTINUOUS
10
4.7609181102362204
20
-4.5055974409448813
11
4.760953897637795
21
-4.5056000000000003
0
LINE
8
BLACK
6
CONTINUOUS
10
4.760953897637795
20
-4.5056000000000003
11
4.760977913385827
21
-4.5055960236220471
0
LINE
8
BLACK
6
CONTINUOUS
10
4.760977913385827
20
-4.5055960236220471
11
4.761056732283464
21
-4.5056073622047244
0
LINE
8
BLACK
6
CONTINUOUS
10
4.761056732283464
20
-4.5056073622047244
11
4.7610567716535428
21
-4.5056073622047244
0
LINE
8
BLACK
6
CONTINUOUS
10
4.7610567716535428
20
-4.5056073622047244
11
5.2037927559055115
21
-4.5056073622047244
0
LINE
8
BLACK
6
CONTINUOUS
10
5.2037927559055115
20
-4.5056073622047244
11
5.2037929527559053
21
-4.5056073622047244
0
LINE
8
BLACK
6
CONTINUOUS
10
5.2037929527559053
20
-4.5056073622047244
11
5.2055127952755909
21
-4.5054224409448818
0
LINE
8
BLACK
6
CONTINUOUS
10
5.2055127952755909
20
-4.5054224409448818
11
5.2065267716535431
21
-4.5052018503937008
0
LINE
8
BLACK
6
CONTINUOUS
10
5.2065267716535431
20
-4.5052018503937008
11
5.2075407480314961
21
-4.5049812992125986
0
LINE
8
BLACK
6
CONTINUOUS
10
5.2075407480314961
20
-4.5049812992125986
11
5.2077708661417326
21
-4.5049250393700788
0
LINE
8
BLACK
6
CONTINUOUS
10
5.2077708661417326
20
-4.5049250393700788
11
5.2079414960629924
21
-4.5048833464566931
0
LINE
8
BLACK
6
CONTINUOUS
10
5.2079414960629924
20
-4.5048833464566931
11
5.2111191338582676
21
-4.5031900393700788
0
LINE
8
BLACK
6
CONTINUOUS
10
5.2111191338582676
20
-4.5031900393700788
11
5.2131980314960629
21
-4.5013886614173231
0
LINE
8
BLACK
6
CONTINUOUS
10
5.2131980314960629
20
-4.5013886614173231
11
5.2139048818897633
21
-4.5006961023622045
0
LINE
8
BLACK
6
CONTINUOUS
10
5.2139048818897633
20
-4.5006961023622045
11
5.2139049212598421
21
-4.5006959842519683
0
LINE
8
BLACK
6
CONTINUOUS
10
5.2139049212598421
20
-4.5006959842519683
11
5.2139049999999996
21
-4.5006959448818895
0
LINE
8
BLACK
6
CONTINUOUS
10
5.2139049999999996
20
-4.5006959448818895
11
5.2156625590551178
21
-4.4975538582677164
0
LINE
8
BLACK
6
CONTINUOUS
10
5.2156625590551178
20
-4.4975538582677164
11
5.2156626377952753
21
-4.4975537007874014
0
LINE
8
BLACK
6
CONTINUOUS
10
5.2156626377952753
20
-4.4975537007874014
11
5.2156736614173225
21
-4.4975162204724413
0
LINE
8
BLACK
6
CONTINUOUS
10
5.2156736614173225
20
-4.4975162204724413
11
5.2164376377952753
21
-4.4949143700787397
0
LINE
8
BLACK
6
CONTINUOUS
10
5.2164376377952753
20
-4.4949143700787397
11
5.2167653937007872
21
-4.4926349212598424
0
LINE
8
BLACK
6
CONTINUOUS
10
5.2167653937007872
20
-4.4926349212598424
11
5.2167653937007872
21
-4.3506820866141735
0
LINE
8
BLACK
6
CONTINUOUS
10
5.2167653937007872
20
-4.3506820866141735
11
5.2165020078740154
21
-4.3486346062992123
0
LINE
8
BLACK
6
CONTINUOUS
10
5.2165020078740154
20
-4.3486346062992123
11
5.215876692913386
21
-4.346244133858268
0
LINE
8
BLACK
6
CONTINUOUS
10
5.215876692913386
20
-4.346244133858268
11
5.2158766535433072
21
-4.3462440551181105
0
LINE
8
BLACK
6
CONTINUOUS
10
5.2158766535433072
20
-4.3462440551181105
11
5.2158765354330709
21
-4.3462435433070867
0
LINE
8
BLACK
6
CONTINUOUS
10
5.2158765354330709
20
-4.3462435433070867
11
5.2156537401574798
21
-4.3455287795275588
0
LINE
8
BLACK
6
CONTINUOUS
10
5.2156537401574798
20
-4.3455287795275588
11
5.2148074409448819
21
-4.3442168503937006
0
LINE
8
BLACK
6
CONTINUOUS
10
5.2148074409448819
20
-4.3442168503937006
11
5.2137019291338582
21
-4.3425030314960633
0
LINE
8
BLACK
6
CONTINUOUS
10
5.2137019291338582
20
-4.3425030314960633
11
5.2117338188976374
21
-4.3405812204724405
0
LINE
8
BLACK
6
CONTINUOUS
10
5.2117338188976374
20
-4.3405812204724405
11
5.2109847244094487
21
-4.3399344094488184
0
LINE
8
BLACK
6
CONTINUOUS
10
5.2109847244094487
20
-4.3399344094488184
11
5.2109846456692912
21
-4.3399343307086617
0
LINE
8
BLACK
6
CONTINUOUS
10
5.2109846456692912
20
-4.3399343307086617
11
5.2104420866141732
21
-4.3396876771653545
0
LINE
8
BLACK
6
CONTINUOUS
10
5.2104420866141732
20
-4.3396876771653545
11
5.2086646456692911
21
-4.338061850393701
0
LINE
8
BLACK
6
CONTINUOUS
10
5.2086646456692911
20
-4.338061850393701
11
5.208182322834646
21
-4.3357017716535431
0
LINE
8
BLACK
6
CONTINUOUS
10
5.208182322834646
20
-4.3357017716535431
11
5.2082905511811024
21
-4.3351304724409445
0
LINE
8
BLACK
6
CONTINUOUS
10
5.2082905511811024
20
-4.3351304724409445
11
5.2082929133858267
21
-4.3351216141732278
0
LINE
8
BLACK
6
CONTINUOUS
10
5.2082929133858267
20
-4.3351216141732278
11
5.2083142913385823
21
-4.3349594094488184
0
LINE
8
BLACK
6
CONTINUOUS
10
5.2083142913385823
20
-4.3349594094488184
11
5.2091054330708664
21
-4.3289499212598423
0
LINE
8
BLACK
6
CONTINUOUS
10
5.2091054330708664
20
-4.3289499212598423
11
5.2082929133858267
21
-4.3227781889763781
0
LINE
8
BLACK
6
CONTINUOUS
10
5.2082929133858267
20
-4.3227781889763781
11
5.2082741338582679
21
-4.3227081496062993
0
LINE
8
BLACK
6
CONTINUOUS
10
5.2082741338582679
20
-4.3227081496062993
11
5.2082768503937009
21
-4.3226561811023618
0
LINE
8
BLACK
6
CONTINUOUS
10
5.2082768503937009
20
-4.3226561811023618
11
5.2082595669291338
21
-4.3225249212598422
0
LINE
8
BLACK
6
CONTINUOUS
10
5.2082595669291338
20
-4.3225249212598422
11
5.2082838582677162
21
-4.3225216929133854
0
LINE
8
BLACK
6
CONTINUOUS
10
5.2082838582677162
20
-4.3225216929133854
11
5.2084000787401576
21
-4.3203025984251964
0
LINE
8
BLACK
6
CONTINUOUS
10
5.2084000787401576
20
-4.3203025984251964
11
5.2099159055118109
21
-4.3184304724409444
0
LINE
8
BLACK
6
CONTINUOUS
10
5.2099159055118109
20
-4.3184304724409444
11
5.210205196850394
21
-4.3182598031496058
0
LINE
8
BLACK
6
CONTINUOUS
10
5.210205196850394
20
-4.3182598031496058
11
5.2111191338582676
21
-4.3177728346456696
0
LINE
8
BLACK
6
CONTINUOUS
10
5.2111191338582676
20
-4.3177728346456696
11
5.2131980314960629
21
-4.315971456692913
0
LINE
8
BLACK
6
CONTINUOUS
10
5.2131980314960629
20
-4.315971456692913
11
5.2139048818897633
21
-4.3152788976377954
0
LINE
8
BLACK
6
CONTINUOUS
10
5.2139048818897633
20
-4.3152788976377954
11
5.2139049212598421
21
-4.3152787795275591
0
LINE
8
BLACK
6
CONTINUOUS
10
5.2139049212598421
20
-4.3152787795275591
11
5.2139049999999996
21
-4.3152787401574804
0
LINE
8
BLACK
6
CONTINUOUS
10
5.2139049999999996
20
-4.3152787401574804
11
5.2156625590551178
21
-4.3121366535433072
0
LINE
8
BLACK
6
CONTINUOUS
10
5.2156625590551178
20
-4.3121366535433072
11
5.2156626377952753
21
-4.3121364960629922
0
LINE
8
BLACK
6
CONTINUOUS
10
5.2156626377952753
20
-4.3121364960629922
11
5.2162038188976378
21
-4.3102934645669286
0
LINE
8
BLACK
6
CONTINUOUS
10
5.2162038188976378
20
-4.3102934645669286
11
5.2164376377952753
21
-4.3094971653543306
0
LINE
8
BLACK
6
CONTINUOUS
10
5.2164376377952753
20
-4.3094971653543306
11
5.2167653937007872
21
-4.3072177165354333
0
LINE
8
BLACK
6
CONTINUOUS
10
5.2167653937007872
20
-4.3072177165354333
11
5.2167653937007872
21
-4.2483961417322833
0
LINE
8
BLACK
6
CONTINUOUS
10
5.2167653937007872
20
-4.2483961417322833
11
5.2167653937007872
21
-4.1785168110236217
0
LINE
8
BLACK
6
CONTINUOUS
10
5.2167653937007872
20
-4.1785168110236217
11
5.2167653937007872
21
-4.1283925196850388
0
LINE
8
BLACK
6
CONTINUOUS
10
5.2167653937007872
20
-4.1283925196850388
11
5.2175097637795274
21
-4.1261015354330706
0
LINE
8
BLACK
6
CONTINUOUS
10
5.2175097637795274
20
-4.1261015354330706
11
5.2194585826771656
21
-4.1246856299212595
0
LINE
8
BLACK
6
CONTINUOUS
10
5.2194585826771656
20
-4.1246856299212595
11
5.2218674803149607
21
-4.1246856299212595
0
LINE
8
BLACK
6
CONTINUOUS
10
5.2218674803149607
20
-4.1246856299212595
11
5.2234190944881886
21
-4.1256364566929129
0
LINE
8
BLACK
6
CONTINUOUS
10
5.2234190944881886
20
-4.1256364566929129
11
5.2416829527559052
21
-4.1439003543307082
0
LINE
8
BLACK
6
CONTINUOUS
10
5.2416829527559052
20
-4.1439003543307082
11
5.2452147637795274
21
-4.1474321259842517
0
LINE
8
BLACK
6
CONTINUOUS
10
5.2452147637795274
20
-4.1474321259842517
11
5.2452148031496062
21
-4.1474321653543305
0
LINE
8
BLACK
6
CONTINUOUS
10
5.2452148031496062
20
-4.1474321653543305
11
5.2460609055118113
21
-4.1478632677165352
0
LINE
8
BLACK
6
CONTINUOUS
10
5.2460609055118113
20
-4.1478632677165352
11
5.2465824015748028
21
-4.1481828346456693
0
LINE
8
BLACK
6
CONTINUOUS
10
5.2465824015748028
20
-4.1481828346456693
11
5.2473507086614175
21
-4.1487410629921255
0
LINE
8
BLACK
6
CONTINUOUS
10
5.2473507086614175
20
-4.1487410629921255
11
5.247350787401575
21
-4.1487410629921255
0
LINE
8
BLACK
6
CONTINUOUS
10
5.247350787401575
20
-4.1487410629921255
11
5.2473508267716538
21
-4.1487411023622043
0
LINE
8
BLACK
6
CONTINUOUS
10
5.2473508267716538
20
-4.1487411023622043
11
5.248253937007874
21
-4.1490345275590554
0
LINE
8
BLACK
6
CONTINUOUS
10
5.248253937007874
20
-4.1490345275590554
11
5.2488186220472439
21
-4.1492683858267716
0
LINE
8
BLACK
6
CONTINUOUS
10
5.2488186220472439
20
-4.1492683858267716
11
5.2496651181102365
21
-4.1496997244094489
0
LINE
8
BLACK
6
CONTINUOUS
10
5.2496651181102365
20
-4.1496997244094489
11
5.2506032283464563
21
-4.1498482677165356
0
LINE
8
BLACK
6
CONTINUOUS
10
5.2506032283464563
20
-4.1498482677165356
11
5.2511980708661419
21
-4.1499911023622049
0
LINE
8
BLACK
6
CONTINUOUS
10
5.2511980708661419
20
-4.1499911023622049
11
5.2515351181102359
21
-4.1501005905511814
0
LINE
8
BLACK
6
CONTINUOUS
10
5.2515351181102359
20
-4.1501005905511814
11
5.2521009842519684
21
-4.1502844881889764
0
LINE
8
BLACK
6
CONTINUOUS
10
5.2521009842519684
20
-4.1502844881889764
11
5.2532769685039371
21
-4.1502844881889764
0
LINE
8
BLACK
6
CONTINUOUS
10
5.2532769685039371
20
-4.1502844881889764
11
5.2532779133858263
21
-4.1502845275590552
0
LINE
8
BLACK
6
CONTINUOUS
10
5.2532779133858263
20
-4.1502845275590552
11
5.2533574409448818
21
-4.1502845275590552
0
LINE
8
BLACK
6
CONTINUOUS
10
5.2533574409448818
20
-4.1502845275590552
11
5.2543019685039365
21
-4.1502845275590552
0
LINE
8
BLACK
6
CONTINUOUS
10
5.2543019685039365
20
-4.1502845275590552
11
5.2565929527559057
21
-4.1510288976377954
0
LINE
8
BLACK
6
CONTINUOUS
10
5.2565929527559057
20
-4.1510288976377954
11
5.2569302362204722
21
-4.1513169291338583
0
LINE
8
BLACK
6
CONTINUOUS
10
5.2569302362204722
20
-4.1513169291338583
11
5.2570101181102364
21
-4.1513782283464566
0
LINE
8
BLACK
6
CONTINUOUS
10
5.2570101181102364
20
-4.1513782283464566
11
5.2570101968503939
21
-4.1513783070866142
0
LINE
8
BLACK
6
CONTINUOUS
10
5.2570101968503939
20
-4.1513783070866142
11
5.261948818897638
21
-4.1551678346456695
0
LINE
8
BLACK
6
CONTINUOUS
10
5.261948818897638
20
-4.1551678346456695
11
5.2619488582677167
21
-4.1551678346456695
0
LINE
8
BLACK
6
CONTINUOUS
10
5.2619488582677167
20
-4.1551678346456695
11
5.2619488976377955
21
-4.1551678740157483
0
LINE
8
BLACK
6
CONTINUOUS
10
5.2619488976377955
20
-4.1551678740157483
11
5.267205433070866
21
-4.1573451968503932
0
LINE
8
BLACK
6
CONTINUOUS
10
5.267205433070866
20
-4.1573451968503932
11
5.2676999606299209
21
-4.1575500393700784
0
LINE
8
BLACK
6
CONTINUOUS
10
5.2676999606299209
20
-4.1575500393700784
11
5.2723287401574801
21
-4.1581594094488192
0
LINE
8
BLACK
6
CONTINUOUS
10
5.2723287401574801
20
-4.1581594094488192
11
5.2738716535433072
21
-4.1583625590551181
0
LINE
8
BLACK
6
CONTINUOUS
10
5.2738716535433072
20
-4.1583625590551181
11
5.273871692913386
21
-4.1583625590551181
0
LINE
8
BLACK
6
CONTINUOUS
10
5.273871692913386
20
-4.1583625590551181
11
5.2738717322834647
21
-4.1583625590551181
0
LINE
8
BLACK
6
CONTINUOUS
10
5.2738717322834647
20
-4.1583625590551181
11
5.2751060236220475
21
-4.1582000393700786
0
LINE
8
BLACK
6
CONTINUOUS
10
5.2751060236220475
20
-4.1582000393700786
11
5.2800434251968502
21
-4.1575500393700784
0
LINE
8
BLACK
6
CONTINUOUS
10
5.2800434251968502
20
-4.1575500393700784
11
5.285794566929134
21
-4.1551678346456695
0
LINE
8
BLACK
6
CONTINUOUS
10
5.285794566929134
20
-4.1551678346456695
11
5.290733188976378
21
-4.1513783070866142
0
LINE
8
BLACK
6
CONTINUOUS
10
5.290733188976378
20
-4.1513783070866142
11
5.2945227165354334
21
-4.1464396850393701
0
LINE
8
BLACK
6
CONTINUOUS
10
5.2945227165354334
20
-4.1464396850393701
11
5.2969049212598422
21
-4.1406885433070864
0
LINE
8
BLACK
6
CONTINUOUS
10
5.2969049212598422
20
-4.1406885433070864
11
5.297717440944882
21
-4.1345168110236221
0
LINE
8
BLACK
6
CONTINUOUS
10
5.297717440944882
20
-4.1345168110236221
11
5.297578228346457
21
-4.1334595275590553
0
LINE
8
BLACK
6
CONTINUOUS
10
5.297578228346457
20
-4.1334595275590553
11
5.297510787401575
21
-4.1329470866141733
0
LINE
8
BLACK
6
CONTINUOUS
10
5.297510787401575
20
-4.1329470866141733
11
5.2969049212598422
21
-4.128345078740157
0
LINE
8
BLACK
6
CONTINUOUS
10
5.2969049212598422
20
-4.128345078740157
11
5.2962467322834641
21
-4.1267560629921256
0
LINE
8
BLACK
6
CONTINUOUS
10
5.2962467322834641
20
-4.1267560629921256
11
5.2945227559055112
21
-4.1225940157480316
0
LINE
8
BLACK
6
CONTINUOUS
10
5.2945227559055112
20
-4.1225940157480316
11
5.2945227559055112
21
-4.1225939763779529
0
LINE
8
BLACK
6
CONTINUOUS
10
5.2945227559055112
20
-4.1225939763779529
11
5.290733346456693
21
-4.1176555118110238
0
LINE
8
BLACK
6
CONTINUOUS
10
5.290733346456693
20
-4.1176555118110238
11
5.2907333070866143
21
-4.1176554724409451
0
LINE
8
BLACK
6
CONTINUOUS
10
5.2907333070866143
20
-4.1176554724409451
11
5.290733188976378
21
-4.1176553149606301
0
LINE
8
BLACK
6
CONTINUOUS
10
5.290733188976378
20
-4.1176553149606301
11
5.2907329921259842
21
-4.1176551574803151
0
LINE
8
BLACK
6
CONTINUOUS
10
5.2907329921259842
20
-4.1176551574803151
11
5.2907329527559055
21
-4.1176551181102363
0
LINE
8
BLACK
6
CONTINUOUS
10
5.2907329527559055
20
-4.1176551181102363
11
5.2873573622047241
21
-4.1150649606299208
0
LINE
8
BLACK
6
CONTINUOUS
10
5.2873573622047241
20
-4.1150649606299208
11
5.285794566929134
21
-4.1138657874015747
0
LINE
8
BLACK
6
CONTINUOUS
10
5.285794566929134
20
-4.1138657874015747
11
5.2857945275590552
21
-4.113865748031496
0
LINE
8
BLACK
6
CONTINUOUS
10
5.2857945275590552
20
-4.113865748031496
11
5.2857944488188977
21
-4.1138657086614172
0
LINE
8
BLACK
6
CONTINUOUS
10
5.2857944488188977
20
-4.1138657086614172
11
5.2800435826771652
21
-4.1114836220472437
0
LINE
8
BLACK
6
CONTINUOUS
10
5.2800435826771652
20
-4.1114836220472437
11
5.2800432677165352
21
-4.1114835433070862
0
LINE
8
BLACK
6
CONTINUOUS
10
5.2800432677165352
20
-4.1114835433070862
11
5.2738717322834647
21
-4.1106710629921261
0
LINE
8
BLACK
6
CONTINUOUS
10
5.2738717322834647
20
-4.1106710629921261
11
5.2738716535433072
21
-4.1106710629921261
0
LINE
8
BLACK
6
CONTINUOUS
10
5.2738716535433072
20
-4.1106710629921261
11
5.2677000787401571
21
-4.1114835433070862
0
LINE
8
BLACK
6
CONTINUOUS
10
5.2677000787401571
20
-4.1114835433070862
11
5.2676999606299209
21
-4.1114835433070862
0
LINE
8
BLACK
6
CONTINUOUS
10
5.2676999606299209
20
-4.1114835433070862
11
5.2676999606299209
21
-4.111483582677165
0
LINE
8
BLACK
6
CONTINUOUS
10
5.2676999606299209
20
-4.111483582677165
11
5.26482437007874
21
-4.1126746850393703
0
LINE
8
BLACK
6
CONTINUOUS
10
5.26482437007874
20
-4.1126746850393703
11
5.2619490157480318
21
-4.1138657086614172
0
LINE
8
BLACK
6
CONTINUOUS
10
5.2619490157480318
20
-4.1138657086614172
11
5.261948818897638
21
-4.1138657874015747
0
LINE
8
BLACK
6
CONTINUOUS
10
5.261948818897638
20
-4.1138657874015747
11
5.2614338188976379
21
-4.1142609055118111
0
LINE
8
BLACK
6
CONTINUOUS
10
5.2614338188976379
20
-4.1142609055118111
11
5.2591631889763777
21
-4.1150649606299208
0
LINE
8
BLACK
6
CONTINUOUS
10
5.2591631889763777
20
-4.1150649606299208
11
5.2568535433070869
21
-4.1143807874015748
0
LINE
8
BLACK
6
CONTINUOUS
10
5.2568535433070869
20
-4.1143807874015748
11
5.2563051574803152
21
-4.1139247244094488
0
LINE
8
BLACK
6
CONTINUOUS
10
5.2563051574803152
20
-4.1139247244094488
11
5.2121103543307088
21
-4.0697298818897636
0
LINE
8
BLACK
6
CONTINUOUS
10
5.2121103543307088
20
-4.0697298818897636
11
5.2110167716535436
21
-4.0675835433070864
0
LINE
8
BLACK
6
CONTINUOUS
10
5.2110167716535436
20
-4.0675835433070864
11
5.2113935826771653
21
-4.0652043307086609
0
LINE
8
BLACK
6
CONTINUOUS
10
5.2113935826771653
20
-4.0652043307086609
11
5.2123139763779527
21
-4.0640282283464568
0
LINE
8
BLACK
6
CONTINUOUS
10
5.2123139763779527
20
-4.0640282283464568
11
5.2131980314960629
21
-4.0632622047244098
0
LINE
8
BLACK
6
CONTINUOUS
10
5.2131980314960629
20
-4.0632622047244098
11
5.2139048818897633
21
-4.0625696456692912
0
LINE
8
BLACK
6
CONTINUOUS
10
5.2139048818897633
20
-4.0625696456692912
11
5.2139049212598421
21
-4.062569527559055
0
LINE
8
BLACK
6
CONTINUOUS
10
5.2139049212598421
20
-4.062569527559055
11
5.2139049999999996
21
-4.0625694881889762
0
LINE
8
BLACK
6
CONTINUOUS
10
5.2139049999999996
20
-4.0625694881889762
11
5.2156625590551178
21
-4.0594274015748031
0
LINE
8
BLACK
6
CONTINUOUS
10
5.2156625590551178
20
-4.0594274015748031
11
5.2156626377952753
21
-4.0594272440944881
0
LINE
8
BLACK
6
CONTINUOUS
10
5.2156626377952753
20
-4.0594272440944881
11
5.2162379527559057
21
-4.0574679133858265
0
LINE
8
BLACK
6
CONTINUOUS
10
5.2162379527559057
20
-4.0574679133858265
11
5.2164376377952753
21
-4.0567879133858264
0
LINE
8
BLACK
6
CONTINUOUS
10
5.2164376377952753
20
-4.0567879133858264
11
5.2167653937007872
21
-4.0545084645669291
0
LINE
8
BLACK
6
CONTINUOUS
10
5.2167653937007872
20
-4.0545084645669291
11
5.2167653937007872
21
-4.039114960629921
0
LINE
8
BLACK
6
CONTINUOUS
10
5.2167653937007872
20
-4.039114960629921
11
5.2167653937007872
21
-3.6991664173228345
0
LINE
8
BLACK
6
CONTINUOUS
10
5.2167653937007872
20
-3.6991664173228345
11
5.2167043700787401
21
-3.6985988976377953
0
LINE
8
BLACK
6
CONTINUOUS
10
5.2167043700787401
20
-3.6985988976377953
11
5.2171994881889763
21
-3.6962414960629921
0
LINE
8
BLACK
6
CONTINUOUS
10
5.2171994881889763
20
-3.6962414960629921
11
5.2189857480314963
21
-3.6946253543307086
0
LINE
8
BLACK
6
CONTINUOUS
10
5.2189857480314963
20
-3.6946253543307086
11
5.2205796456692912
21
-3.6942845275590552
0
LINE
8
BLACK
6
CONTINUOUS
10
5.2205796456692912
20
-3.6942845275590552
11
5.3199070866141733
21
-3.6942845275590552
0
LINE
8
BLACK
6
CONTINUOUS
10
5.3199070866141733
20
-3.6942845275590552
11
5.3221980708661416
21
-3.6950288976377954
0
LINE
8
BLACK
6
CONTINUOUS
10
5.3221980708661416
20
-3.6950288976377954
11
5.3226631496062993
21
-3.6954261023622048
0
LINE
8
BLACK
6
CONTINUOUS
10
5.3226631496062993
20
-3.6954261023622048
11
5.5177808661417318
21
-3.8905438188976378
0
LINE
8
BLACK
6
CONTINUOUS
10
5.5177808661417318
20
-3.8905438188976378
11
5.5186691732283464
21
-3.8914320866141732
0
LINE
8
BLACK
6
CONTINUOUS
10
5.5186691732283464
20
-3.8914320866141732
11
5.5186692519685039
21
-3.8914321653543307
0
LINE
8
BLACK
6
CONTINUOUS
10
5.5186692519685039
20
-3.8914321653543307
11
5.5195152755905514
21
-3.8918632283464567
0
LINE
8
BLACK
6
CONTINUOUS
10
5.5195152755905514
20
-3.8918632283464567
11
5.5200367322834643
21
-3.8921827559055115
0
LINE
8
BLACK
6
CONTINUOUS
10
5.5200367322834643
20
-3.8921827559055115
11
5.5208051574803152
21
-3.8927410629921257
0
LINE
8
BLACK
6
CONTINUOUS
10
5.5208051574803152
20
-3.8927410629921257
11
5.521708346456693
21
-3.8930344881889765
0
LINE
8
BLACK
6
CONTINUOUS
10
5.521708346456693
20
-3.8930344881889765
11
5.5222733070866141
21
-3.8932685433070864
0
LINE
8
BLACK
6
CONTINUOUS
10
5.5222733070866141
20
-3.8932685433070864
11
5.5231193700787404
21
-3.8936996456692912
0
LINE
8
BLACK
6
CONTINUOUS
10
5.5231193700787404
20
-3.8936996456692912
11
5.5231194488188979
21
-3.8936996456692912
0
LINE
8
BLACK
6
CONTINUOUS
10
5.5231194488188979
20
-3.8936996456692912
11
5.5231195669291333
21
-3.8936997244094487
0
LINE
8
BLACK
6
CONTINUOUS
10
5.5231195669291333
20
-3.8936997244094487
11
5.5240574015748027
21
-3.8938482283464566
0
LINE
8
BLACK
6
CONTINUOUS
10
5.5240574015748027
20
-3.8938482283464566
11
5.5246517322834645
21
-3.8939909055118109
0
LINE
8
BLACK
6
CONTINUOUS
10
5.5246517322834645
20
-3.8939909055118109
11
5.5255554330708661
21
-3.894284527559055
0
LINE
8
BLACK
6
CONTINUOUS
10
5.5255554330708661
20
-3.894284527559055
11
5.5268118897637795
21
-3.894284527559055
0
LINE
8
BLACK
6
CONTINUOUS
10
5.5268118897637795
20
-3.894284527559055
11
5.8061051181102359
21
-3.894284527559055
0
LINE
8
BLACK
6
CONTINUOUS
10
5.8061051181102359
20
-3.894284527559055
11
5.8083961023622042
21
-3.8950288976377951
0
LINE
8
BLACK
6
CONTINUOUS
10
5.8083961023622042
20
-3.8950288976377951
11
5.8087333858267716
21
-3.8953169291338581
0
LINE
8
BLACK
6
CONTINUOUS
10
5.8087333858267716
20
-3.8953169291338581
11
5.8088132677165349
21
-3.8953782283464564
0
LINE
8
BLACK
6
CONTINUOUS
10
5.8088132677165349
20
-3.8953782283464564
11
5.8088133464566925
21
-3.8953783070866139
0
LINE
8
BLACK
6
CONTINUOUS
10
5.8088133464566925
20
-3.8953783070866139
11
5.8125174015748033
21
-3.8982205118110236
0
LINE
8
BLACK
6
CONTINUOUS
10
5.8125174015748033
20
-3.8982205118110236
11
5.8138818110236219
21
-3.9002057086614172
0
LINE
8
BLACK
6
CONTINUOUS
10
5.8138818110236219
20
-3.9002057086614172
11
5.8138187795275593
21
-3.9026137795275591
0
LINE
8
BLACK
6
CONTINUOUS
10
5.8138187795275593
20
-3.9026137795275591
11
5.8123523622047246
21
-3.904524842519685
0
LINE
8
BLACK
6
CONTINUOUS
10
5.8123523622047246
20
-3.904524842519685
11
5.8119701574803146
21
-3.9047324409448816
0
LINE
8
BLACK
6
CONTINUOUS
10
5.8119701574803146
20
-3.9047324409448816
11
5.8119733464566927
21
-3.9047379527559056
0
LINE
8
BLACK
6
CONTINUOUS
10
5.8119733464566927
20
-3.9047379527559056
11
5.8117520078740155
21
-3.9048657086614171
0
LINE
8
BLACK
6
CONTINUOUS
10
5.8117520078740155
20
-3.9048657086614171
11
5.8068135433070864
21
-3.9086551181102362
0
LINE
8
BLACK
6
CONTINUOUS
10
5.8068135433070864
20
-3.9086551181102362
11
5.8068131496062989
21
-3.9086555118110233
0
LINE
8
BLACK
6
CONTINUOUS
10
5.8068131496062989
20
-3.9086555118110233
11
5.8030237401574798
21
-3.9135939763779528
0
LINE
8
BLACK
6
CONTINUOUS
10
5.8030237401574798
20
-3.9135939763779528
11
5.8030237401574798
21
-3.9135940157480316
0
LINE
8
BLACK
6
CONTINUOUS
10
5.8030237401574798
20
-3.9135940157480316
11
5.8006416535433072
21
-3.9193448818897636
0
LINE
8
BLACK
6
CONTINUOUS
10
5.8006416535433072
20
-3.9193448818897636
11
5.8006415748031497
21
-3.9193451968503936
0
LINE
8
BLACK
6
CONTINUOUS
10
5.8006415748031497
20
-3.9193451968503936
11
5.7998290944881887
21
-3.9255167716535433
0
LINE
8
BLACK
6
CONTINUOUS
10
5.7998290944881887
20
-3.9255167716535433
11
5.7998290944881887
21
-3.925516811023622
0
LINE
8
BLACK
6
CONTINUOUS
10
5.7998290944881887
20
-3.925516811023622
11
5.8006415748031497
21
-3.9316883858267717
0
LINE
8
BLACK
6
CONTINUOUS
10
5.8006415748031497
20
-3.9316883858267717
11
5.8006416535433072
21
-3.9316887007874013
0
LINE
8
BLACK
6
CONTINUOUS
10
5.8006416535433072
20
-3.9316887007874013
11
5.8030237401574798
21
-3.9374395669291338
0
LINE
8
BLACK
6
CONTINUOUS
10
5.8030237401574798
20
-3.9374395669291338
11
5.8030237401574798
21
-3.9374396062992125
0
LINE
8
BLACK
6
CONTINUOUS
10
5.8030237401574798
20
-3.9374396062992125
11
5.8030238188976373
21
-3.93743968503937
0
LINE
8
BLACK
6
CONTINUOUS
10
5.8030238188976373
20
-3.93743968503937
11
5.8068133464566927
21
-3.9423783070866141
0
LINE
8
BLACK
6
CONTINUOUS
10
5.8068133464566927
20
-3.9423783070866141
11
5.8117519685039367
21
-3.946167834645669
0
LINE
8
BLACK
6
CONTINUOUS
10
5.8117519685039367
20
-3.946167834645669
11
5.8175031102362205
21
-3.9485500393700788
0
LINE
8
BLACK
6
CONTINUOUS
10
5.8175031102362205
20
-3.9485500393700788
11
5.8221318897637797
21
-3.9491594094488187
0
LINE
8
BLACK
6
CONTINUOUS
10
5.8221318897637797
20
-3.9491594094488187
11
5.8236748031496059
21
-3.949362559055118
0
LINE
8
BLACK
6
CONTINUOUS
10
5.8236748031496059
20
-3.949362559055118
11
5.8236748425196847
21
-3.949362559055118
0
LINE
8
BLACK
6
CONTINUOUS
10
5.8236748425196847
20
-3.949362559055118
11
5.8236748818897635
21
-3.949362559055118
0
LINE
8
BLACK
6
CONTINUOUS
10
5.8236748818897635
20
-3.949362559055118
11
5.8249091732283462
21
-3.9492000393700786
0
LINE
8
BLACK
6
CONTINUOUS
10
5.8249091732283462
20
-3.9492000393700786
11
5.8298465748031498
21
-3.9485500393700788
0
LINE
8
BLACK
6
CONTINUOUS
10
5.8298465748031498
20
-3.9485500393700788
11
5.8355977165354327
21
-3.946167834645669
0
LINE
8
BLACK
6
CONTINUOUS
10
5.8355977165354327
20
-3.946167834645669
11
5.8405363385826767
21
-3.9423783070866141
0
LINE
8
BLACK
6
CONTINUOUS
10
5.8405363385826767
20
-3.9423783070866141
11
5.8443258661417321
21
-3.93743968503937
0
LINE
8
BLACK
6
CONTINUOUS
10
5.8443258661417321
20
-3.93743968503937
11
5.8467080708661419
21
-3.9316885433070867
0
LINE
8
BLACK
6
CONTINUOUS
10
5.8467080708661419
20
-3.9316885433070867
11
5.8475205905511807
21
-3.925516811023622
0
LINE
8
BLACK
6
CONTINUOUS
10
5.8475205905511807
20
-3.925516811023622
11
5.8467080708661419
21
-3.9193450787401574
0
LINE
8
BLACK
6
CONTINUOUS
10
5.8467080708661419
20
-3.9193450787401574
11
5.8445098425196846
21
-3.9140381102362203
0
LINE
8
BLACK
6
CONTINUOUS
10
5.8445098425196846
20
-3.9140381102362203
11
5.8443259055118109
21
-3.9135940157480316
0
LINE
8
BLACK
6
CONTINUOUS
10
5.8443259055118109
20
-3.9135940157480316
11
5.8443259055118109
21
-3.9135939763779528
0
LINE
8
BLACK
6
CONTINUOUS
10
5.8443259055118109
20
-3.9135939763779528
11
5.8405364960629917
21
-3.9086555118110233
0
LINE
8
BLACK
6
CONTINUOUS
10
5.8405364960629917
20
-3.9086555118110233
11
5.840536456692913
21
-3.9086554724409446
0
LINE
8
BLACK
6
CONTINUOUS
10
5.840536456692913
20
-3.9086554724409446
11
5.8405363385826767
21
-3.90865531496063
0
LINE
8
BLACK
6
CONTINUOUS
10
5.8405363385826767
20
-3.90865531496063
11
5.840536141732283
21
-3.908655157480315
0
LINE
8
BLACK
6
CONTINUOUS
10
5.840536141732283
20
-3.908655157480315
11
5.8405361023622042
21
-3.9086551181102362
0
LINE
8
BLACK
6
CONTINUOUS
10
5.8405361023622042
20
-3.9086551181102362
11
5.836832244094488
21
-3.9058130708661416
0
LINE
8
BLACK
6
CONTINUOUS
10
5.836832244094488
20
-3.9058130708661416
11
5.8354678346456694
21
-3.9038278740157479
0
LINE
8
BLACK
6
CONTINUOUS
10
5.8354678346456694
20
-3.9038278740157479
11
5.835530866141732
21
-3.9014198031496061
0
LINE
8
BLACK
6
CONTINUOUS
10
5.835530866141732
20
-3.9014198031496061
11
5.8369973228346455
21
-3.8995087401574802
0
LINE
8
BLACK
6
CONTINUOUS
10
5.8369973228346455
20
-3.8995087401574802
11
5.8373795275590554
21
-3.8993011811023619
0
LINE
8
BLACK
6
CONTINUOUS
10
5.8373795275590554
20
-3.8993011811023619
11
5.8373763385826773
21
-3.8992956692913383
0
LINE
8
BLACK
6
CONTINUOUS
10
5.8373763385826773
20
-3.8992956692913383
11
5.8375976377952759
21
-3.899167874015748
0
LINE
8
BLACK
6
CONTINUOUS
10
5.8375976377952759
20
-3.899167874015748
11
5.8375976377952759
21
-3.8991678346456693
0
LINE
8
BLACK
6
CONTINUOUS
10
5.8375976377952759
20
-3.8991678346456693
11
5.8375977165354334
21
-3.8991678346456693
0
LINE
8
BLACK
6
CONTINUOUS
10
5.8375977165354334
20
-3.8991678346456693
11
5.8425363385826774
21
-3.8953783070866139
0
LINE
8
BLACK
6
CONTINUOUS
10
5.8425363385826774
20
-3.8953783070866139
11
5.8463258661417319
21
-3.8904396850393699
0
LINE
8
BLACK
6
CONTINUOUS
10
5.8463258661417319
20
-3.8904396850393699
11
5.8487080708661416
21
-3.8846885433070866
0
LINE
8
BLACK
6
CONTINUOUS
10
5.8487080708661416
20
-3.8846885433070866
11
5.8495205905511813
21
-3.8785168110236219
0
LINE
8
BLACK
6
CONTINUOUS
10
5.8495205905511813
20
-3.8785168110236219
11
5.8487080708661416
21
-3.8723450787401572
0
LINE
8
BLACK
6
CONTINUOUS
10
5.8487080708661416
20
-3.8723450787401572
11
5.8468034251968506
21
-3.8677468503937007
0
LINE
8
BLACK
6
CONTINUOUS
10
5.8468034251968506
20
-3.8677468503937007
11
5.8463259055118106
21
-3.8665940157480314
0
LINE
8
BLACK
6
CONTINUOUS
10
5.8463259055118106
20
-3.8665940157480314
11
5.8463259055118106
21
-3.8665939763779527
0
LINE
8
BLACK
6
CONTINUOUS
10
5.8463259055118106
20
-3.8665939763779527
11
5.8425364960629924
21
-3.8616555118110236
0
LINE
8
BLACK
6
CONTINUOUS
10
5.8425364960629924
20
-3.8616555118110236
11
5.8425364566929137
21
-3.8616554724409449
0
LINE
8
BLACK
6
CONTINUOUS
10
5.8425364566929137
20
-3.8616554724409449
11
5.8425363385826774
21
-3.8616553149606299
0
LINE
8
BLACK
6
CONTINUOUS
10
5.8425363385826774
20
-3.8616553149606299
11
5.8425361417322836
21
-3.8616551574803148
0
LINE
8
BLACK
6
CONTINUOUS
10
5.8425361417322836
20
-3.8616551574803148
11
5.8425361023622049
21
-3.8616551181102361
0
LINE
8
BLACK
6
CONTINUOUS
10
5.8425361023622049
20
-3.8616551181102361
11
5.8375975984251971
21
-3.8578657086614174
0
LINE
8
BLACK
6
CONTINUOUS
10
5.8375975984251971
20
-3.8578657086614174
11
5.8318467322834646
21
-3.8554836220472439
0
LINE
8
BLACK
6
CONTINUOUS
10
5.8318467322834646
20
-3.8554836220472439
11
5.8318464173228346
21
-3.8554835433070864
0
LINE
8
BLACK
6
CONTINUOUS
10
5.8318464173228346
20
-3.8554835433070864
11
5.8275693307086609
21
-3.8549204724409449
0
LINE
8
BLACK
6
CONTINUOUS
10
5.8275693307086609
20
-3.8549204724409449
11
5.8256953937007872
21
-3.8540266535433072
0
LINE
8
BLACK
6
CONTINUOUS
10
5.8256953937007872
20
-3.8540266535433072
11
5.8255625984251971
21
-3.8542094488188976
0
LINE
8
BLACK
6
CONTINUOUS
10
5.8255625984251971
20
-3.8542094488188976
11
5.823780354330709
21
-3.8549204724409449
0
LINE
8
BLACK
6
CONTINUOUS
10
5.823780354330709
20
-3.8549204724409449
11
5.8195032283464565
21
-3.8554835433070864
0
LINE
8
BLACK
6
CONTINUOUS
10
5.8195032283464565
20
-3.8554835433070864
11
5.8195029133858265
21
-3.8554836220472439
0
LINE
8
BLACK
6
CONTINUOUS
10
5.8195029133858265
20
-3.8554836220472439
11
5.813752047244094
21
-3.8578657086614174
0
LINE
8
BLACK
6
CONTINUOUS
10
5.813752047244094
20
-3.8578657086614174
11
5.8137520078740152
21
-3.8578657086614174
0
LINE
8
BLACK
6
CONTINUOUS
10
5.8137520078740152
20
-3.8578657086614174
11
5.8086106692913386
21
-3.8618108267716535
0
LINE
8
BLACK
6
CONTINUOUS
10
5.8086106692913386
20
-3.8618108267716535
11
5.8085688976377954
21
-3.8617564173228347
0
LINE
8
BLACK
6
CONTINUOUS
10
5.8085688976377954
20
-3.8617564173228347
11
5.8067148425196846
21
-3.8627011023622044
0
LINE
8
BLACK
6
CONTINUOUS
10
5.8067148425196846
20
-3.8627011023622044
11
5.8061051181102359
21
-3.8627490944881888
0
LINE
8
BLACK
6
CONTINUOUS
10
5.8061051181102359
20
-3.8627490944881888
11
5.5361985039370074
21
-3.8627490944881888
0
LINE
8
BLACK
6
CONTINUOUS
10
5.5361985039370074
20
-3.8627490944881888
11
5.5339075196850391
21
-3.8620047244094486
0
LINE
8
BLACK
6
CONTINUOUS
10
5.5339075196850391
20
-3.8620047244094486
11
5.5334424409448815
21
-3.8616075196850392
0
LINE
8
BLACK
6
CONTINUOUS
10
5.5334424409448815
20
-3.8616075196850392
11
5.4363184645669289
21
-3.7644835433070867
0
LINE
8
BLACK
6
CONTINUOUS
10
5.4363184645669289
20
-3.7644835433070867
11
5.3383248031496064
21
-3.6664898818897638
0
LINE
8
BLACK
6
CONTINUOUS
10
5.3383248031496064
20
-3.6664898818897638
11
5.3383246456692914
21
-3.6664897637795275
0
LINE
8
BLACK
6
CONTINUOUS
10
5.3383246456692914
20
-3.6664897637795275
11
5.3382269685039372
21
-3.6663920866141733
0
LINE
8
BLACK
6
CONTINUOUS
10
5.3382269685039372
20
-3.6663920866141733
11
5.3382269685039372
21
-3.6663920472440945
0
LINE
8
BLACK
6
CONTINUOUS
10
5.3382269685039372
20
-3.6663920472440945
11
5.3374363779527556
21
-3.6656014960629921
0
LINE
8
BLACK
6
CONTINUOUS
10
5.3374363779527556
20
-3.6656014960629921
11
5.3374363385826769
21
-3.6656014566929134
0
LINE
8
BLACK
6
CONTINUOUS
10
5.3374363385826769
20
-3.6656014566929134
11
5.3365900787401577
21
-3.6651702362204723
0
LINE
8
BLACK
6
CONTINUOUS
10
5.3365900787401577
20
-3.6651702362204723
11
5.3360688582677165
21
-3.6648508267716533
0
LINE
8
BLACK
6
CONTINUOUS
10
5.3360688582677165
20
-3.6648508267716533
11
5.3356827559055118
21
-3.6645703149606299
0
LINE
8
BLACK
6
CONTINUOUS
10
5.3356827559055118
20
-3.6645703149606299
11
5.3353004330708664
21
-3.6642925590551179
0
LINE
8
BLACK
6
CONTINUOUS
10
5.3353004330708664
20
-3.6642925590551179
11
5.3353003543307089
21
-3.6642925196850391
0
LINE
8
BLACK
6
CONTINUOUS
10
5.3353003543307089
20
-3.6642925196850391
11
5.3343969685039365
21
-3.6639989763779526
0
LINE
8
BLACK
6
CONTINUOUS
10
5.3343969685039365
20
-3.6639989763779526
11
5.3338318503937003
21
-3.6637648818897639
0
LINE
8
BLACK
6
CONTINUOUS
10
5.3338318503937003
20
-3.6637648818897639
11
5.3329861023622049
21
-3.6633338976377954
0
LINE
8
BLACK
6
CONTINUOUS
10
5.3329861023622049
20
-3.6633338976377954
11
5.3320478346456692
21
-3.6631852755905512
0
LINE
8
BLACK
6
CONTINUOUS
10
5.3320478346456692
20
-3.6631852755905512
11
5.3314533464566924
21
-3.6630425196850394
0
LINE
8
BLACK
6
CONTINUOUS
10
5.3314533464566924
20
-3.6630425196850394
11
5.3305503149606297
21
-3.6627490944881891
0
LINE
8
BLACK
6
CONTINUOUS
10
5.3305503149606297
20
-3.6627490944881891
11
5.3305501574803147
21
-3.6627490944881891
0
LINE
8
BLACK
6
CONTINUOUS
10
5.3305501574803147
20
-3.6627490944881891
11
5.3292937007874013
21
-3.6627490944881891
0
LINE
8
BLACK
6
CONTINUOUS
10
5.3292937007874013
20
-3.6627490944881891
11
5.2205615748031491
21
-3.6627490944881891
0
LINE
8
BLACK
6
CONTINUOUS
10
5.2205615748031491
20
-3.6627490944881891
11
5.2182705905511808
21
-3.6620047244094489
0
LINE
8
BLACK
6
CONTINUOUS
10
5.2182705905511808
20
-3.6620047244094489
11
5.2168546850393698
21
-3.6600559055118111
0
LINE
8
BLACK
6
CONTINUOUS
10
5.2168546850393698
20
-3.6600559055118111
11
5.2167036220472438
21
-3.6582967322834645
0
LINE
8
BLACK
6
CONTINUOUS
10
5.2167036220472438
20
-3.6582967322834645
11
5.2167653937007872
21
-3.6578671259842519
0
LINE
8
BLACK
6
CONTINUOUS
10
5.2167653937007872
20
-3.6578671259842519
11
5.2167653937007872
21
-3.6540561811023622
0
LINE
8
BLACK
6
CONTINUOUS
10
5.2167653937007872
20
-3.6540561811023622
11
5.2175097637795274
21
-3.6517651968503935
0
LINE
8
BLACK
6
CONTINUOUS
10
5.2175097637795274
20
-3.6517651968503935
11
5.2194585826771656
21
-3.6503492913385824
0
LINE
8
BLACK
6
CONTINUOUS
10
5.2194585826771656
20
-3.6503492913385824
11
5.2206630314960627
21
-3.6501585433070867
0
LINE
8
BLACK
6
CONTINUOUS
10
5.2206630314960627
20
-3.6501585433070867
11
5.3472676377952757
21
-3.6501585433070867
0
LINE
8
BLACK
6
CONTINUOUS
10
5.3472676377952757
20
-3.6501585433070867
11
5.349558622047244
21
-3.6509029133858268
0
LINE
8
BLACK
6
CONTINUOUS
10
5.349558622047244
20
-3.6509029133858268
11
5.3500237007874016
21
-3.6513001181102362
0
LINE
8
BLACK
6
CONTINUOUS
10
5.3500237007874016
20
-3.6513001181102362
11
5.5377714960629918
21
-3.8390479527559056
0
LINE
8
BLACK
6
CONTINUOUS
10
5.5377714960629918
20
-3.8390479527559056
11
5.5379397637795273
21
-3.8392398425196848
0
LINE
8
BLACK
6
CONTINUOUS
10
5.5379397637795273
20
-3.8392398425196848
11
5.5388133464566929
21
-3.8403783070866142
0
LINE
8
BLACK
6
CONTINUOUS
10
5.5388133464566929
20
-3.8403783070866142
11
5.5437519685039369
21
-3.8441678346456691
0
LINE
8
BLACK
6
CONTINUOUS
10
5.5437519685039369
20
-3.8441678346456691
11
5.5495031102362207
21
-3.8465500393700784
0
LINE
8
BLACK
6
CONTINUOUS
10
5.5495031102362207
20
-3.8465500393700784
11
5.5541251968503937
21
-3.8471585433070867
0
LINE
8
BLACK
6
CONTINUOUS
10
5.5541251968503937
20
-3.8471585433070867
11
5.5556748031496062
21
-3.8473625590551181
0
LINE
8
BLACK
6
CONTINUOUS
10
5.5556748031496062
20
-3.8473625590551181
11
5.5556748425196849
21
-3.8473625590551181
0
LINE
8
BLACK
6
CONTINUOUS
10
5.5556748425196849
20
-3.8473625590551181
11
5.5556748818897637
21
-3.8473625590551181
0
LINE
8
BLACK
6
CONTINUOUS
10
5.5556748818897637
20
-3.8473625590551181
11
5.5570977165354334
21
-3.8471752362204725
0
LINE
8
BLACK
6
CONTINUOUS
10
5.5570977165354334
20
-3.8471752362204725
11
5.5573523622047238
21
-3.8471585433070867
0
LINE
8
BLACK
6
CONTINUOUS
10
5.5573523622047238
20
-3.8471585433070867
11
5.8179973228346453
21
-3.8471585433070867
0
LINE
8
BLACK
6
CONTINUOUS
10
5.8179973228346453
20
-3.8471585433070867
11
5.8182519685039367
21
-3.8471752362204725
0
LINE
8
BLACK
6
CONTINUOUS
10
5.8182519685039367
20
-3.8471752362204725
11
5.8196748031496064
21
-3.8473625590551181
0
LINE
8
BLACK
6
CONTINUOUS
10
5.8196748031496064
20
-3.8473625590551181
11
5.8196748425196851
21
-3.8473625590551181
0
LINE
8
BLACK
6
CONTINUOUS
10
5.8196748425196851
20
-3.8473625590551181
11
5.8196748818897639
21
-3.8473625590551181
0
LINE
8
BLACK
6
CONTINUOUS
10
5.8196748818897639
20
-3.8473625590551181
11
5.8210977165354327
21
-3.8471752362204725
0
LINE
8
BLACK
6
CONTINUOUS
10
5.8210977165354327
20
-3.8471752362204725
11
5.8213523622047241
21
-3.8471585433070867
0
LINE
8
BLACK
6
CONTINUOUS
10
5.8213523622047241
20
-3.8471585433070867
11
5.8232716141732279
21
-3.8471585433070867
0
LINE
8
BLACK
6
CONTINUOUS
10
5.8232716141732279
20
-3.8471585433070867
11
5.8255625984251971
21
-3.8479029133858265
0
LINE
8
BLACK
6
CONTINUOUS
10
5.8255625984251971
20
-3.8479029133858265
11
5.8257349606299211
21
-3.8481401574803149
0
LINE
8
BLACK
6
CONTINUOUS
10
5.8257349606299211
20
-3.8481401574803149
11
5.8262182677165351
21
-3.8476308661417322
0
LINE
8
BLACK
6
CONTINUOUS
10
5.8262182677165351
20
-3.8476308661417322
11
5.8280780708661419
21
-3.8471585433070867
0
LINE
8
BLACK
6
CONTINUOUS
10
5.8280780708661419
20
-3.8471585433070867
11
5.9779973228346455
21
-3.8471585433070867
0
LINE
8
BLACK
6
CONTINUOUS
10
5.9779973228346455
20
-3.8471585433070867
11
5.9782519685039368
21
-3.8471752362204725
0
LINE
8
BLACK
6
CONTINUOUS
10
5.9782519685039368
20
-3.8471752362204725
11
5.9796748031496065
21
-3.8473625590551181
0
LINE
8
BLACK
6
CONTINUOUS
10
5.9796748031496065
20
-3.8473625590551181
11
5.9796748425196853
21
-3.8473625590551181
0
LINE
8
BLACK
6
CONTINUOUS
10
5.9796748425196853
20
-3.8473625590551181
11
5.979674881889764
21
-3.8473625590551181
0
LINE
8
BLACK
6
CONTINUOUS
10
5.979674881889764
20
-3.8473625590551181
11
5.9810977165354329
21
-3.8471752362204725
0
LINE
8
BLACK
6
CONTINUOUS
10
5.9810977165354329
20
-3.8471752362204725
11
5.9813523622047242
21
-3.8471585433070867
0
LINE
8
BLACK
6
CONTINUOUS
10
5.9813523622047242
20
-3.8471585433070867
11
6.1172676377952753
21
-3.8471585433070867
0
LINE
8
BLACK
6
CONTINUOUS
10
6.1172676377952753
20
-3.8471585433070867
11
6.1195586220472435
21
-3.8479029133858265
0
LINE
8
BLACK
6
CONTINUOUS
10
6.1195586220472435
20
-3.8479029133858265
11
6.1200237007874012
21
-3.8483001181102363
0
LINE
8
BLACK
6
CONTINUOUS
10
6.1200237007874012
20
-3.8483001181102363
11
6.1524767322834641
21
-3.8807531496062992
0
LINE
8
BLACK
6
CONTINUOUS
10
6.1524767322834641
20
-3.8807531496062992
11
6.1535703149606293
21
-3.8828994881889765
0
LINE
8
BLACK
6
CONTINUOUS
10
6.1535703149606293
20
-3.8828994881889765
11
6.1536183070866137
21
-3.8835092125984252
0
LINE
8
BLACK
6
CONTINUOUS
10
6.1536183070866137
20
-3.8835092125984252
11
6.1536183070866137
21
-3.9304155511811021
0
LINE
8
BLACK
6
CONTINUOUS
10
6.1536183070866137
20
-3.9304155511811021
11
6.1536016141732279
21
-3.9306701968503934
0
LINE
8
BLACK
6
CONTINUOUS
10
6.1536016141732279
20
-3.9306701968503934
11
6.1534142913385823
21
-3.9320930708661415
0
LINE
8
BLACK
6
CONTINUOUS
10
6.1534142913385823
20
-3.9320930708661415
11
6.1534142913385823
21
-3.9320931102362202
0
LINE
8
BLACK
6
CONTINUOUS
10
6.1534142913385823
20
-3.9320931102362202
11
6.1536016141732279
21
-3.9335159448818895
0
LINE
8
BLACK
6
CONTINUOUS
10
6.1536016141732279
20
-3.9335159448818895
11
6.1536183070866137
21
-3.9337705905511808
0
LINE
8
BLACK
6
CONTINUOUS
10
6.1536183070866137
20
-3.9337705905511808
11
6.1536183070866137
21
-3.9433218110236221
0
LINE
8
BLACK
6
CONTINUOUS
10
6.1536183070866137
20
-3.9433218110236221
11
6.1528739370078736
21
-3.9456127952755904
0
LINE
8
BLACK
6
CONTINUOUS
10
6.1528739370078736
20
-3.9456127952755904
11
6.1524767322834641
21
-3.9460778740157481
0
LINE
8
BLACK
6
CONTINUOUS
10
6.1524767322834641
20
-3.9460778740157481
11
6.1101436614173226
21
-3.9884109055118109
0
LINE
8
BLACK
6
CONTINUOUS
10
6.1101436614173226
20
-3.9884109055118109
11
6.1099518503937009
21
-3.9885790944881889
0
LINE
8
BLACK
6
CONTINUOUS
10
6.1099518503937009
20
-3.9885790944881889
11
6.1088133070866144
21
-3.9894527952755903
0
LINE
8
BLACK
6
CONTINUOUS
10
6.1088133070866144
20
-3.9894527952755903
11
6.1088130708661419
21
-3.9894530314960628
0
LINE
8
BLACK
6
CONTINUOUS
10
6.1088130708661419
20
-3.9894530314960628
11
6.1052825196850389
21
-3.9940541732283465
0
LINE
8
BLACK
6
CONTINUOUS
10
6.1052825196850389
20
-3.9940541732283465
11
6.105023779527559
21
-3.9943913385826773
0
LINE
8
BLACK
6
CONTINUOUS
10
6.105023779527559
20
-3.9943913385826773
11
6.1050236614173228
21
-3.9943915354330706
0
LINE
8
BLACK
6
CONTINUOUS
10
6.1050236614173228
20
-3.9943915354330706
11
6.1026415748031493
21
-4.0001424015748031
0
LINE
8
BLACK
6
CONTINUOUS
10
6.1026415748031493
20
-4.0001424015748031
11
6.1026414960629918
21
-4.0001427165354331
0
LINE
8
BLACK
6
CONTINUOUS
10
6.1026414960629918
20
-4.0001427165354331
11
6.1018290157480317
21
-4.0063142913385823
0
LINE
8
BLACK
6
CONTINUOUS
10
6.1018290157480317
20
-4.0063142913385823
11
6.1018290157480317
21
-4.0063143307086611
0
LINE
8
BLACK
6
CONTINUOUS
10
6.1018290157480317
20
-4.0063143307086611
11
6.1026414960629918
21
-4.0124859055118112
0
LINE
8
BLACK
6
CONTINUOUS
10
6.1026414960629918
20
-4.0124859055118112
11
6.1026415748031493
21
-4.0124862204724412
0
LINE
8
BLACK
6
CONTINUOUS
10
6.1026415748031493
20
-4.0124862204724412
11
6.1050236614173228
21
-4.0182370866141728
0
LINE
8
BLACK
6
CONTINUOUS
10
6.1050236614173228
20
-4.0182370866141728
11
6.1050236614173228
21
-4.0182371259842515
0
LINE
8
BLACK
6
CONTINUOUS
10
6.1050236614173228
20
-4.0182371259842515
11
6.107861692913386
21
-4.0219357086614176
0
LINE
8
BLACK
6
CONTINUOUS
10
6.107861692913386
20
-4.0219357086614176
11
6.1088132677165357
21
-4.0231758267716531
0
LINE
8
BLACK
6
CONTINUOUS
10
6.1088132677165357
20
-4.0231758267716531
11
6.1137518897637797
21
-4.0269653543307085
0
LINE
8
BLACK
6
CONTINUOUS
10
6.1137518897637797
20
-4.0269653543307085
11
6.1137519291338585
21
-4.0269653543307085
0
LINE
8
BLACK
6
CONTINUOUS
10
6.1137519291338585
20
-4.0269653543307085
11
6.1137519685039372
21
-4.0269653937007872
0
LINE
8
BLACK
6
CONTINUOUS
10
6.1137519685039372
20
-4.0269653937007872
11
6.1168845669291336
21
-4.0282629527559051
0
LINE
8
BLACK
6
CONTINUOUS
10
6.1168845669291336
20
-4.0282629527559051
11
6.1195030314960626
21
-4.0293475590551182
0
LINE
8
BLACK
6
CONTINUOUS
10
6.1195030314960626
20
-4.0293475590551182
11
6.1241318110236218
21
-4.0299569291338582
0
LINE
8
BLACK
6
CONTINUOUS
10
6.1241318110236218
20
-4.0299569291338582
11
6.1256747244094489
21
-4.030160078740157
0
LINE
8
BLACK
6
CONTINUOUS
10
6.1256747244094489
20
-4.030160078740157
11
6.1256747637795277
21
-4.030160078740157
0
LINE
8
BLACK
6
CONTINUOUS
10
6.1256747637795277
20
-4.030160078740157
11
6.1256748031496064
21
-4.030160078740157
0
LINE
8
BLACK
6
CONTINUOUS
10
6.1256748031496064
20
-4.030160078740157
11
6.1269090944881892
21
-4.0299975590551176
0
LINE
8
BLACK
6
CONTINUOUS
10
6.1269090944881892
20
-4.0299975590551176
11
6.1318464960629919
21
-4.0293475590551182
0
LINE
8
BLACK
6
CONTINUOUS
10
6.1318464960629919
20
-4.0293475590551182
11
6.1375976377952757
21
-4.0269653543307085
0
LINE
8
BLACK
6
CONTINUOUS
10
6.1375976377952757
20
-4.0269653543307085
11
6.1394388188976379
21
-4.025552559055118
0
LINE
8
BLACK
6
CONTINUOUS
10
6.1394388188976379
20
-4.025552559055118
11
6.1425362598425197
21
-4.0231758267716531
0
LINE
8
BLACK
6
CONTINUOUS
10
6.1425362598425197
20
-4.0231758267716531
11
6.1434100000000003
21
-4.0220370472440941
0
LINE
8
BLACK
6
CONTINUOUS
10
6.1434100000000003
20
-4.0220370472440941
11
6.1435780708661412
21
-4.0218454330708662
0
LINE
8
BLACK
6
CONTINUOUS
10
6.1435780708661412
20
-4.0218454330708662
11
6.1927911417322834
21
-3.9726323622047244
0
LINE
8
BLACK
6
CONTINUOUS
10
6.1927911417322834
20
-3.9726323622047244
11
6.1929827559055113
21
-3.9724642913385826
0
LINE
8
BLACK
6
CONTINUOUS
10
6.1929827559055113
20
-3.9724642913385826
11
6.1941215354330703
21
-3.9715905511811025
0
LINE
8
BLACK
6
CONTINUOUS
10
6.1941215354330703
20
-3.9715905511811025
11
6.1979110629921257
21
-3.966651929133858
0
LINE
8
BLACK
6
CONTINUOUS
10
6.1979110629921257
20
-3.966651929133858
11
6.2002932677165354
21
-3.9609007874015747
0
LINE
8
BLACK
6
CONTINUOUS
10
6.2002932677165354
20
-3.9609007874015747
11
6.2009017716535428
21
-3.9562787007874016
0
LINE
8
BLACK
6
CONTINUOUS
10
6.2009017716535428
20
-3.9562787007874016
11
6.2011057874015743
21
-3.95472905511811
0
LINE
8
BLACK
6
CONTINUOUS
10
6.2011057874015743
20
-3.95472905511811
11
6.2009184645669286
21
-3.9533061417322832
0
LINE
8
BLACK
6
CONTINUOUS
10
6.2009184645669286
20
-3.9533061417322832
11
6.2009017716535428
21
-3.9530514960629919
0
LINE
8
BLACK
6
CONTINUOUS
10
6.2009017716535428
20
-3.9530514960629919
11
6.2009017716535428
21
-3.9337705905511808
0
LINE
8
BLACK
6
CONTINUOUS
10
6.2009017716535428
20
-3.9337705905511808
11
6.2009184645669286
21
-3.9335159448818895
0
LINE
8
BLACK
6
CONTINUOUS
10
6.2009184645669286
20
-3.9335159448818895
11
6.2011057874015743
21
-3.9320931102362202
0
LINE
8
BLACK
6
CONTINUOUS
10
6.2011057874015743
20
-3.9320931102362202
11
6.2011057874015743
21
-3.9320930708661415
0
LINE
8
BLACK
6
CONTINUOUS
10
6.2011057874015743
20
-3.9320930708661415
11
6.2009184645669286
21
-3.9306701968503934
0
LINE
8
BLACK
6
CONTINUOUS
10
6.2009184645669286
20
-3.9306701968503934
11
6.2009017716535428
21
-3.9304155511811021
0
LINE
8
BLACK
6
CONTINUOUS
10
6.2009017716535428
20
-3.9304155511811021
11
6.2009017716535428
21
-3.8737794881889762
0
LINE
8
BLACK
6
CONTINUOUS
10
6.2009017716535428
20
-3.8737794881889762
11
6.2009184645669286
21
-3.8735248425196849
0
LINE
8
BLACK
6
CONTINUOUS
10
6.2009184645669286
20
-3.8735248425196849
11
6.2011057874015743
21
-3.8721020078740156
0
LINE
8
BLACK
6
CONTINUOUS
10
6.2011057874015743
20
-3.8721020078740156
11
6.2011057874015743
21
-3.8721019685039368
0
LINE
8
BLACK
6
CONTINUOUS
10
6.2011057874015743
20
-3.8721019685039368
11
6.2009026377952754
21
-3.8705590551181102
0
LINE
8
BLACK
6
CONTINUOUS
10
6.2009026377952754
20
-3.8705590551181102
11
6.2002932677165354
21
-3.8659302755905509
0
LINE
8
BLACK
6
CONTINUOUS
10
6.2002932677165354
20
-3.8659302755905509
11
6.1979111023622044
21
-3.8601792125984251
0
LINE
8
BLACK
6
CONTINUOUS
10
6.1979111023622044
20
-3.8601792125984251
11
6.1979111023622044
21
-3.8601791732283464
0
LINE
8
BLACK
6
CONTINUOUS
10
6.1979111023622044
20
-3.8601791732283464
11
6.1977427165354326
21
-3.8599597637795275
0
LINE
8
BLACK
6
CONTINUOUS
10
6.1977427165354326
20
-3.8599597637795275
11
6.1971874409448819
21
-3.8592361023622046
0
LINE
8
BLACK
6
CONTINUOUS
10
6.1971874409448819
20
-3.8592361023622046
11
6.1941215354330703
21
-3.8552405118110236
0
LINE
8
BLACK
6
CONTINUOUS
10
6.1941215354330703
20
-3.8552405118110236
11
6.1941213385826774
21
-3.8552403543307086
0
LINE
8
BLACK
6
CONTINUOUS
10
6.1941213385826774
20
-3.8552403543307086
11
6.1941212992125987
21
-3.8552403149606298
0
LINE
8
BLACK
6
CONTINUOUS
10
6.1941212992125987
20
-3.8552403149606298
11
6.1929830708661413
21
-3.854366929133858
0
LINE
8
BLACK
6
CONTINUOUS
10
6.1929830708661413
20
-3.854366929133858
11
6.1927911811023622
21
-3.8541986614173229
0
LINE
8
BLACK
6
CONTINUOUS
10
6.1927911811023622
20
-3.8541986614173229
11
6.1746287795275592
21
-3.8360362598425195
0
LINE
8
BLACK
6
CONTINUOUS
10
6.1746287795275592
20
-3.8360362598425195
11
6.1744605118110236
21
-3.8358443700787399
0
LINE
8
BLACK
6
CONTINUOUS
10
6.1744605118110236
20
-3.8358443700787399
11
6.1718118110236215
21
-3.8323924803149607
0
LINE
8
BLACK
6
CONTINUOUS
10
6.1718118110236215
20
-3.8323924803149607
11
6.1718118110236215
21
-3.8323925196850395
0
LINE
8
BLACK
6
CONTINUOUS
10
6.1718118110236215
20
-3.8323925196850395
11
6.1709380708661419
21
-3.8312538188976375
0
LINE
8
BLACK
6
CONTINUOUS
10
6.1709380708661419
20
-3.8312538188976375
11
6.1709378740157481
21
-3.8312536614173229
0
LINE
8
BLACK
6
CONTINUOUS
10
6.1709378740157481
20
-3.8312536614173229
11
6.1709378346456694
21
-3.8312536220472442
0
LINE
8
BLACK
6
CONTINUOUS
10
6.1709378346456694
20
-3.8312536220472442
11
6.169799763779527
21
-3.8303803543307087
0
LINE
8
BLACK
6
CONTINUOUS
10
6.169799763779527
20
-3.8303803543307087
11
6.1696078740157478
21
-3.8302120866141731
0
LINE
8
BLACK
6
CONTINUOUS
10
6.1696078740157478
20
-3.8302120866141731
11
6.147381456692913
21
-3.8079857086614171
0
LINE
8
BLACK
6
CONTINUOUS
10
6.147381456692913
20
-3.8079857086614171
11
6.1472131889763775
21
-3.8077938582677167
0
LINE
8
BLACK
6
CONTINUOUS
10
6.1472131889763775
20
-3.8077938582677167
11
6.1463396850393703
21
-3.8066554724409447
0
LINE
8
BLACK
6
CONTINUOUS
10
6.1463396850393703
20
-3.8066554724409447
11
6.1463395669291341
21
-3.8066553149606297
0
LINE
8
BLACK
6
CONTINUOUS
10
6.1463395669291341
20
-3.8066553149606297
11
6.1463393700787403
21
-3.8066551574803147
0
LINE
8
BLACK
6
CONTINUOUS
10
6.1463393700787403
20
-3.8066551574803147
11
6.1463393307086616
21
-3.8066551181102359
0
LINE
8
BLACK
6
CONTINUOUS
10
6.1463393307086616
20
-3.8066551181102359
11
6.1414008267716538
21
-3.8028657086614173
0
LINE
8
BLACK
6
CONTINUOUS
10
6.1414008267716538
20
-3.8028657086614173
11
6.1356499606299213
21
-3.8004836220472442
0
LINE
8
BLACK
6
CONTINUOUS
10
6.1356499606299213
20
-3.8004836220472442
11
6.1356496456692913
21
-3.8004835433070867
0
LINE
8
BLACK
6
CONTINUOUS
10
6.1356496456692913
20
-3.8004835433070867
11
6.1310277165354332
21
-3.7998750787401572
0
LINE
8
BLACK
6
CONTINUOUS
10
6.1310277165354332
20
-3.7998750787401572
11
6.1294781102362199
21
-3.7996710629921258
0
LINE
8
BLACK
6
CONTINUOUS
10
6.1294781102362199
20
-3.7996710629921258
11
6.1292228740157482
21
-3.7996710629921258
0
LINE
8
BLACK
6
CONTINUOUS
10
6.1292228740157482
20
-3.7996710629921258
11
6.1292228740157482
21
-3.7996570472440943
0
LINE
8
BLACK
6
CONTINUOUS
10
6.1292228740157482
20
-3.7996570472440943
11
6.1289300393700783
21
-3.7996570472440943
0
LINE
8
BLACK
6
CONTINUOUS
10
6.1289300393700783
20
-3.7996570472440943
11
6.1289300393700783
21
-3.7996710629921258
0
LINE
8
BLACK
6
CONTINUOUS
10
6.1289300393700783
20
-3.7996710629921258
11
6.1286748031496066
21
-3.7996710629921258
0
LINE
8
BLACK
6
CONTINUOUS
10
6.1286748031496066
20
-3.7996710629921258
11
6.1272519685039368
21
-3.7998583858267714
0
LINE
8
BLACK
6
CONTINUOUS
10
6.1272519685039368
20
-3.7998583858267714
11
6.1269973228346455
21
-3.7998750787401572
0
LINE
8
BLACK
6
CONTINUOUS
10
6.1269973228346455
20
-3.7998750787401572
11
6.006214212598425
21
-3.7998750787401572
0
LINE
8
BLACK
6
CONTINUOUS
10
6.006214212598425
20
-3.7998750787401572
11
6.0039232283464568
21
-3.7991307086614174
0
LINE
8
BLACK
6
CONTINUOUS
10
6.0039232283464568
20
-3.7991307086614174
11
6.0025073228346457
21
-3.7971818897637792
0
LINE
8
BLACK
6
CONTINUOUS
10
6.0025073228346457
20
-3.7971818897637792
11
6.0023165748031495
21
-3.7959774409448817
0
LINE
8
BLACK
6
CONTINUOUS
10
6.0023165748031495
20
-3.7959774409448817
11
6.0023165748031495
21
-3.7891942913385828
0
LINE
8
BLACK
6
CONTINUOUS
10
6.0023165748031495
20
-3.7891942913385828
11
6.0023332677165353
21
-3.7889396456692914
0
LINE
8
BLACK
6
CONTINUOUS
10
6.0023332677165353
20
-3.7889396456692914
11
6.0023707480314963
21
-3.7886551181102361
0
LINE
8
BLACK
6
CONTINUOUS
10
6.0023707480314963
20
-3.7886551181102361
11
6.0025205905511809
21
-3.7875168110236221
0
LINE
8
BLACK
6
CONTINUOUS
10
6.0025205905511809
20
-3.7875168110236221
11
6.0017080708661412
21
-3.7813450787401575
0
LINE
8
BLACK
6
CONTINUOUS
10
6.0017080708661412
20
-3.7813450787401575
11
5.9993259055118111
21
-3.7755940157480312
0
LINE
8
BLACK
6
CONTINUOUS
10
5.9993259055118111
20
-3.7755940157480312
11
5.9993259055118111
21
-3.7755939763779525
0
LINE
8
BLACK
6
CONTINUOUS
10
5.9993259055118111
20
-3.7755939763779525
11
5.995536496062992
21
-3.7706555118110234
0
LINE
8
BLACK
6
CONTINUOUS
10
5.995536496062992
20
-3.7706555118110234
11
5.9955364566929132
21
-3.7706554724409447
0
LINE
8
BLACK
6
CONTINUOUS
10
5.9955364566929132
20
-3.7706554724409447
11
5.995536338582677
21
-3.7706553149606297
0
LINE
8
BLACK
6
CONTINUOUS
10
5.995536338582677
20
-3.7706553149606297
11
5.9955361417322832
21
-3.7706551574803147
0
LINE
8
BLACK
6
CONTINUOUS
10
5.9955361417322832
20
-3.7706551574803147
11
5.9955361023622045
21
-3.7706551181102363
0
LINE
8
BLACK
6
CONTINUOUS
10
5.9955361023622045
20
-3.7706551181102363
11
5.9905975984251967
21
-3.7668657086614172
0
LINE
8
BLACK
6
CONTINUOUS
10
5.9905975984251967
20
-3.7668657086614172
11
5.9848467322834642
21
-3.7644836220472442
0
LINE
8
BLACK
6
CONTINUOUS
10
5.9848467322834642
20
-3.7644836220472442
11
5.9848464173228342
21
-3.7644835433070867
0
LINE
8
BLACK
6
CONTINUOUS
10
5.9848464173228342
20
-3.7644835433070867
11
5.9786748818897637
21
-3.7636710629921257
0
LINE
8
BLACK
6
CONTINUOUS
10
5.9786748818897637
20
-3.7636710629921257
11
5.9786748031496062
21
-3.7636710629921257
0
LINE
8
BLACK
6
CONTINUOUS
10
5.9786748031496062
20
-3.7636710629921257
11
5.972503228346457
21
-3.7644835433070867
0
LINE
8
BLACK
6
CONTINUOUS
10
5.972503228346457
20
-3.7644835433070867
11
5.972502913385827
21
-3.7644836220472442
0
LINE
8
BLACK
6
CONTINUOUS
10
5.972502913385827
20
-3.7644836220472442
11
5.9667520472440945
21
-3.7668657086614172
0
LINE
8
BLACK
6
CONTINUOUS
10
5.9667520472440945
20
-3.7668657086614172
11
5.9667520078740157
21
-3.7668657086614172
0
LINE
8
BLACK
6
CONTINUOUS
10
5.9667520078740157
20
-3.7668657086614172
11
5.9618135433070867
21
-3.7706551181102363
0
LINE
8
BLACK
6
CONTINUOUS
10
5.9618135433070867
20
-3.7706551181102363
11
5.9618131496062992
21
-3.7706555118110234
0
LINE
8
BLACK
6
CONTINUOUS
10
5.9618131496062992
20
-3.7706555118110234
11
5.95802374015748
21
-3.7755939763779525
0
LINE
8
BLACK
6
CONTINUOUS
10
5.95802374015748
20
-3.7755939763779525
11
5.95802374015748
21
-3.7755940157480312
0
LINE
8
BLACK
6
CONTINUOUS
10
5.95802374015748
20
-3.7755940157480312
11
5.9556416535433065
21
-3.7813448818897637
0
LINE
8
BLACK
6
CONTINUOUS
10
5.9556416535433065
20
-3.7813448818897637
11
5.955641574803149
21
-3.7813451968503937
0
LINE
8
BLACK
6
CONTINUOUS
10
5.955641574803149
20
-3.7813451968503937
11
5.9551781102362202
21
-3.784865708661417
0
LINE
8
BLACK
6
CONTINUOUS
10
5.9551781102362202
20
-3.784865708661417
11
5.954829094488189
21
-3.7875168110236221
0
LINE
8
BLACK
6
CONTINUOUS
10
5.954829094488189
20
-3.7875168110236221
11
5.9549789370078736
21
-3.7886551181102361
0
LINE
8
BLACK
6
CONTINUOUS
10
5.9549789370078736
20
-3.7886551181102361
11
5.9550164173228346
21
-3.7889396456692914
0
LINE
8
BLACK
6
CONTINUOUS
10
5.9550164173228346
20
-3.7889396456692914
11
5.9550331102362204
21
-3.7891942913385828
0
LINE
8
BLACK
6
CONTINUOUS
10
5.9550331102362204
20
-3.7891942913385828
11
5.9550331102362204
21
-3.7959774409448817
0
LINE
8
BLACK
6
CONTINUOUS
10
5.9550331102362204
20
-3.7959774409448817
11
5.9542887401574802
21
-3.7982684251968504
0
LINE
8
BLACK
6
CONTINUOUS
10
5.9542887401574802
20
-3.7982684251968504
11
5.952339921259842
21
-3.7996843307086614
0
LINE
8
BLACK
6
CONTINUOUS
10
5.952339921259842
20
-3.7996843307086614
11
5.9511354724409449
21
-3.7998750787401572
0
LINE
8
BLACK
6
CONTINUOUS
10
5.9511354724409449
20
-3.7998750787401572
11
5.8494235039370075
21
-3.7998750787401572
0
LINE
8
BLACK
6
CONTINUOUS
10
5.8494235039370075
20
-3.7998750787401572
11
5.8471325196850392
21
-3.7991307086614174
0
LINE
8
BLACK
6
CONTINUOUS
10
5.8471325196850392
20
-3.7991307086614174
11
5.8457166141732282
21
-3.7971818897637792
0
LINE
8
BLACK
6
CONTINUOUS
10
5.8457166141732282
20
-3.7971818897637792
11
5.845525866141732
21
-3.7959774409448817
0
LINE
8
BLACK
6
CONTINUOUS
10
5.845525866141732
20
-3.7959774409448817
11
5.845525866141732
21
-3.760344527559055
0
LINE
8
BLACK
6
CONTINUOUS
10
5.845525866141732
20
-3.760344527559055
11
5.8455425590551178
21
-3.7600898818897637
0
LINE
8
BLACK
6
CONTINUOUS
10
5.8455425590551178
20
-3.7600898818897637
11
5.8457298818897634
21
-3.7586670472440944
0
LINE
8
BLACK
6
CONTINUOUS
10
5.8457298818897634
20
-3.7586670472440944
11
5.8457298818897634
21
-3.7586670078740156
0
LINE
8
BLACK
6
CONTINUOUS
10
5.8457298818897634
20
-3.7586670078740156
11
5.8449573228346452
21
-3.7527988976377951
0
LINE
8
BLACK
6
CONTINUOUS
10
5.8449573228346452
20
-3.7527988976377951
11
5.8449173622047246
21
-3.7524953149606297
0
LINE
8
BLACK
6
CONTINUOUS
10
5.8449173622047246
20
-3.7524953149606297
11
5.8431306692913383
21
-3.7481818503937006
0
LINE
8
BLACK
6
CONTINUOUS
10
5.8431306692913383
20
-3.7481818503937006
11
5.8425351968503936
21
-3.7467442519685039
0
LINE
8
BLACK
6
CONTINUOUS
10
5.8425351968503936
20
-3.7467442519685039
11
5.8425351968503936
21
-3.7467442125984252
0
LINE
8
BLACK
6
CONTINUOUS
10
5.8425351968503936
20
-3.7467442125984252
11
5.8387457874015745
21
-3.7418057480314961
0
LINE
8
BLACK
6
CONTINUOUS
10
5.8387457874015745
20
-3.7418057480314961
11
5.8387457480314957
21
-3.7418057086614174
0
LINE
8
BLACK
6
CONTINUOUS
10
5.8387457480314957
20
-3.7418057086614174
11
5.8387456299212595
21
-3.7418055511811024
0
LINE
8
BLACK
6
CONTINUOUS
10
5.8387456299212595
20
-3.7418055511811024
11
5.8387454330708657
21
-3.7418053937007874
0
LINE
8
BLACK
6
CONTINUOUS
10
5.8387454330708657
20
-3.7418053937007874
11
5.8387453937007869
21
-3.7418053543307086
0
LINE
8
BLACK
6
CONTINUOUS
10
5.8387453937007869
20
-3.7418053543307086
11
5.835943346456693
21
-3.7396552755905512
0
LINE
8
BLACK
6
CONTINUOUS
10
5.835943346456693
20
-3.7396552755905512
11
5.8338070078740154
21
-3.738016023622047
0
LINE
8
BLACK
6
CONTINUOUS
10
5.8338070078740154
20
-3.738016023622047
11
5.8338069685039367
21
-3.7380159842519682
0
LINE
8
BLACK
6
CONTINUOUS
10
5.8338069685039367
20
-3.7380159842519682
11
5.8338068897637791
21
-3.7380159448818895
0
LINE
8
BLACK
6
CONTINUOUS
10
5.8338068897637791
20
-3.7380159448818895
11
5.8280560236220476
21
-3.7356338582677164
0
LINE
8
BLACK
6
CONTINUOUS
10
5.8280560236220476
20
-3.7356338582677164
11
5.8280557086614175
21
-3.7356337795275589
0
LINE
8
BLACK
6
CONTINUOUS
10
5.8280557086614175
20
-3.7356337795275589
11
5.8218841732283462
21
-3.7348212992125984
0
LINE
8
BLACK
6
CONTINUOUS
10
5.8218841732283462
20
-3.7348212992125984
11
5.8218840944881887
21
-3.7348212992125984
0
LINE
8
BLACK
6
CONTINUOUS
10
5.8218840944881887
20
-3.7348212992125984
11
5.8157125196850394
21
-3.7356337795275589
0
LINE
8
BLACK
6
CONTINUOUS
10
5.8157125196850394
20
-3.7356337795275589
11
5.8157122047244094
21
-3.7356338582677164
0
LINE
8
BLACK
6
CONTINUOUS
10
5.8157122047244094
20
-3.7356338582677164
11
5.8099613385826769
21
-3.7380159448818895
0
LINE
8
BLACK
6
CONTINUOUS
10
5.8099613385826769
20
-3.7380159448818895
11
5.8099612992125982
21
-3.7380159448818895
0
LINE
8
BLACK
6
CONTINUOUS
10
5.8099612992125982
20
-3.7380159448818895
11
5.8050228346456691
21
-3.7418053543307086
0
LINE
8
BLACK
6
CONTINUOUS
10
5.8050228346456691
20
-3.7418053543307086
11
5.8050224409448816
21
-3.7418057480314961
0
LINE
8
BLACK
6
CONTINUOUS
10
5.8050224409448816
20
-3.7418057480314961
11
5.8012330314960625
21
-3.7467442125984252
0
LINE
8
BLACK
6
CONTINUOUS
10
5.8012330314960625
20
-3.7467442125984252
11
5.8012330314960625
21
-3.7467442519685039
0
LINE
8
BLACK
6
CONTINUOUS
10
5.8012330314960625
20
-3.7467442519685039
11
5.7988509448818899
21
-3.7524951181102359
0
LINE
8
BLACK
6
CONTINUOUS
10
5.7988509448818899
20
-3.7524951181102359
11
5.7988508661417324
21
-3.752495433070866
0
LINE
8
BLACK
6
CONTINUOUS
10
5.7988508661417324
20
-3.752495433070866
11
5.7980383858267714
21
-3.7586670078740156
0
LINE
8
BLACK
6
CONTINUOUS
10
5.7980383858267714
20
-3.7586670078740156
11
5.7980383858267714
21
-3.7586670472440944
0
LINE
8
BLACK
6
CONTINUOUS
10
5.7980383858267714
20
-3.7586670472440944
11
5.7982257086614171
21
-3.7600898818897637
0
LINE
8
BLACK
6
CONTINUOUS
10
5.7982257086614171
20
-3.7600898818897637
11
5.7982424015748029
21
-3.760344527559055
0
LINE
8
BLACK
6
CONTINUOUS
10
5.7982424015748029
20
-3.760344527559055
11
5.7982424015748029
21
-3.7959774409448817
0
LINE
8
BLACK
6
CONTINUOUS
10
5.7982424015748029
20
-3.7959774409448817
11
5.7974980314960627
21
-3.7982684251968504
0
LINE
8
BLACK
6
CONTINUOUS
10
5.7974980314960627
20
-3.7982684251968504
11
5.7955492125984254
21
-3.7996843307086614
0
LINE
8
BLACK
6
CONTINUOUS
10
5.7955492125984254
20
-3.7996843307086614
11
5.7943447637795273
21
-3.7998750787401572
0
LINE
8
BLACK
6
CONTINUOUS
10
5.7943447637795273
20
-3.7998750787401572
11
5.5670820472440941
21
-3.7998750787401572
0
LINE
8
BLACK
6
CONTINUOUS
10
5.5670820472440941
20
-3.7998750787401572
11
5.5647910629921258
21
-3.7991307086614174
0
LINE
8
BLACK
6
CONTINUOUS
10
5.5647910629921258
20
-3.7991307086614174
11
5.5643259842519681
21
-3.7987335039370076
0
LINE
8
BLACK
6
CONTINUOUS
10
5.5643259842519681
20
-3.7987335039370076
11
5.4924395669291339
21
-3.7268470472440942
0
LINE
8
BLACK
6
CONTINUOUS
10
5.4924395669291339
20
-3.7268470472440942
11
5.4420857086614172
21
-3.6764931889763779
0
LINE
8
BLACK
6
CONTINUOUS
10
5.4420857086614172
20
-3.6764931889763779
11
5.4014535433070865
21
-3.6358610236220472
0
LINE
8
BLACK
6
CONTINUOUS
10
5.4014535433070865
20
-3.6358610236220472
11
5.3765781496062992
21
-3.6109856299212599
0
LINE
8
BLACK
6
CONTINUOUS
10
5.3765781496062992
20
-3.6109856299212599
11
5.3764098818897637
21
-3.6107937401574803
0
LINE
8
BLACK
6
CONTINUOUS
10
5.3764098818897637
20
-3.6107937401574803
11
5.3755364960629919
21
-3.6096555118110234
0
LINE
8
BLACK
6
CONTINUOUS
10
5.3755364960629919
20
-3.6096555118110234
11
5.3755364566929131
21
-3.6096554724409446
0
LINE
8
BLACK
6
CONTINUOUS
10
5.3755364566929131
20
-3.6096554724409446
11
5.3755363385826769
21
-3.6096553149606296
0
LINE
8
BLACK
6
CONTINUOUS
10
5.3755363385826769
20
-3.6096553149606296
11
5.3755361417322831
21
-3.6096551574803151
0
LINE
8
BLACK
6
CONTINUOUS
10
5.3755361417322831
20
-3.6096551574803151
11
5.3755361023622044
21
-3.6096551181102363
0
LINE
8
BLACK
6
CONTINUOUS
10
5.3755361023622044
20
-3.6096551181102363
11
5.3705975984251966
21
-3.6058657086614172
0
LINE
8
BLACK
6
CONTINUOUS
10
5.3705975984251966
20
-3.6058657086614172
11
5.3648467322834641
21
-3.6034836220472442
0
LINE
8
BLACK
6
CONTINUOUS
10
5.3648467322834641
20
-3.6034836220472442
11
5.364846417322835
21
-3.6034835433070866
0
LINE
8
BLACK
6
CONTINUOUS
10
5.364846417322835
20
-3.6034835433070866
11
5.360224488188976
21
-3.6028750787401576
0
LINE
8
BLACK
6
CONTINUOUS
10
5.360224488188976
20
-3.6028750787401576
11
5.3586748425196848
21
-3.6026710629921257
0
LINE
8
BLACK
6
CONTINUOUS
10
5.3586748425196848
20
-3.6026710629921257
11
5.3586748031496061
21
-3.6026710629921257
0
LINE
8
BLACK
6
CONTINUOUS
10
5.3586748031496061
20
-3.6026710629921257
11
5.3572519685039373
21
-3.6028583858267718
0
LINE
8
BLACK
6
CONTINUOUS
10
5.3572519685039373
20
-3.6028583858267718
11
5.3569973228346459
21
-3.6028750787401576
0
LINE
8
BLACK
6
CONTINUOUS
10
5.3569973228346459
20
-3.6028750787401576
11
5.2206630314960627
21
-3.6028750787401576
0
LINE
8
BLACK
6
CONTINUOUS
10
5.2206630314960627
20
-3.6028750787401576
11
5.2183720472440944
21
-3.6021307086614174
0
LINE
8
BLACK
6
CONTINUOUS
10
5.2183720472440944
20
-3.6021307086614174
11
5.2169561417322834
21
-3.6001818897637796
0
LINE
8
BLACK
6
CONTINUOUS
10
5.2169561417322834
20
-3.6001818897637796
11
5.2167653937007872
21
-3.5989774409448816
0
LINE
8
BLACK
6
CONTINUOUS
10
5.2167653937007872
20
-3.5989774409448816
11
5.2167653937007872
21
-3.3805168110236221
0
LINE
8
BLACK
6
CONTINUOUS
10
5.2167653937007872
20
-3.3805168110236221
11
5.2167653937007872
21
-3.3135168110236219
0
LINE
8
BLACK
6
CONTINUOUS
10
5.2167653937007872
20
-3.3135168110236219
11
5.2167653937007872
21
-3.3023988976377954
0
LINE
8
BLACK
6
CONTINUOUS
10
5.2167653937007872
20
-3.3023988976377954
11
5.2167653937007872
21
-3.3023987007874016
0
LINE
8
BLACK
6
CONTINUOUS
10
5.2167653937007872
20
-3.3023987007874016
11
5.2165804724409446
21
-3.3006788582677165
0
LINE
8
BLACK
6
CONTINUOUS
10
5.2165804724409446
20
-3.3006788582677165
11
5.2163444488188979
21
-3.2995939370078737
0
LINE
8
BLACK
6
CONTINUOUS
10
5.2163444488188979
20
-3.2995939370078737
11
5.2161393307086614
21
-3.2986509055118107
0
LINE
8
BLACK
6
CONTINUOUS
10
5.2161393307086614
20
-3.2986509055118107
11
5.2160413779527559
21
-3.2982502362204724
0
LINE
8
BLACK
6
CONTINUOUS
10
5.2160413779527559
20
-3.2982502362204724
11
5.2160413779527559
21
-3.2982501574803149
0
LINE
8
BLACK
6
CONTINUOUS
10
5.2160413779527559
20
-3.2982501574803149
11
5.2143480708661416
21
-3.2950725196850392
0
LINE
8
BLACK
6
CONTINUOUS
10
5.2143480708661416
20
-3.2950725196850392
11
5.2125466929133859
21
-3.292993622047244
0
LINE
8
BLACK
6
CONTINUOUS
10
5.2125466929133859
20
-3.292993622047244
11
5.2118541338582673
21
-3.2922867716535431
0
LINE
8
BLACK
6
CONTINUOUS
10
5.2118541338582673
20
-3.2922867716535431
11
5.2118540944881886
21
-3.2922867322834644
0
LINE
8
BLACK
6
CONTINUOUS
10
5.2118540944881886
20
-3.2922867322834644
11
5.2118540551181098
21
-3.2922866929133856
0
LINE
8
BLACK
6
CONTINUOUS
10
5.2118540551181098
20
-3.2922866929133856
11
5.2118539763779523
21
-3.2922866141732281
0
LINE
8
BLACK
6
CONTINUOUS
10
5.2118539763779523
20
-3.2922866141732281
11
5.2087118897637792
21
-3.2905290551181103
0
LINE
8
BLACK
6
CONTINUOUS
10
5.2087118897637792
20
-3.2905290551181103
11
5.2087117322834642
21
-3.2905289763779528
0
LINE
8
BLACK
6
CONTINUOUS
10
5.2087117322834642
20
-3.2905289763779528
11
5.2060726377952751
21
-3.2897540551181104
0
LINE
8
BLACK
6
CONTINUOUS
10
5.2060726377952751
20
-3.2897540551181104
11
5.2060722834645672
21
-3.2897539763779529
0
LINE
8
BLACK
6
CONTINUOUS
10
5.2060722834645672
20
-3.2897539763779529
11
5.2042529527559056
21
-3.2894924015748033
0
LINE
8
BLACK
6
CONTINUOUS
10
5.2042529527559056
20
-3.2894924015748033
11
5.2037929527559053
21
-3.2894262598425197
0
LINE
8
BLACK
6
CONTINUOUS
10
5.2037929527559053
20
-3.2894262598425197
11
4.0135567322834644
21
-3.2894262598425197
0
LINE
8
BLACK
6
CONTINUOUS
10
4.0135567322834644
20
-3.2894262598425197
11
4.0123282677165353
21
-3.2895583464566927
0
LINE
8
BLACK
6
CONTINUOUS
10
4.0123282677165353
20
-3.2895583464566927
11
4.0118368110236222
21
-3.2896111811023623
0
LINE
8
BLACK
6
CONTINUOUS
10
4.0118368110236222
20
-3.2896111811023623
11
4.0098089370078736
21
-3.2900523228346454
0
LINE
8
BLACK
6
CONTINUOUS
10
4.0098089370078736
20
-3.2900523228346454
11
4.0094082677165357
21
-3.2901502362204722
0
LINE
8
BLACK
6
CONTINUOUS
10
4.0094082677165357
20
-3.2901502362204722
11
4.0062305118110233
21
-3.2918435826771653
0
LINE
8
BLACK
6
CONTINUOUS
10
4.0062305118110233
20
-3.2918435826771653
11
4.0041515748031493
21
-3.2936450393700785
0
LINE
8
BLACK
6
CONTINUOUS
10
4.0041515748031493
20
-3.2936450393700785
11
4.0034447244094489
21
-3.2943375590551178
0
LINE
8
BLACK
6
CONTINUOUS
10
4.0034447244094489
20
-3.2943375590551178
11
4.0034446456692914
21
-3.2943376377952753
0
LINE
8
BLACK
6
CONTINUOUS
10
4.0034446456692914
20
-3.2943376377952753
11
4.0016870866141732
21
-3.2974797244094489
0
LINE
8
BLACK
6
CONTINUOUS
10
4.0016870866141732
20
-3.2974797244094489
11
4.0016870078740157
21
-3.2974798818897635
0
LINE
8
BLACK
6
CONTINUOUS
10
4.0016870078740157
20
-3.2974798818897635
11
4.0009120866141732
21
-3.3001189763779526
0
LINE
8
BLACK
6
CONTINUOUS
10
4.0009120866141732
20
-3.3001189763779526
11
4.0009120078740157
21
-3.3001193307086614
0
LINE
8
BLACK
6
CONTINUOUS
10
4.0009120078740157
20
-3.3001193307086614
11
4.0008315748031498
21
-3.3006787795275589
0
LINE
8
BLACK
6
CONTINUOUS
10
4.0008315748031498
20
-3.3006787795275589
11
4.0005842913385825
21
-3.3023987007874016
0
LINE
8
BLACK
6
CONTINUOUS
10
4.0005842913385825
20
-3.3023987007874016
11
4.0005842913385825
21
-3.3395916141732283
0
LINE
8
BLACK
6
CONTINUOUS
10
4.0005842913385825
20
-3.3395916141732283
11
4.0005842913385825
21
-4.0441656299212596
0
LINE
8
BLACK
6
CONTINUOUS
10
4.0005842913385825
20
-4.0441656299212596
11
4.0005842913385825
21
-4.3082540551181099
0
LINE
8
BLACK
6
CONTINUOUS
10
4.0005842913385825
20
-4.3082540551181099
11
4.0005842913385825
21
-4.4043577559055116
0
LINE
8
BLACK
6
CONTINUOUS
10
4.0005842913385825
20
-4.4043577559055116
11
4.0005842913385825
21
-4.4545168110236215
0
LINE
8
BLACK
6
CONTINUOUS
10
4.0005842913385825
20
-4.4545168110236215
11
4.0005842913385825
21
-4.4926349212598424
0
LINE
8
BLACK
6
CONTINUOUS
10
4.0005842913385825
20
-4.4926349212598424
11
4.0007427952755901
21
-4.49410905511811
0
LINE
8
BLACK
6
CONTINUOUS
10
7.1025032283464569
20
-4.5694835433070864
11
7.1025029133858268
21
-4.5694836220472439
0
LINE
8
BLACK
6
CONTINUOUS
10
7.1025029133858268
20
-4.5694836220472439
11
7.0967520472440944
21
-4.5718657086614174
0
LINE
8
BLACK
6
CONTINUOUS
10
7.0967520472440944
20
-4.5718657086614174
11
7.0967520078740156
21
-4.5718657086614174
0
LINE
8
BLACK
6
CONTINUOUS
10
7.0967520078740156
20
-4.5718657086614174
11
7.0918135433070866
21
-4.5756551181102365
0
LINE
8
BLACK
6
CONTINUOUS
10
7.0918135433070866
20
-4.5756551181102365
11
7.091813149606299
21
-4.5756555118110231
0
LINE
8
BLACK
6
CONTINUOUS
10
7.091813149606299
20
-4.5756555118110231
11
7.0880237401574799
21
-4.5805939763779531
0
LINE
8
BLACK
6
CONTINUOUS
10
7.0880237401574799
20
-4.5805939763779531
11
7.0880237401574799
21
-4.5805940157480318
0
LINE
8
BLACK
6
CONTINUOUS
10
7.0880237401574799
20
-4.5805940157480318
11
7.0856416535433073
21
-4.5863448818897634
0
LINE
8
BLACK
6
CONTINUOUS
10
7.0856416535433073
20
-4.5863448818897634
11
7.0856415748031498
21
-4.5863451968503934
0
LINE
8
BLACK
6
CONTINUOUS
10
7.0856415748031498
20
-4.5863451968503934
11
7.0848290944881889
21
-4.5925167716535436
0
LINE
8
BLACK
6
CONTINUOUS
10
7.0848290944881889
20
-4.5925167716535436
11
7.0848290944881889
21
-4.5925168110236223
0
LINE
8
BLACK
6
CONTINUOUS
10
7.0848290944881889
20
-4.5925168110236223
11
7.0856415748031498
21
-4.5986883858267715
0
LINE
8
BLACK
6
CONTINUOUS
10
7.0856415748031498
20
-4.5986883858267715
11
7.0856416535433073
21
-4.5986887007874016
0
LINE
8
BLACK
6
CONTINUOUS
10
7.0856416535433073
20
-4.5986887007874016
11
7.0880237401574799
21
-4.604439566929134
0
LINE
8
BLACK
6
CONTINUOUS
10
7.0880237401574799
20
-4.604439566929134
11
7.0880237401574799
21
-4.6044396062992128
0
LINE
8
BLACK
6
CONTINUOUS
10
7.0880237401574799
20
-4.6044396062992128
11
7.090325787401575
21
-4.6074396850393704
0
LINE
8
BLACK
6
CONTINUOUS
10
7.090325787401575
20
-4.6074396850393704
11
7.0918133464566928
21
-4.6093783070866143
0
LINE
8
BLACK
6
CONTINUOUS
10
7.0918133464566928
20
-4.6093783070866143
11
7.0967519685039369
21
-4.6131678346456688
0
LINE
8
BLACK
6
CONTINUOUS
10
7.0967519685039369
20
-4.6131678346456688
11
7.1025031102362206
21
-4.6155500393700786
0
LINE
8
BLACK
6
CONTINUOUS
10
7.1025031102362206
20
-4.6155500393700786
11
7.107131889763779
21
-4.6161594094488185
0
LINE
8
BLACK
6
CONTINUOUS
10
7.107131889763779
20
-4.6161594094488185
11
7.1086748031496061
21
-4.6163625590551183
0
LINE
8
BLACK
6
CONTINUOUS
10
7.1086748031496061
20
-4.6163625590551183
11
7.1086748425196848
21
-4.6163625590551183
0
LINE
8
BLACK
6
CONTINUOUS
10
7.1086748425196848
20
-4.6163625590551183
11
7.1086748818897636
21
-4.6163625590551183
0
LINE
8
BLACK
6
CONTINUOUS
10
7.1086748818897636
20
-4.6163625590551183
11
7.1101539370078735
21
-4.6161678346456689
0
LINE
8
BLACK
6
CONTINUOUS
10
7.1101539370078735
20
-4.6161678346456689
11
7.1148465748031491
21
-4.6155500393700786
0
LINE
8
BLACK
6
CONTINUOUS
10
7.1148465748031491
20
-4.6155500393700786
11
7.1205977165354328
21
-4.6131678346456688
0
LINE
8
BLACK
6
CONTINUOUS
10
7.1205977165354328
20
-4.6131678346456688
11
7.1255363385826769
21
-4.6093783070866143
0
LINE
8
BLACK
6
CONTINUOUS
10
7.1255363385826769
20
-4.6093783070866143
11
7.1293258661417322
21
-4.6044396850393703
0
LINE
8
BLACK
6
CONTINUOUS
10
7.1293258661417322
20
-4.6044396850393703
11
7.131708070866142
21
-4.5986885433070865
0
LINE
8
BLACK
6
CONTINUOUS
10
7.131708070866142
20
-4.5986885433070865
11
7.1325205905511808
21
-4.5925168110236223
0
LINE
8
BLACK
6
CONTINUOUS
10
7.1325205905511808
20
-4.5925168110236223
11
7.131708070866142
21
-4.5863450787401572
0
LINE
8
BLACK
6
CONTINUOUS
10
7.131708070866142
20
-4.5863450787401572
11
7.1310540944881886
21
-4.5847662204724404
0
LINE
8
BLACK
6
CONTINUOUS
10
7.1310540944881886
20
-4.5847662204724404
11
7.129325905511811
21
-4.5805940157480318
0
LINE
8
BLACK
6
CONTINUOUS
10
7.129325905511811
20
-4.5805940157480318
11
7.129325905511811
21
-4.5805939763779531
0
LINE
8
BLACK
6
CONTINUOUS
10
7.129325905511811
20
-4.5805939763779531
11
7.1255364960629919
21
-4.5756555118110231
0
LINE
8
BLACK
6
CONTINUOUS
10
7.1255364960629919
20
-4.5756555118110231
11
7.1255364566929131
21
-4.5756554724409444
0
LINE
8
BLACK
6
CONTINUOUS
10
7.1255364566929131
20
-4.5756554724409444
11
7.1255363385826769
21
-4.5756553149606294
0
LINE
8
BLACK
6
CONTINUOUS
10
7.1255363385826769
20
-4.5756553149606294
11
7.1255361417322831
21
-4.5756551574803153
0
LINE
8
BLACK
6
CONTINUOUS
10
7.1255361417322831
20
-4.5756551574803153
11
7.1255361023622044
21
-4.5756551181102365
0
LINE
8
BLACK
6
CONTINUOUS
10
7.1255361023622044
20
-4.5756551181102365
11
7.1227340551181104
21
-4.5735050393700787
0
LINE
8
BLACK
6
CONTINUOUS
10
7.1227340551181104
20
-4.5735050393700787
11
7.1205977165354328
21
-4.5718657874015749
0
LINE
8
BLACK
6
CONTINUOUS
10
7.1205977165354328
20
-4.5718657874015749
11
7.1205976771653541
21
-4.5718657480314961
0
LINE
8
BLACK
6
CONTINUOUS
10
7.1205976771653541
20
-4.5718657480314961
11
7.1205975984251966
21
-4.5718657086614174
0
LINE
8
BLACK
6
CONTINUOUS
10
7.1205975984251966
20
-4.5718657086614174
11
7.1148467322834641
21
-4.5694836220472439
0
LINE
8
BLACK
6
CONTINUOUS
10
7.1148467322834641
20
-4.5694836220472439
11
7.1148464173228341
21
-4.5694835433070864
0
LINE
8
BLACK
6
CONTINUOUS
10
7.1148464173228341
20
-4.5694835433070864
11
7.1086748818897636
21
-4.5686710629921254
0
LINE
8
BLACK
6
CONTINUOUS
10
7.1086748818897636
20
-4.5686710629921254
11
7.1086748031496061
21
-4.5686710629921254
0
LINE
8
BLACK
6
CONTINUOUS
10
7.1086748031496061
20
-4.5686710629921254
11
7.1025032283464569
21
-4.5694835433070864
0
LINE
8
BLACK
6
CONTINUOUS
10
6.3956415748031494
20
-4.6016883858267716
11
6.3956416535433069
21
-4.6016887007874017
0
LINE
8
BLACK
6
CONTINUOUS
10
6.3956416535433069
20
-4.6016887007874017
11
6.3980237401574804
21
-4.6074395669291341
0
LINE
8
BLACK
6
CONTINUOUS
10
6.3980237401574804
20
-4.6074395669291341
11
6.3980237401574804
21
-4.6074396062992129
0
LINE
8
BLACK
6
CONTINUOUS
10
6.3980237401574804
20
-4.6074396062992129
11
6.4018131496062987
21
-4.6123780708661419
0
LINE
8
BLACK
6
CONTINUOUS
10
6.4018131496062987
20
-4.6123780708661419
11
6.4018133464566924
21
-4.6123783070866144
0
LINE
8
BLACK
6
CONTINUOUS
10
6.4018133464566924
20
-4.6123783070866144
11
6.4067519685039365
21
-4.6161678346456689
0
LINE
8
BLACK
6
CONTINUOUS
10
6.4067519685039365
20
-4.6161678346456689
11
6.4067520078740152
21
-4.6161678346456689
0
LINE
8
BLACK
6
CONTINUOUS
10
6.4067520078740152
20
-4.6161678346456689
11
6.406752047244094
21
-4.6161678740157477
0
LINE
8
BLACK
6
CONTINUOUS
10
6.406752047244094
20
-4.6161678740157477
11
6.4125029133858265
21
-4.6185499606299212
0
LINE
8
BLACK
6
CONTINUOUS
10
6.4125029133858265
20
-4.6185499606299212
11
6.4125031102362202
21
-4.6185500393700787
0
LINE
8
BLACK
6
CONTINUOUS
10
6.4125031102362202
20
-4.6185500393700787
11
6.4171318897637795
21
-4.6191594094488186
0
LINE
8
BLACK
6
CONTINUOUS
10
6.4171318897637795
20
-4.6191594094488186
11
6.4186748031496066
21
-4.6193625590551184
0
LINE
8
BLACK
6
CONTINUOUS
10
6.4186748031496066
20
-4.6193625590551184
11
6.4186748425196845
21
-4.6193625590551184
0
LINE
8
BLACK
6
CONTINUOUS
10
6.4186748425196845
20
-4.6193625590551184
11
6.4186748818897632
21
-4.6193625590551184
0
LINE
8
BLACK
6
CONTINUOUS
10
6.4186748818897632
20
-4.6193625590551184
11
6.419909173228346
21
-4.6192000393700789
0
LINE
8
BLACK
6
CONTINUOUS
10
6.419909173228346
20
-4.6192000393700789
11
6.4248465748031496
21
-4.6185500393700787
0
LINE
8
BLACK
6
CONTINUOUS
10
6.4248465748031496
20
-4.6185500393700787
11
6.4305977165354333
21
-4.6161678346456689
0
LINE
8
BLACK
6
CONTINUOUS
10
6.4305977165354333
20
-4.6161678346456689
11
6.4355363385826774
21
-4.6123783070866144
0
LINE
8
BLACK
6
CONTINUOUS
10
6.4355363385826774
20
-4.6123783070866144
11
6.4393258661417319
21
-4.6074396850393704
0
LINE
8
BLACK
6
CONTINUOUS
10
6.4393258661417319
20
-4.6074396850393704
11
6.4417080708661416
21
-4.6016885433070867
0
LINE
8
BLACK
6
CONTINUOUS
10
6.4417080708661416
20
-4.6016885433070867
11
6.4425205905511813
21
-4.5955168110236215
0
LINE
8
BLACK
6
CONTINUOUS
10
6.4425205905511813
20
-4.5955168110236215
11
6.4417080708661416
21
-4.5893450787401573
0
LINE
8
BLACK
6
CONTINUOUS
10
6.4417080708661416
20
-4.5893450787401573
11
6.4417079921259841
21
-4.5893448818897635
0
LINE
8
BLACK
6
CONTINUOUS
10
6.4417079921259841
20
-4.5893448818897635
11
6.4393259055118106
21
-4.583594015748031
0
LINE
8
BLACK
6
CONTINUOUS
10
6.4393259055118106
20
-4.583594015748031
11
6.4393259055118106
21
-4.5835939763779523
0
LINE
8
BLACK
6
CONTINUOUS
10
6.4393259055118106
20
-4.5835939763779523
11
6.4355364960629924
21
-4.5786555118110233
0
LINE
8
BLACK
6
CONTINUOUS
10
6.4355364960629924
20
-4.5786555118110233
11
6.4355364566929136
21
-4.5786554724409445
0
LINE
8
BLACK
6
CONTINUOUS
10
6.4355364566929136
20
-4.5786554724409445
11
6.4355363385826774
21
-4.5786553149606295
0
LINE
8
BLACK
6
CONTINUOUS
10
6.4355363385826774
20
-4.5786553149606295
11
6.4355361417322836
21
-4.5786551574803145
0
LINE
8
BLACK
6
CONTINUOUS
10
6.4355361417322836
20
-4.5786551574803145
11
6.4355361023622049
21
-4.5786551181102357
0
LINE
8
BLACK
6
CONTINUOUS
10
6.4355361023622049
20
-4.5786551181102357
11
6.4305975984251971
21
-4.5748657086614175
0
LINE
8
BLACK
6
CONTINUOUS
10
6.4305975984251971
20
-4.5748657086614175
11
6.4248467322834646
21
-4.572483622047244
0
LINE
8
BLACK
6
CONTINUOUS
10
6.4248467322834646
20
-4.572483622047244
11
6.4248464173228346
21
-4.5724835433070865
0
LINE
8
BLACK
6
CONTINUOUS
10
6.4248464173228346
20
-4.5724835433070865
11
6.4186748818897632
21
-4.5716710629921256
0
LINE
8
BLACK
6
CONTINUOUS
10
6.4186748818897632
20
-4.5716710629921256
11
6.4186748031496066
21
-4.5716710629921256
0
LINE
8
BLACK
6
CONTINUOUS
10
6.4186748031496066
20
-4.5716710629921256
11
6.4125032283464565
21
-4.5724835433070865
0
LINE
8
BLACK
6
CONTINUOUS
10
6.4125032283464565
20
-4.5724835433070865
11
6.4125029133858265
21
-4.572483622047244
0
LINE
8
BLACK
6
CONTINUOUS
10
6.4125029133858265
20
-4.572483622047244
11
6.406752047244094
21
-4.5748657086614175
0
LINE
8
BLACK
6
CONTINUOUS
10
6.406752047244094
20
-4.5748657086614175
11
6.4067520078740152
21
-4.5748657086614175
0
LINE
8
BLACK
6
CONTINUOUS
10
6.4067520078740152
20
-4.5748657086614175
11
6.4018135433070862
21
-4.5786551181102357
0
LINE
8
BLACK
6
CONTINUOUS
10
6.4018135433070862
20
-4.5786551181102357
11
6.4018131496062987
21
-4.5786555118110233
0
LINE
8
BLACK
6
CONTINUOUS
10
6.4018131496062987
20
-4.5786555118110233
11
6.3980237401574804
21
-4.5835939763779523
0
LINE
8
BLACK
6
CONTINUOUS
10
6.3980237401574804
20
-4.5835939763779523
11
6.3980237401574804
21
-4.583594015748031
0
LINE
8
BLACK
6
CONTINUOUS
10
6.3980237401574804
20
-4.583594015748031
11
6.3956416535433069
21
-4.5893448818897635
0
LINE
8
BLACK
6
CONTINUOUS
10
6.3956416535433069
20
-4.5893448818897635
11
6.3956415748031494
21
-4.5893451968503935
0
LINE
8
BLACK
6
CONTINUOUS
10
6.3956415748031494
20
-4.5893451968503935
11
6.3948290944881885
21
-4.5955167716535428
0
LINE
8
BLACK
6
CONTINUOUS
10
6.3948290944881885
20
-4.5955167716535428
11
6.3948290944881885
21
-4.5955168110236215
0
LINE
8
BLACK
6
CONTINUOUS
10
6.3948290944881885
20
-4.5955168110236215
11
6.3956415748031494
21
-4.6016883858267716
0
LINE
8
BLACK
6
CONTINUOUS
10
6.5936414960629923
20
-4.6016883858267716
11
6.5936415748031498
21
-4.6016887007874017
0
LINE
8
BLACK
6
CONTINUOUS
10
6.5936415748031498
20
-4.6016887007874017
11
6.5960236614173224
21
-4.6074395669291341
0
LINE
8
BLACK
6
CONTINUOUS
10
6.5960236614173224
20
-4.6074395669291341
11
6.5960236614173224
21
-4.6074396062992129
0
LINE
8
BLACK
6
CONTINUOUS
10
6.5960236614173224
20
-4.6074396062992129
11
6.5998130708661416
21
-4.6123780708661419
0
LINE
8
BLACK
6
CONTINUOUS
10
6.5998130708661416
20
-4.6123780708661419
11
6.5998132677165353
21
-4.6123783070866144
0
LINE
8
BLACK
6
CONTINUOUS
10
6.5998132677165353
20
-4.6123783070866144
11
6.6047518897637794
21
-4.6161678346456689
0
LINE
8
BLACK
6
CONTINUOUS
10
6.6047518897637794
20
-4.6161678346456689
11
6.6047519291338581
21
-4.6161678346456689
0
LINE
8
BLACK
6
CONTINUOUS
10
6.6047519291338581
20
-4.6161678346456689
11
6.6047519685039369
21
-4.6161678740157477
0
LINE
8
BLACK
6
CONTINUOUS
10
6.6047519685039369
20
-4.6161678740157477
11
6.6105028346456693
21
-4.6185499606299212
0
LINE
8
BLACK
6
CONTINUOUS
10
6.6105028346456693
20
-4.6185499606299212
11
6.6105030314960631
21
-4.6185500393700787
0
LINE
8
BLACK
6
CONTINUOUS
10
6.6105030314960631
20
-4.6185500393700787
11
6.6151318110236215
21
-4.6191594094488186
0
LINE
8
BLACK
6
CONTINUOUS
10
6.6151318110236215
20
-4.6191594094488186
11
6.6166747244094486
21
-4.6193625590551184
0
LINE
8
BLACK
6
CONTINUOUS
10
6.6166747244094486
20
-4.6193625590551184
11
6.6166747637795273
21
-4.6193625590551184
0
LINE
8
BLACK
6
CONTINUOUS
10
6.6166747637795273
20
-4.6193625590551184
11
6.6166748031496061
21
-4.6193625590551184
0
LINE
8
BLACK
6
CONTINUOUS
10
6.6166748031496061
20
-4.6193625590551184
11
6.6179090944881889
21
-4.6192000393700789
0
LINE
8
BLACK
6
CONTINUOUS
10
6.6179090944881889
20
-4.6192000393700789
11
6.6228464960629916
21
-4.6185500393700787
0
LINE
8
BLACK
6
CONTINUOUS
10
6.6228464960629916
20
-4.6185500393700787
11
6.6285976377952753
21
-4.6161678346456689
0
LINE
8
BLACK
6
CONTINUOUS
10
6.6285976377952753
20
-4.6161678346456689
11
6.6335362598425194
21
-4.6123783070866144
0
LINE
8
BLACK
6
CONTINUOUS
10
6.6335362598425194
20
-4.6123783070866144
11
6.6373257874015748
21
-4.6074396850393704
0
LINE
8
BLACK
6
CONTINUOUS
10
6.6373257874015748
20
-4.6074396850393704
11
6.6397079921259845
21
-4.6016885433070867
0
LINE
8
BLACK
6
CONTINUOUS
10
6.6397079921259845
20
-4.6016885433070867
11
6.6405205118110233
21
-4.5955168110236215
0
LINE
8
BLACK
6
CONTINUOUS
10
6.6405205118110233
20
-4.5955168110236215
11
6.6401255511811019
21
-4.5925168110236223
0
LINE
8
BLACK
6
CONTINUOUS
10
6.6401255511811019
20
-4.5925168110236223
11
6.6397079921259845
21
-4.5893450787401573
0
LINE
8
BLACK
6
CONTINUOUS
10
6.6397079921259845
20
-4.5893450787401573
11
6.639707913385827
21
-4.5893448818897635
0
LINE
8
BLACK
6
CONTINUOUS
10
6.639707913385827
20
-4.5893448818897635
11
6.6373258267716535
21
-4.583594015748031
0
LINE
8
BLACK
6
CONTINUOUS
10
6.6373258267716535
20
-4.583594015748031
11
6.6373258267716535
21
-4.5835939763779523
0
LINE
8
BLACK
6
CONTINUOUS
10
6.6373258267716535
20
-4.5835939763779523
11
6.6335364173228344
21
-4.5786555118110233
0
LINE
8
BLACK
6
CONTINUOUS
10
6.6335364173228344
20
-4.5786555118110233
11
6.6335363779527556
21
-4.5786554724409445
0
LINE
8
BLACK
6
CONTINUOUS
10
6.6335363779527556
20
-4.5786554724409445
11
6.6335362598425194
21
-4.5786553149606295
0
LINE
8
BLACK
6
CONTINUOUS
10
6.6335362598425194
20
-4.5786553149606295
11
6.6335360629921256
21
-4.5786551574803145
0
LINE
8
BLACK
6
CONTINUOUS
10
6.6335360629921256
20
-4.5786551574803145
11
6.6335360236220469
21
-4.5786551181102357
0
LINE
8
BLACK
6
CONTINUOUS
10
6.6335360236220469
20
-4.5786551181102357
11
6.6285975196850391
21
-4.5748657086614175
0
LINE
8
BLACK
6
CONTINUOUS
10
6.6285975196850391
20
-4.5748657086614175
11
6.6228466535433066
21
-4.572483622047244
0
LINE
8
BLACK
6
CONTINUOUS
10
6.6228466535433066
20
-4.572483622047244
11
6.6228463385826766
21
-4.5724835433070865
0
LINE
8
BLACK
6
CONTINUOUS
10
6.6228463385826766
20
-4.5724835433070865
11
6.6166748031496061
21
-4.5716710629921256
0
LINE
8
BLACK
6
CONTINUOUS
10
6.6166748031496061
20
-4.5716710629921256
11
6.6166747244094486
21
-4.5716710629921256
0
LINE
8
BLACK
6
CONTINUOUS
10
6.6166747244094486
20
-4.5716710629921256
11
6.6105031496062994
21
-4.5724835433070865
0
LINE
8
BLACK
6
CONTINUOUS
10
6.6105031496062994
20
-4.5724835433070865
11
6.6105028346456693
21
-4.572483622047244
0
LINE
8
BLACK
6
CONTINUOUS
10
6.6105028346456693
20
-4.572483622047244
11
6.6047519685039369
21
-4.5748657086614175
0
LINE
8
BLACK
6
CONTINUOUS
10
6.6047519685039369
20
-4.5748657086614175
11
6.6047519291338581
21
-4.5748657086614175
0
LINE
8
BLACK
6
CONTINUOUS
10
6.6047519291338581
20
-4.5748657086614175
11
6.5998134645669291
21
-4.5786551181102357
0
LINE
8
BLACK
6
CONTINUOUS
10
6.5998134645669291
20
-4.5786551181102357
11
6.5998130708661416
21
-4.5786555118110233
0
LINE
8
BLACK
6
CONTINUOUS
10
6.5998130708661416
20
-4.5786555118110233
11
6.5960236614173224
21
-4.5835939763779523
0
LINE
8
BLACK
6
CONTINUOUS
10
6.5960236614173224
20
-4.5835939763779523
11
6.5960236614173224
21
-4.583594015748031
0
LINE
8
BLACK
6
CONTINUOUS
10
6.5960236614173224
20
-4.583594015748031
11
6.5936415748031498
21
-4.5893448818897635
0
LINE
8
BLACK
6
CONTINUOUS
10
6.5936415748031498
20
-4.5893448818897635
11
6.5936414960629923
21
-4.5893451968503935
0
LINE
8
BLACK
6
CONTINUOUS
10
6.5936414960629923
20
-4.5893451968503935
11
6.5928290157480314
21
-4.5955167716535428
0
LINE
8
BLACK
6
CONTINUOUS
10
6.5928290157480314
20
-4.5955167716535428
11
6.5928290157480314
21
-4.5955168110236215
0
LINE
8
BLACK
6
CONTINUOUS
10
6.5928290157480314
20
-4.5955168110236215
11
6.5936414960629923
21
-4.6016883858267716
0
LINE
8
BLACK
6
CONTINUOUS
10
5.9666415748031492
20
-4.5526883858267713
11
5.9666416535433067
21
-4.5526887007874013
0
LINE
8
BLACK
6
CONTINUOUS
10
5.9666416535433067
20
-4.5526887007874013
11
5.9690237401574802
21
-4.5584395669291338
0
LINE
8
BLACK
6
CONTINUOUS
10
5.9690237401574802
20
-4.5584395669291338
11
5.9690237401574802
21
-4.5584396062992125
0
LINE
8
BLACK
6
CONTINUOUS
10
5.9690237401574802
20
-4.5584396062992125
11
5.9728131496062993
21
-4.5633780708661416
0
LINE
8
BLACK
6
CONTINUOUS
10
5.9728131496062993
20
-4.5633780708661416
11
5.972813346456693
21
-4.5633783070866141
0
LINE
8
BLACK
6
CONTINUOUS
10
5.972813346456693
20
-4.5633783070866141
11
5.9777519685039371
21
-4.5671678346456694
0
LINE
8
BLACK
6
CONTINUOUS
10
5.9777519685039371
20
-4.5671678346456694
11
5.9777520078740158
21
-4.5671678346456694
0
LINE
8
BLACK
6
CONTINUOUS
10
5.9777520078740158
20
-4.5671678346456694
11
5.9777520472440946
21
-4.5671678740157482
0
LINE
8
BLACK
6
CONTINUOUS
10
5.9777520472440946
20
-4.5671678740157482
11
5.9833425590551181
21
-4.5694835433070864
0
LINE
8
BLACK
6
CONTINUOUS
10
5.9833425590551181
20
-4.5694835433070864
11
5.9835031102362199
21
-4.5695500393700783
0
LINE
8
BLACK
6
CONTINUOUS
10
5.9835031102362199
20
-4.5695500393700783
11
5.9881318897637792
21
-4.5701594094488192
0
LINE
8
BLACK
6
CONTINUOUS
10
5.9881318897637792
20
-4.5701594094488192
11
5.9896748031496063
21
-4.570362559055118
0
LINE
8
BLACK
6
CONTINUOUS
10
5.9896748031496063
20
-4.570362559055118
11
5.9896748425196851
21
-4.570362559055118
0
LINE
8
BLACK
6
CONTINUOUS
10
5.9896748425196851
20
-4.570362559055118
11
5.9896748818897638
21
-4.570362559055118
0
LINE
8
BLACK
6
CONTINUOUS
10
5.9896748818897638
20
-4.570362559055118
11
5.9909091732283466
21
-4.5702000393700786
0
LINE
8
BLACK
6
CONTINUOUS
10
5.9909091732283466
20
-4.5702000393700786
11
5.9958465748031493
21
-4.5695500393700783
0
LINE
8
BLACK
6
CONTINUOUS
10
5.9958465748031493
20
-4.5695500393700783
11
6.0015977165354331
21
-4.5671678346456694
0
LINE
8
BLACK
6
CONTINUOUS
10
6.0015977165354331
20
-4.5671678346456694
11
6.0065363385826771
21
-4.5633783070866141
0
LINE
8
BLACK
6
CONTINUOUS
10
6.0065363385826771
20
-4.5633783070866141
11
6.0103258661417325
21
-4.55843968503937
0
LINE
8
BLACK
6
CONTINUOUS
10
6.0103258661417325
20
-4.55843968503937
11
6.0127080708661413
21
-4.5526885433070863
0
LINE
8
BLACK
6
CONTINUOUS
10
6.0127080708661413
20
-4.5526885433070863
11
6.013520590551181
21
-4.546516811023622
0
LINE
8
BLACK
6
CONTINUOUS
10
6.013520590551181
20
-4.546516811023622
11
6.0129939763779525
21
-4.5425168110236216
0
LINE
8
BLACK
6
CONTINUOUS
10
6.0129939763779525
20
-4.5425168110236216
11
6.0127080708661413
21
-4.5403450787401578
0
LINE
8
BLACK
6
CONTINUOUS
10
6.0127080708661413
20
-4.5403450787401578
11
6.0103259055118112
21
-4.5345940157480316
0
LINE
8
BLACK
6
CONTINUOUS
10
6.0103259055118112
20
-4.5345940157480316
11
6.0103259055118112
21
-4.5345939763779528
0
LINE
8
BLACK
6
CONTINUOUS
10
6.0103259055118112
20
-4.5345939763779528
11
6.0065364960629921
21
-4.5296555118110238
0
LINE
8
BLACK
6
CONTINUOUS
10
6.0065364960629921
20
-4.5296555118110238
11
6.0065364566929134
21
-4.529655472440945
0
LINE
8
BLACK
6
CONTINUOUS
10
6.0065364566929134
20
-4.529655472440945
11
6.0065363385826771
21
-4.52965531496063
0
LINE
8
BLACK
6
CONTINUOUS
10
6.0065363385826771
20
-4.52965531496063
11
6.0065361417322833
21
-4.529655157480315
0
LINE
8
BLACK
6
CONTINUOUS
10
6.0065361417322833
20
-4.529655157480315
11
6.0065361023622046
21
-4.5296551181102362
0
LINE
8
BLACK
6
CONTINUOUS
10
6.0065361023622046
20
-4.5296551181102362
11
6.0036274803149601
21
-4.5274232677165349
0
LINE
8
BLACK
6
CONTINUOUS
10
6.0036274803149601
20
-4.5274232677165349
11
6.0015977165354331
21
-4.5258657874015746
0
LINE
8
BLACK
6
CONTINUOUS
10
6.0015977165354331
20
-4.5258657874015746
11
6.0015976771653543
21
-4.5258657480314959
0
LINE
8
BLACK
6
CONTINUOUS
10
6.0015976771653543
20
-4.5258657480314959
11
6.0015975984251968
21
-4.5258657086614171
0
LINE
8
BLACK
6
CONTINUOUS
10
6.0015975984251968
20
-4.5258657086614171
11
5.9958467322834643
21
-4.5234836220472436
0
LINE
8
BLACK
6
CONTINUOUS
10
5.9958467322834643
20
-4.5234836220472436
11
5.9958464173228343
21
-4.5234835433070861
0
LINE
8
BLACK
6
CONTINUOUS
10
5.9958464173228343
20
-4.5234835433070861
11
5.9896748818897638
21
-4.5226710629921261
0
LINE
8
BLACK
6
CONTINUOUS
10
5.9896748818897638
20
-4.5226710629921261
11
5.9896748031496063
21
-4.5226710629921261
0
LINE
8
BLACK
6
CONTINUOUS
10
5.9896748031496063
20
-4.5226710629921261
11
5.9835032283464562
21
-4.5234835433070861
0
LINE
8
BLACK
6
CONTINUOUS
10
5.9835032283464562
20
-4.5234835433070861
11
5.9835029133858271
21
-4.5234836220472436
0
LINE
8
BLACK
6
CONTINUOUS
10
5.9835029133858271
20
-4.5234836220472436
11
5.9777520472440946
21
-4.5258657086614171
0
LINE
8
BLACK
6
CONTINUOUS
10
5.9777520472440946
20
-4.5258657086614171
11
5.9777520078740158
21
-4.5258657086614171
0
LINE
8
BLACK
6
CONTINUOUS
10
5.9777520078740158
20
-4.5258657086614171
11
5.9728135433070868
21
-4.5296551181102362
0
LINE
8
BLACK
6
CONTINUOUS
10
5.9728135433070868
20
-4.5296551181102362
11
5.9728131496062993
21
-4.5296555118110238
0
LINE
8
BLACK
6
CONTINUOUS
10
5.9728131496062993
20
-4.5296555118110238
11
5.9690237401574802
21
-4.5345939763779528
0
LINE
8
BLACK
6
CONTINUOUS
10
5.9690237401574802
20
-4.5345939763779528
11
5.9690237401574802
21
-4.5345940157480316
0
LINE
8
BLACK
6
CONTINUOUS
10
5.9690237401574802
20
-4.5345940157480316
11
5.9666416535433067
21
-4.540344881889764
0
LINE
8
BLACK
6
CONTINUOUS
10
5.9666416535433067
20
-4.540344881889764
11
5.9666415748031492
21
-4.5403451968503932
0
LINE
8
BLACK
6
CONTINUOUS
10
5.9666415748031492
20
-4.5403451968503932
11
5.9658290944881891
21
-4.5465167716535433
0
LINE
8
BLACK
6
CONTINUOUS
10
5.9658290944881891
20
-4.5465167716535433
11
5.9658290944881891
21
-4.546516811023622
0
LINE
8
BLACK
6
CONTINUOUS
10
5.9658290944881891
20
-4.546516811023622
11
5.9666415748031492
21
-4.5526883858267713
0
LINE
8
BLACK
6
CONTINUOUS
10
5.7646414960629917
20
-4.5516883858267718
11
5.7646415748031492
21
-4.5516887007874018
0
LINE
8
BLACK
6
CONTINUOUS
10
5.7646415748031492
20
-4.5516887007874018
11
5.7670236614173227
21
-4.5574395669291334
0
LINE
8
BLACK
6
CONTINUOUS
10
5.7670236614173227
20
-4.5574395669291334
11
5.7670236614173227
21
-4.5574396062992122
0
LINE
8
BLACK
6
CONTINUOUS
10
5.7670236614173227
20
-4.5574396062992122
11
5.7708130708661418
21
-4.5623780708661412
0
LINE
8
BLACK
6
CONTINUOUS
10
5.7708130708661418
20
-4.5623780708661412
11
5.7708132677165356
21
-4.5623783070866137
0
LINE
8
BLACK
6
CONTINUOUS
10
5.7708132677165356
20
-4.5623783070866137
11
5.7757518897637796
21
-4.5661678346456691
0
LINE
8
BLACK
6
CONTINUOUS
10
5.7757518897637796
20
-4.5661678346456691
11
5.7757519291338584
21
-4.5661678346456691
0
LINE
8
BLACK
6
CONTINUOUS
10
5.7757519291338584
20
-4.5661678346456691
11
5.7757519685039371
21
-4.5661678740157479
0
LINE
8
BLACK
6
CONTINUOUS
10
5.7757519685039371
20
-4.5661678740157479
11
5.7781661023622046
21
-4.5671678346456694
0
LINE
8
BLACK
6
CONTINUOUS
10
5.7781661023622046
20
-4.5671678346456694
11
5.7815030314960625
21
-4.5685500393700789
0
LINE
8
BLACK
6
CONTINUOUS
10
5.7815030314960625
20
-4.5685500393700789
11
5.7861318110236217
21
-4.5691594094488188
0
LINE
8
BLACK
6
CONTINUOUS
10
5.7861318110236217
20
-4.5691594094488188
11
5.7876747244094489
21
-4.5693625590551177
0
LINE
8
BLACK
6
CONTINUOUS
10
5.7876747244094489
20
-4.5693625590551177
11
5.7876747637795276
21
-4.5693625590551177
0
LINE
8
BLACK
6
CONTINUOUS
10
5.7876747637795276
20
-4.5693625590551177
11
5.7876748031496064
21
-4.5693625590551177
0
LINE
8
BLACK
6
CONTINUOUS
10
5.7876748031496064
20
-4.5693625590551177
11
5.7889090944881891
21
-4.5692000393700782
0
LINE
8
BLACK
6
CONTINUOUS
10
5.7889090944881891
20
-4.5692000393700782
11
5.7938464960629918
21
-4.5685500393700789
0
LINE
8
BLACK
6
CONTINUOUS
10
5.7938464960629918
20
-4.5685500393700789
11
5.7995976377952756
21
-4.5661678346456691
0
LINE
8
BLACK
6
CONTINUOUS
10
5.7995976377952756
20
-4.5661678346456691
11
5.8045362598425196
21
-4.5623783070866137
0
LINE
8
BLACK
6
CONTINUOUS
10
5.8045362598425196
20
-4.5623783070866137
11
5.808325787401575
21
-4.5574396850393697
0
LINE
8
BLACK
6
CONTINUOUS
10
5.808325787401575
20
-4.5574396850393697
11
5.8107079921259839
21
-4.5516885433070868
0
LINE
8
BLACK
6
CONTINUOUS
10
5.8107079921259839
20
-4.5516885433070868
11
5.8113888582677165
21
-4.546516811023622
0
LINE
8
BLACK
6
CONTINUOUS
10
5.8113888582677165
20
-4.546516811023622
11
5.8115205118110236
21
-4.5455168110236217
0
LINE
8
BLACK
6
CONTINUOUS
10
5.8115205118110236
20
-4.5455168110236217
11
5.8107079921259839
21
-4.5393450787401575
0
LINE
8
BLACK
6
CONTINUOUS
10
5.8107079921259839
20
-4.5393450787401575
11
5.808740039370079
21
-4.5345940157480316
0
LINE
8
BLACK
6
CONTINUOUS
10
5.808740039370079
20
-4.5345940157480316
11
5.8083258267716538
21
-4.5335940157480312
0
LINE
8
BLACK
6
CONTINUOUS
10
5.8083258267716538
20
-4.5335940157480312
11
5.8083258267716538
21
-4.5335939763779525
0
LINE
8
BLACK
6
CONTINUOUS
10
5.8083258267716538
20
-4.5335939763779525
11
5.8045364173228347
21
-4.5286555118110234
0
LINE
8
BLACK
6
CONTINUOUS
10
5.8045364173228347
20
-4.5286555118110234
11
5.8045363779527559
21
-4.5286554724409447
0
LINE
8
BLACK
6
CONTINUOUS
10
5.8045363779527559
20
-4.5286554724409447
11
5.8045362598425196
21
-4.5286553149606297
0
LINE
8
BLACK
6
CONTINUOUS
10
5.8045362598425196
20
-4.5286553149606297
11
5.8045360629921259
21
-4.5286551574803147
0
LINE
8
BLACK
6
CONTINUOUS
10
5.8045360629921259
20
-4.5286551574803147
11
5.8045360236220471
21
-4.5286551181102359
0
LINE
8
BLACK
6
CONTINUOUS
10
5.8045360236220471
20
-4.5286551181102359
11
5.8006262992125981
21
-4.5256551181102358
0
LINE
8
BLACK
6
CONTINUOUS
10
5.8006262992125981
20
-4.5256551181102358
11
5.7995976377952756
21
-4.5248657874015743
0
LINE
8
BLACK
6
CONTINUOUS
10
5.7995976377952756
20
-4.5248657874015743
11
5.7995975984251968
21
-4.5248657480314955
0
LINE
8
BLACK
6
CONTINUOUS
10
5.7995975984251968
20
-4.5248657480314955
11
5.7995975196850393
21
-4.5248657086614168
0
LINE
8
BLACK
6
CONTINUOUS
10
5.7995975196850393
20
-4.5248657086614168
11
5.7938466535433069
21
-4.5224836220472442
0
LINE
8
BLACK
6
CONTINUOUS
10
5.7938466535433069
20
-4.5224836220472442
11
5.7938463385826768
21
-4.5224835433070867
0
LINE
8
BLACK
6
CONTINUOUS
10
5.7938463385826768
20
-4.5224835433070867
11
5.7876748031496064
21
-4.5216710629921257
0
LINE
8
BLACK
6
CONTINUOUS
10
5.7876748031496064
20
-4.5216710629921257
11
5.7876747244094489
21
-4.5216710629921257
0
LINE
8
BLACK
6
CONTINUOUS
10
5.7876747244094489
20
-4.5216710629921257
11
5.7815031496062987
21
-4.5224835433070867
0
LINE
8
BLACK
6
CONTINUOUS
10
5.7815031496062987
20
-4.5224835433070867
11
5.7815028346456687
21
-4.5224836220472442
0
LINE
8
BLACK
6
CONTINUOUS
10
5.7815028346456687
20
-4.5224836220472442
11
5.7757519685039371
21
-4.5248657086614168
0
LINE
8
BLACK
6
CONTINUOUS
10
5.7757519685039371
20
-4.5248657086614168
11
5.7757519291338584
21
-4.5248657086614168
0
LINE
8
BLACK
6
CONTINUOUS
10
5.7757519291338584
20
-4.5248657086614168
11
5.7708134645669293
21
-4.5286551181102359
0
LINE
8
BLACK
6
CONTINUOUS
10
5.7708134645669293
20
-4.5286551181102359
11
5.7708130708661418
21
-4.5286555118110234
0
LINE
8
BLACK
6
CONTINUOUS
10
5.7708130708661418
20
-4.5286555118110234
11
5.7670236614173227
21
-4.5335939763779525
0
LINE
8
BLACK
6
CONTINUOUS
10
5.7670236614173227
20
-4.5335939763779525
11
5.7670236614173227
21
-4.5335940157480312
0
LINE
8
BLACK
6
CONTINUOUS
10
5.7670236614173227
20
-4.5335940157480312
11
5.7646415748031492
21
-4.5393448818897637
0
LINE
8
BLACK
6
CONTINUOUS
10
5.7646415748031492
20
-4.5393448818897637
11
5.7646414960629917
21
-4.5393451968503937
0
LINE
8
BLACK
6
CONTINUOUS
10
5.7646414960629917
20
-4.5393451968503937
11
5.7638290157480316
21
-4.545516771653543
0
LINE
8
BLACK
6
CONTINUOUS
10
5.7638290157480316
20
-4.545516771653543
11
5.7638290157480316
21
-4.5455168110236217
0
LINE
8
BLACK
6
CONTINUOUS
10
5.7638290157480316
20
-4.5455168110236217
11
5.7646414960629917
21
-4.5516883858267718
0
LINE
8
BLACK
6
CONTINUOUS
10
6.1606415748031491
20
-4.5486883858267717
11
6.1606416535433066
21
-4.5486887007874017
0
LINE
8
BLACK
6
CONTINUOUS
10
6.1606416535433066
20
-4.5486887007874017
11
6.1630237401574801
21
-4.5544395669291333
0
LINE
8
BLACK
6
CONTINUOUS
10
6.1630237401574801
20
-4.5544395669291333
11
6.1630237401574801
21
-4.5544396062992121
0
LINE
8
BLACK
6
CONTINUOUS
10
6.1630237401574801
20
-4.5544396062992121
11
6.1660931102362202
21
-4.55843968503937
0
LINE
8
BLACK
6
CONTINUOUS
10
6.1660931102362202
20
-4.55843968503937
11
6.166813346456693
21
-4.5593783070866145
0
LINE
8
BLACK
6
CONTINUOUS
10
6.166813346456693
20
-4.5593783070866145
11
6.171751968503937
21
-4.563167834645669
0
LINE
8
BLACK
6
CONTINUOUS
10
6.171751968503937
20
-4.563167834645669
11
6.1717520078740158
21
-4.563167834645669
0
LINE
8
BLACK
6
CONTINUOUS
10
6.1717520078740158
20
-4.563167834645669
11
6.1717520472440945
21
-4.5631678740157477
0
LINE
8
BLACK
6
CONTINUOUS
10
6.1717520472440945
20
-4.5631678740157477
11
6.1722600787401571
21
-4.5633783070866141
0
LINE
8
BLACK
6
CONTINUOUS
10
6.1722600787401571
20
-4.5633783070866141
11
6.1775031102362199
21
-4.5655500393700787
0
LINE
8
BLACK
6
CONTINUOUS
10
6.1775031102362199
20
-4.5655500393700787
11
6.1821318897637791
21
-4.5661594094488187
0
LINE
8
BLACK
6
CONTINUOUS
10
6.1821318897637791
20
-4.5661594094488187
11
6.1836748031496063
21
-4.5663625590551176
0
LINE
8
BLACK
6
CONTINUOUS
10
6.1836748031496063
20
-4.5663625590551176
11
6.183674842519685
21
-4.5663625590551176
0
LINE
8
BLACK
6
CONTINUOUS
10
6.183674842519685
20
-4.5663625590551176
11
6.1836748818897638
21
-4.5663625590551176
0
LINE
8
BLACK
6
CONTINUOUS
10
6.1836748818897638
20
-4.5663625590551176
11
6.1851539370078736
21
-4.5661678346456691
0
LINE
8
BLACK
6
CONTINUOUS
10
6.1851539370078736
20
-4.5661678346456691
11
6.1898465748031493
21
-4.5655500393700787
0
LINE
8
BLACK
6
CONTINUOUS
10
6.1898465748031493
20
-4.5655500393700787
11
6.195597716535433
21
-4.563167834645669
0
LINE
8
BLACK
6
CONTINUOUS
10
6.195597716535433
20
-4.563167834645669
11
6.2005363385826771
21
-4.5593783070866145
0
LINE
8
BLACK
6
CONTINUOUS
10
6.2005363385826771
20
-4.5593783070866145
11
6.2043258661417324
21
-4.5544396850393696
0
LINE
8
BLACK
6
CONTINUOUS
10
6.2043258661417324
20
-4.5544396850393696
11
6.2067080708661413
21
-4.5486885433070867
0
LINE
8
BLACK
6
CONTINUOUS
10
6.2067080708661413
20
-4.5486885433070867
11
6.207520590551181
21
-4.5425168110236216
0
LINE
8
BLACK
6
CONTINUOUS
10
6.207520590551181
20
-4.5425168110236216
11
6.2067080708661413
21
-4.5363450787401574
0
LINE
8
BLACK
6
CONTINUOUS
10
6.2067080708661413
20
-4.5363450787401574
11
6.2055046062992121
21
-4.5334396850393697
0
LINE
8
BLACK
6
CONTINUOUS
10
6.2055046062992121
20
-4.5334396850393697
11
6.2043259055118112
21
-4.5305940157480311
0
LINE
8
BLACK
6
CONTINUOUS
10
6.2043259055118112
20
-4.5305940157480311
11
6.2043259055118112
21
-4.5305939763779524
0
LINE
8
BLACK
6
CONTINUOUS
10
6.2043259055118112
20
-4.5305939763779524
11
6.2005364960629921
21
-4.5256555118110233
0
LINE
8
BLACK
6
CONTINUOUS
10
6.2005364960629921
20
-4.5256555118110233
11
6.2005364566929133
21
-4.5256554724409446
0
LINE
8
BLACK
6
CONTINUOUS
10
6.2005364566929133
20
-4.5256554724409446
11
6.2005363385826771
21
-4.5256553149606296
0
LINE
8
BLACK
6
CONTINUOUS
10
6.2005363385826771
20
-4.5256553149606296
11
6.2005361417322833
21
-4.5256551574803145
0
LINE
8
BLACK
6
CONTINUOUS
10
6.2005361417322833
20
-4.5256551574803145
11
6.2005361023622045
21
-4.5256551181102358
0
LINE
8
BLACK
6
CONTINUOUS
10
6.2005361023622045
20
-4.5256551181102358
11
6.1974691338582675
21
-4.5233017716535429
0
LINE
8
BLACK
6
CONTINUOUS
10
6.1974691338582675
20
-4.5233017716535429
11
6.195597716535433
21
-4.5218657874015751
0
LINE
8
BLACK
6
CONTINUOUS
10
6.195597716535433
20
-4.5218657874015751
11
6.1955976771653543
21
-4.5218657480314963
0
LINE
8
BLACK
6
CONTINUOUS
10
6.1955976771653543
20
-4.5218657480314963
11
6.1955975984251968
21
-4.5218657086614176
0
LINE
8
BLACK
6
CONTINUOUS
10
6.1955975984251968
20
-4.5218657086614176
11
6.1898467322834643
21
-4.5194836220472441
0
LINE
8
BLACK
6
CONTINUOUS
10
6.1898467322834643
20
-4.5194836220472441
11
6.1898464173228342
21
-4.5194835433070866
0
LINE
8
BLACK
6
CONTINUOUS
10
6.1898464173228342
20
-4.5194835433070866
11
6.1836748818897638
21
-4.5186710629921256
0
LINE
8
BLACK
6
CONTINUOUS
10
6.1836748818897638
20
-4.5186710629921256
11
6.1836748031496063
21
-4.5186710629921256
0
LINE
8
BLACK
6
CONTINUOUS
10
6.1836748031496063
20
-4.5186710629921256
11
6.1775032283464562
21
-4.5194835433070866
0
LINE
8
BLACK
6
CONTINUOUS
10
6.1775032283464562
20
-4.5194835433070866
11
6.177502913385827
21
-4.5194836220472441
0
LINE
8
BLACK
6
CONTINUOUS
10
6.177502913385827
20
-4.5194836220472441
11
6.1717520472440945
21
-4.5218657086614176
0
LINE
8
BLACK
6
CONTINUOUS
10
6.1717520472440945
20
-4.5218657086614176
11
6.1717520078740158
21
-4.5218657086614176
0
LINE
8
BLACK
6
CONTINUOUS
10
6.1717520078740158
20
-4.5218657086614176
11
6.1668135433070868
21
-4.5256551181102358
0
LINE
8
BLACK
6
CONTINUOUS
10
6.1668135433070868
20
-4.5256551181102358
11
6.1668131496062992
21
-4.5256555118110233
0
LINE
8
BLACK
6
CONTINUOUS
10
6.1668131496062992
20
-4.5256555118110233
11
6.1630237401574801
21
-4.5305939763779524
0
LINE
8
BLACK
6
CONTINUOUS
10
6.1630237401574801
20
-4.5305939763779524
11
6.1630237401574801
21
-4.5305940157480311
0
LINE
8
BLACK
6
CONTINUOUS
10
6.1630237401574801
20
-4.5305940157480311
11
6.1606416535433066
21
-4.5363448818897636
0
LINE
8
BLACK
6
CONTINUOUS
10
6.1606416535433066
20
-4.5363448818897636
11
6.1606415748031491
21
-4.5363451968503936
0
LINE
8
BLACK
6
CONTINUOUS
10
6.1606415748031491
20
-4.5363451968503936
11
6.159829094488189
21
-4.5425167716535428
0
LINE
8
BLACK
6
CONTINUOUS
10
6.159829094488189
20
-4.5425167716535428
11
6.159829094488189
21
-4.5425168110236216
0
LINE
8
BLACK
6
CONTINUOUS
10
6.159829094488189
20
-4.5425168110236216
11
6.1606415748031491
21
-4.5486883858267717
0
LINE
8
BLACK
6
CONTINUOUS
10
6.6032006299212593
20
-4.4314836614173228
11
6.6032007086614168
21
-4.4314839763779528
0
LINE
8
BLACK
6
CONTINUOUS
10
6.6032007086614168
20
-4.4314839763779528
11
6.6055827952755903
21
-4.4372348425196853
0
LINE
8
BLACK
6
CONTINUOUS
10
6.6055827952755903
20
-4.4372348425196853
11
6.6055827952755903
21
-4.437234881889764
0
LINE
8
BLACK
6
CONTINUOUS
10
6.6055827952755903
20
-4.437234881889764
11
6.6093722047244094
21
-4.442173346456693
0
LINE
8
BLACK
6
CONTINUOUS
10
6.6093722047244094
20
-4.442173346456693
11
6.6093724015748032
21
-4.4421735826771656
0
LINE
8
BLACK
6
CONTINUOUS
10
6.6093724015748032
20
-4.4421735826771656
11
6.6093725590551182
21
-4.4421737007874018
0
LINE
8
BLACK
6
CONTINUOUS
10
6.6093725590551182
20
-4.4421737007874018
11
6.609372598425197
21
-4.4421737401574806
0
LINE
8
BLACK
6
CONTINUOUS
10
6.609372598425197
20
-4.4421737401574806
11
6.6105284645669293
21
-4.4430606299212601
0
LINE
8
BLACK
6
CONTINUOUS
10
6.6105284645669293
20
-4.4430606299212601
11
6.6143110236220473
21
-4.44596311023622
0
LINE
8
BLACK
6
CONTINUOUS
10
6.6143110236220473
20
-4.44596311023622
11
6.614311062992126
21
-4.44596311023622
0
LINE
8
BLACK
6
CONTINUOUS
10
6.614311062992126
20
-4.44596311023622
11
6.6143111023622048
21
-4.4459631496062988
0
LINE
8
BLACK
6
CONTINUOUS
10
6.6143111023622048
20
-4.4459631496062988
11
6.6193875196850396
21
-4.4480658661417323
0
LINE
8
BLACK
6
CONTINUOUS
10
6.6193875196850396
20
-4.4480658661417323
11
6.6200621653543301
21
-4.4483453149606298
0
LINE
8
BLACK
6
CONTINUOUS
10
6.6200621653543301
20
-4.4483453149606298
11
6.6246909448818894
21
-4.4489546850393697
0
LINE
8
BLACK
6
CONTINUOUS
10
6.6246909448818894
20
-4.4489546850393697
11
6.6262338582677165
21
-4.4491578346456695
0
LINE
8
BLACK
6
CONTINUOUS
10
6.6262338582677165
20
-4.4491578346456695
11
6.6262338976377952
21
-4.4491578346456695
0
LINE
8
BLACK
6
CONTINUOUS
10
6.6262338976377952
20
-4.4491578346456695
11
6.626233937007874
21
-4.4491578346456695
0
LINE
8
BLACK
6
CONTINUOUS
10
6.626233937007874
20
-4.4491578346456695
11
6.6274682283464568
21
-4.4489953149606301
0
LINE
8
BLACK
6
CONTINUOUS
10
6.6274682283464568
20
-4.4489953149606301
11
6.6324056299212595
21
-4.4483453149606298
0
LINE
8
BLACK
6
CONTINUOUS
10
6.6324056299212595
20
-4.4483453149606298
11
6.6381567716535432
21
-4.44596311023622
0
LINE
8
BLACK
6
CONTINUOUS
10
6.6381567716535432
20
-4.44596311023622
11
6.6419580314960625
21
-4.4430462598425198
0
LINE
8
BLACK
6
CONTINUOUS
10
6.6419580314960625
20
-4.4430462598425198
11
6.643298070866142
21
-4.4420180708661414
0
LINE
8
BLACK
6
CONTINUOUS
10
6.643298070866142
20
-4.4420180708661414
11
6.6433398031496065
21
-4.442072440944882
0
LINE
8
BLACK
6
CONTINUOUS
10
6.6433398031496065
20
-4.442072440944882
11
6.6451938976377951
21
-4.4411277952755901
0
LINE
8
BLACK
6
CONTINUOUS
10
6.6451938976377951
20
-4.4411277952755901
11
6.6458036220472438
21
-4.4410798031496066
0
LINE
8
BLACK
6
CONTINUOUS
10
6.6458036220472438
20
-4.4410798031496066
11
6.7433985039370077
21
-4.4410798031496066
0
LINE
8
BLACK
6
CONTINUOUS
10
6.7433985039370077
20
-4.4410798031496066
11
6.745689488188976
21
-4.4418241732283468
0
LINE
8
BLACK
6
CONTINUOUS
10
6.745689488188976
20
-4.4418241732283468
11
6.747105393700787
21
-4.4437729921259841
0
LINE
8
BLACK
6
CONTINUOUS
10
6.747105393700787
20
-4.4437729921259841
11
6.747105393700787
21
-4.4461818897637793
0
LINE
8
BLACK
6
CONTINUOUS
10
6.747105393700787
20
-4.4461818897637793
11
6.745689488188976
21
-4.4481307086614175
0
LINE
8
BLACK
6
CONTINUOUS
10
6.745689488188976
20
-4.4481307086614175
11
6.7454721653543306
21
-4.448277677165354
0
LINE
8
BLACK
6
CONTINUOUS
10
6.7454721653543306
20
-4.448277677165354
11
6.7450425984251963
21
-4.4485475590551182
0
LINE
8
BLACK
6
CONTINUOUS
10
6.7450425984251963
20
-4.4485475590551182
11
6.740020551181102
21
-4.4535696062992125
0
LINE
8
BLACK
6
CONTINUOUS
10
6.740020551181102
20
-4.4535696062992125
11
6.7362422047244097
21
-4.4595827952755904
0
LINE
8
BLACK
6
CONTINUOUS
10
6.7362422047244097
20
-4.4595827952755904
11
6.7362422047244097
21
-4.4595828346456692
0
LINE
8
BLACK
6
CONTINUOUS
10
6.7362422047244097
20
-4.4595828346456692
11
6.7338966141732284
21
-4.4662860236220467
0
LINE
8
BLACK
6
CONTINUOUS
10
6.7338966141732284
20
-4.4662860236220467
11
6.7338965748031496
21
-4.4662861811023618
0
LINE
8
BLACK
6
CONTINUOUS
10
6.7338965748031496
20
-4.4662861811023618
11
6.7331014173228345
21
-4.473343582677165
0
LINE
8
BLACK
6
CONTINUOUS
10
6.7331014173228345
20
-4.473343582677165
11
6.7338965748031496
21
-4.4804009448818896
0
LINE
8
BLACK
6
CONTINUOUS
10
6.7338965748031496
20
-4.4804009448818896
11
6.7338966141732284
21
-4.4804011023622046
0
LINE
8
BLACK
6
CONTINUOUS
10
6.7338966141732284
20
-4.4804011023622046
11
6.7362422047244097
21
-4.487104291338583
0
LINE
8
BLACK
6
CONTINUOUS
10
6.7362422047244097
20
-4.487104291338583
11
6.7362422047244097
21
-4.4871043307086609
0
LINE
8
BLACK
6
CONTINUOUS
10
6.7362422047244097
20
-4.4871043307086609
11
6.7397173228346459
21
-4.4926349212598424
0
LINE
8
BLACK
6
CONTINUOUS
10
6.7397173228346459
20
-4.4926349212598424
11
6.7400206692913383
21
-4.4931176771653538
0
LINE
8
BLACK
6
CONTINUOUS
10
6.7400206692913383
20
-4.4931176771653538
11
6.7450424803149609
21
-4.4981394881889765
0
LINE
8
BLACK
6
CONTINUOUS
10
6.7450424803149609
20
-4.4981394881889765
11
6.7450425590551175
21
-4.4981395275590552
0
LINE
8
BLACK
6
CONTINUOUS
10
6.7450425590551175
20
-4.4981395275590552
11
6.7450425984251963
21
-4.498139566929134
0
LINE
8
BLACK
6
CONTINUOUS
10
6.7450425984251963
20
-4.498139566929134
11
6.7503656692913383
21
-4.5014842913385822
0
LINE
8
BLACK
6
CONTINUOUS
10
6.7503656692913383
20
-4.5014842913385822
11
6.7510558661417317
21
-4.501917952755905
0
LINE
8
BLACK
6
CONTINUOUS
10
6.7510558661417317
20
-4.501917952755905
11
6.7537562598425191
21
-4.5028628346456694
0
LINE
8
BLACK
6
CONTINUOUS
10
6.7537562598425191
20
-4.5028628346456694
11
6.7559225984251965
21
-4.503620905511811
0
LINE
8
BLACK
6
CONTINUOUS
10
6.7559225984251965
20
-4.503620905511811
11
6.7578391338582673
21
-4.5050801574803145
0
LINE
8
BLACK
6
CONTINUOUS
10
6.7578391338582673
20
-4.5050801574803145
11
6.7585319291338584
21
-4.507387283464567
0
LINE
8
BLACK
6
CONTINUOUS
10
6.7585319291338584
20
-4.507387283464567
11
6.757736338582677
21
-4.5096609448818894
0
LINE
8
BLACK
6
CONTINUOUS
10
6.757736338582677
20
-4.5096609448818894
11
6.757727519685039
21
-4.5096725196850391
0
LINE
8
BLACK
6
CONTINUOUS
10
6.757727519685039
20
-4.5096725196850391
11
6.7543157874015742
21
-4.5141188188976376
0
LINE
8
BLACK
6
CONTINUOUS
10
6.7543157874015742
20
-4.5141188188976376
11
6.7519337401574804
21
-4.5198696062992125
0
LINE
8
BLACK
6
CONTINUOUS
10
6.7519337401574804
20
-4.5198696062992125
11
6.7519336614173229
21
-4.5198699212598425
0
LINE
8
BLACK
6
CONTINUOUS
10
6.7519336614173229
20
-4.5198699212598425
11
6.7511211811023619
21
-4.5260414960629918
0
LINE
8
BLACK
6
CONTINUOUS
10
6.7511211811023619
20
-4.5260414960629918
11
6.7511211811023619
21
-4.5260415354330705
0
LINE
8
BLACK
6
CONTINUOUS
10
6.7511211811023619
20
-4.5260415354330705
11
6.7519336614173229
21
-4.5322131102362206
0
LINE
8
BLACK
6
CONTINUOUS
10
6.7519336614173229
20
-4.5322131102362206
11
6.7519337401574804
21
-4.5322134251968507
0
LINE
8
BLACK
6
CONTINUOUS
10
6.7519337401574804
20
-4.5322134251968507
11
6.754315826771653
21
-4.5379642913385823
0
LINE
8
BLACK
6
CONTINUOUS
10
6.754315826771653
20
-4.5379642913385823
11
6.754315826771653
21
-4.537964330708661
0
LINE
8
BLACK
6
CONTINUOUS
10
6.754315826771653
20
-4.537964330708661
11
6.7581052362204721
21
-4.54290279527559
0
LINE
8
BLACK
6
CONTINUOUS
10
6.7581052362204721
20
-4.54290279527559
11
6.7581054330708659
21
-4.5429030314960626
0
LINE
8
BLACK
6
CONTINUOUS
10
6.7581054330708659
20
-4.5429030314960626
11
6.7630440551181099
21
-4.5466925590551179
0
LINE
8
BLACK
6
CONTINUOUS
10
6.7630440551181099
20
-4.5466925590551179
11
6.7630440944881887
21
-4.5466925590551179
0
LINE
8
BLACK
6
CONTINUOUS
10
6.7630440944881887
20
-4.5466925590551179
11
6.7630441338582674
21
-4.5466925984251967
0
LINE
8
BLACK
6
CONTINUOUS
10
6.7630441338582674
20
-4.5466925984251967
11
6.7678631496062991
21
-4.5486887007874017
0
LINE
8
BLACK
6
CONTINUOUS
10
6.7678631496062991
20
-4.5486887007874017
11
6.7687951968503937
21
-4.5490747637795277
0
LINE
8
BLACK
6
CONTINUOUS
10
6.7687951968503937
20
-4.5490747637795277
11
6.7734239763779529
21
-4.5496841338582676
0
LINE
8
BLACK
6
CONTINUOUS
10
6.7734239763779529
20
-4.5496841338582676
11
6.7749668897637791
21
-4.5498872834645665
0
LINE
8
BLACK
6
CONTINUOUS
10
6.7749668897637791
20
-4.5498872834645665
11
6.7749669291338579
21
-4.5498872834645665
0
LINE
8
BLACK
6
CONTINUOUS
10
6.7749669291338579
20
-4.5498872834645665
11
6.7749669685039366
21
-4.5498872834645665
0
LINE
8
BLACK
6
CONTINUOUS
10
6.7749669685039366
20
-4.5498872834645665
11
6.7762012598425194
21
-4.5497247637795271
0
LINE
8
BLACK
6
CONTINUOUS
10
6.7762012598425194
20
-4.5497247637795271
11
6.781138661417323
21
-4.5490747637795277
0
LINE
8
BLACK
6
CONTINUOUS
10
6.781138661417323
20
-4.5490747637795277
11
6.7868898031496059
21
-4.5466925590551179
0
LINE
8
BLACK
6
CONTINUOUS
10
6.7868898031496059
20
-4.5466925590551179
11
6.7918284251968499
21
-4.5429030314960626
0
LINE
8
BLACK
6
CONTINUOUS
10
6.7918284251968499
20
-4.5429030314960626
11
6.7956179527559053
21
-4.5379644094488185
0
LINE
8
BLACK
6
CONTINUOUS
10
6.7956179527559053
20
-4.5379644094488185
11
6.7980001574803151
21
-4.5322132677165357
0
LINE
8
BLACK
6
CONTINUOUS
10
6.7980001574803151
20
-4.5322132677165357
11
6.7988126771653539
21
-4.5260415354330705
0
LINE
8
BLACK
6
CONTINUOUS
10
6.7988126771653539
20
-4.5260415354330705
11
6.7987618110236223
21
-4.5256553149606296
0
LINE
8
BLACK
6
CONTINUOUS
10
6.7987618110236223
20
-4.5256553149606296
11
6.7982372834645668
21
-4.5216710629921257
0
LINE
8
BLACK
6
CONTINUOUS
10
6.7982372834645668
20
-4.5216710629921257
11
6.7980001574803151
21
-4.5198698031496063
0
LINE
8
BLACK
6
CONTINUOUS
10
6.7980001574803151
20
-4.5198698031496063
11
6.7962285826771653
21
-4.5155928346456689
0
LINE
8
BLACK
6
CONTINUOUS
10
6.7962285826771653
20
-4.5155928346456689
11
6.7956179921259841
21
-4.51411874015748
0
LINE
8
BLACK
6
CONTINUOUS
10
6.7956179921259841
20
-4.51411874015748
11
6.7956179921259841
21
-4.5141187007874013
0
LINE
8
BLACK
6
CONTINUOUS
10
6.7956179921259841
20
-4.5141187007874013
11
6.7918285826771649
21
-4.5091802362204723
0
LINE
8
BLACK
6
CONTINUOUS
10
6.7918285826771649
20
-4.5091802362204723
11
6.7918285433070862
21
-4.5091801968503935
0
LINE
8
BLACK
6
CONTINUOUS
10
6.7918285433070862
20
-4.5091801968503935
11
6.7918284251968499
21
-4.5091800393700785
0
LINE
8
BLACK
6
CONTINUOUS
10
6.7918284251968499
20
-4.5091800393700785
11
6.7918282283464562
21
-4.5091798818897635
0
LINE
8
BLACK
6
CONTINUOUS
10
6.7918282283464562
20
-4.5091798818897635
11
6.7918281889763774
21
-4.5091798425196847
0
LINE
8
BLACK
6
CONTINUOUS
10
6.7918281889763774
20
-4.5091798425196847
11
6.7894920472440941
21
-4.507387283464567
0
LINE
8
BLACK
6
CONTINUOUS
10
6.7894920472440941
20
-4.507387283464567
11
6.7868898031496059
21
-4.5053905118110231
0
LINE
8
BLACK
6
CONTINUOUS
10
6.7868898031496059
20
-4.5053905118110231
11
6.7857660629921259
21
-4.5049250393700788
0
LINE
8
BLACK
6
CONTINUOUS
10
6.7857660629921259
20
-4.5049250393700788
11
6.7854968110236218
21
-4.5048135039370081
0
LINE
8
BLACK
6
CONTINUOUS
10
6.7854968110236218
20
-4.5048135039370081
11
6.7836651181102363
21
-4.5032490157480316
0
LINE
8
BLACK
6
CONTINUOUS
10
6.7836651181102363
20
-4.5032490157480316
11
6.7831027952755907
21
-4.5009067322834646
0
LINE
8
BLACK
6
CONTINUOUS
10
6.7831027952755907
20
-4.5009067322834646
11
6.784024645669291
21
-4.4986812204724407
0
LINE
8
BLACK
6
CONTINUOUS
10
6.784024645669291
20
-4.4986812204724407
11
6.7845587007874011
21
-4.4981649212598427
0
LINE
8
BLACK
6
CONTINUOUS
10
6.7845587007874011
20
-4.4981649212598427
11
6.7845901574803147
21
-4.4981398031496065
0
LINE
8
BLACK
6
CONTINUOUS
10
6.7845901574803147
20
-4.4981398031496065
11
6.7845906692913385
21
-4.4981394881889765
0
LINE
8
BLACK
6
CONTINUOUS
10
6.7845906692913385
20
-4.4981394881889765
11
6.7852138976377949
21
-4.49751625984252
0
LINE
8
BLACK
6
CONTINUOUS
10
6.7852138976377949
20
-4.49751625984252
11
6.7896124803149602
21
-4.4931176771653538
0
LINE
8
BLACK
6
CONTINUOUS
10
6.7896124803149602
20
-4.4931176771653538
11
6.7933909448818897
21
-4.487104291338583
0
LINE
8
BLACK
6
CONTINUOUS
10
6.7933909448818897
20
-4.487104291338583
11
6.7957365748031497
21
-4.4804008661417321
0
LINE
8
BLACK
6
CONTINUOUS
10
6.7957365748031497
20
-4.4804008661417321
11
6.7965317322834649
21
-4.473343582677165
0
LINE
8
BLACK
6
CONTINUOUS
10
6.7965317322834649
20
-4.473343582677165
11
6.7957365748031497
21
-4.466286299212598
0
LINE
8
BLACK
6
CONTINUOUS
10
6.7957365748031497
20
-4.466286299212598
11
6.7953852362204721
21
-4.4652822834645667
0
LINE
8
BLACK
6
CONTINUOUS
10
6.7953852362204721
20
-4.4652822834645667
11
6.7948162598425199
21
-4.4636562598425193
0
LINE
8
BLACK
6
CONTINUOUS
10
6.7948162598425199
20
-4.4636562598425193
11
6.7943025984251966
21
-4.4621882677165354
0
LINE
8
BLACK
6
CONTINUOUS
10
6.7943025984251966
20
-4.4621882677165354
11
6.7933909448818897
21
-4.4595828740157479
0
LINE
8
BLACK
6
CONTINUOUS
10
6.7933909448818897
20
-4.4595828740157479
11
6.7933009055118108
21
-4.4594396062992123
0
LINE
8
BLACK
6
CONTINUOUS
10
6.7933009055118108
20
-4.4594396062992123
11
6.7896125590551177
21
-4.4535696062992125
0
LINE
8
BLACK
6
CONTINUOUS
10
6.7896125590551177
20
-4.4535696062992125
11
6.789612519685039
21
-4.4535695669291337
0
LINE
8
BLACK
6
CONTINUOUS
10
6.789612519685039
20
-4.4535695669291337
11
6.7896124803149602
21
-4.4535694881889762
0
LINE
8
BLACK
6
CONTINUOUS
10
6.7896124803149602
20
-4.4535694881889762
11
6.7845906692913385
21
-4.4485476771653545
0
LINE
8
BLACK
6
CONTINUOUS
10
6.7845906692913385
20
-4.4485476771653545
11
6.7845905511811022
21
-4.448547598425197
0
LINE
8
BLACK
6
CONTINUOUS
10
6.7845905511811022
20
-4.448547598425197
11
6.7845905118110235
21
-4.4485475590551182
0
LINE
8
BLACK
6
CONTINUOUS
10
6.7845905118110235
20
-4.4485475590551182
11
6.7841609842519688
21
-4.448277677165354
0
LINE
8
BLACK
6
CONTINUOUS
10
6.7841609842519688
20
-4.448277677165354
11
6.7826172047244091
21
-4.4464285039370077
0
LINE
8
BLACK
6
CONTINUOUS
10
6.7826172047244091
20
-4.4464285039370077
11
6.7824551574803147
21
-4.4440250787401574
0
LINE
8
BLACK
6
CONTINUOUS
10
6.7824551574803147
20
-4.4440250787401574
11
6.7837367322834643
21
-4.4419854330708661
0
LINE
8
BLACK
6
CONTINUOUS
10
6.7837367322834643
20
-4.4419854330708661
11
6.7859724803149604
21
-4.4410886220472436
0
LINE
8
BLACK
6
CONTINUOUS
10
6.7859724803149604
20
-4.4410886220472436
11
6.7862346456692908
21
-4.4410798031496066
0
LINE
8
BLACK
6
CONTINUOUS
10
6.7862346456692908
20
-4.4410798031496066
11
6.8684950000000002
21
-4.4410798031496066
0
LINE
8
BLACK
6
CONTINUOUS
10
6.8684950000000002
20
-4.4410798031496066
11
6.868495039370079
21
-4.4410798031496066
0
LINE
8
BLACK
6
CONTINUOUS
10
6.868495039370079
20
-4.4410798031496066
11
6.8693985433070868
21
-4.4407862204724404
0
LINE
8
BLACK
6
CONTINUOUS
10
6.8693985433070868
20
-4.4407862204724404
11
6.8699923622047239
21
-4.4406436220472436
0
LINE
8
BLACK
6
CONTINUOUS
10
6.8699923622047239
20
-4.4406436220472436
11
6.8709309055118108
21
-4.4404950000000003
0
LINE
8
BLACK
6
CONTINUOUS
10
6.8709309055118108
20
-4.4404950000000003
11
6.8717772834645672
21
-4.440063661417323
0
LINE
8
BLACK
6
CONTINUOUS
10
6.8717772834645672
20
-4.440063661417323
11
6.8723422047244096
21
-4.4398297244094485
0
LINE
8
BLACK
6
CONTINUOUS
10
6.8723422047244096
20
-4.4398297244094485
11
6.8732453149606298
21
-4.4395363385826769
0
LINE
8
BLACK
6
CONTINUOUS
10
6.8732453149606298
20
-4.4395363385826769
11
6.8740138976377949
21
-4.4389778740157482
0
LINE
8
BLACK
6
CONTINUOUS
10
6.8740138976377949
20
-4.4389778740157482
11
6.8745350393700786
21
-4.4386585433070866
0
LINE
8
BLACK
6
CONTINUOUS
10
6.8745350393700786
20
-4.4386585433070866
11
6.8753812204724412
21
-4.4382274409448819
0
LINE
8
BLACK
6
CONTINUOUS
10
6.8753812204724412
20
-4.4382274409448819
11
6.8760473228346459
21
-4.4375612598425196
0
LINE
8
BLACK
6
CONTINUOUS
10
6.8760473228346459
20
-4.4375612598425196
11
6.87604748031496
21
-4.4375611811023621
0
LINE
8
BLACK
6
CONTINUOUS
10
6.87604748031496
20
-4.4375611811023621
11
6.8762696062992124
21
-4.4373390551181098
0
LINE
8
BLACK
6
CONTINUOUS
10
6.8762696062992124
20
-4.4373390551181098
11
6.8762696850393699
21
-4.437339015748031
0
LINE
8
BLACK
6
CONTINUOUS
10
6.8762696850393699
20
-4.437339015748031
11
6.8801666929133853
21
-4.4334420078740155
0
LINE
8
BLACK
6
CONTINUOUS
10
6.8801666929133853
20
-4.4334420078740155
11
6.9766950787401569
21
-4.3369135433070864
0
LINE
8
BLACK
6
CONTINUOUS
10
6.9766950787401569
20
-4.3369135433070864
11
6.9788414173228341
21
-4.33582
0
LINE
8
BLACK
6
CONTINUOUS
10
6.9788414173228341
20
-4.33582
11
6.9792829921259845
21
-4.3357852362204721
0
LINE
8
BLACK
6
CONTINUOUS
10
6.9792829921259845
20
-4.3357852362204721
11
6.9793834645669293
21
-4.3357719685039369
0
LINE
8
BLACK
6
CONTINUOUS
10
6.9793834645669293
20
-4.3357719685039369
11
6.979383503937008
21
-4.3357720078740156
0
LINE
8
BLACK
6
CONTINUOUS
10
6.979383503937008
20
-4.3357720078740156
11
6.9855552362204723
21
-4.3349594881889759
0
LINE
8
BLACK
6
CONTINUOUS
10
6.9855552362204723
20
-4.3349594881889759
11
6.991306377952756
21
-4.3325772834645671
0
LINE
8
BLACK
6
CONTINUOUS
10
6.991306377952756
20
-4.3325772834645671
11
6.996245
21
-4.3287877559055117
0
LINE
8
BLACK
6
CONTINUOUS
10
6.996245
20
-4.3287877559055117
11
7.0000345275590545
21
-4.3238491338582676
0
LINE
8
BLACK
6
CONTINUOUS
10
7.0000345275590545
20
-4.3238491338582676
11
7.0024167322834643
21
-4.3180979921259839
0
LINE
8
BLACK
6
CONTINUOUS
10
7.0024167322834643
20
-4.3180979921259839
11
7.003229251968504
21
-4.3119262598425196
0
LINE
8
BLACK
6
CONTINUOUS
10
7.003229251968504
20
-4.3119262598425196
11
7.0032132677165349
21
-4.3118049606299209
0
LINE
8
BLACK
6
CONTINUOUS
10
7.0032132677165349
20
-4.3118049606299209
11
7.0026093700787397
21
-4.3072177165354333
0
LINE
8
BLACK
6
CONTINUOUS
10
7.0026093700787397
20
-4.3072177165354333
11
7.0024167322834643
21
-4.3057545275590554
0
LINE
8
BLACK
6
CONTINUOUS
10
7.0024167322834643
20
-4.3057545275590554
11
7.0003999212598425
21
-4.3008855118110239
0
LINE
8
BLACK
6
CONTINUOUS
10
7.0003999212598425
20
-4.3008855118110239
11
7.0000345669291333
21
-4.3000034645669292
0
LINE
8
BLACK
6
CONTINUOUS
10
7.0000345669291333
20
-4.3000034645669292
11
7.0000345669291333
21
-4.3000034251968504
0
LINE
8
BLACK
6
CONTINUOUS
10
7.0000345669291333
20
-4.3000034251968504
11
6.9962451574803151
21
-4.2950649606299214
0
LINE
8
BLACK
6
CONTINUOUS
10
6.9962451574803151
20
-4.2950649606299214
11
6.9962451181102363
21
-4.2950649212598426
0
LINE
8
BLACK
6
CONTINUOUS
10
6.9962451181102363
20
-4.2950649212598426
11
6.996245
21
-4.2950647637795276
0
LINE
8
BLACK
6
CONTINUOUS
10
6.996245
20
-4.2950647637795276
11
6.9962448031496063
21
-4.2950646062992126
0
LINE
8
BLACK
6
CONTINUOUS
10
6.9962448031496063
20
-4.2950646062992126
11
6.9962447637795275
21
-4.2950645669291339
0
LINE
8
BLACK
6
CONTINUOUS
10
6.9962447637795275
20
-4.2950645669291339
11
6.9913062598425197
21
-4.2912751574803147
0
LINE
8
BLACK
6
CONTINUOUS
10
6.9913062598425197
20
-4.2912751574803147
11
6.9855553937007873
21
-4.2888930708661412
0
LINE
8
BLACK
6
CONTINUOUS
10
6.9855553937007873
20
-4.2888930708661412
11
6.9855550787401572
21
-4.2888929921259837
0
LINE
8
BLACK
6
CONTINUOUS
10
6.9855550787401572
20
-4.2888929921259837
11
6.9793835433070868
21
-4.2880805118110237
0
LINE
8
BLACK
6
CONTINUOUS
10
6.9793835433070868
20
-4.2880805118110237
11
6.9793834645669293
21
-4.2880805118110237
0
LINE
8
BLACK
6
CONTINUOUS
10
6.9793834645669293
20
-4.2880805118110237
11
6.9732118897637791
21
-4.2888929921259837
0
LINE
8
BLACK
6
CONTINUOUS
10
6.9732118897637791
20
-4.2888929921259837
11
6.9732115748031491
21
-4.2888930708661412
0
LINE
8
BLACK
6
CONTINUOUS
10
6.9732115748031491
20
-4.2888930708661412
11
6.9674607086614175
21
-4.2912751574803147
0
LINE
8
BLACK
6
CONTINUOUS
10
6.9674607086614175
20
-4.2912751574803147
11
6.9674606692913388
21
-4.2912751574803147
0
LINE
8
BLACK
6
CONTINUOUS
10
6.9674606692913388
20
-4.2912751574803147
11
6.9625222047244089
21
-4.2950645669291339
0
LINE
8
BLACK
6
CONTINUOUS
10
6.9625222047244089
20
-4.2950645669291339
11
6.9625218110236222
21
-4.2950649606299214
0
LINE
8
BLACK
6
CONTINUOUS
10
6.9625218110236222
20
-4.2950649606299214
11
6.9587324015748031
21
-4.3000034251968504
0
LINE
8
BLACK
6
CONTINUOUS
10
6.9587324015748031
20
-4.3000034251968504
11
6.9587324015748031
21
-4.3000034645669292
0
LINE
8
BLACK
6
CONTINUOUS
10
6.9587324015748031
20
-4.3000034645669292
11
6.9563503149606296
21
-4.3057543307086616
0
LINE
8
BLACK
6
CONTINUOUS
10
6.9563503149606296
20
-4.3057543307086616
11
6.9563502362204721
21
-4.3057546456692917
0
LINE
8
BLACK
6
CONTINUOUS
10
6.9563502362204721
20
-4.3057546456692917
11
6.9555044094488183
21
-4.3121795275590546
0
LINE
8
BLACK
6
CONTINUOUS
10
6.9555044094488183
20
-4.3121795275590546
11
6.9554363385826772
21
-4.3121705511811026
0
LINE
8
BLACK
6
CONTINUOUS
10
6.9554363385826772
20
-4.3121705511811026
11
6.9547933858267719
21
-4.3141495275590547
0
LINE
8
BLACK
6
CONTINUOUS
10
6.9547933858267719
20
-4.3141495275590547
11
6.9543961811023625
21
-4.3146146062992123
0
LINE
8
BLACK
6
CONTINUOUS
10
6.9543961811023625
20
-4.3146146062992123
11
6.8606080314960627
21
-4.4084027952755909
0
LINE
8
BLACK
6
CONTINUOUS
10
6.8606080314960627
20
-4.4084027952755909
11
6.8584616929133855
21
-4.4094963779527561
0
LINE
8
BLACK
6
CONTINUOUS
10
6.8584616929133855
20
-4.4094963779527561
11
6.8578519685039367
21
-4.4095443700787404
0
LINE
8
BLACK
6
CONTINUOUS
10
6.8578519685039367
20
-4.4095443700787404
11
6.6458036220472438
21
-4.4095443700787404
0
LINE
8
BLACK
6
CONTINUOUS
10
6.6458036220472438
20
-4.4095443700787404
11
6.6435126377952756
21
-4.4088000000000003
0
LINE
8
BLACK
6
CONTINUOUS
10
6.6435126377952756
20
-4.4088000000000003
11
6.6431753149606294
21
-4.4085119291338586
0
LINE
8
BLACK
6
CONTINUOUS
10
6.6431753149606294
20
-4.4085119291338586
11
6.6430521653543302
21
-4.4084174409448815
0
LINE
8
BLACK
6
CONTINUOUS
10
6.6430521653543302
20
-4.4084174409448815
11
6.6381567716535432
21
-4.4046610629921261
0
LINE
8
BLACK
6
CONTINUOUS
10
6.6381567716535432
20
-4.4046610629921261
11
6.6381567322834645
21
-4.4046610236220474
0
LINE
8
BLACK
6
CONTINUOUS
10
6.6381567322834645
20
-4.4046610236220474
11
6.638156653543307
21
-4.4046609842519686
0
LINE
8
BLACK
6
CONTINUOUS
10
6.638156653543307
20
-4.4046609842519686
11
6.6324057874015745
21
-4.4022788976377951
0
LINE
8
BLACK
6
CONTINUOUS
10
6.6324057874015745
20
-4.4022788976377951
11
6.6324054724409445
21
-4.4022788188976376
0
LINE
8
BLACK
6
CONTINUOUS
10
6.6324054724409445
20
-4.4022788188976376
11
6.626233937007874
21
-4.4014663385826767
0
LINE
8
BLACK
6
CONTINUOUS
10
6.626233937007874
20
-4.4014663385826767
11
6.6262338582677165
21
-4.4014663385826767
0
LINE
8
BLACK
6
CONTINUOUS
10
6.6262338582677165
20
-4.4014663385826767
11
6.6200622834645664
21
-4.4022788188976376
0
LINE
8
BLACK
6
CONTINUOUS
10
6.6200622834645664
20
-4.4022788188976376
11
6.6200619685039372
21
-4.4022788976377951
0
LINE
8
BLACK
6
CONTINUOUS
10
6.6200619685039372
20
-4.4022788976377951
11
6.6143111023622048
21
-4.4046609842519686
0
LINE
8
BLACK
6
CONTINUOUS
10
6.6143111023622048
20
-4.4046609842519686
11
6.614311062992126
21
-4.4046609842519686
0
LINE
8
BLACK
6
CONTINUOUS
10
6.614311062992126
20
-4.4046609842519686
11
6.609372598425197
21
-4.4084503937007877
0
LINE
8
BLACK
6
CONTINUOUS
10
6.609372598425197
20
-4.4084503937007877
11
6.6093722047244094
21
-4.4084507874015744
0
LINE
8
BLACK
6
CONTINUOUS
10
6.6093722047244094
20
-4.4084507874015744
11
6.6055827952755903
21
-4.4133892519685034
0
LINE
8
BLACK
6
CONTINUOUS
10
6.6055827952755903
20
-4.4133892519685034
11
6.6055827952755903
21
-4.4133892913385822
0
LINE
8
BLACK
6
CONTINUOUS
10
6.6055827952755903
20
-4.4133892913385822
11
6.6032007086614168
21
-4.4191401574803146
0
LINE
8
BLACK
6
CONTINUOUS
10
6.6032007086614168
20
-4.4191401574803146
11
6.6032006299212593
21
-4.4191404724409447
0
LINE
8
BLACK
6
CONTINUOUS
10
6.6032006299212593
20
-4.4191404724409447
11
6.6023881496062993
21
-4.4253120472440948
0
LINE
8
BLACK
6
CONTINUOUS
10
6.6023881496062993
20
-4.4253120472440948
11
6.6023881496062993
21
-4.4253120866141735
0
LINE
8
BLACK
6
CONTINUOUS
10
6.6023881496062993
20
-4.4253120866141735
11
6.6032006299212593
21
-4.4314836614173228
0
LINE
8
BLACK
6
CONTINUOUS
10
7.0416421259842519
20
-4.5036878346456692
11
7.0416422047244094
21
-4.5036881496062993
0
LINE
8
BLACK
6
CONTINUOUS
10
7.0416422047244094
20
-4.5036881496062993
11
7.0440242913385829
21
-4.5094390157480317
0
LINE
8
BLACK
6
CONTINUOUS
10
7.0440242913385829
20
-4.5094390157480317
11
7.0440242913385829
21
-4.5094390551181105
0
LINE
8
BLACK
6
CONTINUOUS
10
7.0440242913385829
20
-4.5094390551181105
11
7.0476151968503933
21
-4.5141188188976376
0
LINE
8
BLACK
6
CONTINUOUS
10
7.0476151968503933
20
-4.5141188188976376
11
7.0478138976377949
21
-4.514377755905512
0
LINE
8
BLACK
6
CONTINUOUS
10
7.0478138976377949
20
-4.514377755905512
11
7.0527525196850389
21
-4.5181672834645665
0
LINE
8
BLACK
6
CONTINUOUS
10
7.0527525196850389
20
-4.5181672834645665
11
7.0527525590551177
21
-4.5181672834645665
0
LINE
8
BLACK
6
CONTINUOUS
10
7.0527525590551177
20
-4.5181672834645665
11
7.0527525984251964
21
-4.5181673228346453
0
LINE
8
BLACK
6
CONTINUOUS
10
7.0527525984251964
20
-4.5181673228346453
11
7.0578594094488185
21
-4.5202826377952752
0
LINE
8
BLACK
6
CONTINUOUS
10
7.0578594094488185
20
-4.5202826377952752
11
7.0585036614173227
21
-4.5205494881889763
0
LINE
8
BLACK
6
CONTINUOUS
10
7.0585036614173227
20
-4.5205494881889763
11
7.0626484645669292
21
-4.5210951574803149
0
LINE
8
BLACK
6
CONTINUOUS
10
7.0626484645669292
20
-4.5210951574803149
11
7.0646753543307081
21
-4.521362007874016
0
LINE
8
BLACK
6
CONTINUOUS
10
7.0646753543307081
20
-4.521362007874016
11
7.0646753937007869
21
-4.521362007874016
0
LINE
8
BLACK
6
CONTINUOUS
10
7.0646753937007869
20
-4.521362007874016
11
7.0646754330708657
21
-4.521362007874016
0
LINE
8
BLACK
6
CONTINUOUS
10
7.0646754330708657
20
-4.521362007874016
11
7.0667023228346455
21
-4.5210951574803149
0
LINE
8
BLACK
6
CONTINUOUS
10
7.0667023228346455
20
-4.5210951574803149
11
7.070847125984252
21
-4.5205494881889763
0
LINE
8
BLACK
6
CONTINUOUS
10
7.070847125984252
20
-4.5205494881889763
11
7.0765982677165349
21
-4.5181672834645665
0
LINE
8
BLACK
6
CONTINUOUS
10
7.0765982677165349
20
-4.5181672834645665
11
7.0815368897637789
21
-4.514377755905512
0
LINE
8
BLACK
6
CONTINUOUS
10
7.0815368897637789
20
-4.514377755905512
11
7.0843706692913386
21
-4.5106846456692908
0
LINE
8
BLACK
6
CONTINUOUS
10
7.0843706692913386
20
-4.5106846456692908
11
7.0863557480314956
21
-4.5093203149606298
0
LINE
8
BLACK
6
CONTINUOUS
10
7.0863557480314956
20
-4.5093203149606298
11
7.0887638188976378
21
-4.5093833464566933
0
LINE
8
BLACK
6
CONTINUOUS
10
7.0887638188976378
20
-4.5093833464566933
11
7.0905550000000002
21
-4.5106847244094483
0
LINE
8
BLACK
6
CONTINUOUS
10
7.0905550000000002
20
-4.5106847244094483
11
7.0917253937007869
21
-4.5122099999999996
0
LINE
8
BLACK
6
CONTINUOUS
10
7.0917253937007869
20
-4.5122099999999996
11
7.0931840157480313
21
-4.5141109055118109
0
LINE
8
BLACK
6
CONTINUOUS
10
7.0931840157480313
20
-4.5141109055118109
11
7.0981226377952753
21
-4.5179004330708663
0
LINE
8
BLACK
6
CONTINUOUS
10
7.0981226377952753
20
-4.5179004330708663
11
7.0981226771653541
21
-4.5179004330708663
0
LINE
8
BLACK
6
CONTINUOUS
10
7.0981226771653541
20
-4.5179004330708663
11
7.0981227165354328
21
-4.5179004724409451
0
LINE
8
BLACK
6
CONTINUOUS
10
7.0981227165354328
20
-4.5179004724409451
11
7.1028774015748031
21
-4.5198699212598425
0
LINE
8
BLACK
6
CONTINUOUS
10
7.1028774015748031
20
-4.5198699212598425
11
7.1038737795275591
21
-4.5202826377952752
0
LINE
8
BLACK
6
CONTINUOUS
10
7.1038737795275591
20
-4.5202826377952752
11
7.1085025590551183
21
-4.520892007874016
0
LINE
8
BLACK
6
CONTINUOUS
10
7.1085025590551183
20
-4.520892007874016
11
7.1100454724409445
21
-4.5210951574803149
0
LINE
8
BLACK
6
CONTINUOUS
10
7.1100454724409445
20
-4.5210951574803149
11
7.1100455118110233
21
-4.5210951574803149
0
LINE
8
BLACK
6
CONTINUOUS
10
7.1100455118110233
20
-4.5210951574803149
11
7.110045551181102
21
-4.5210951574803149
0
LINE
8
BLACK
6
CONTINUOUS
10
7.110045551181102
20
-4.5210951574803149
11
7.1109491338582673
21
-4.5209761811023625
0
LINE
8
BLACK
6
CONTINUOUS
10
7.1109491338582673
20
-4.5209761811023625
11
7.1112798425196848
21
-4.5209326377952754
0
LINE
8
BLACK
6
CONTINUOUS
10
7.1112798425196848
20
-4.5209326377952754
11
7.1162172440944884
21
-4.5202826377952752
0
LINE
8
BLACK
6
CONTINUOUS
10
7.1162172440944884
20
-4.5202826377952752
11
7.1219683858267713
21
-4.5179004330708663
0
LINE
8
BLACK
6
CONTINUOUS
10
7.1219683858267713
20
-4.5179004330708663
11
7.1269070078740153
21
-4.5141109055118109
0
LINE
8
BLACK
6
CONTINUOUS
10
7.1269070078740153
20
-4.5141109055118109
11
7.1306965354330707
21
-4.5091722834645669
0
LINE
8
BLACK
6
CONTINUOUS
10
7.1306965354330707
20
-4.5091722834645669
11
7.1330787401574804
21
-4.5034211417322831
0
LINE
8
BLACK
6
CONTINUOUS
10
7.1330787401574804
20
-4.5034211417322831
11
7.1338912598425193
21
-4.4972494094488189
0
LINE
8
BLACK
6
CONTINUOUS
10
7.1338912598425193
20
-4.4972494094488189
11
7.1330787401574804
21
-4.4910776771653547
0
LINE
8
BLACK
6
CONTINUOUS
10
7.1330787401574804
20
-4.4910776771653547
11
7.1328512992125983
21
-4.4905286220472442
0
LINE
8
BLACK
6
CONTINUOUS
10
7.1328512992125983
20
-4.4905286220472442
11
7.1326921653543307
21
-4.4901444094488188
0
LINE
8
BLACK
6
CONTINUOUS
10
7.1326921653543307
20
-4.4901444094488188
11
7.1306965748031494
21
-4.4853266141732284
0
LINE
8
BLACK
6
CONTINUOUS
10
7.1306965748031494
20
-4.4853266141732284
11
7.1306965748031494
21
-4.4853265748031497
0
LINE
8
BLACK
6
CONTINUOUS
10
7.1306965748031494
20
-4.4853265748031497
11
7.1269071653543303
21
-4.4803881102362206
0
LINE
8
BLACK
6
CONTINUOUS
10
7.1269071653543303
20
-4.4803881102362206
11
7.1269071259842516
21
-4.4803880708661419
0
LINE
8
BLACK
6
CONTINUOUS
10
7.1269071259842516
20
-4.4803880708661419
11
7.1269070078740153
21
-4.4803879133858269
0
LINE
8
BLACK
6
CONTINUOUS
10
7.1269070078740153
20
-4.4803879133858269
11
7.1269068110236216
21
-4.4803877559055119
0
LINE
8
BLACK
6
CONTINUOUS
10
7.1269068110236216
20
-4.4803877559055119
11
7.1269067716535428
21
-4.4803877165354331
0
LINE
8
BLACK
6
CONTINUOUS
10
7.1269067716535428
20
-4.4803877165354331
11
7.1223161417322833
21
-4.4768652362204726
0
LINE
8
BLACK
6
CONTINUOUS
10
7.1223161417322833
20
-4.4768652362204726
11
7.1219683858267713
21
-4.4765983858267715
0
LINE
8
BLACK
6
CONTINUOUS
10
7.1219683858267713
20
-4.4765983858267715
11
7.1219683464566925
21
-4.4765983464566927
0
LINE
8
BLACK
6
CONTINUOUS
10
7.1219683464566925
20
-4.4765983464566927
11
7.121968267716535
21
-4.476598307086614
0
LINE
8
BLACK
6
CONTINUOUS
10
7.121968267716535
20
-4.476598307086614
11
7.1162174015748034
21
-4.4742162204724405
0
LINE
8
BLACK
6
CONTINUOUS
10
7.1162174015748034
20
-4.4742162204724405
11
7.1162170866141734
21
-4.474216141732283
0
LINE
8
BLACK
6
CONTINUOUS
10
7.1162170866141734
20
-4.474216141732283
11
7.110045551181102
21
-4.4734036614173229
0
LINE
8
BLACK
6
CONTINUOUS
10
7.110045551181102
20
-4.4734036614173229
11
7.1100454724409445
21
-4.4734036614173229
0
LINE
8
BLACK
6
CONTINUOUS
10
7.1100454724409445
20
-4.4734036614173229
11
7.1038738976377953
21
-4.474216141732283
0
LINE
8
BLACK
6
CONTINUOUS
10
7.1038738976377953
20
-4.474216141732283
11
7.1038735826771653
21
-4.4742162204724405
0
LINE
8
BLACK
6
CONTINUOUS
10
7.1038735826771653
20
-4.4742162204724405
11
7.0981227165354328
21
-4.476598307086614
0
LINE
8
BLACK
6
CONTINUOUS
10
7.0981227165354328
20
-4.476598307086614
11
7.0981226771653541
21
-4.476598307086614
0
LINE
8
BLACK
6
CONTINUOUS
10
7.0981226771653541
20
-4.476598307086614
11
7.093184212598425
21
-4.4803877165354331
0
LINE
8
BLACK
6
CONTINUOUS
10
7.093184212598425
20
-4.4803877165354331
11
7.0931839370078738
21
-4.4803879921259844
0
LINE
8
BLACK
6
CONTINUOUS
10
7.0931839370078738
20
-4.4803879921259844
11
7.0903502362204724
21
-4.4840809448818897
0
LINE
8
BLACK
6
CONTINUOUS
10
7.0903502362204724
20
-4.4840809448818897
11
7.0883649999999996
21
-4.4854453149606295
0
LINE
8
BLACK
6
CONTINUOUS
10
7.0883649999999996
20
-4.4854453149606295
11
7.085956968503937
21
-4.4853822440944882
0
LINE
8
BLACK
6
CONTINUOUS
10
7.085956968503937
20
-4.4853822440944882
11
7.0841658661417322
21
-4.4840809448818897
0
LINE
8
BLACK
6
CONTINUOUS
10
7.0841658661417322
20
-4.4840809448818897
11
7.0815368897637789
21
-4.4806547637795271
0
LINE
8
BLACK
6
CONTINUOUS
10
7.0815368897637789
20
-4.4806547637795271
11
7.0815366929133861
21
-4.4806546062992121
0
LINE
8
BLACK
6
CONTINUOUS
10
7.0815366929133861
20
-4.4806546062992121
11
7.0815366535433073
21
-4.4806545669291333
0
LINE
8
BLACK
6
CONTINUOUS
10
7.0815366535433073
20
-4.4806545669291333
11
7.0765981496062986
21
-4.4768651574803151
0
LINE
8
BLACK
6
CONTINUOUS
10
7.0765981496062986
20
-4.4768651574803151
11
7.070847283464567
21
-4.4744830708661416
0
LINE
8
BLACK
6
CONTINUOUS
10
7.070847283464567
20
-4.4744830708661416
11
7.070846968503937
21
-4.4744829921259841
0
LINE
8
BLACK
6
CONTINUOUS
10
7.070846968503937
20
-4.4744829921259841
11
7.0646754330708657
21
-4.4736705118110232
0
LINE
8
BLACK
6
CONTINUOUS
10
7.0646754330708657
20
-4.4736705118110232
11
7.0646753543307081
21
-4.4736705118110232
0
LINE
8
BLACK
6
CONTINUOUS
10
7.0646753543307081
20
-4.4736705118110232
11
7.0585037795275589
21
-4.4744829921259841
0
LINE
8
BLACK
6
CONTINUOUS
10
7.0585037795275589
20
-4.4744829921259841
11
7.0585034645669289
21
-4.4744830708661416
0
LINE
8
BLACK
6
CONTINUOUS
10
7.0585034645669289
20
-4.4744830708661416
11
7.0527525984251964
21
-4.4768651574803151
0
LINE
8
BLACK
6
CONTINUOUS
10
7.0527525984251964
20
-4.4768651574803151
11
7.0527525590551177
21
-4.4768651574803151
0
LINE
8
BLACK
6
CONTINUOUS
10
7.0527525590551177
20
-4.4768651574803151
11
7.0478140944881886
21
-4.4806545669291333
0
LINE
8
BLACK
6
CONTINUOUS
10
7.0478140944881886
20
-4.4806545669291333
11
7.0478137007874011
21
-4.4806549606299209
0
LINE
8
BLACK
6
CONTINUOUS
10
7.0478137007874011
20
-4.4806549606299209
11
7.0440242913385829
21
-4.4855934251968499
0
LINE
8
BLACK
6
CONTINUOUS
10
7.0440242913385829
20
-4.4855934251968499
11
7.0440242913385829
21
-4.4855934645669286
0
LINE
8
BLACK
6
CONTINUOUS
10
7.0440242913385829
20
-4.4855934645669286
11
7.0416422047244094
21
-4.4913443307086611
0
LINE
8
BLACK
6
CONTINUOUS
10
7.0416422047244094
20
-4.4913443307086611
11
7.0416421259842519
21
-4.4913446456692911
0
LINE
8
BLACK
6
CONTINUOUS
10
7.0416421259842519
20
-4.4913446456692911
11
7.0408296456692909
21
-4.4975162204724413
0
LINE
8
BLACK
6
CONTINUOUS
10
7.0408296456692909
20
-4.4975162204724413
11
7.0408296456692909
21
-4.49751625984252
0
LINE
8
BLACK
6
CONTINUOUS
10
7.0408296456692909
20
-4.49751625984252
11
7.0416421259842519
21
-4.5036878346456692
0
LINE
8
BLACK
6
CONTINUOUS
10
7.3096474015748027
20
-4.4719853149606301
11
7.3113440944881889
21
-4.477578661417323
0
LINE
8
BLACK
6
CONTINUOUS
10
7.3113440944881889
20
-4.477578661417323
11
7.3151095275590547
21
-4.4846233070866139
0
LINE
8
BLACK
6
CONTINUOUS
10
7.3151095275590547
20
-4.4846233070866139
11
7.3201768503937004
21
-4.4907978740157484
0
LINE
8
BLACK
6
CONTINUOUS
10
7.3201768503937004
20
-4.4907978740157484
11
7.3201772047244091
21
-4.4907982283464563
0
LINE
8
BLACK
6
CONTINUOUS
10
7.3201772047244091
20
-4.4907982283464563
11
7.3263517716535436
21
-4.4958655511811019
0
LINE
8
BLACK
6
CONTINUOUS
10
7.3263517716535436
20
-4.4958655511811019
11
7.3333964173228345
21
-4.4996309842519686
0
LINE
8
BLACK
6
CONTINUOUS
10
7.3333964173228345
20
-4.4996309842519686
11
7.3410403543307083
21
-4.5019497637795274
0
LINE
8
BLACK
6
CONTINUOUS
10
7.3410403543307083
20
-4.5019497637795274
11
7.3410405905511809
21
-4.5019498031496061
0
LINE
8
BLACK
6
CONTINUOUS
10
7.3410405905511809
20
-4.5019498031496061
11
7.3469975984251965
21
-4.5025364960629917
0
LINE
8
BLACK
6
CONTINUOUS
10
7.3469975984251965
20
-4.5025364960629917
11
7.3586748031496061
21
-4.5025364960629917
0
LINE
8
BLACK
6
CONTINUOUS
10
7.3586748031496061
20
-4.5025364960629917
11
7.3586748425196848
21
-4.5025364566929129
0
LINE
8
BLACK
6
CONTINUOUS
10
7.3586748425196848
20
-4.5025364566929129
11
7.3586748425196848
21
-4.4816703543307082
0
LINE
8
BLACK
6
CONTINUOUS
10
7.3586748425196848
20
-4.4816703543307082
11
7.3489898031496059
21
-4.4816703543307082
0
LINE
8
BLACK
6
CONTINUOUS
10
7.3489898031496059
20
-4.4816703543307082
11
7.3464203937007868
21
-4.4815019291338585
0
LINE
8
BLACK
6
CONTINUOUS
10
7.3464203937007868
20
-4.4815019291338585
11
7.3414566535433066
21
-4.4801719291338582
0
LINE
8
BLACK
6
CONTINUOUS
10
7.3414566535433066
20
-4.4801719291338582
11
7.3370062992125984
21
-4.4776025196850391
0
LINE
8
BLACK
6
CONTINUOUS
10
7.3370062992125984
20
-4.4776025196850391
11
7.3333725984251963
21
-4.4739688188976379
0
LINE
8
BLACK
6
CONTINUOUS
10
7.3333725984251963
20
-4.4739688188976379
11
7.332227440944882
21
-4.4719853149606301
0
LINE
8
BLACK
6
CONTINUOUS
10
7.332227440944882
20
-4.4719853149606301
11
7.3096474015748027
21
-4.4719853149606301
0
LINE
8
BLACK
6
CONTINUOUS
10
7.403977086614173
20
-4.4739688188976379
11
7.4003433858267718
21
-4.4776025196850391
0
LINE
8
BLACK
6
CONTINUOUS
10
7.4003433858267718
20
-4.4776025196850391
11
7.3958930314960627
21
-4.4801719291338582
0
LINE
8
BLACK
6
CONTINUOUS
10
7.3958930314960627
20
-4.4801719291338582
11
7.3909292913385825
21
-4.4815019291338585
0
LINE
8
BLACK
6
CONTINUOUS
10
7.3909292913385825
20
-4.4815019291338585
11
7.3883598818897633
21
-4.4816703543307082
0
LINE
8
BLACK
6
CONTINUOUS
10
7.3883598818897633
20
-4.4816703543307082
11
7.3786748425196853
21
-4.4816703543307082
0
LINE
8
BLACK
6
CONTINUOUS
10
7.3786748425196853
20
-4.4816703543307082
11
7.3786748425196853
21
-4.5025364566929129
0
LINE
8
BLACK
6
CONTINUOUS
10
7.3786748425196853
20
-4.5025364566929129
11
7.3786748818897632
21
-4.5025364960629917
0
LINE
8
BLACK
6
CONTINUOUS
10
7.3786748818897632
20
-4.5025364960629917
11
7.3903520866141728
21
-4.5025364960629917
0
LINE
8
BLACK
6
CONTINUOUS
10
7.3903520866141728
20
-4.5025364960629917
11
7.3963090551181097
21
-4.5019498031496061
0
LINE
8
BLACK
6
CONTINUOUS
10
7.3963090551181097
20
-4.5019498031496061
11
7.3963092913385822
21
-4.5019497637795274
0
LINE
8
BLACK
6
CONTINUOUS
10
7.3963092913385822
20
-4.5019497637795274
11
7.4039532283464569
21
-4.4996309842519686
0
LINE
8
BLACK
6
CONTINUOUS
10
7.4039532283464569
20
-4.4996309842519686
11
7.4109978740157478
21
-4.4958655511811019
0
LINE
8
BLACK
6
CONTINUOUS
10
7.4109978740157478
20
-4.4958655511811019
11
7.4171724409448814
21
-4.4907982283464563
0
LINE
8
BLACK
6
CONTINUOUS
10
7.4171724409448814
20
-4.4907982283464563
11
7.4171727952755901
21
-4.4907978740157484
0
LINE
8
BLACK
6
CONTINUOUS
10
7.4171727952755901
20
-4.4907978740157484
11
7.4222401181102358
21
-4.4846233070866139
0
LINE
8
BLACK
6
CONTINUOUS
10
7.4222401181102358
20
-4.4846233070866139
11
7.4260055511811025
21
-4.477578661417323
0
LINE
8
BLACK
6
CONTINUOUS
10
7.4260055511811025
20
-4.477578661417323
11
7.4277022834645665
21
-4.4719853149606301
0
LINE
8
BLACK
6
CONTINUOUS
10
7.4277022834645665
20
-4.4719853149606301
11
7.4051222440944882
21
-4.4719853149606301
0
LINE
8
BLACK
6
CONTINUOUS
10
7.4051222440944882
20
-4.4719853149606301
11
7.403977086614173
21
-4.4739688188976379
0
LINE
8
BLACK
6
CONTINUOUS
10
7.2496646850393702
20
-4.4476164566929137
11
7.2456801968503939
21
-4.4422643700787399
0
LINE
8
BLACK
6
CONTINUOUS
10
7.2456801968503939
20
-4.4422643700787399
11
7.2456801181102364
21
-4.4422642913385824
0
LINE
8
BLACK
6
CONTINUOUS
10
7.2456801181102364
20
-4.4422642913385824
11
7.2413672440944881
21
-4.4386453149606302
0
LINE
8
BLACK
6
CONTINUOUS
10
7.2413672440944881
20
-4.4386453149606302
11
7.2413672047244093
21
-4.4386453543307089
0
LINE
8
BLACK
6
CONTINUOUS
10
7.2413672047244093
20
-4.4386453543307089
11
7.2354994094488188
21
-4.4445131102362208
0
LINE
8
BLACK
6
CONTINUOUS
10
7.2354994094488188
20
-4.4445131102362208
11
7.2373598818897635
21
-4.4455872440944884
0
LINE
8
BLACK
6
CONTINUOUS
10
7.2373598818897635
20
-4.4455872440944884
11
7.2411752755905514
21
-4.4494026377952753
0
LINE
8
BLACK
6
CONTINUOUS
10
7.2411752755905514
20
-4.4494026377952753
11
7.2438731496062987
21
-4.4540755118110233
0
LINE
8
BLACK
6
CONTINUOUS
10
7.2438731496062987
20
-4.4540755118110233
11
7.2452696850393696
21
-4.4592874409448822
0
LINE
8
BLACK
6
CONTINUOUS
10
7.2452696850393696
20
-4.4592874409448822
11
7.2452696850393696
21
-4.4646831889763776
0
LINE
8
BLACK
6
CONTINUOUS
10
7.2452696850393696
20
-4.4646831889763776
11
7.2438731496062987
21
-4.4698951181102364
0
LINE
8
BLACK
6
CONTINUOUS
10
7.2438731496062987
20
-4.4698951181102364
11
7.2411752755905514
21
-4.4745679921259844
0
LINE
8
BLACK
6
CONTINUOUS
10
7.2411752755905514
20
-4.4745679921259844
11
7.2373598818897635
21
-4.4783833858267714
0
LINE
8
BLACK
6
CONTINUOUS
10
7.2373598818897635
20
-4.4783833858267714
11
7.2354994881889763
21
-4.4794574409448815
0
LINE
8
BLACK
6
CONTINUOUS
10
7.2354994881889763
20
-4.4794574409448815
11
7.2413143307086614
21
-4.4852722834645666
0
LINE
8
BLACK
6
CONTINUOUS
10
7.2413143307086614
20
-4.4852722834645666
11
7.2432494094488185
21
-4.4839995669291337
0
LINE
8
BLACK
6
CONTINUOUS
10
7.2432494094488185
20
-4.4839995669291337
11
7.2478282677165353
21
-4.4791462992125979
0
LINE
8
BLACK
6
CONTINUOUS
10
7.2478282677165353
20
-4.4791462992125979
11
7.2478283070866141
21
-4.4791462992125979
0
LINE
8
BLACK
6
CONTINUOUS
10
7.2478283070866141
20
-4.4791462992125979
11
7.2511645275590553
21
-4.4733677165354333
0
LINE
8
BLACK
6
CONTINUOUS
10
7.2511645275590553
20
-4.4733677165354333
11
7.2530782283464568
21
-4.4669756692913385
0
LINE
8
BLACK
6
CONTINUOUS
10
7.2530782283464568
20
-4.4669756692913385
11
7.253466181102362
21
-4.4603143307086617
0
LINE
8
BLACK
6
CONTINUOUS
10
7.253466181102362
20
-4.4603143307086617
11
7.2523075984251966
21
-4.4537434645669292
0
LINE
8
BLACK
6
CONTINUOUS
10
7.2523075984251966
20
-4.4537434645669292
11
7.2515492125984249
21
-4.4519852755905509
0
LINE
8
BLACK
6
CONTINUOUS
10
7.2515492125984249
20
-4.4519852755905509
11
7.2496646850393702
21
-4.4476164566929137
0
LINE
8
BLACK
6
CONTINUOUS
10
7.3786748425196853
20
-4.421434173228346
11
7.3786748425196853
21
-4.4423002755905507
0
LINE
8
BLACK
6
CONTINUOUS
10
7.3786748425196853
20
-4.4423002755905507
11
7.3883598818897633
21
-4.4423002755905507
0
LINE
8
BLACK
6
CONTINUOUS
10
7.3883598818897633
20
-4.4423002755905507
11
7.3909292913385825
21
-4.4424687007874013
0
LINE
8
BLACK
6
CONTINUOUS
10
7.3909292913385825
20
-4.4424687007874013
11
7.3958930314960627
21
-4.4437987007874016
0
LINE
8
BLACK
6
CONTINUOUS
10
7.3958930314960627
20
-4.4437987007874016
11
7.4003433858267718
21
-4.4463681102362207
0
LINE
8
BLACK
6
CONTINUOUS
10
7.4003433858267718
20
-4.4463681102362207
11
7.403977086614173
21
-4.4500018110236219
0
LINE
8
BLACK
6
CONTINUOUS
10
7.403977086614173
20
-4.4500018110236219
11
7.4051222440944882
21
-4.4519853149606297
0
LINE
8
BLACK
6
CONTINUOUS
10
7.4051222440944882
20
-4.4519853149606297
11
7.4277022834645665
21
-4.4519853149606297
0
LINE
8
BLACK
6
CONTINUOUS
10
7.4277022834645665
20
-4.4519853149606297
11
7.4277022834645665
21
-4.4519852755905509
0
LINE
8
BLACK
6
CONTINUOUS
10
7.4277022834645665
20
-4.4519852755905509
11
7.4260055511811025
21
-4.4463919291338581
0
LINE
8
BLACK
6
CONTINUOUS
10
7.4260055511811025
20
-4.4463919291338581
11
7.4222401181102358
21
-4.4393472834645671
0
LINE
8
BLACK
6
CONTINUOUS
10
7.4222401181102358
20
-4.4393472834645671
11
7.4171727952755901
21
-4.4331727165354327
0
LINE
8
BLACK
6
CONTINUOUS
10
7.4171727952755901
20
-4.4331727165354327
11
7.4171724409448814
21
-4.4331723622047239
0
LINE
8
BLACK
6
CONTINUOUS
10
7.4171724409448814
20
-4.4331723622047239
11
7.4109978740157478
21
-4.4281050393700783
0
LINE
8
BLACK
6
CONTINUOUS
10
7.4109978740157478
20
-4.4281050393700783
11
7.4039532283464569
21
-4.4243396062992124
0
LINE
8
BLACK
6
CONTINUOUS
10
7.4039532283464569
20
-4.4243396062992124
11
7.3963092913385822
21
-4.4220208267716536
0
LINE
8
BLACK
6
CONTINUOUS
10
7.3963092913385822
20
-4.4220208267716536
11
7.3963090551181097
21
-4.4220207874015749
0
LINE
8
BLACK
6
CONTINUOUS
10
7.3963090551181097
20
-4.4220207874015749
11
7.3903520866141728
21
-4.4214341338582672
0
LINE
8
BLACK
6
CONTINUOUS
10
7.3903520866141728
20
-4.4214341338582672
11
7.3786748818897632
21
-4.4214341338582672
0
LINE
8
BLACK
6
CONTINUOUS
10
7.3786748818897632
20
-4.4214341338582672
11
7.3786748425196853
21
-4.421434173228346
0
LINE
8
BLACK
6
CONTINUOUS
10
7.1973580708661418
20
-4.441316023622047
11
7.2108577559055114
21
-4.441316023622047
0
LINE
8
BLACK
6
CONTINUOUS
10
7.2108577559055114
20
-4.441316023622047
11
7.2187317716535429
21
-4.4334420078740155
0
LINE
8
BLACK
6
CONTINUOUS
10
7.2187317716535429
20
-4.4334420078740155
11
7.1894840551181103
21
-4.4334420078740155
0
LINE
8
BLACK
6
CONTINUOUS
10
7.1894840551181103
20
-4.4334420078740155
11
7.1973580708661418
21
-4.441316023622047
0
LINE
8
BLACK
6
CONTINUOUS
10
6.7338965748031496
20
-4.376070236220472
11
6.7338966141732284
21
-4.376070393700787
0
LINE
8
BLACK
6
CONTINUOUS
10
6.7338966141732284
20
-4.376070393700787
11
6.7362422047244097
21
-4.3827735826771654
0
LINE
8
BLACK
6
CONTINUOUS
10
6.7362422047244097
20
-4.3827735826771654
11
6.7362422047244097
21
-4.3827736220472442
0
LINE
8
BLACK
6
CONTINUOUS
10
6.7362422047244097
20
-4.3827736220472442
11
6.740020551181102
21
-4.3887868110236221
0
LINE
8
BLACK
6
CONTINUOUS
10
6.740020551181102
20
-4.3887868110236221
11
6.7400206692913383
21
-4.3887869685039371
0
LINE
8
BLACK
6
CONTINUOUS
10
6.7400206692913383
20
-4.3887869685039371
11
6.7450424803149609
21
-4.3938087795275589
0
LINE
8
BLACK
6
CONTINUOUS
10
6.7450424803149609
20
-4.3938087795275589
11
6.7450425590551175
21
-4.3938088188976376
0
LINE
8
BLACK
6
CONTINUOUS
10
6.7450425590551175
20
-4.3938088188976376
11
6.7450425984251963
21
-4.3938088582677164
0
LINE
8
BLACK
6
CONTINUOUS
10
6.7450425984251963
20
-4.3938088582677164
11
6.7501040157480316
21
-4.3969891732283459
0
LINE
8
BLACK
6
CONTINUOUS
10
6.7501040157480316
20
-4.3969891732283459
11
6.7510558661417317
21
-4.3975872440944883
0
LINE
8
BLACK
6
CONTINUOUS
10
6.7510558661417317
20
-4.3975872440944883
11
6.7537400787401571
21
-4.398526496062992
0
LINE
8
BLACK
6
CONTINUOUS
10
6.7537400787401571
20
-4.398526496062992
11
6.7577590157480314
21
-4.3999327952755909
0
LINE
8
BLACK
6
CONTINUOUS
10
6.7577590157480314
20
-4.3999327952755909
11
6.7577591732283464
21
-4.3999328346456688
0
LINE
8
BLACK
6
CONTINUOUS
10
6.7577591732283464
20
-4.3999328346456688
11
6.7577592913385827
21
-4.3999328740157475
0
LINE
8
BLACK
6
CONTINUOUS
10
6.7577592913385827
20
-4.3999328740157475
11
6.7648165748031497
21
-4.4007280314960626
0
LINE
8
BLACK
6
CONTINUOUS
10
6.7648165748031497
20
-4.4007280314960626
11
6.7718738582677167
21
-4.3999328740157475
0
LINE
8
BLACK
6
CONTINUOUS
10
6.7718738582677167
20
-4.3999328740157475
11
6.7785772834645668
21
-4.3975872440944883
0
LINE
8
BLACK
6
CONTINUOUS
10
6.7785772834645668
20
-4.3975872440944883
11
6.7845906692913385
21
-4.3938087795275589
0
LINE
8
BLACK
6
CONTINUOUS
10
6.7845906692913385
20
-4.3938087795275589
11
6.7896124803149602
21
-4.3887869685039371
0
LINE
8
BLACK
6
CONTINUOUS
10
6.7896124803149602
20
-4.3887869685039371
11
6.7933909448818897
21
-4.3827735826771654
0
LINE
8
BLACK
6
CONTINUOUS
10
6.7933909448818897
20
-4.3827735826771654
11
6.7957365748031497
21
-4.3760701574803145
0
LINE
8
BLACK
6
CONTINUOUS
10
6.7957365748031497
20
-4.3760701574803145
11
6.7965317322834649
21
-4.3690128740157483
0
LINE
8
BLACK
6
CONTINUOUS
10
6.7965317322834649
20
-4.3690128740157483
11
6.7957365748031497
21
-4.3619555905511813
0
LINE
8
BLACK
6
CONTINUOUS
10
6.7957365748031497
20
-4.3619555905511813
11
6.7933909448818897
21
-4.3552521653543304
0
LINE
8
BLACK
6
CONTINUOUS
10
6.7933909448818897
20
-4.3552521653543304
11
6.7896124803149602
21
-4.3492387795275587
0
LINE
8
BLACK
6
CONTINUOUS
10
6.7896124803149602
20
-4.3492387795275587
11
6.7845906692913385
21
-4.3442169685039369
0
LINE
8
BLACK
6
CONTINUOUS
10
6.7845906692913385
20
-4.3442169685039369
11
6.7845905511811022
21
-4.3442168897637794
0
LINE
8
BLACK
6
CONTINUOUS
10
6.7845905511811022
20
-4.3442168897637794
11
6.7845905118110235
21
-4.3442168503937006
0
LINE
8
BLACK
6
CONTINUOUS
10
6.7845905118110235
20
-4.3442168503937006
11
6.7785773228346455
21
-4.3404385039370075
0
LINE
8
BLACK
6
CONTINUOUS
10
6.7785773228346455
20
-4.3404385039370075
11
6.7718740944881892
21
-4.338092913385827
0
LINE
8
BLACK
6
CONTINUOUS
10
6.7718740944881892
20
-4.338092913385827
11
6.7718739370078742
21
-4.3380928740157483
0
LINE
8
BLACK
6
CONTINUOUS
10
6.7718739370078742
20
-4.3380928740157483
11
6.7648165748031497
21
-4.3372977165354332
0
LINE
8
BLACK
6
CONTINUOUS
10
6.7648165748031497
20
-4.3372977165354332
11
6.7577591732283464
21
-4.3380928740157483
0
LINE
8
BLACK
6
CONTINUOUS
10
6.7577591732283464
20
-4.3380928740157483
11
6.7577590157480314
21
-4.338092913385827
0
LINE
8
BLACK
6
CONTINUOUS
10
6.7577590157480314
20
-4.338092913385827
11
6.7510558267716529
21
-4.3404385039370075
0
LINE
8
BLACK
6
CONTINUOUS
10
6.7510558267716529
20
-4.3404385039370075
11
6.7510557874015751
21
-4.3404385039370075
0
LINE
8
BLACK
6
CONTINUOUS
10
6.7510557874015751
20
-4.3404385039370075
11
6.7450425984251963
21
-4.3442168503937006
0
LINE
8
BLACK
6
CONTINUOUS
10
6.7450425984251963
20
-4.3442168503937006
11
6.740020551181102
21
-4.3492388976377949
0
LINE
8
BLACK
6
CONTINUOUS
10
6.740020551181102
20
-4.3492388976377949
11
6.7362422047244097
21
-4.3552520866141728
0
LINE
8
BLACK
6
CONTINUOUS
10
6.7362422047244097
20
-4.3552520866141728
11
6.7362422047244097
21
-4.3552521259842516
0
LINE
8
BLACK
6
CONTINUOUS
10
6.7362422047244097
20
-4.3552521259842516
11
6.7338966141732284
21
-4.36195531496063
0
LINE
8
BLACK
6
CONTINUOUS
10
6.7338966141732284
20
-4.36195531496063
11
6.7338965748031496
21
-4.3619554724409451
0
LINE
8
BLACK
6
CONTINUOUS
10
6.7338965748031496
20
-4.3619554724409451
11
6.7331014173228345
21
-4.3690128740157483
0
LINE
8
BLACK
6
CONTINUOUS
10
6.7331014173228345
20
-4.3690128740157483
11
6.7338965748031496
21
-4.376070236220472
0
LINE
8
BLACK
6
CONTINUOUS
10
5.5498016141732283
20
-4.2545677165354325
11
5.5498016929133858
21
-4.2545680314960626
0
LINE
8
BLACK
6
CONTINUOUS
10
5.5498016929133858
20
-4.2545680314960626
11
5.5521837795275593
21
-4.260318897637795
0
LINE
8
BLACK
6
CONTINUOUS
10
5.5521837795275593
20
-4.260318897637795
11
5.5521837795275593
21
-4.2603189370078738
0
LINE
8
BLACK
6
CONTINUOUS
10
5.5521837795275593
20
-4.2603189370078738
11
5.5559731889763775
21
-4.2652574015748028
0
LINE
8
BLACK
6
CONTINUOUS
10
5.5559731889763775
20
-4.2652574015748028
11
5.5559733858267712
21
-4.2652576377952753
0
LINE
8
BLACK
6
CONTINUOUS
10
5.5559733858267712
20
-4.2652576377952753
11
5.5609120078740153
21
-4.2690471653543307
0
LINE
8
BLACK
6
CONTINUOUS
10
5.5609120078740153
20
-4.2690471653543307
11
5.566663149606299
21
-4.2714293700787405
0
LINE
8
BLACK
6
CONTINUOUS
10
5.566663149606299
20
-4.2714293700787405
11
5.5712919291338583
21
-4.2720387401574804
0
LINE
8
BLACK
6
CONTINUOUS
10
5.5712919291338583
20
-4.2720387401574804
11
5.5728348425196845
21
-4.2722418897637793
0
LINE
8
BLACK
6
CONTINUOUS
10
5.5728348425196845
20
-4.2722418897637793
11
5.5728348818897633
21
-4.2722418897637793
0
LINE
8
BLACK
6
CONTINUOUS
10
5.5728348818897633
20
-4.2722418897637793
11
5.572834921259842
21
-4.2722418897637793
0
LINE
8
BLACK
6
CONTINUOUS
10
5.572834921259842
20
-4.2722418897637793
11
5.5740692125984248
21
-4.2720793700787398
0
LINE
8
BLACK
6
CONTINUOUS
10
5.5740692125984248
20
-4.2720793700787398
11
5.5790066141732284
21
-4.2714293700787405
0
LINE
8
BLACK
6
CONTINUOUS
10
5.5790066141732284
20
-4.2714293700787405
11
5.5847577559055113
21
-4.2690471653543307
0
LINE
8
BLACK
6
CONTINUOUS
10
5.5847577559055113
20
-4.2690471653543307
11
5.5896963779527562
21
-4.2652576377952753
0
LINE
8
BLACK
6
CONTINUOUS
10
5.5896963779527562
20
-4.2652576377952753
11
5.5934859055118107
21
-4.2603190157480313
0
LINE
8
BLACK
6
CONTINUOUS
10
5.5934859055118107
20
-4.2603190157480313
11
5.5958681102362204
21
-4.2545678740157475
0
LINE
8
BLACK
6
CONTINUOUS
10
5.5958681102362204
20
-4.2545678740157475
11
5.5966806299212601
21
-4.2483961417322833
0
LINE
8
BLACK
6
CONTINUOUS
10
5.5966806299212601
20
-4.2483961417322833
11
5.5958681102362204
21
-4.2422244094488191
0
LINE
8
BLACK
6
CONTINUOUS
10
5.5958681102362204
20
-4.2422244094488191
11
5.5934859448818894
21
-4.2364733464566928
0
LINE
8
BLACK
6
CONTINUOUS
10
5.5934859448818894
20
-4.2364733464566928
11
5.5934859448818894
21
-4.2364733070866141
0
LINE
8
BLACK
6
CONTINUOUS
10
5.5934859448818894
20
-4.2364733070866141
11
5.5896965354330703
21
-4.231534842519685
0
LINE
8
BLACK
6
CONTINUOUS
10
5.5896965354330703
20
-4.231534842519685
11
5.5896964960629916
21
-4.2315348031496063
0
LINE
8
BLACK
6
CONTINUOUS
10
5.5896964960629916
20
-4.2315348031496063
11
5.5896963779527562
21
-4.2315346456692913
0
LINE
8
BLACK
6
CONTINUOUS
10
5.5896963779527562
20
-4.2315346456692913
11
5.5896961811023624
21
-4.2315344881889763
0
LINE
8
BLACK
6
CONTINUOUS
10
5.5896961811023624
20
-4.2315344881889763
11
5.5896961417322837
21
-4.2315344488188975
0
LINE
8
BLACK
6
CONTINUOUS
10
5.5896961417322837
20
-4.2315344488188975
11
5.5847576377952759
21
-4.2277450393700784
0
LINE
8
BLACK
6
CONTINUOUS
10
5.5847576377952759
20
-4.2277450393700784
11
5.5790067716535434
21
-4.2253629527559058
0
LINE
8
BLACK
6
CONTINUOUS
10
5.5790067716535434
20
-4.2253629527559058
11
5.5790064566929134
21
-4.2253628740157483
0
LINE
8
BLACK
6
CONTINUOUS
10
5.5790064566929134
20
-4.2253628740157483
11
5.572834921259842
21
-4.2245503937007873
0
LINE
8
BLACK
6
CONTINUOUS
10
5.572834921259842
20
-4.2245503937007873
11
5.5728348425196845
21
-4.2245503937007873
0
LINE
8
BLACK
6
CONTINUOUS
10
5.5728348425196845
20
-4.2245503937007873
11
5.5666632677165353
21
-4.2253628740157483
0
LINE
8
BLACK
6
CONTINUOUS
10
5.5666632677165353
20
-4.2253628740157483
11
5.5666629527559053
21
-4.2253629527559058
0
LINE
8
BLACK
6
CONTINUOUS
10
5.5666629527559053
20
-4.2253629527559058
11
5.5609120866141728
21
-4.2277450393700784
0
LINE
8
BLACK
6
CONTINUOUS
10
5.5609120866141728
20
-4.2277450393700784
11
5.560912047244094
21
-4.2277450393700784
0
LINE
8
BLACK
6
CONTINUOUS
10
5.560912047244094
20
-4.2277450393700784
11
5.555973582677165
21
-4.2315344488188975
0
LINE
8
BLACK
6
CONTINUOUS
10
5.555973582677165
20
-4.2315344488188975
11
5.5559731889763775
21
-4.231534842519685
0
LINE
8
BLACK
6
CONTINUOUS
10
5.5559731889763775
20
-4.231534842519685
11
5.5521837795275593
21
-4.2364733070866141
0
LINE
8
BLACK
6
CONTINUOUS
10
5.5521837795275593
20
-4.2364733070866141
11
5.5521837795275593
21
-4.2364733464566928
0
LINE
8
BLACK
6
CONTINUOUS
10
5.5521837795275593
20
-4.2364733464566928
11
5.5498016929133858
21
-4.2422242125984253
0
LINE
8
BLACK
6
CONTINUOUS
10
5.5498016929133858
20
-4.2422242125984253
11
5.5498016141732283
21
-4.2422245275590553
0
LINE
8
BLACK
6
CONTINUOUS
10
5.5498016141732283
20
-4.2422245275590553
11
5.5489891338582673
21
-4.2483961023622046
0
LINE
8
BLACK
6
CONTINUOUS
10
5.5489891338582673
20
-4.2483961023622046
11
5.5489891338582673
21
-4.2483961417322833
0
LINE
8
BLACK
6
CONTINUOUS
10
5.5489891338582673
20
-4.2483961417322833
11
5.5498016141732283
21
-4.2545677165354325
0
LINE
8
BLACK
6
CONTINUOUS
10
5.5367203149606299
20
-4.1846883858267718
11
5.5367203937007874
21
-4.1846887007874018
0
LINE
8
BLACK
6
CONTINUOUS
10
5.5367203937007874
20
-4.1846887007874018
11
5.5391024803149609
21
-4.1904395669291334
0
LINE
8
BLACK
6
CONTINUOUS
10
5.5391024803149609
20
-4.1904395669291334
11
5.5391024803149609
21
-4.1904396062992122
0
LINE
8
BLACK
6
CONTINUOUS
10
5.5391024803149609
20
-4.1904396062992122
11
5.5419090157480317
21
-4.1940971653543304
0
LINE
8
BLACK
6
CONTINUOUS
10
5.5419090157480317
20
-4.1940971653543304
11
5.5428920866141729
21
-4.1953783070866137
0
LINE
8
BLACK
6
CONTINUOUS
10
5.5428920866141729
20
-4.1953783070866137
11
5.5478307086614169
21
-4.1991678346456691
0
LINE
8
BLACK
6
CONTINUOUS
10
5.5478307086614169
20
-4.1991678346456691
11
5.5535818503937007
21
-4.2015500393700789
0
LINE
8
BLACK
6
CONTINUOUS
10
5.5535818503937007
20
-4.2015500393700789
11
5.5582106299212599
21
-4.2021594094488188
0
LINE
8
BLACK
6
CONTINUOUS
10
5.5582106299212599
20
-4.2021594094488188
11
5.5597535433070862
21
-4.2023625590551177
0
LINE
8
BLACK
6
CONTINUOUS
10
5.5597535433070862
20
-4.2023625590551177
11
5.5597535826771649
21
-4.2023625590551177
0
LINE
8
BLACK
6
CONTINUOUS
10
5.5597535826771649
20
-4.2023625590551177
11
5.5597536220472437
21
-4.2023625590551177
0
LINE
8
BLACK
6
CONTINUOUS
10
5.5597536220472437
20
-4.2023625590551177
11
5.5609879133858264
21
-4.2022000393700782
0
LINE
8
BLACK
6
CONTINUOUS
10
5.5609879133858264
20
-4.2022000393700782
11
5.56592531496063
21
-4.2015500393700789
0
LINE
8
BLACK
6
CONTINUOUS
10
5.56592531496063
20
-4.2015500393700789
11
5.5716764566929129
21
-4.1991678346456691
0
LINE
8
BLACK
6
CONTINUOUS
10
5.5716764566929129
20
-4.1991678346456691
11
5.5766150787401569
21
-4.1953783070866137
0
LINE
8
BLACK
6
CONTINUOUS
10
5.5766150787401569
20
-4.1953783070866137
11
5.5804046062992123
21
-4.1904396850393697
0
LINE
8
BLACK
6
CONTINUOUS
10
5.5804046062992123
20
-4.1904396850393697
11
5.5827868110236221
21
-4.1846885433070868
0
LINE
8
BLACK
6
CONTINUOUS
10
5.5827868110236221
20
-4.1846885433070868
11
5.5835993307086609
21
-4.1785168110236217
0
LINE
8
BLACK
6
CONTINUOUS
10
5.5835993307086609
20
-4.1785168110236217
11
5.5827868110236221
21
-4.1723450787401575
0
LINE
8
BLACK
6
CONTINUOUS
10
5.5827868110236221
20
-4.1723450787401575
11
5.5819039763779523
21
-4.1702137401574806
0
LINE
8
BLACK
6
CONTINUOUS
10
5.5819039763779523
20
-4.1702137401574806
11
5.5804046456692911
21
-4.1665940157480312
0
LINE
8
BLACK
6
CONTINUOUS
10
5.5804046456692911
20
-4.1665940157480312
11
5.5804046456692911
21
-4.1665939763779525
0
LINE
8
BLACK
6
CONTINUOUS
10
5.5804046456692911
20
-4.1665939763779525
11
5.5766152362204719
21
-4.1616555118110234
0
LINE
8
BLACK
6
CONTINUOUS
10
5.5766152362204719
20
-4.1616555118110234
11
5.5766151968503932
21
-4.1616554724409447
0
LINE
8
BLACK
6
CONTINUOUS
10
5.5766151968503932
20
-4.1616554724409447
11
5.5766150787401569
21
-4.1616553149606297
0
LINE
8
BLACK
6
CONTINUOUS
10
5.5766150787401569
20
-4.1616553149606297
11
5.5766148818897641
21
-4.1616551574803147
0
LINE
8
BLACK
6
CONTINUOUS
10
5.5766148818897641
20
-4.1616551574803147
11
5.5766148425196853
21
-4.1616551181102359
0
LINE
8
BLACK
6
CONTINUOUS
10
5.5766148425196853
20
-4.1616551181102359
11
5.5727487007874013
21
-4.1586885433070861
0
LINE
8
BLACK
6
CONTINUOUS
10
5.5727487007874013
20
-4.1586885433070861
11
5.5716764566929129
21
-4.1578657874015743
0
LINE
8
BLACK
6
CONTINUOUS
10
5.5716764566929129
20
-4.1578657874015743
11
5.5716764173228341
21
-4.1578657480314956
0
LINE
8
BLACK
6
CONTINUOUS
10
5.5716764173228341
20
-4.1578657480314956
11
5.5716763385826766
21
-4.1578657086614168
0
LINE
8
BLACK
6
CONTINUOUS
10
5.5716763385826766
20
-4.1578657086614168
11
5.565925472440945
21
-4.1554836220472442
0
LINE
8
BLACK
6
CONTINUOUS
10
5.565925472440945
20
-4.1554836220472442
11
5.565925157480315
21
-4.1554835433070867
0
LINE
8
BLACK
6
CONTINUOUS
10
5.565925157480315
20
-4.1554835433070867
11
5.5597536220472437
21
-4.1546710629921257
0
LINE
8
BLACK
6
CONTINUOUS
10
5.5597536220472437
20
-4.1546710629921257
11
5.5597535433070862
21
-4.1546710629921257
0
LINE
8
BLACK
6
CONTINUOUS
10
5.5597535433070862
20
-4.1546710629921257
11
5.5535819685039369
21
-4.1554835433070867
0
LINE
8
BLACK
6
CONTINUOUS
10
5.5535819685039369
20
-4.1554835433070867
11
5.5535816535433069
21
-4.1554836220472442
0
LINE
8
BLACK
6
CONTINUOUS
10
5.5535816535433069
20
-4.1554836220472442
11
5.5478307874015744
21
-4.1578657086614168
0
LINE
8
BLACK
6
CONTINUOUS
10
5.5478307874015744
20
-4.1578657086614168
11
5.5478307480314957
21
-4.1578657086614168
0
LINE
8
BLACK
6
CONTINUOUS
10
5.5478307480314957
20
-4.1578657086614168
11
5.5428922834645666
21
-4.1616551181102359
0
LINE
8
BLACK
6
CONTINUOUS
10
5.5428922834645666
20
-4.1616551181102359
11
5.5428918897637791
21
-4.1616555118110234
0
LINE
8
BLACK
6
CONTINUOUS
10
5.5428918897637791
20
-4.1616555118110234
11
5.5391024803149609
21
-4.1665939763779525
0
LINE
8
BLACK
6
CONTINUOUS
10
5.5391024803149609
20
-4.1665939763779525
11
5.5391024803149609
21
-4.1665940157480312
0
LINE
8
BLACK
6
CONTINUOUS
10
5.5391024803149609
20
-4.1665940157480312
11
5.5367203937007874
21
-4.1723448818897637
0
LINE
8
BLACK
6
CONTINUOUS
10
5.5367203937007874
20
-4.1723448818897637
11
5.5367203149606299
21
-4.1723451968503937
0
LINE
8
BLACK
6
CONTINUOUS
10
5.5367203149606299
20
-4.1723451968503937
11
5.5359078346456689
21
-4.178516771653543
0
LINE
8
BLACK
6
CONTINUOUS
10
5.5359078346456689
20
-4.178516771653543
11
5.5359078346456689
21
-4.1785168110236217
0
LINE
8
BLACK
6
CONTINUOUS
10
5.5359078346456689
20
-4.1785168110236217
11
5.5367203149606299
21
-4.1846883858267718
0
LINE
8
BLACK
6
CONTINUOUS
10
7.0610619291338583
20
-4.0918182677165351
11
7.0610619685039371
21
-4.0918184251968501
0
LINE
8
BLACK
6
CONTINUOUS
10
7.0610619685039371
20
-4.0918184251968501
11
7.0634075590551175
21
-4.0985216141732286
0
LINE
8
BLACK
6
CONTINUOUS
10
7.0634075590551175
20
-4.0985216141732286
11
7.0634075590551175
21
-4.0985216535433073
0
LINE
8
BLACK
6
CONTINUOUS
10
7.0634075590551175
20
-4.0985216535433073
11
7.0671859055118107
21
-4.1045348425196853
0
LINE
8
BLACK
6
CONTINUOUS
10
7.0671859055118107
20
-4.1045348425196853
11
7.067186023622047
21
-4.1045350000000003
0
LINE
8
BLACK
6
CONTINUOUS
10
7.067186023622047
20
-4.1045350000000003
11
7.0722078346456687
21
-4.109556811023622
0
LINE
8
BLACK
6
CONTINUOUS
10
7.0722078346456687
20
-4.109556811023622
11
7.0722079133858262
21
-4.1095568503937008
0
LINE
8
BLACK
6
CONTINUOUS
10
7.0722079133858262
20
-4.1095568503937008
11
7.072207952755905
21
-4.1095568897637795
0
LINE
8
BLACK
6
CONTINUOUS
10
7.072207952755905
20
-4.1095568897637795
11
7.072271535433071
21
-4.109596850393701
0
LINE
8
BLACK
6
CONTINUOUS
10
7.072271535433071
20
-4.109596850393701
11
7.0782212204724404
21
-4.1133352755905515
0
LINE
8
BLACK
6
CONTINUOUS
10
7.0782212204724404
20
-4.1133352755905515
11
7.0799057874015743
21
-4.1139247244094488
0
LINE
8
BLACK
6
CONTINUOUS
10
7.0799057874015743
20
-4.1139247244094488
11
7.0849243700787401
21
-4.1156808267716531
0
LINE
8
BLACK
6
CONTINUOUS
10
7.0849243700787401
20
-4.1156808267716531
11
7.0849245275590551
21
-4.1156808661417319
0
LINE
8
BLACK
6
CONTINUOUS
10
7.0849245275590551
20
-4.1156808661417319
11
7.0849246456692914
21
-4.1156809055118106
0
LINE
8
BLACK
6
CONTINUOUS
10
7.0849246456692914
20
-4.1156809055118106
11
7.0919819291338584
21
-4.1164760629921258
0
LINE
8
BLACK
6
CONTINUOUS
10
7.0919819291338584
20
-4.1164760629921258
11
7.0990392125984254
21
-4.1156809055118106
0
LINE
8
BLACK
6
CONTINUOUS
10
7.0990392125984254
20
-4.1156809055118106
11
7.1057426377952755
21
-4.1133352755905515
0
LINE
8
BLACK
6
CONTINUOUS
10
7.1057426377952755
20
-4.1133352755905515
11
7.1117560236220472
21
-4.109556811023622
0
LINE
8
BLACK
6
CONTINUOUS
10
7.1117560236220472
20
-4.109556811023622
11
7.1167778346456689
21
-4.1045350000000003
0
LINE
8
BLACK
6
CONTINUOUS
10
7.1167778346456689
20
-4.1045350000000003
11
7.1205562992125984
21
-4.0985216141732286
0
LINE
8
BLACK
6
CONTINUOUS
10
7.1205562992125984
20
-4.0985216141732286
11
7.1229019291338584
21
-4.0918181889763776
0
LINE
8
BLACK
6
CONTINUOUS
10
7.1229019291338584
20
-4.0918181889763776
11
7.1236970866141727
21
-4.0847609055118106
0
LINE
8
BLACK
6
CONTINUOUS
10
7.1236970866141727
20
-4.0847609055118106
11
7.1229019291338584
21
-4.0777036220472436
0
LINE
8
BLACK
6
CONTINUOUS
10
7.1229019291338584
20
-4.0777036220472436
11
7.1205562992125984
21
-4.0710001968503935
0
LINE
8
BLACK
6
CONTINUOUS
10
7.1205562992125984
20
-4.0710001968503935
11
7.1199497637795277
21
-4.0700349212598423
0
LINE
8
BLACK
6
CONTINUOUS
10
7.1199497637795277
20
-4.0700349212598423
11
7.1167779133858264
21
-4.0649869291338581
0
LINE
8
BLACK
6
CONTINUOUS
10
7.1167779133858264
20
-4.0649869291338581
11
7.1167778740157477
21
-4.0649868897637793
0
LINE
8
BLACK
6
CONTINUOUS
10
7.1167778740157477
20
-4.0649868897637793
11
7.1167778346456689
21
-4.0649868110236218
0
LINE
8
BLACK
6
CONTINUOUS
10
7.1167778346456689
20
-4.0649868110236218
11
7.1117560236220472
21
-4.059965
0
LINE
8
BLACK
6
CONTINUOUS
10
7.1117560236220472
20
-4.059965
11
7.1117559055118109
21
-4.0599649212598425
0
LINE
8
BLACK
6
CONTINUOUS
10
7.1117559055118109
20
-4.0599649212598425
11
7.1117558661417322
21
-4.0599648818897638
0
LINE
8
BLACK
6
CONTINUOUS
10
7.1117558661417322
20
-4.0599648818897638
11
7.1057426771653542
21
-4.0561865354330706
0
LINE
8
BLACK
6
CONTINUOUS
10
7.1057426771653542
20
-4.0561865354330706
11
7.099039448818897
21
-4.0538409448818893
0
LINE
8
BLACK
6
CONTINUOUS
10
7.099039448818897
20
-4.0538409448818893
11
7.0990392913385829
21
-4.0538409055118105
0
LINE
8
BLACK
6
CONTINUOUS
10
7.0990392913385829
20
-4.0538409055118105
11
7.0919819291338584
21
-4.0530457480314963
0
LINE
8
BLACK
6
CONTINUOUS
10
7.0919819291338584
20
-4.0530457480314963
11
7.0849245275590551
21
-4.0538409055118105
0
LINE
8
BLACK
6
CONTINUOUS
10
7.0849245275590551
20
-4.0538409055118105
11
7.0849243700787401
21
-4.0538409448818893
0
LINE
8
BLACK
6
CONTINUOUS
10
7.0849243700787401
20
-4.0538409448818893
11
7.0782211811023616
21
-4.0561865354330706
0
LINE
8
BLACK
6
CONTINUOUS
10
7.0782211811023616
20
-4.0561865354330706
11
7.0782211417322829
21
-4.0561865354330706
0
LINE
8
BLACK
6
CONTINUOUS
10
7.0782211417322829
20
-4.0561865354330706
11
7.072207952755905
21
-4.0599648818897638
0
LINE
8
BLACK
6
CONTINUOUS
10
7.072207952755905
20
-4.0599648818897638
11
7.0671859055118107
21
-4.0649869291338581
0
LINE
8
BLACK
6
CONTINUOUS
10
7.0671859055118107
20
-4.0649869291338581
11
7.0634075590551175
21
-4.071000118110236
0
LINE
8
BLACK
6
CONTINUOUS
10
7.0634075590551175
20
-4.071000118110236
11
7.0634075590551175
21
-4.0710001574803147
0
LINE
8
BLACK
6
CONTINUOUS
10
7.0634075590551175
20
-4.0710001574803147
11
7.0610619685039371
21
-4.0777033464566932
0
LINE
8
BLACK
6
CONTINUOUS
10
7.0610619685039371
20
-4.0777033464566932
11
7.0610619291338583
21
-4.0777035039370082
0
LINE
8
BLACK
6
CONTINUOUS
10
7.0610619291338583
20
-4.0777035039370082
11
7.0602667716535432
21
-4.0847609055118106
0
LINE
8
BLACK
6
CONTINUOUS
10
7.0602667716535432
20
-4.0847609055118106
11
7.0610619291338583
21
-4.0918182677165351
0
LINE
8
BLACK
6
CONTINUOUS
10
6.6953266141732284
20
-4.0574677559055115
11
6.6953266929133859
21
-4.0574680708661415
0
LINE
8
BLACK
6
CONTINUOUS
10
6.6953266929133859
20
-4.0574680708661415
11
6.6977087795275585
21
-4.063218937007874
0
LINE
8
BLACK
6
CONTINUOUS
10
6.6977087795275585
20
-4.063218937007874
11
6.6977087795275585
21
-4.0632189763779527
0
LINE
8
BLACK
6
CONTINUOUS
10
6.6977087795275585
20
-4.0632189763779527
11
6.7010578346456695
21
-4.0675835433070864
0
LINE
8
BLACK
6
CONTINUOUS
10
6.7010578346456695
20
-4.0675835433070864
11
6.7014983858267714
21
-4.0681576771653543
0
LINE
8
BLACK
6
CONTINUOUS
10
6.7014983858267714
20
-4.0681576771653543
11
6.7064370078740154
21
-4.0719472047244096
0
LINE
8
BLACK
6
CONTINUOUS
10
6.7064370078740154
20
-4.0719472047244096
11
6.7121881496062992
21
-4.0743294094488185
0
LINE
8
BLACK
6
CONTINUOUS
10
6.7121881496062992
20
-4.0743294094488185
11
6.7168169291338584
21
-4.0749387795275593
0
LINE
8
BLACK
6
CONTINUOUS
10
6.7168169291338584
20
-4.0749387795275593
11
6.7183598425196847
21
-4.0751419291338582
0
LINE
8
BLACK
6
CONTINUOUS
10
6.7183598425196847
20
-4.0751419291338582
11
6.7183598818897634
21
-4.0751419291338582
0
LINE
8
BLACK
6
CONTINUOUS
10
6.7183598818897634
20
-4.0751419291338582
11
6.7183599212598422
21
-4.0751419291338582
0
LINE
8
BLACK
6
CONTINUOUS
10
6.7183599212598422
20
-4.0751419291338582
11
6.7195942125984249
21
-4.0749794094488188
0
LINE
8
BLACK
6
CONTINUOUS
10
6.7195942125984249
20
-4.0749794094488188
11
6.7245316141732285
21
-4.0743294094488185
0
LINE
8
BLACK
6
CONTINUOUS
10
6.7245316141732285
20
-4.0743294094488185
11
6.7302827559055114
21
-4.0719472047244096
0
LINE
8
BLACK
6
CONTINUOUS
10
6.7302827559055114
20
-4.0719472047244096
11
6.7352213779527554
21
-4.0681576771653543
0
LINE
8
BLACK
6
CONTINUOUS
10
6.7352213779527554
20
-4.0681576771653543
11
6.7390109055118108
21
-4.0632190551181102
0
LINE
8
BLACK
6
CONTINUOUS
10
6.7390109055118108
20
-4.0632190551181102
11
6.7413931102362206
21
-4.0574679133858265
0
LINE
8
BLACK
6
CONTINUOUS
10
6.7413931102362206
20
-4.0574679133858265
11
6.7422056299212594
21
-4.0512961811023622
0
LINE
8
BLACK
6
CONTINUOUS
10
6.7422056299212594
20
-4.0512961811023622
11
6.7413931102362206
21
-4.045124448818898
0
LINE
8
BLACK
6
CONTINUOUS
10
6.7413931102362206
20
-4.045124448818898
11
6.7390109448818896
21
-4.0393733858267717
0
LINE
8
BLACK
6
CONTINUOUS
10
6.7390109448818896
20
-4.0393733858267717
11
6.7390109448818896
21
-4.039373346456693
0
LINE
8
BLACK
6
CONTINUOUS
10
6.7390109448818896
20
-4.039373346456693
11
6.7352215354330704
21
-4.034434881889764
0
LINE
8
BLACK
6
CONTINUOUS
10
6.7352215354330704
20
-4.034434881889764
11
6.7352214960629917
21
-4.0344348425196852
0
LINE
8
BLACK
6
CONTINUOUS
10
6.7352214960629917
20
-4.0344348425196852
11
6.7352213779527554
21
-4.0344346850393702
0
LINE
8
BLACK
6
CONTINUOUS
10
6.7352213779527554
20
-4.0344346850393702
11
6.7352211811023617
21
-4.0344345275590552
0
LINE
8
BLACK
6
CONTINUOUS
10
6.7352211811023617
20
-4.0344345275590552
11
6.7352211417322829
21
-4.0344344881889764
0
LINE
8
BLACK
6
CONTINUOUS
10
6.7352211417322829
20
-4.0344344881889764
11
6.7302826377952751
21
-4.0306450787401573
0
LINE
8
BLACK
6
CONTINUOUS
10
6.7302826377952751
20
-4.0306450787401573
11
6.7245317716535435
21
-4.0282629921259838
0
LINE
8
BLACK
6
CONTINUOUS
10
6.7245317716535435
20
-4.0282629921259838
11
6.7245314566929135
21
-4.0282629133858263
0
LINE
8
BLACK
6
CONTINUOUS
10
6.7245314566929135
20
-4.0282629133858263
11
6.7183599212598422
21
-4.0274504330708663
0
LINE
8
BLACK
6
CONTINUOUS
10
6.7183599212598422
20
-4.0274504330708663
11
6.7183598425196847
21
-4.0274504330708663
0
LINE
8
BLACK
6
CONTINUOUS
10
6.7183598425196847
20
-4.0274504330708663
11
6.7121882677165354
21
-4.0282629133858263
0
LINE
8
BLACK
6
CONTINUOUS
10
6.7121882677165354
20
-4.0282629133858263
11
6.7121879527559054
21
-4.0282629921259838
0
LINE
8
BLACK
6
CONTINUOUS
10
6.7121879527559054
20
-4.0282629921259838
11
6.7064370866141729
21
-4.0306450787401573
0
LINE
8
BLACK
6
CONTINUOUS
10
6.7064370866141729
20
-4.0306450787401573
11
6.7064370472440942
21
-4.0306450787401573
0
LINE
8
BLACK
6
CONTINUOUS
10
6.7064370472440942
20
-4.0306450787401573
11
6.7014985826771651
21
-4.0344344881889764
0
LINE
8
BLACK
6
CONTINUOUS
10
6.7014985826771651
20
-4.0344344881889764
11
6.7014981889763776
21
-4.034434881889764
0
LINE
8
BLACK
6
CONTINUOUS
10
6.7014981889763776
20
-4.034434881889764
11
6.6977087795275585
21
-4.039373346456693
0
LINE
8
BLACK
6
CONTINUOUS
10
6.6977087795275585
20
-4.039373346456693
11
6.6977087795275585
21
-4.0393733858267717
0
LINE
8
BLACK
6
CONTINUOUS
10
6.6977087795275585
20
-4.0393733858267717
11
6.6953266929133859
21
-4.0451242519685042
0
LINE
8
BLACK
6
CONTINUOUS
10
6.6953266929133859
20
-4.0451242519685042
11
6.6953266141732284
21
-4.0451245669291334
0
LINE
8
BLACK
6
CONTINUOUS
10
6.6953266141732284
20
-4.0451245669291334
11
6.6945141338582674
21
-4.0512961417322835
0
LINE
8
BLACK
6
CONTINUOUS
10
6.6945141338582674
20
-4.0512961417322835
11
6.6945141338582674
21
-4.0512961811023622
0
LINE
8
BLACK
6
CONTINUOUS
10
6.6945141338582674
20
-4.0512961811023622
11
6.6953266141732284
21
-4.0574677559055115
0
LINE
8
BLACK
6
CONTINUOUS
10
5.3567548425196847
20
-4.0461723228346456
11
5.3567548818897635
21
-4.0461724803149606
0
LINE
8
BLACK
6
CONTINUOUS
10
5.3567548818897635
20
-4.0461724803149606
11
5.3591004724409448
21
-4.0528756692913381
0
LINE
8
BLACK
6
CONTINUOUS
10
5.3591004724409448
20
-4.0528756692913381
11
5.3591004724409448
21
-4.0528757086614169
0
LINE
8
BLACK
6
CONTINUOUS
10
5.3591004724409448
20
-4.0528757086614169
11
5.3619860629921261
21
-4.0574680708661415
0
LINE
8
BLACK
6
CONTINUOUS
10
5.3619860629921261
20
-4.0574680708661415
11
5.3628789370078742
21
-4.0588890551181098
0
LINE
8
BLACK
6
CONTINUOUS
10
5.3628789370078742
20
-4.0588890551181098
11
5.367900748031496
21
-4.0639108661417325
0
LINE
8
BLACK
6
CONTINUOUS
10
5.367900748031496
20
-4.0639108661417325
11
5.3679008267716535
21
-4.0639109055118112
0
LINE
8
BLACK
6
CONTINUOUS
10
5.3679008267716535
20
-4.0639109055118112
11
5.3679008661417322
21
-4.06391094488189
0
LINE
8
BLACK
6
CONTINUOUS
10
5.3679008661417322
20
-4.06391094488189
11
5.3737457480314959
21
-4.0675835433070864
0
LINE
8
BLACK
6
CONTINUOUS
10
5.3737457480314959
20
-4.0675835433070864
11
5.3739141338582677
21
-4.067689330708661
0
LINE
8
BLACK
6
CONTINUOUS
10
5.3739141338582677
20
-4.067689330708661
11
5.3765983464566931
21
-4.0686285826771655
0
LINE
8
BLACK
6
CONTINUOUS
10
5.3765983464566931
20
-4.0686285826771655
11
5.3806172834645665
21
-4.0700348818897636
0
LINE
8
BLACK
6
CONTINUOUS
10
5.3806172834645665
20
-4.0700348818897636
11
5.3806174409448815
21
-4.0700349212598423
0
LINE
8
BLACK
6
CONTINUOUS
10
5.3806174409448815
20
-4.0700349212598423
11
5.3806175590551177
21
-4.0700349606299211
0
LINE
8
BLACK
6
CONTINUOUS
10
5.3806175590551177
20
-4.0700349606299211
11
5.3876748425196848
21
-4.0708301181102362
0
LINE
8
BLACK
6
CONTINUOUS
10
5.3876748425196848
20
-4.0708301181102362
11
5.3947321259842518
21
-4.0700349606299211
0
LINE
8
BLACK
6
CONTINUOUS
10
5.3947321259842518
20
-4.0700349606299211
11
5.4014355511811019
21
-4.067689330708661
0
LINE
8
BLACK
6
CONTINUOUS
10
5.4014355511811019
20
-4.067689330708661
11
5.4074489370078735
21
-4.0639108661417325
0
LINE
8
BLACK
6
CONTINUOUS
10
5.4074489370078735
20
-4.0639108661417325
11
5.4124707480314962
21
-4.0588890551181098
0
LINE
8
BLACK
6
CONTINUOUS
10
5.4124707480314962
20
-4.0588890551181098
11
5.4162492125984247
21
-4.0528756692913381
0
LINE
8
BLACK
6
CONTINUOUS
10
5.4162492125984247
20
-4.0528756692913381
11
5.4185948425196848
21
-4.0461722440944881
0
LINE
8
BLACK
6
CONTINUOUS
10
5.4185948425196848
20
-4.0461722440944881
11
5.4193899999999999
21
-4.039114960629921
0
LINE
8
BLACK
6
CONTINUOUS
10
5.4193899999999999
20
-4.039114960629921
11
5.4185948425196848
21
-4.032057677165354
0
LINE
8
BLACK
6
CONTINUOUS
10
5.4185948425196848
20
-4.032057677165354
11
5.4179308267716531
21
-4.030160078740157
0
LINE
8
BLACK
6
CONTINUOUS
10
5.4179308267716531
20
-4.030160078740157
11
5.4172670078740159
21
-4.0282629133858263
0
LINE
8
BLACK
6
CONTINUOUS
10
5.4172670078740159
20
-4.0282629133858263
11
5.4162492125984247
21
-4.0253542519685039
0
LINE
8
BLACK
6
CONTINUOUS
10
5.4162492125984247
20
-4.0253542519685039
11
5.414101181102362
21
-4.0219357086614176
0
LINE
8
BLACK
6
CONTINUOUS
10
5.414101181102362
20
-4.0219357086614176
11
5.4124708267716537
21
-4.0193409842519685
0
LINE
8
BLACK
6
CONTINUOUS
10
5.4124708267716537
20
-4.0193409842519685
11
5.4124707874015749
21
-4.0193409448818898
0
LINE
8
BLACK
6
CONTINUOUS
10
5.4124707874015749
20
-4.0193409448818898
11
5.4124707480314962
21
-4.0193408661417322
0
LINE
8
BLACK
6
CONTINUOUS
10
5.4124707480314962
20
-4.0193408661417322
11
5.4074489370078735
21
-4.0143190551181105
0
LINE
8
BLACK
6
CONTINUOUS
10
5.4074489370078735
20
-4.0143190551181105
11
5.4074488188976373
21
-4.014318976377953
0
LINE
8
BLACK
6
CONTINUOUS
10
5.4074488188976373
20
-4.014318976377953
11
5.4074487795275585
21
-4.0143189370078742
0
LINE
8
BLACK
6
CONTINUOUS
10
5.4074487795275585
20
-4.0143189370078742
11
5.4014355905511806
21
-4.0105405905511811
0
LINE
8
BLACK
6
CONTINUOUS
10
5.4014355905511806
20
-4.0105405905511811
11
5.3947323622047243
21
-4.0081949999999997
0
LINE
8
BLACK
6
CONTINUOUS
10
5.3947323622047243
20
-4.0081949999999997
11
5.3947322047244093
21
-4.008194960629921
0
LINE
8
BLACK
6
CONTINUOUS
10
5.3947322047244093
20
-4.008194960629921
11
5.3876748425196848
21
-4.0073998031496059
0
LINE
8
BLACK
6
CONTINUOUS
10
5.3876748425196848
20
-4.0073998031496059
11
5.3806174409448815
21
-4.008194960629921
0
LINE
8
BLACK
6
CONTINUOUS
10
5.3806174409448815
20
-4.008194960629921
11
5.3806172834645665
21
-4.0081949999999997
0
LINE
8
BLACK
6
CONTINUOUS
10
5.3806172834645665
20
-4.0081949999999997
11
5.3739140944881889
21
-4.0105405905511811
0
LINE
8
BLACK
6
CONTINUOUS
10
5.3739140944881889
20
-4.0105405905511811
11
5.3739140551181102
21
-4.0105405905511811
0
LINE
8
BLACK
6
CONTINUOUS
10
5.3739140551181102
20
-4.0105405905511811
11
5.3679008661417322
21
-4.0143189370078742
0
LINE
8
BLACK
6
CONTINUOUS
10
5.3679008661417322
20
-4.0143189370078742
11
5.362878818897638
21
-4.0193409842519685
0
LINE
8
BLACK
6
CONTINUOUS
10
5.362878818897638
20
-4.0193409842519685
11
5.3591004724409448
21
-4.0253541732283464
0
LINE
8
BLACK
6
CONTINUOUS
10
5.3591004724409448
20
-4.0253541732283464
11
5.3591004724409448
21
-4.0253542125984252
0
LINE
8
BLACK
6
CONTINUOUS
10
5.3591004724409448
20
-4.0253542125984252
11
5.3567548818897635
21
-4.0320574015748027
0
LINE
8
BLACK
6
CONTINUOUS
10
5.3567548818897635
20
-4.0320574015748027
11
5.3567548425196847
21
-4.0320575590551178
0
LINE
8
BLACK
6
CONTINUOUS
10
5.3567548425196847
20
-4.0320575590551178
11
5.3559596850393696
21
-4.039114960629921
0
LINE
8
BLACK
6
CONTINUOUS
10
5.3559596850393696
20
-4.039114960629921
11
5.3567548425196847
21
-4.0461723228346456
0
LINE
8
BLACK
6
CONTINUOUS
10
6.7776415748031491
20
-3.908286811023622
11
6.7776416535433066
21
-3.908287125984252
0
LINE
8
BLACK
6
CONTINUOUS
10
6.7776416535433066
20
-3.908287125984252
11
6.7800237401574801
21
-3.914037992125984
0
LINE
8
BLACK
6
CONTINUOUS
10
6.7800237401574801
20
-3.914037992125984
11
6.7800237401574801
21
-3.9140380314960628
0
LINE
8
BLACK
6
CONTINUOUS
10
6.7800237401574801
20
-3.9140380314960628
11
6.7838131496062992
21
-3.9189764960629923
0
LINE
8
BLACK
6
CONTINUOUS
10
6.7838131496062992
20
-3.9189764960629923
11
6.783813346456693
21
-3.9189767322834643
0
LINE
8
BLACK
6
CONTINUOUS
10
6.783813346456693
20
-3.9189767322834643
11
6.788751968503937
21
-3.9227662598425197
0
LINE
8
BLACK
6
CONTINUOUS
10
6.788751968503937
20
-3.9227662598425197
11
6.7945031102362199
21
-3.925148464566929
0
LINE
8
BLACK
6
CONTINUOUS
10
6.7945031102362199
20
-3.925148464566929
11
6.7991318897637791
21
-3.9257578346456694
0
LINE
8
BLACK
6
CONTINUOUS
10
6.7991318897637791
20
-3.9257578346456694
11
6.8006748031496063
21
-3.9259609842519683
0
LINE
8
BLACK
6
CONTINUOUS
10
6.8006748031496063
20
-3.9259609842519683
11
6.800674842519685
21
-3.9259609842519683
0
LINE
8
BLACK
6
CONTINUOUS
10
6.800674842519685
20
-3.9259609842519683
11
6.8006748818897638
21
-3.9259609842519683
0
LINE
8
BLACK
6
CONTINUOUS
10
6.8006748818897638
20
-3.9259609842519683
11
6.8019091732283465
21
-3.9257984645669288
0
LINE
8
BLACK
6
CONTINUOUS
10
6.8019091732283465
20
-3.9257984645669288
11
6.8068465748031493
21
-3.925148464566929
0
LINE
8
BLACK
6
CONTINUOUS
10
6.8068465748031493
20
-3.925148464566929
11
6.812597716535433
21
-3.9227662598425197
0
LINE
8
BLACK
6
CONTINUOUS
10
6.812597716535433
20
-3.9227662598425197
11
6.817536338582677
21
-3.9189767322834643
0
LINE
8
BLACK
6
CONTINUOUS
10
6.817536338582677
20
-3.9189767322834643
11
6.8213258661417324
21
-3.9140381102362203
0
LINE
8
BLACK
6
CONTINUOUS
10
6.8213258661417324
20
-3.9140381102362203
11
6.8237080708661413
21
-3.908286968503937
0
LINE
8
BLACK
6
CONTINUOUS
10
6.8237080708661413
20
-3.908286968503937
11
6.824520590551181
21
-3.9021152362204723
0
LINE
8
BLACK
6
CONTINUOUS
10
6.824520590551181
20
-3.9021152362204723
11
6.8237080708661413
21
-3.8959435039370076
0
LINE
8
BLACK
6
CONTINUOUS
10
6.8237080708661413
20
-3.8959435039370076
11
6.823020905511811
21
-3.894284527559055
0
LINE
8
BLACK
6
CONTINUOUS
10
6.823020905511811
20
-3.894284527559055
11
6.8213259055118112
21
-3.8901924409448818
0
LINE
8
BLACK
6
CONTINUOUS
10
6.8213259055118112
20
-3.8901924409448818
11
6.8213259055118112
21
-3.8901924015748031
0
LINE
8
BLACK
6
CONTINUOUS
10
6.8213259055118112
20
-3.8901924015748031
11
6.8175364960629921
21
-3.885253937007874
0
LINE
8
BLACK
6
CONTINUOUS
10
6.8175364960629921
20
-3.885253937007874
11
6.8175364566929133
21
-3.8852538976377953
0
LINE
8
BLACK
6
CONTINUOUS
10
6.8175364566929133
20
-3.8852538976377953
11
6.817536338582677
21
-3.8852537401574803
0
LINE
8
BLACK
6
CONTINUOUS
10
6.817536338582677
20
-3.8852537401574803
11
6.8175361417322833
21
-3.8852535826771653
0
LINE
8
BLACK
6
CONTINUOUS
10
6.8175361417322833
20
-3.8852535826771653
11
6.8175361023622045
21
-3.8852535433070865
0
LINE
8
BLACK
6
CONTINUOUS
10
6.8175361023622045
20
-3.8852535433070865
11
6.8147340551181097
21
-3.8831034645669291
0
LINE
8
BLACK
6
CONTINUOUS
10
6.8147340551181097
20
-3.8831034645669291
11
6.812597716535433
21
-3.8814642125984249
0
LINE
8
BLACK
6
CONTINUOUS
10
6.812597716535433
20
-3.8814642125984249
11
6.8125976771653542
21
-3.8814641732283466
0
LINE
8
BLACK
6
CONTINUOUS
10
6.8125976771653542
20
-3.8814641732283466
11
6.8125975984251967
21
-3.8814641338582678
0
LINE
8
BLACK
6
CONTINUOUS
10
6.8125975984251967
20
-3.8814641338582678
11
6.8068467322834643
21
-3.8790820472440943
0
LINE
8
BLACK
6
CONTINUOUS
10
6.8068467322834643
20
-3.8790820472440943
11
6.8068464173228342
21
-3.8790819685039368
0
LINE
8
BLACK
6
CONTINUOUS
10
6.8068464173228342
20
-3.8790819685039368
11
6.8006748818897638
21
-3.8782694881889763
0
LINE
8
BLACK
6
CONTINUOUS
10
6.8006748818897638
20
-3.8782694881889763
11
6.8006748031496063
21
-3.8782694881889763
0
LINE
8
BLACK
6
CONTINUOUS
10
6.8006748031496063
20
-3.8782694881889763
11
6.7945032283464561
21
-3.8790819685039368
0
LINE
8
BLACK
6
CONTINUOUS
10
6.7945032283464561
20
-3.8790819685039368
11
6.794502913385827
21
-3.8790820472440943
0
LINE
8
BLACK
6
CONTINUOUS
10
6.794502913385827
20
-3.8790820472440943
11
6.7887520472440945
21
-3.8814641338582678
0
LINE
8
BLACK
6
CONTINUOUS
10
6.7887520472440945
20
-3.8814641338582678
11
6.7887520078740158
21
-3.8814641338582678
0
LINE
8
BLACK
6
CONTINUOUS
10
6.7887520078740158
20
-3.8814641338582678
11
6.7838135433070867
21
-3.8852535433070865
0
LINE
8
BLACK
6
CONTINUOUS
10
6.7838135433070867
20
-3.8852535433070865
11
6.7838131496062992
21
-3.885253937007874
0
LINE
8
BLACK
6
CONTINUOUS
10
6.7838131496062992
20
-3.885253937007874
11
6.7800237401574801
21
-3.8901924015748031
0
LINE
8
BLACK
6
CONTINUOUS
10
6.7800237401574801
20
-3.8901924015748031
11
6.7800237401574801
21
-3.8901924409448818
0
LINE
8
BLACK
6
CONTINUOUS
10
6.7800237401574801
20
-3.8901924409448818
11
6.7776416535433066
21
-3.8959433070866143
0
LINE
8
BLACK
6
CONTINUOUS
10
6.7776416535433066
20
-3.8959433070866143
11
6.7776415748031491
21
-3.8959436220472439
0
LINE
8
BLACK
6
CONTINUOUS
10
6.7776415748031491
20
-3.8959436220472439
11
6.776829094488189
21
-3.9021151968503935
0
LINE
8
BLACK
6
CONTINUOUS
10
6.776829094488189
20
-3.9021151968503935
11
6.776829094488189
21
-3.9021152362204723
0
LINE
8
BLACK
6
CONTINUOUS
10
6.776829094488189
20
-3.9021152362204723
11
6.7776415748031491
21
-3.908286811023622
0
LINE
8
BLACK
6
CONTINUOUS
10
5.6927691338582678
20
-3.7330186220472439
11
5.6927692125984253
21
-3.7330189370078739
0
LINE
8
BLACK
6
CONTINUOUS
10
5.6927692125984253
20
-3.7330189370078739
11
5.6951512992125979
21
-3.7387698031496064
0
LINE
8
BLACK
6
CONTINUOUS
10
5.6951512992125979
20
-3.7387698031496064
11
5.6951512992125979
21
-3.7387698425196851
0
LINE
8
BLACK
6
CONTINUOUS
10
5.6951512992125979
20
-3.7387698425196851
11
5.698940708661417
21
-3.7437083070866142
0
LINE
8
BLACK
6
CONTINUOUS
10
5.698940708661417
20
-3.7437083070866142
11
5.6989409055118108
21
-3.7437085433070867
0
LINE
8
BLACK
6
CONTINUOUS
10
5.6989409055118108
20
-3.7437085433070867
11
5.7038795275590548
21
-3.7474980708661416
0
LINE
8
BLACK
6
CONTINUOUS
10
5.7038795275590548
20
-3.7474980708661416
11
5.7038795669291336
21
-3.7474980708661416
0
LINE
8
BLACK
6
CONTINUOUS
10
5.7038795669291336
20
-3.7474980708661416
11
5.7038796062992123
21
-3.7474981102362204
0
LINE
8
BLACK
6
CONTINUOUS
10
5.7038796062992123
20
-3.7474981102362204
11
5.707492086614173
21
-3.7489944488188978
0
LINE
8
BLACK
6
CONTINUOUS
10
5.707492086614173
20
-3.7489944488188978
11
5.7096306692913386
21
-3.7498802755905509
0
LINE
8
BLACK
6
CONTINUOUS
10
5.7096306692913386
20
-3.7498802755905509
11
5.7142594488188978
21
-3.7504896456692913
0
LINE
8
BLACK
6
CONTINUOUS
10
5.7142594488188978
20
-3.7504896456692913
11
5.715802362204724
21
-3.7506927952755906
0
LINE
8
BLACK
6
CONTINUOUS
10
5.715802362204724
20
-3.7506927952755906
11
5.7158024015748028
21
-3.7506927952755906
0
LINE
8
BLACK
6
CONTINUOUS
10
5.7158024015748028
20
-3.7506927952755906
11
5.7158024409448815
21
-3.7506927952755906
0
LINE
8
BLACK
6
CONTINUOUS
10
5.7158024409448815
20
-3.7506927952755906
11
5.7170367322834643
21
-3.7505302755905512
0
LINE
8
BLACK
6
CONTINUOUS
10
5.7170367322834643
20
-3.7505302755905512
11
5.7219741338582679
21
-3.7498802755905509
0
LINE
8
BLACK
6
CONTINUOUS
10
5.7219741338582679
20
-3.7498802755905509
11
5.7277252755905508
21
-3.7474980708661416
0
LINE
8
BLACK
6
CONTINUOUS
10
5.7277252755905508
20
-3.7474980708661416
11
5.7326638976377948
21
-3.7437085433070867
0
LINE
8
BLACK
6
CONTINUOUS
10
5.7326638976377948
20
-3.7437085433070867
11
5.7364534251968502
21
-3.7387699212598426
0
LINE
8
BLACK
6
CONTINUOUS
10
5.7364534251968502
20
-3.7387699212598426
11
5.73883562992126
21
-3.7330187795275589
0
LINE
8
BLACK
6
CONTINUOUS
10
5.73883562992126
20
-3.7330187795275589
11
5.7396481496062988
21
-3.7268470472440942
0
LINE
8
BLACK
6
CONTINUOUS
10
5.7396481496062988
20
-3.7268470472440942
11
5.73883562992126
21
-3.72067531496063
0
LINE
8
BLACK
6
CONTINUOUS
10
5.73883562992126
20
-3.72067531496063
11
5.738132086614173
21
-3.7189767716535433
0
LINE
8
BLACK
6
CONTINUOUS
10
5.738132086614173
20
-3.7189767716535433
11
5.736453464566929
21
-3.7149242519685037
0
LINE
8
BLACK
6
CONTINUOUS
10
5.736453464566929
20
-3.7149242519685037
11
5.736453464566929
21
-3.714924212598425
0
LINE
8
BLACK
6
CONTINUOUS
10
5.736453464566929
20
-3.714924212598425
11
5.7326640551181098
21
-3.7099857480314959
0
LINE
8
BLACK
6
CONTINUOUS
10
5.7326640551181098
20
-3.7099857480314959
11
5.7326640157480311
21
-3.7099857086614172
0
LINE
8
BLACK
6
CONTINUOUS
10
5.7326640157480311
20
-3.7099857086614172
11
5.7326638976377948
21
-3.7099855511811022
0
LINE
8
BLACK
6
CONTINUOUS
10
5.7326638976377948
20
-3.7099855511811022
11
5.7326637007874011
21
-3.7099853937007872
0
LINE
8
BLACK
6
CONTINUOUS
10
5.7326637007874011
20
-3.7099853937007872
11
5.7326636614173223
21
-3.7099853543307084
0
LINE
8
BLACK
6
CONTINUOUS
10
5.7326636614173223
20
-3.7099853543307084
11
5.7298616141732284
21
-3.707835275590551
0
LINE
8
BLACK
6
CONTINUOUS
10
5.7298616141732284
20
-3.707835275590551
11
5.7277252755905508
21
-3.7061960236220473
0
LINE
8
BLACK
6
CONTINUOUS
10
5.7277252755905508
20
-3.7061960236220473
11
5.727725236220472
21
-3.7061959842519685
0
LINE
8
BLACK
6
CONTINUOUS
10
5.727725236220472
20
-3.7061959842519685
11
5.7277251574803145
21
-3.7061959448818897
0
LINE
8
BLACK
6
CONTINUOUS
10
5.7277251574803145
20
-3.7061959448818897
11
5.7219742913385829
21
-3.7038138582677163
0
LINE
8
BLACK
6
CONTINUOUS
10
5.7219742913385829
20
-3.7038138582677163
11
5.7219739763779529
21
-3.7038137795275592
0
LINE
8
BLACK
6
CONTINUOUS
10
5.7219739763779529
20
-3.7038137795275592
11
5.7158024409448815
21
-3.7030012992125982
0
LINE
8
BLACK
6
CONTINUOUS
10
5.7158024409448815
20
-3.7030012992125982
11
5.715802362204724
21
-3.7030012992125982
0
LINE
8
BLACK
6
CONTINUOUS
10
5.715802362204724
20
-3.7030012992125982
11
5.7096307874015748
21
-3.7038137795275592
0
LINE
8
BLACK
6
CONTINUOUS
10
5.7096307874015748
20
-3.7038137795275592
11
5.7096304724409448
21
-3.7038138582677163
0
LINE
8
BLACK
6
CONTINUOUS
10
5.7096304724409448
20
-3.7038138582677163
11
5.7038796062992123
21
-3.7061959448818897
0
LINE
8
BLACK
6
CONTINUOUS
10
5.7038796062992123
20
-3.7061959448818897
11
5.7038795669291336
21
-3.7061959448818897
0
LINE
8
BLACK
6
CONTINUOUS
10
5.7038795669291336
20
-3.7061959448818897
11
5.6989411023622045
21
-3.7099853543307084
0
LINE
8
BLACK
6
CONTINUOUS
10
5.6989411023622045
20
-3.7099853543307084
11
5.698940708661417
21
-3.7099857480314959
0
LINE
8
BLACK
6
CONTINUOUS
10
5.698940708661417
20
-3.7099857480314959
11
5.6951512992125979
21
-3.714924212598425
0
LINE
8
BLACK
6
CONTINUOUS
10
5.6951512992125979
20
-3.714924212598425
11
5.6951512992125979
21
-3.7149242519685037
0
LINE
8
BLACK
6
CONTINUOUS
10
5.6951512992125979
20
-3.7149242519685037
11
5.6927692125984253
21
-3.7206751181102362
0
LINE
8
BLACK
6
CONTINUOUS
10
5.6927692125984253
20
-3.7206751181102362
11
5.6927691338582678
21
-3.7206754330708662
0
LINE
8
BLACK
6
CONTINUOUS
10
5.6927691338582678
20
-3.7206754330708662
11
5.6919566535433068
21
-3.7268470078740155
0
LINE
8
BLACK
6
CONTINUOUS
10
5.6919566535433068
20
-3.7268470078740155
11
5.6919566535433068
21
-3.7268470472440942
0
LINE
8
BLACK
6
CONTINUOUS
10
5.6919566535433068
20
-3.7268470472440942
11
5.6927691338582678
21
-3.7330186220472439
0
LINE
8
BLACK
6
CONTINUOUS
10
6.4920096850393696
20
-3.731320275590551
11
6.4920097637795271
21
-3.731320590551181
0
LINE
8
BLACK
6
CONTINUOUS
10
6.4920097637795271
20
-3.731320590551181
11
6.4943918503937006
21
-3.7370714566929135
0
LINE
8
BLACK
6
CONTINUOUS
10
6.4943918503937006
20
-3.7370714566929135
11
6.4943918503937006
21
-3.7370714960629918
0
LINE
8
BLACK
6
CONTINUOUS
10
6.4943918503937006
20
-3.7370714960629918
11
6.4980244094488189
21
-3.7418055511811024
0
LINE
8
BLACK
6
CONTINUOUS
10
6.4980244094488189
20
-3.7418055511811024
11
6.4981814566929135
21
-3.7420101968503938
0
LINE
8
BLACK
6
CONTINUOUS
10
6.4981814566929135
20
-3.7420101968503938
11
6.5031200787401575
21
-3.7457997244094487
0
LINE
8
BLACK
6
CONTINUOUS
10
6.5031200787401575
20
-3.7457997244094487
11
6.5031201181102363
21
-3.7457997244094487
0
LINE
8
BLACK
6
CONTINUOUS
10
6.5031201181102363
20
-3.7457997244094487
11
6.503120157480315
21
-3.7457997637795275
0
LINE
8
BLACK
6
CONTINUOUS
10
6.503120157480315
20
-3.7457997637795275
11
6.5079588582677168
21
-3.7478040157480312
0
LINE
8
BLACK
6
CONTINUOUS
10
6.5079588582677168
20
-3.7478040157480312
11
6.5088712204724404
21
-3.7481819291338581
0
LINE
8
BLACK
6
CONTINUOUS
10
6.5088712204724404
20
-3.7481819291338581
11
6.5134999999999996
21
-3.7487912992125985
0
LINE
8
BLACK
6
CONTINUOUS
10
6.5134999999999996
20
-3.7487912992125985
11
6.5150429133858268
21
-3.7489944488188978
0
LINE
8
BLACK
6
CONTINUOUS
10
6.5150429133858268
20
-3.7489944488188978
11
6.5150429527559055
21
-3.7489944488188978
0
LINE
8
BLACK
6
CONTINUOUS
10
6.5150429527559055
20
-3.7489944488188978
11
6.5150429921259843
21
-3.7489944488188978
0
LINE
8
BLACK
6
CONTINUOUS
10
6.5150429921259843
20
-3.7489944488188978
11
6.516277283464567
21
-3.7488319291338583
0
LINE
8
BLACK
6
CONTINUOUS
10
6.516277283464567
20
-3.7488319291338583
11
6.5212146850393697
21
-3.7481819291338581
0
LINE
8
BLACK
6
CONTINUOUS
10
6.5212146850393697
20
-3.7481819291338581
11
6.5269658267716535
21
-3.7457997244094487
0
LINE
8
BLACK
6
CONTINUOUS
10
6.5269658267716535
20
-3.7457997244094487
11
6.5319044488188975
21
-3.7420101968503938
0
LINE
8
BLACK
6
CONTINUOUS
10
6.5319044488188975
20
-3.7420101968503938
11
6.5356939763779529
21
-3.7370715748031493
0
LINE
8
BLACK
6
CONTINUOUS
10
6.5356939763779529
20
-3.7370715748031493
11
6.5380761811023618
21
-3.731320433070866
0
LINE
8
BLACK
6
CONTINUOUS
10
6.5380761811023618
20
-3.731320433070866
11
6.5388887007874015
21
-3.7251487007874013
0
LINE
8
BLACK
6
CONTINUOUS
10
6.5388887007874015
20
-3.7251487007874013
11
6.5380761811023618
21
-3.7189769685039371
0
LINE
8
BLACK
6
CONTINUOUS
10
6.5380761811023618
20
-3.7189769685039371
11
6.5363974803149603
21
-3.714924212598425
0
LINE
8
BLACK
6
CONTINUOUS
10
6.5363974803149603
20
-3.714924212598425
11
6.5356940157480317
21
-3.7132259055118109
0
LINE
8
BLACK
6
CONTINUOUS
10
6.5356940157480317
20
-3.7132259055118109
11
6.5356940157480317
21
-3.7132258661417321
0
LINE
8
BLACK
6
CONTINUOUS
10
6.5356940157480317
20
-3.7132258661417321
11
6.5319046062992125
21
-3.7082874015748031
0
LINE
8
BLACK
6
CONTINUOUS
10
6.5319046062992125
20
-3.7082874015748031
11
6.5319045669291338
21
-3.7082873622047243
0
LINE
8
BLACK
6
CONTINUOUS
10
6.5319045669291338
20
-3.7082873622047243
11
6.5319044488188975
21
-3.7082872047244093
0
LINE
8
BLACK
6
CONTINUOUS
10
6.5319044488188975
20
-3.7082872047244093
11
6.5319042519685038
21
-3.7082870472440943
0
LINE
8
BLACK
6
CONTINUOUS
10
6.5319042519685038
20
-3.7082870472440943
11
6.531904212598425
21
-3.7082870078740156
0
LINE
8
BLACK
6
CONTINUOUS
10
6.531904212598425
20
-3.7082870078740156
11
6.5269657086614172
21
-3.7044975984251969
0
LINE
8
BLACK
6
CONTINUOUS
10
6.5269657086614172
20
-3.7044975984251969
11
6.5212148425196848
21
-3.7021155118110234
0
LINE
8
BLACK
6
CONTINUOUS
10
6.5212148425196848
20
-3.7021155118110234
11
6.5212145275590547
21
-3.7021154330708659
0
LINE
8
BLACK
6
CONTINUOUS
10
6.5212145275590547
20
-3.7021154330708659
11
6.5150429921259843
21
-3.7013029527559054
0
LINE
8
BLACK
6
CONTINUOUS
10
6.5150429921259843
20
-3.7013029527559054
11
6.5150429133858268
21
-3.7013029527559054
0
LINE
8
BLACK
6
CONTINUOUS
10
6.5150429133858268
20
-3.7013029527559054
11
6.5088713385826766
21
-3.7021154330708659
0
LINE
8
BLACK
6
CONTINUOUS
10
6.5088713385826766
20
-3.7021154330708659
11
6.5088710236220475
21
-3.7021155118110234
0
LINE
8
BLACK
6
CONTINUOUS
10
6.5088710236220475
20
-3.7021155118110234
11
6.503120157480315
21
-3.7044975984251969
0
LINE
8
BLACK
6
CONTINUOUS
10
6.503120157480315
20
-3.7044975984251969
11
6.5031201181102363
21
-3.7044975984251969
0
LINE
8
BLACK
6
CONTINUOUS
10
6.5031201181102363
20
-3.7044975984251969
11
6.4981816535433072
21
-3.7082870078740156
0
LINE
8
BLACK
6
CONTINUOUS
10
6.4981816535433072
20
-3.7082870078740156
11
6.4981812598425197
21
-3.7082874015748031
0
LINE
8
BLACK
6
CONTINUOUS
10
6.4981812598425197
20
-3.7082874015748031
11
6.4943918503937006
21
-3.7132258661417321
0
LINE
8
BLACK
6
CONTINUOUS
10
6.4943918503937006
20
-3.7132258661417321
11
6.4943918503937006
21
-3.7132259055118109
0
LINE
8
BLACK
6
CONTINUOUS
10
6.4943918503937006
20
-3.7132259055118109
11
6.4920097637795271
21
-3.7189767716535433
0
LINE
8
BLACK
6
CONTINUOUS
10
6.4920097637795271
20
-3.7189767716535433
11
6.4920096850393696
21
-3.7189770866141729
0
LINE
8
BLACK
6
CONTINUOUS
10
6.4920096850393696
20
-3.7189770866141729
11
6.4911972047244095
21
-3.7251486614173226
0
LINE
8
BLACK
6
CONTINUOUS
10
6.4911972047244095
20
-3.7251486614173226
11
6.4911972047244095
21
-3.7251487007874013
0
LINE
8
BLACK
6
CONTINUOUS
10
6.4911972047244095
20
-3.7251487007874013
11
6.4920096850393696
21
-3.731320275590551
0
LINE
8
BLACK
6
CONTINUOUS
10
7.1516415748031497
20
-3.7096883858267717
11
7.1516416535433072
21
-3.7096887007874013
0
LINE
8
BLACK
6
CONTINUOUS
10
7.1516416535433072
20
-3.7096887007874013
11
7.1540237401574798
21
-3.7154395669291338
0
LINE
8
BLACK
6
CONTINUOUS
10
7.1540237401574798
20
-3.7154395669291338
11
7.1540237401574798
21
-3.7154396062992125
0
LINE
8
BLACK
6
CONTINUOUS
10
7.1540237401574798
20
-3.7154396062992125
11
7.1567381496062987
21
-3.7189770866141729
0
LINE
8
BLACK
6
CONTINUOUS
10
7.1567381496062987
20
-3.7189770866141729
11
7.1578133464566926
21
-3.7203783070866141
0
LINE
8
BLACK
6
CONTINUOUS
10
7.1578133464566926
20
-3.7203783070866141
11
7.1578135039370077
21
-3.7203784251968504
0
LINE
8
BLACK
6
CONTINUOUS
10
7.1578135039370077
20
-3.7203784251968504
11
7.1578135433070864
21
-3.7203784645669291
0
LINE
8
BLACK
6
CONTINUOUS
10
7.1578135433070864
20
-3.7203784645669291
11
7.1582005511811024
21
-3.7206754330708662
0
LINE
8
BLACK
6
CONTINUOUS
10
7.1582005511811024
20
-3.7206754330708662
11
7.1627519685039367
21
-3.724167834645669
0
LINE
8
BLACK
6
CONTINUOUS
10
7.1627519685039367
20
-3.724167834645669
11
7.1627520078740154
21
-3.724167834645669
0
LINE
8
BLACK
6
CONTINUOUS
10
7.1627520078740154
20
-3.724167834645669
11
7.1627520472440942
21
-3.7241678740157478
0
LINE
8
BLACK
6
CONTINUOUS
10
7.1627520472440942
20
-3.7241678740157478
11
7.1685029133858267
21
-3.7265499606299213
0
LINE
8
BLACK
6
CONTINUOUS
10
7.1685029133858267
20
-3.7265499606299213
11
7.1685031102362204
21
-3.7265500393700788
0
LINE
8
BLACK
6
CONTINUOUS
10
7.1685031102362204
20
-3.7265500393700788
11
7.1731318897637797
21
-3.7271594094488187
0
LINE
8
BLACK
6
CONTINUOUS
10
7.1731318897637797
20
-3.7271594094488187
11
7.1746748031496059
21
-3.727362559055118
0
LINE
8
BLACK
6
CONTINUOUS
10
7.1746748031496059
20
-3.727362559055118
11
7.1746748425196847
21
-3.727362559055118
0
LINE
8
BLACK
6
CONTINUOUS
10
7.1746748425196847
20
-3.727362559055118
11
7.1746748818897634
21
-3.727362559055118
0
LINE
8
BLACK
6
CONTINUOUS
10
7.1746748818897634
20
-3.727362559055118
11
7.1759091732283462
21
-3.7272000393700786
0
LINE
8
BLACK
6
CONTINUOUS
10
7.1759091732283462
20
-3.7272000393700786
11
7.1808465748031498
21
-3.7265500393700788
0
LINE
8
BLACK
6
CONTINUOUS
10
7.1808465748031498
20
-3.7265500393700788
11
7.1865977165354327
21
-3.724167834645669
0
LINE
8
BLACK
6
CONTINUOUS
10
7.1865977165354327
20
-3.724167834645669
11
7.1915363385826767
21
-3.7203783070866141
0
LINE
8
BLACK
6
CONTINUOUS
10
7.1915363385826767
20
-3.7203783070866141
11
7.1953258661417321
21
-3.7154396850393701
0
LINE
8
BLACK
6
CONTINUOUS
10
7.1953258661417321
20
-3.7154396850393701
11
7.1977080708661418
21
-3.7096885433070867
0
LINE
8
BLACK
6
CONTINUOUS
10
7.1977080708661418
20
-3.7096885433070867
11
7.1985205905511807
21
-3.7035168110236221
0
LINE
8
BLACK
6
CONTINUOUS
10
7.1985205905511807
20
-3.7035168110236221
11
7.1984527165354333
21
-3.7030013779527557
0
LINE
8
BLACK
6
CONTINUOUS
10
7.1984527165354333
20
-3.7030013779527557
11
7.1980772047244095
21
-3.7001490157480315
0
LINE
8
BLACK
6
CONTINUOUS
10
7.1980772047244095
20
-3.7001490157480315
11
7.1977080708661418
21
-3.6973450787401574
0
LINE
8
BLACK
6
CONTINUOUS
10
7.1977080708661418
20
-3.6973450787401574
11
7.1976248818897632
21
-3.6971442125984253
0
LINE
8
BLACK
6
CONTINUOUS
10
7.1976248818897632
20
-3.6971442125984253
11
7.1953259055118108
21
-3.6915940157480316
0
LINE
8
BLACK
6
CONTINUOUS
10
7.1953259055118108
20
-3.6915940157480316
11
7.1953259055118108
21
-3.6915939763779528
0
LINE
8
BLACK
6
CONTINUOUS
10
7.1953259055118108
20
-3.6915939763779528
11
7.1915364960629917
21
-3.6866555118110234
0
LINE
8
BLACK
6
CONTINUOUS
10
7.1915364960629917
20
-3.6866555118110234
11
7.191536456692913
21
-3.6866554724409446
0
LINE
8
BLACK
6
CONTINUOUS
10
7.191536456692913
20
-3.6866554724409446
11
7.1915363385826767
21
-3.68665531496063
0
LINE
8
BLACK
6
CONTINUOUS
10
7.1915363385826767
20
-3.68665531496063
11
7.1915361417322829
21
-3.686655157480315
0
LINE
8
BLACK
6
CONTINUOUS
10
7.1915361417322829
20
-3.686655157480315
11
7.1915361023622042
21
-3.6866551181102363
0
LINE
8
BLACK
6
CONTINUOUS
10
7.1915361023622042
20
-3.6866551181102363
11
7.1870151574803147
21
-3.6831861023622046
0
LINE
8
BLACK
6
CONTINUOUS
10
7.1870151574803147
20
-3.6831861023622046
11
7.1865977165354327
21
-3.6828657874015747
0
LINE
8
BLACK
6
CONTINUOUS
10
7.1865977165354327
20
-3.6828657874015747
11
7.1865976771653539
21
-3.6828657480314959
0
LINE
8
BLACK
6
CONTINUOUS
10
7.1865976771653539
20
-3.6828657480314959
11
7.1865975984251964
21
-3.6828657086614172
0
LINE
8
BLACK
6
CONTINUOUS
10
7.1865975984251964
20
-3.6828657086614172
11
7.1808467322834648
21
-3.6804836220472441
0
LINE
8
BLACK
6
CONTINUOUS
10
7.1808467322834648
20
-3.6804836220472441
11
7.1808464173228348
21
-3.6804835433070866
0
LINE
8
BLACK
6
CONTINUOUS
10
7.1808464173228348
20
-3.6804835433070866
11
7.1746748818897634
21
-3.6796710629921261
0
LINE
8
BLACK
6
CONTINUOUS
10
7.1746748818897634
20
-3.6796710629921261
11
7.1746748031496059
21
-3.6796710629921261
0
LINE
8
BLACK
6
CONTINUOUS
10
7.1746748031496059
20
-3.6796710629921261
11
7.1685032283464567
21
-3.6804835433070866
0
LINE
8
BLACK
6
CONTINUOUS
10
7.1685032283464567
20
-3.6804835433070866
11
7.1685029133858267
21
-3.6804836220472441
0
LINE
8
BLACK
6
CONTINUOUS
10
7.1685029133858267
20
-3.6804836220472441
11
7.1627520472440942
21
-3.6828657086614172
0
LINE
8
BLACK
6
CONTINUOUS
10
7.1627520472440942
20
-3.6828657086614172
11
7.1627520078740154
21
-3.6828657086614172
0
LINE
8
BLACK
6
CONTINUOUS
10
7.1627520078740154
20
-3.6828657086614172
11
7.1578135433070864
21
-3.6866551181102363
0
LINE
8
BLACK
6
CONTINUOUS
10
7.1578135433070864
20
-3.6866551181102363
11
7.1578131496062989
21
-3.6866555118110234
0
LINE
8
BLACK
6
CONTINUOUS
10
7.1578131496062989
20
-3.6866555118110234
11
7.1540237401574798
21
-3.6915939763779528
0
LINE
8
BLACK
6
CONTINUOUS
10
7.1540237401574798
20
-3.6915939763779528
11
7.1540237401574798
21
-3.6915940157480316
0
LINE
8
BLACK
6
CONTINUOUS
10
7.1540237401574798
20
-3.6915940157480316
11
7.1516416535433072
21
-3.6973448818897636
0
LINE
8
BLACK
6
CONTINUOUS
10
7.1516416535433072
20
-3.6973448818897636
11
7.1516415748031497
21
-3.6973451968503936
0
LINE
8
BLACK
6
CONTINUOUS
10
7.1516415748031497
20
-3.6973451968503936
11
7.1508290944881887
21
-3.7035167716535433
0
LINE
8
BLACK
6
CONTINUOUS
10
7.1508290944881887
20
-3.7035167716535433
11
7.1508290944881887
21
-3.7035168110236221
0
LINE
8
BLACK
6
CONTINUOUS
10
7.1508290944881887
20
-3.7035168110236221
11
7.1516415748031497
21
-3.7096883858267717
0
LINE
8
BLACK
6
CONTINUOUS
10
6.3361737795275586
20
-3.5814126771653543
11
6.3361734645669294
21
-3.5814127559055118
0
LINE
8
BLACK
6
CONTINUOUS
10
6.3361734645669294
20
-3.5814127559055118
11
6.3304225984251969
21
-3.5837948425196848
0
LINE
8
BLACK
6
CONTINUOUS
10
6.3304225984251969
20
-3.5837948425196848
11
6.3304225590551182
21
-3.5837948425196848
0
LINE
8
BLACK
6
CONTINUOUS
10
6.3304225590551182
20
-3.5837948425196848
11
6.3254840944881892
21
-3.5875842519685039
0
LINE
8
BLACK
6
CONTINUOUS
10
6.3254840944881892
20
-3.5875842519685039
11
6.3254837007874016
21
-3.5875846456692915
0
LINE
8
BLACK
6
CONTINUOUS
10
6.3254837007874016
20
-3.5875846456692915
11
6.3216942913385825
21
-3.5925231102362205
0
LINE
8
BLACK
6
CONTINUOUS
10
6.3216942913385825
20
-3.5925231102362205
11
6.3216942913385825
21
-3.5925231496062993
0
LINE
8
BLACK
6
CONTINUOUS
10
6.3216942913385825
20
-3.5925231496062993
11
6.319312204724409
21
-3.5982740157480313
0
LINE
8
BLACK
6
CONTINUOUS
10
6.319312204724409
20
-3.5982740157480313
11
6.3193121259842515
21
-3.5982743307086613
0
LINE
8
BLACK
6
CONTINUOUS
10
6.3193121259842515
20
-3.5982743307086613
11
6.3184996456692915
21
-3.604445905511811
0
LINE
8
BLACK
6
CONTINUOUS
10
6.3184996456692915
20
-3.604445905511811
11
6.3184996456692915
21
-3.6044459448818897
0
LINE
8
BLACK
6
CONTINUOUS
10
6.3184996456692915
20
-3.6044459448818897
11
6.3193121259842515
21
-3.6106175196850394
0
LINE
8
BLACK
6
CONTINUOUS
10
6.3193121259842515
20
-3.6106175196850394
11
6.319312204724409
21
-3.610617834645669
0
LINE
8
BLACK
6
CONTINUOUS
10
6.319312204724409
20
-3.610617834645669
11
6.3216942913385825
21
-3.6163687007874015
0
LINE
8
BLACK
6
CONTINUOUS
10
6.3216942913385825
20
-3.6163687007874015
11
6.3216942913385825
21
-3.6163687401574802
0
LINE
8
BLACK
6
CONTINUOUS
10
6.3216942913385825
20
-3.6163687401574802
11
6.3237131102362207
21
-3.6189997244094489
0
LINE
8
BLACK
6
CONTINUOUS
10
6.3237131102362207
20
-3.6189997244094489
11
6.3254838976377954
21
-3.6213074409448818
0
LINE
8
BLACK
6
CONTINUOUS
10
6.3254838976377954
20
-3.6213074409448818
11
6.3287770866141733
21
-3.6238343700787401
0
LINE
8
BLACK
6
CONTINUOUS
10
6.3287770866141733
20
-3.6238343700787401
11
6.3301414173228343
21
-3.6258194881889763
0
LINE
8
BLACK
6
CONTINUOUS
10
6.3301414173228343
20
-3.6258194881889763
11
6.3300783858267717
21
-3.6282275196850393
0
LINE
8
BLACK
6
CONTINUOUS
10
6.3300783858267717
20
-3.6282275196850393
11
6.329496535433071
21
-3.6292991732283464
0
LINE
8
BLACK
6
CONTINUOUS
10
6.329496535433071
20
-3.6292991732283464
11
6.3277638976377952
21
-3.6315572047244093
0
LINE
8
BLACK
6
CONTINUOUS
10
6.3277638976377952
20
-3.6315572047244093
11
6.3253818110236217
21
-3.6373080708661418
0
LINE
8
BLACK
6
CONTINUOUS
10
6.3253818110236217
20
-3.6373080708661418
11
6.3253817322834642
21
-3.6373083858267714
0
LINE
8
BLACK
6
CONTINUOUS
10
6.3253817322834642
20
-3.6373083858267714
11
6.3245692519685042
21
-3.6434799606299211
0
LINE
8
BLACK
6
CONTINUOUS
10
6.3245692519685042
20
-3.6434799606299211
11
6.3245692519685042
21
-3.6434799999999998
0
LINE
8
BLACK
6
CONTINUOUS
10
6.3245692519685042
20
-3.6434799999999998
11
6.3253817322834642
21
-3.6496515748031495
0
LINE
8
BLACK
6
CONTINUOUS
10
6.3253817322834642
20
-3.6496515748031495
11
6.3253818110236217
21
-3.6496518897637795
0
LINE
8
BLACK
6
CONTINUOUS
10
6.3253818110236217
20
-3.6496518897637795
11
6.3277638976377952
21
-3.6554027559055116
0
LINE
8
BLACK
6
CONTINUOUS
10
6.3277638976377952
20
-3.6554027559055116
11
6.3277638976377952
21
-3.6554027952755903
0
LINE
8
BLACK
6
CONTINUOUS
10
6.3277638976377952
20
-3.6554027952755903
11
6.3315533070866143
21
-3.6603412598425198
0
LINE
8
BLACK
6
CONTINUOUS
10
6.3315533070866143
20
-3.6603412598425198
11
6.3315535039370081
21
-3.6603414960629919
0
LINE
8
BLACK
6
CONTINUOUS
10
6.3315535039370081
20
-3.6603414960629919
11
6.3364921259842522
21
-3.6641310236220472
0
LINE
8
BLACK
6
CONTINUOUS
10
6.3364921259842522
20
-3.6641310236220472
11
6.3364921653543309
21
-3.6641310236220472
0
LINE
8
BLACK
6
CONTINUOUS
10
6.3364921653543309
20
-3.6641310236220472
11
6.3364922047244097
21
-3.664131062992126
0
LINE
8
BLACK
6
CONTINUOUS
10
6.3364922047244097
20
-3.664131062992126
11
6.3419507086614173
21
-3.6663920472440945
0
LINE
8
BLACK
6
CONTINUOUS
10
6.3419507086614173
20
-3.6663920472440945
11
6.342243267716535
21
-3.6665132283464565
0
LINE
8
BLACK
6
CONTINUOUS
10
6.342243267716535
20
-3.6665132283464565
11
6.3468720472440943
21
-3.6671225984251969
0
LINE
8
BLACK
6
CONTINUOUS
10
6.3468720472440943
20
-3.6671225984251969
11
6.3484149606299214
21
-3.6673257480314958
0
LINE
8
BLACK
6
CONTINUOUS
10
6.3484149606299214
20
-3.6673257480314958
11
6.3484150000000001
21
-3.6673257480314958
0
LINE
8
BLACK
6
CONTINUOUS
10
6.3484150000000001
20
-3.6673257480314958
11
6.3484150393700789
21
-3.6673257480314958
0
LINE
8
BLACK
6
CONTINUOUS
10
6.3484150393700789
20
-3.6673257480314958
11
6.3496493307086617
21
-3.6671632283464568
0
LINE
8
BLACK
6
CONTINUOUS
10
6.3496493307086617
20
-3.6671632283464568
11
6.3545867322834644
21
-3.6665132283464565
0
LINE
8
BLACK
6
CONTINUOUS
10
6.3545867322834644
20
-3.6665132283464565
11
6.3603378740157481
21
-3.6641310236220472
0
LINE
8
BLACK
6
CONTINUOUS
10
6.3603378740157481
20
-3.6641310236220472
11
6.3652764960629922
21
-3.6603414960629919
0
LINE
8
BLACK
6
CONTINUOUS
10
6.3652764960629922
20
-3.6603414960629919
11
6.3690660236220467
21
-3.6554028740157478
0
LINE
8
BLACK
6
CONTINUOUS
10
6.3690660236220467
20
-3.6554028740157478
11
6.3714482283464564
21
-3.6496517322834645
0
LINE
8
BLACK
6
CONTINUOUS
10
6.3714482283464564
20
-3.6496517322834645
11
6.3722607480314961
21
-3.6434799999999998
0
LINE
8
BLACK
6
CONTINUOUS
10
6.3722607480314961
20
-3.6434799999999998
11
6.3714482283464564
21
-3.6373082677165351
0
LINE
8
BLACK
6
CONTINUOUS
10
6.3714482283464564
20
-3.6373082677165351
11
6.3714481496062989
21
-3.6373080708661418
0
LINE
8
BLACK
6
CONTINUOUS
10
6.3714481496062989
20
-3.6373080708661418
11
6.3690660629921254
21
-3.6315572047244093
0
LINE
8
BLACK
6
CONTINUOUS
10
6.3690660629921254
20
-3.6315572047244093
11
6.3690660629921254
21
-3.6315571653543306
0
LINE
8
BLACK
6
CONTINUOUS
10
6.3690660629921254
20
-3.6315571653543306
11
6.365227677165354
21
-3.6265548818897635
0
LINE
8
BLACK
6
CONTINUOUS
10
6.365227677165354
20
-3.6265548818897635
11
6.3644235826771656
21
-3.6242841732283462
0
LINE
8
BLACK
6
CONTINUOUS
10
6.3644235826771656
20
-3.6242841732283462
11
6.3651077559055116
21
-3.6219745275590549
0
LINE
8
BLACK
6
CONTINUOUS
10
6.3651077559055116
20
-3.6219745275590549
11
6.3670188188976375
21
-3.6205080708661415
0
LINE
8
BLACK
6
CONTINUOUS
10
6.3670188188976375
20
-3.6205080708661415
11
6.3683198818897635
21
-3.6202845275590549
0
LINE
8
BLACK
6
CONTINUOUS
10
6.3683198818897635
20
-3.6202845275590549
11
6.4622535433070869
21
-3.6202845275590549
0
LINE
8
BLACK
6
CONTINUOUS
10
6.4622535433070869
20
-3.6202845275590549
11
6.4645445275590552
21
-3.6210288976377951
0
LINE
8
BLACK
6
CONTINUOUS
10
6.4645445275590552
20
-3.6210288976377951
11
6.4650096062992128
21
-3.6214261023622045
0
LINE
8
BLACK
6
CONTINUOUS
10
6.4650096062992128
20
-3.6214261023622045
11
6.5402007480314959
21
-3.696617244094488
0
LINE
8
BLACK
6
CONTINUOUS
10
6.5402007480314959
20
-3.696617244094488
11
6.5437325590551181
21
-3.7001490157480315
0
LINE
8
BLACK
6
CONTINUOUS
10
6.5437325590551181
20
-3.7001490157480315
11
6.5437325984251968
21
-3.7001490551181102
0
LINE
8
BLACK
6
CONTINUOUS
10
6.5437325984251968
20
-3.7001490551181102
11
6.544578700787401
21
-3.700580157480315
0
LINE
8
BLACK
6
CONTINUOUS
10
6.544578700787401
20
-3.700580157480315
11
6.5451001968503935
21
-3.7008997244094486
0
LINE
8
BLACK
6
CONTINUOUS
10
6.5451001968503935
20
-3.7008997244094486
11
6.5458685039370081
21
-3.7014579527559053
0
LINE
8
BLACK
6
CONTINUOUS
10
6.5458685039370081
20
-3.7014579527559053
11
6.5458685826771656
21
-3.7014579527559053
0
LINE
8
BLACK
6
CONTINUOUS
10
6.5458685826771656
20
-3.7014579527559053
11
6.5458686220472435
21
-3.701457992125984
0
LINE
8
BLACK
6
CONTINUOUS
10
6.5458686220472435
20
-3.701457992125984
11
6.5467717322834647
21
-3.7017514173228347
0
LINE
8
BLACK
6
CONTINUOUS
10
6.5467717322834647
20
-3.7017514173228347
11
6.5473364173228346
21
-3.7019852755905509
0
LINE
8
BLACK
6
CONTINUOUS
10
6.5473364173228346
20
-3.7019852755905509
11
6.5481829133858263
21
-3.7024166141732282
0
LINE
8
BLACK
6
CONTINUOUS
10
6.5481829133858263
20
-3.7024166141732282
11
6.549121023622047
21
-3.7025651574803149
0
LINE
8
BLACK
6
CONTINUOUS
10
6.549121023622047
20
-3.7025651574803149
11
6.5497158661417325
21
-3.7027079921259842
0
LINE
8
BLACK
6
CONTINUOUS
10
6.5497158661417325
20
-3.7027079921259842
11
6.5500529133858265
21
-3.7028174803149607
0
LINE
8
BLACK
6
CONTINUOUS
10
6.5500529133858265
20
-3.7028174803149607
11
6.550618779527559
21
-3.7030013779527557
0
LINE
8
BLACK
6
CONTINUOUS
10
6.550618779527559
20
-3.7030013779527557
11
6.5517947637795277
21
-3.7030013779527557
0
LINE
8
BLACK
6
CONTINUOUS
10
6.5517947637795277
20
-3.7030013779527557
11
6.5517957086614169
21
-3.7030014173228345
0
LINE
8
BLACK
6
CONTINUOUS
10
6.5517957086614169
20
-3.7030014173228345
11
6.5518752362204724
21
-3.7030014173228345
0
LINE
8
BLACK
6
CONTINUOUS
10
6.5518752362204724
20
-3.7030014173228345
11
6.6155800393700783
21
-3.7030014173228345
0
LINE
8
BLACK
6
CONTINUOUS
10
6.6155800393700783
20
-3.7030014173228345
11
6.6178710236220475
21
-3.7037457874015747
0
LINE
8
BLACK
6
CONTINUOUS
10
6.6178710236220475
20
-3.7037457874015747
11
6.618208307086614
21
-3.7040338188976376
0
LINE
8
BLACK
6
CONTINUOUS
10
6.618208307086614
20
-3.7040338188976376
11
6.6182881889763774
21
-3.704095118110236
0
LINE
8
BLACK
6
CONTINUOUS
10
6.6182881889763774
20
-3.704095118110236
11
6.6182882677165349
21
-3.7040951968503935
0
LINE
8
BLACK
6
CONTINUOUS
10
6.6182882677165349
20
-3.7040951968503935
11
6.6232268897637789
21
-3.7078847244094488
0
LINE
8
BLACK
6
CONTINUOUS
10
6.6232268897637789
20
-3.7078847244094488
11
6.6232269291338577
21
-3.7078847244094488
0
LINE
8
BLACK
6
CONTINUOUS
10
6.6232269291338577
20
-3.7078847244094488
11
6.6232269685039364
21
-3.7078847637795276
0
LINE
8
BLACK
6
CONTINUOUS
10
6.6232269685039364
20
-3.7078847637795276
11
6.6282992125984252
21
-3.7099857480314959
0
LINE
8
BLACK
6
CONTINUOUS
10
6.6282992125984252
20
-3.7099857480314959
11
6.6289780314960627
21
-3.7102669291338581
0
LINE
8
BLACK
6
CONTINUOUS
10
6.6289780314960627
20
-3.7102669291338581
11
6.6336068110236219
21
-3.7108762992125985
0
LINE
8
BLACK
6
CONTINUOUS
10
6.6336068110236219
20
-3.7108762992125985
11
6.6351497244094491
21
-3.7110794488188974
0
LINE
8
BLACK
6
CONTINUOUS
10
6.6351497244094491
20
-3.7110794488188974
11
6.6351497637795278
21
-3.7110794488188974
0
LINE
8
BLACK
6
CONTINUOUS
10
6.6351497637795278
20
-3.7110794488188974
11
6.6351498031496066
21
-3.7110794488188974
0
LINE
8
BLACK
6
CONTINUOUS
10
6.6351498031496066
20
-3.7110794488188974
11
6.6363840944881884
21
-3.7109169291338584
0
LINE
8
BLACK
6
CONTINUOUS
10
6.6363840944881884
20
-3.7109169291338584
11
6.641321496062992
21
-3.7102669291338581
0
LINE
8
BLACK
6
CONTINUOUS
10
6.641321496062992
20
-3.7102669291338581
11
6.6470726377952758
21
-3.7078847244094488
0
LINE
8
BLACK
6
CONTINUOUS
10
6.6470726377952758
20
-3.7078847244094488
11
6.6520112598425198
21
-3.7040951968503935
0
LINE
8
BLACK
6
CONTINUOUS
10
6.6520112598425198
20
-3.7040951968503935
11
6.6558007874015743
21
-3.6991565748031494
0
LINE
8
BLACK
6
CONTINUOUS
10
6.6558007874015743
20
-3.6991565748031494
11
6.6581829921259841
21
-3.6934054330708661
0
LINE
8
BLACK
6
CONTINUOUS
10
6.6581829921259841
20
-3.6934054330708661
11
6.6589955118110238
21
-3.6872337007874014
0
LINE
8
BLACK
6
CONTINUOUS
10
6.6589955118110238
20
-3.6872337007874014
11
6.6581829921259841
21
-3.6810619685039367
0
LINE
8
BLACK
6
CONTINUOUS
10
6.6581829921259841
20
-3.6810619685039367
11
6.6562203937007869
21
-3.6763238188976377
0
LINE
8
BLACK
6
CONTINUOUS
10
6.6562203937007869
20
-3.6763238188976377
11
6.6558008267716531
21
-3.6753109055118109
0
LINE
8
BLACK
6
CONTINUOUS
10
6.6558008267716531
20
-3.6753109055118109
11
6.6558008267716531
21
-3.6753108661417322
0
LINE
8
BLACK
6
CONTINUOUS
10
6.6558008267716531
20
-3.6753108661417322
11
6.6520114173228349
21
-3.6703724015748032
0
LINE
8
BLACK
6
CONTINUOUS
10
6.6520114173228349
20
-3.6703724015748032
11
6.6520113779527561
21
-3.6703723622047244
0
LINE
8
BLACK
6
CONTINUOUS
10
6.6520113779527561
20
-3.6703723622047244
11
6.6520112598425198
21
-3.6703722047244094
0
LINE
8
BLACK
6
CONTINUOUS
10
6.6520112598425198
20
-3.6703722047244094
11
6.6520110629921261
21
-3.6703720472440944
0
LINE
8
BLACK
6
CONTINUOUS
10
6.6520110629921261
20
-3.6703720472440944
11
6.6520110236220473
21
-3.6703720078740156
0
LINE
8
BLACK
6
CONTINUOUS
10
6.6520110236220473
20
-3.6703720078740156
11
6.6492089763779525
21
-3.6682219291338583
0
LINE
8
BLACK
6
CONTINUOUS
10
6.6492089763779525
20
-3.6682219291338583
11
6.6470726377952758
21
-3.6665826771653545
0
LINE
8
BLACK
6
CONTINUOUS
10
6.6470726377952758
20
-3.6665826771653545
11
6.647072598425197
21
-3.6665826377952757
0
LINE
8
BLACK
6
CONTINUOUS
10
6.647072598425197
20
-3.6665826377952757
11
6.6470725196850395
21
-3.666582598425197
0
LINE
8
BLACK
6
CONTINUOUS
10
6.6470725196850395
20
-3.666582598425197
11
6.6413216535433071
21
-3.6642005118110235
0
LINE
8
BLACK
6
CONTINUOUS
10
6.6413216535433071
20
-3.6642005118110235
11
6.641321338582677
21
-3.664200433070866
0
LINE
8
BLACK
6
CONTINUOUS
10
6.641321338582677
20
-3.664200433070866
11
6.6351498031496066
21
-3.6633879527559055
0
LINE
8
BLACK
6
CONTINUOUS
10
6.6351498031496066
20
-3.6633879527559055
11
6.6351497244094491
21
-3.6633879527559055
0
LINE
8
BLACK
6
CONTINUOUS
10
6.6351497244094491
20
-3.6633879527559055
11
6.6289781496062989
21
-3.664200433070866
0
LINE
8
BLACK
6
CONTINUOUS
10
6.6289781496062989
20
-3.664200433070866
11
6.6289778346456689
21
-3.6642005118110235
0
LINE
8
BLACK
6
CONTINUOUS
10
6.6289778346456689
20
-3.6642005118110235
11
6.6232269685039364
21
-3.666582598425197
0
LINE
8
BLACK
6
CONTINUOUS
10
6.6232269685039364
20
-3.666582598425197
11
6.6232269291338577
21
-3.666582598425197
0
LINE
8
BLACK
6
CONTINUOUS
10
6.6232269291338577
20
-3.666582598425197
11
6.6180855905511811
21
-3.6705277165354331
0
LINE
8
BLACK
6
CONTINUOUS
10
6.6180855905511811
20
-3.6705277165354331
11
6.6180438188976378
21
-3.6704733070866142
0
LINE
8
BLACK
6
CONTINUOUS
10
6.6180438188976378
20
-3.6704733070866142
11
6.6161897637795271
21
-3.671417992125984
0
LINE
8
BLACK
6
CONTINUOUS
10
6.6161897637795271
20
-3.671417992125984
11
6.6155800393700783
21
-3.6714659842519684
0
LINE
8
BLACK
6
CONTINUOUS
10
6.6155800393700783
20
-3.6714659842519684
11
6.5612618110236216
21
-3.6714659842519684
0
LINE
8
BLACK
6
CONTINUOUS
10
6.5612618110236216
20
-3.6714659842519684
11
6.5589708267716533
21
-3.6707216141732282
0
LINE
8
BLACK
6
CONTINUOUS
10
6.5589708267716533
20
-3.6707216141732282
11
6.5585057480314957
21
-3.6703244094488188
0
LINE
8
BLACK
6
CONTINUOUS
10
6.5585057480314957
20
-3.6703244094488188
11
6.5197385433070867
21
-3.6315572047244093
0
LINE
8
BLACK
6
CONTINUOUS
10
6.5197385433070867
20
-3.6315572047244093
11
6.4806712598425191
21
-3.5924898818897635
0
LINE
8
BLACK
6
CONTINUOUS
10
6.4806712598425191
20
-3.5924898818897635
11
6.4806712204724404
21
-3.5924898425196852
0
LINE
8
BLACK
6
CONTINUOUS
10
6.4806712204724404
20
-3.5924898425196852
11
6.4805734251968499
21
-3.5923920472440942
0
LINE
8
BLACK
6
CONTINUOUS
10
6.4805734251968499
20
-3.5923920472440942
11
6.4797828346456692
21
-3.5916014960629918
0
LINE
8
BLACK
6
CONTINUOUS
10
6.4797828346456692
20
-3.5916014960629918
11
6.4797827952755904
21
-3.5916014566929131
0
LINE
8
BLACK
6
CONTINUOUS
10
6.4797827952755904
20
-3.5916014566929131
11
6.4789365354330704
21
-3.5911702362204725
0
LINE
8
BLACK
6
CONTINUOUS
10
6.4789365354330704
20
-3.5911702362204725
11
6.4784153149606301
21
-3.5908508267716535
0
LINE
8
BLACK
6
CONTINUOUS
10
6.4784153149606301
20
-3.5908508267716535
11
6.4781780314960624
21
-3.5906784251968502
0
LINE
8
BLACK
6
CONTINUOUS
10
6.4781780314960624
20
-3.5906784251968502
11
6.4776468897637791
21
-3.590292559055118
0
LINE
8
BLACK
6
CONTINUOUS
10
6.4776468897637791
20
-3.590292559055118
11
6.4776468110236216
21
-3.5902925196850393
0
LINE
8
BLACK
6
CONTINUOUS
10
6.4776468110236216
20
-3.5902925196850393
11
6.4767434251968501
21
-3.5899989763779527
0
LINE
8
BLACK
6
CONTINUOUS
10
6.4767434251968501
20
-3.5899989763779527
11
6.4761783070866139
21
-3.5897648818897636
0
LINE
8
BLACK
6
CONTINUOUS
10
6.4761783070866139
20
-3.5897648818897636
11
6.4753325590551176
21
-3.5893338976377951
0
LINE
8
BLACK
6
CONTINUOUS
10
6.4753325590551176
20
-3.5893338976377951
11
6.4743942913385828
21
-3.5891852755905509
0
LINE
8
BLACK
6
CONTINUOUS
10
6.4743942913385828
20
-3.5891852755905509
11
6.473799803149606
21
-3.5890425196850391
0
LINE
8
BLACK
6
CONTINUOUS
10
6.473799803149606
20
-3.5890425196850391
11
6.4728967716535433
21
-3.5887490944881888
0
LINE
8
BLACK
6
CONTINUOUS
10
6.4728967716535433
20
-3.5887490944881888
11
6.4728966141732283
21
-3.5887490944881888
0
LINE
8
BLACK
6
CONTINUOUS
10
6.4728966141732283
20
-3.5887490944881888
11
6.4716401574803148
21
-3.5887490944881888
0
LINE
8
BLACK
6
CONTINUOUS
10
6.4716401574803148
20
-3.5887490944881888
11
6.3619859842519686
21
-3.5887490944881888
0
LINE
8
BLACK
6
CONTINUOUS
10
6.3619859842519686
20
-3.5887490944881888
11
6.3596949999999994
21
-3.5880047244094486
0
LINE
8
BLACK
6
CONTINUOUS
10
6.3596949999999994
20
-3.5880047244094486
11
6.3592299212598427
21
-3.5876075196850392
0
LINE
8
BLACK
6
CONTINUOUS
10
6.3592299212598427
20
-3.5876075196850392
11
6.3592070078740157
21
-3.5875846062992127
0
LINE
8
BLACK
6
CONTINUOUS
10
6.3592070078740157
20
-3.5875846062992127
11
6.3592068897637795
21
-3.5875844488188977
0
LINE
8
BLACK
6
CONTINUOUS
10
6.3592068897637795
20
-3.5875844488188977
11
6.3592066929133857
21
-3.5875842913385827
0
LINE
8
BLACK
6
CONTINUOUS
10
6.3592066929133857
20
-3.5875842913385827
11
6.3592066535433069
21
-3.5875842519685039
0
LINE
8
BLACK
6
CONTINUOUS
10
6.3592066535433069
20
-3.5875842519685039
11
6.3542681496062992
21
-3.5837948425196848
0
LINE
8
BLACK
6
CONTINUOUS
10
6.3542681496062992
20
-3.5837948425196848
11
6.3485172834645667
21
-3.5814127559055118
0
LINE
8
BLACK
6
CONTINUOUS
10
6.3485172834645667
20
-3.5814127559055118
11
6.3485169685039367
21
-3.5814126771653543
0
LINE
8
BLACK
6
CONTINUOUS
10
6.3485169685039367
20
-3.5814126771653543
11
6.3423454330708662
21
-3.5806001968503938
0
LINE
8
BLACK
6
CONTINUOUS
10
6.3423454330708662
20
-3.5806001968503938
11
6.3423453543307087
21
-3.5806001968503938
0
LINE
8
BLACK
6
CONTINUOUS
10
6.3423453543307087
20
-3.5806001968503938
11
6.3361737795275586
21
-3.5814126771653543
0
LINE
8
BLACK
6
CONTINUOUS
10
5.7576415748031495
20
-3.6893576771653542
11
5.757641653543307
21
-3.6893579921259843
0
LINE
8
BLACK
6
CONTINUOUS
10
5.757641653543307
20
-3.6893579921259843
11
5.7600237401574805
21
-3.6951088582677163
0
LINE
8
BLACK
6
CONTINUOUS
10
5.7600237401574805
20
-3.6951088582677163
11
5.7600237401574805
21
-3.695108897637795
0
LINE
8
BLACK
6
CONTINUOUS
10
5.7600237401574805
20
-3.695108897637795
11
5.7635984645669289
21
-3.6997675590551182
0
LINE
8
BLACK
6
CONTINUOUS
10
5.7635984645669289
20
-3.6997675590551182
11
5.7638133464566925
21
-3.7000475984251966
0
LINE
8
BLACK
6
CONTINUOUS
10
5.7638133464566925
20
-3.7000475984251966
11
5.7687519685039366
21
-3.703837125984252
0
LINE
8
BLACK
6
CONTINUOUS
10
5.7687519685039366
20
-3.703837125984252
11
5.7687520078740153
21
-3.703837125984252
0
LINE
8
BLACK
6
CONTINUOUS
10
5.7687520078740153
20
-3.703837125984252
11
5.7687520472440941
21
-3.7038371653543307
0
LINE
8
BLACK
6
CONTINUOUS
10
5.7687520472440941
20
-3.7038371653543307
11
5.7738266535433072
21
-3.7059391338582675
0
LINE
8
BLACK
6
CONTINUOUS
10
5.7738266535433072
20
-3.7059391338582675
11
5.7745031102362203
21
-3.7062193307086613
0
LINE
8
BLACK
6
CONTINUOUS
10
5.7745031102362203
20
-3.7062193307086613
11
5.7791318897637796
21
-3.7068287007874017
0
LINE
8
BLACK
6
CONTINUOUS
10
5.7791318897637796
20
-3.7068287007874017
11
5.7806748031496058
21
-3.7070318503937005
0
LINE
8
BLACK
6
CONTINUOUS
10
5.7806748031496058
20
-3.7070318503937005
11
5.7806748425196846
21
-3.7070318503937005
0
LINE
8
BLACK
6
CONTINUOUS
10
5.7806748425196846
20
-3.7070318503937005
11
5.7806748818897633
21
-3.7070318503937005
0
LINE
8
BLACK
6
CONTINUOUS
10
5.7806748818897633
20
-3.7070318503937005
11
5.7819091732283461
21
-3.7068693307086615
0
LINE
8
BLACK
6
CONTINUOUS
10
5.7819091732283461
20
-3.7068693307086615
11
5.7868465748031497
21
-3.7062193307086613
0
LINE
8
BLACK
6
CONTINUOUS
10
5.7868465748031497
20
-3.7062193307086613
11
5.7925977165354325
21
-3.703837125984252
0
LINE
8
BLACK
6
CONTINUOUS
10
5.7925977165354325
20
-3.703837125984252
11
5.7975363385826775
21
-3.7000475984251966
0
LINE
8
BLACK
6
CONTINUOUS
10
5.7975363385826775
20
-3.7000475984251966
11
5.801325866141732
21
-3.6951089763779525
0
LINE
8
BLACK
6
CONTINUOUS
10
5.801325866141732
20
-3.6951089763779525
11
5.8037080708661417
21
-3.6893578346456692
0
LINE
8
BLACK
6
CONTINUOUS
10
5.8037080708661417
20
-3.6893578346456692
11
5.8045205905511814
21
-3.6831861023622046
0
LINE
8
BLACK
6
CONTINUOUS
10
5.8045205905511814
20
-3.6831861023622046
11
5.8037080708661417
21
-3.6770143700787399
0
LINE
8
BLACK
6
CONTINUOUS
10
5.8037080708661417
20
-3.6770143700787399
11
5.8034220472440943
21
-3.6763238188976377
0
LINE
8
BLACK
6
CONTINUOUS
10
5.8034220472440943
20
-3.6763238188976377
11
5.8013259055118107
21
-3.6712633070866141
0
LINE
8
BLACK
6
CONTINUOUS
10
5.8013259055118107
20
-3.6712633070866141
11
5.8013259055118107
21
-3.6712632677165353
0
LINE
8
BLACK
6
CONTINUOUS
10
5.8013259055118107
20
-3.6712632677165353
11
5.7975364960629916
21
-3.6663248031496063
0
LINE
8
BLACK
6
CONTINUOUS
10
5.7975364960629916
20
-3.6663248031496063
11
5.7975364566929128
21
-3.6663247637795275
0
LINE
8
BLACK
6
CONTINUOUS
10
5.7975364566929128
20
-3.6663247637795275
11
5.7975363385826775
21
-3.6663246062992125
0
LINE
8
BLACK
6
CONTINUOUS
10
5.7975363385826775
20
-3.6663246062992125
11
5.7975361417322837
21
-3.6663244488188975
0
LINE
8
BLACK
6
CONTINUOUS
10
5.7975361417322837
20
-3.6663244488188975
11
5.797536102362205
21
-3.6663244094488188
0
LINE
8
BLACK
6
CONTINUOUS
10
5.797536102362205
20
-3.6663244094488188
11
5.7937092125984249
21
-3.6633879527559055
0
LINE
8
BLACK
6
CONTINUOUS
10
5.7937092125984249
20
-3.6633879527559055
11
5.7925977165354325
21
-3.6625350787401576
0
LINE
8
BLACK
6
CONTINUOUS
10
5.7925977165354325
20
-3.6625350787401576
11
5.7925976771653538
21
-3.6625350393700788
0
LINE
8
BLACK
6
CONTINUOUS
10
5.7925976771653538
20
-3.6625350393700788
11
5.7925975984251963
21
-3.6625350000000001
0
LINE
8
BLACK
6
CONTINUOUS
10
5.7925975984251963
20
-3.6625350000000001
11
5.7868467322834647
21
-3.6601529133858266
0
LINE
8
BLACK
6
CONTINUOUS
10
5.7868467322834647
20
-3.6601529133858266
11
5.7868464173228347
21
-3.6601528346456691
0
LINE
8
BLACK
6
CONTINUOUS
10
5.7868464173228347
20
-3.6601528346456691
11
5.7806748818897633
21
-3.6593403543307086
0
LINE
8
BLACK
6
CONTINUOUS
10
5.7806748818897633
20
-3.6593403543307086
11
5.7806748031496058
21
-3.6593403543307086
0
LINE
8
BLACK
6
CONTINUOUS
10
5.7806748031496058
20
-3.6593403543307086
11
5.7745032283464566
21
-3.6601528346456691
0
LINE
8
BLACK
6
CONTINUOUS
10
5.7745032283464566
20
-3.6601528346456691
11
5.7745029133858266
21
-3.6601529133858266
0
LINE
8
BLACK
6
CONTINUOUS
10
5.7745029133858266
20
-3.6601529133858266
11
5.7687520472440941
21
-3.6625350000000001
0
LINE
8
BLACK
6
CONTINUOUS
10
5.7687520472440941
20
-3.6625350000000001
11
5.7687520078740153
21
-3.6625350000000001
0
LINE
8
BLACK
6
CONTINUOUS
10
5.7687520078740153
20
-3.6625350000000001
11
5.7638135433070863
21
-3.6663244094488188
0
LINE
8
BLACK
6
CONTINUOUS
10
5.7638135433070863
20
-3.6663244094488188
11
5.7638131496062988
21
-3.6663248031496063
0
LINE
8
BLACK
6
CONTINUOUS
10
5.7638131496062988
20
-3.6663248031496063
11
5.7600237401574805
21
-3.6712632677165353
0
LINE
8
BLACK
6
CONTINUOUS
10
5.7600237401574805
20
-3.6712632677165353
11
5.7600237401574805
21
-3.6712633070866141
0
LINE
8
BLACK
6
CONTINUOUS
10
5.7600237401574805
20
-3.6712633070866141
11
5.757641653543307
21
-3.6770141732283466
0
LINE
8
BLACK
6
CONTINUOUS
10
5.757641653543307
20
-3.6770141732283466
11
5.7576415748031495
21
-3.6770144881889761
0
LINE
8
BLACK
6
CONTINUOUS
10
5.7576415748031495
20
-3.6770144881889761
11
5.7568290944881886
21
-3.6831860629921258
0
LINE
8
BLACK
6
CONTINUOUS
10
5.7568290944881886
20
-3.6831860629921258
11
5.7568290944881886
21
-3.6831861023622046
0
LINE
8
BLACK
6
CONTINUOUS
10
5.7568290944881886
20
-3.6831861023622046
11
5.7576415748031495
21
-3.6893576771653542
0
LINE
8
BLACK
6
CONTINUOUS
10
5.5866651968503938
20
-3.6826647637795276
11
5.5866652755905513
21
-3.6826650787401576
0
LINE
8
BLACK
6
CONTINUOUS
10
5.5866652755905513
20
-3.6826650787401576
11
5.5890473622047239
21
-3.6884159448818896
0
LINE
8
BLACK
6
CONTINUOUS
10
5.5890473622047239
20
-3.6884159448818896
11
5.5890473622047239
21
-3.6884159842519684
0
LINE
8
BLACK
6
CONTINUOUS
10
5.5890473622047239
20
-3.6884159842519684
11
5.592836771653543
21
-3.6933544488188974
0
LINE
8
BLACK
6
CONTINUOUS
10
5.592836771653543
20
-3.6933544488188974
11
5.5928369685039367
21
-3.6933546850393699
0
LINE
8
BLACK
6
CONTINUOUS
10
5.5928369685039367
20
-3.6933546850393699
11
5.5928371259842518
21
-3.6933548031496062
0
LINE
8
BLACK
6
CONTINUOUS
10
5.5928371259842518
20
-3.6933548031496062
11
5.5928371653543305
21
-3.6933548425196849
0
LINE
8
BLACK
6
CONTINUOUS
10
5.5928371653543305
20
-3.6933548425196849
11
5.5934414173228344
21
-3.6938185039370079
0
LINE
8
BLACK
6
CONTINUOUS
10
5.5934414173228344
20
-3.6938185039370079
11
5.5977755905511808
21
-3.6971442125984253
0
LINE
8
BLACK
6
CONTINUOUS
10
5.5977755905511808
20
-3.6971442125984253
11
5.5977756299212595
21
-3.6971442125984253
0
LINE
8
BLACK
6
CONTINUOUS
10
5.5977756299212595
20
-3.6971442125984253
11
5.5977756692913383
21
-3.697144251968504
0
LINE
8
BLACK
6
CONTINUOUS
10
5.5977756692913383
20
-3.697144251968504
11
5.6026336614173227
21
-3.6991564960629919
0
LINE
8
BLACK
6
CONTINUOUS
10
5.6026336614173227
20
-3.6991564960629919
11
5.6035267322834645
21
-3.6995264173228346
0
LINE
8
BLACK
6
CONTINUOUS
10
5.6035267322834645
20
-3.6995264173228346
11
5.6074867322834647
21
-3.7000477559055116
0
LINE
8
BLACK
6
CONTINUOUS
10
5.6074867322834647
20
-3.7000477559055116
11
5.60969842519685
21
-3.7003389370078739
0
LINE
8
BLACK
6
CONTINUOUS
10
5.60969842519685
20
-3.7003389370078739
11
5.6096984645669288
21
-3.7003389370078739
0
LINE
8
BLACK
6
CONTINUOUS
10
5.6096984645669288
20
-3.7003389370078739
11
5.6096985039370075
21
-3.7003389370078739
0
LINE
8
BLACK
6
CONTINUOUS
10
5.6096985039370075
20
-3.7003389370078739
11
5.6109327952755903
21
-3.7001764173228344
0
LINE
8
BLACK
6
CONTINUOUS
10
5.6109327952755903
20
-3.7001764173228344
11
5.6158701968503939
21
-3.6995264173228346
0
LINE
8
BLACK
6
CONTINUOUS
10
5.6158701968503939
20
-3.6995264173228346
11
5.6216213385826768
21
-3.6971442125984253
0
LINE
8
BLACK
6
CONTINUOUS
10
5.6216213385826768
20
-3.6971442125984253
11
5.6265599606299208
21
-3.6933546850393699
0
LINE
8
BLACK
6
CONTINUOUS
10
5.6265599606299208
20
-3.6933546850393699
11
5.6303494881889762
21
-3.6884160629921259
0
LINE
8
BLACK
6
CONTINUOUS
10
5.6303494881889762
20
-3.6884160629921259
11
5.6325158267716535
21
-3.6831861023622046
0
LINE
8
BLACK
6
CONTINUOUS
10
5.6325158267716535
20
-3.6831861023622046
11
5.6327316929133859
21
-3.6826649212598426
0
LINE
8
BLACK
6
CONTINUOUS
10
5.6327316929133859
20
-3.6826649212598426
11
5.6335442125984247
21
-3.6764931889763779
0
LINE
8
BLACK
6
CONTINUOUS
10
5.6335442125984247
20
-3.6764931889763779
11
5.6333885433070865
21
-3.6753109055118109
0
LINE
8
BLACK
6
CONTINUOUS
10
5.6333885433070865
20
-3.6753109055118109
11
5.6332407086614174
21
-3.6741877952755906
0
LINE
8
BLACK
6
CONTINUOUS
10
5.6332407086614174
20
-3.6741877952755906
11
5.6327316929133859
21
-3.6703214566929132
0
LINE
8
BLACK
6
CONTINUOUS
10
5.6327316929133859
20
-3.6703214566929132
11
5.6311829921259839
21
-3.666582598425197
0
LINE
8
BLACK
6
CONTINUOUS
10
5.6311829921259839
20
-3.666582598425197
11
5.6303495275590549
21
-3.6645703937007874
0
LINE
8
BLACK
6
CONTINUOUS
10
5.6303495275590549
20
-3.6645703937007874
11
5.6303495275590549
21
-3.6645703543307087
0
LINE
8
BLACK
6
CONTINUOUS
10
5.6303495275590549
20
-3.6645703543307087
11
5.6265601181102358
21
-3.6596318897637796
0
LINE
8
BLACK
6
CONTINUOUS
10
5.6265601181102358
20
-3.6596318897637796
11
5.6265600787401571
21
-3.6596318503937009
0
LINE
8
BLACK
6
CONTINUOUS
10
5.6265600787401571
20
-3.6596318503937009
11
5.6265599606299208
21
-3.6596316929133859
0
LINE
8
BLACK
6
CONTINUOUS
10
5.6265599606299208
20
-3.6596316929133859
11
5.626559763779527
21
-3.6596315354330708
0
LINE
8
BLACK
6
CONTINUOUS
10
5.626559763779527
20
-3.6596315354330708
11
5.6265597244094483
21
-3.6596314960629921
0
LINE
8
BLACK
6
CONTINUOUS
10
5.6265597244094483
20
-3.6596314960629921
11
5.6216212204724405
21
-3.655842086614173
0
LINE
8
BLACK
6
CONTINUOUS
10
5.6216212204724405
20
-3.655842086614173
11
5.6158703543307089
21
-3.6534599999999999
0
LINE
8
BLACK
6
CONTINUOUS
10
5.6158703543307089
20
-3.6534599999999999
11
5.6158700393700789
21
-3.6534599212598424
0
LINE
8
BLACK
6
CONTINUOUS
10
5.6158700393700789
20
-3.6534599212598424
11
5.6096985039370075
21
-3.6526474409448819
0
LINE
8
BLACK
6
CONTINUOUS
10
5.6096985039370075
20
-3.6526474409448819
11
5.60969842519685
21
-3.6526474409448819
0
LINE
8
BLACK
6
CONTINUOUS
10
5.60969842519685
20
-3.6526474409448819
11
5.6035268503937008
21
-3.6534599212598424
0
LINE
8
BLACK
6
CONTINUOUS
10
5.6035268503937008
20
-3.6534599212598424
11
5.6035265354330708
21
-3.6534599999999999
0
LINE
8
BLACK
6
CONTINUOUS
10
5.6035265354330708
20
-3.6534599999999999
11
5.5977756692913383
21
-3.655842086614173
0
LINE
8
BLACK
6
CONTINUOUS
10
5.5977756692913383
20
-3.655842086614173
11
5.5977756299212595
21
-3.655842086614173
0
LINE
8
BLACK
6
CONTINUOUS
10
5.5977756299212595
20
-3.655842086614173
11
5.5928371653543305
21
-3.6596314960629921
0
LINE
8
BLACK
6
CONTINUOUS
10
5.5928371653543305
20
-3.6596314960629921
11
5.592836771653543
21
-3.6596318897637796
0
LINE
8
BLACK
6
CONTINUOUS
10
5.592836771653543
20
-3.6596318897637796
11
5.5890473622047239
21
-3.6645703543307087
0
LINE
8
BLACK
6
CONTINUOUS
10
5.5890473622047239
20
-3.6645703543307087
11
5.5890473622047239
21
-3.6645703937007874
0
LINE
8
BLACK
6
CONTINUOUS
10
5.5890473622047239
20
-3.6645703937007874
11
5.5866652755905513
21
-3.6703212598425194
0
LINE
8
BLACK
6
CONTINUOUS
10
5.5866652755905513
20
-3.6703212598425194
11
5.5866651968503938
21
-3.6703215748031495
0
LINE
8
BLACK
6
CONTINUOUS
10
5.5866651968503938
20
-3.6703215748031495
11
5.5858527165354328
21
-3.6764931496062991
0
LINE
8
BLACK
6
CONTINUOUS
10
5.5858527165354328
20
-3.6764931496062991
11
5.5858527165354328
21
-3.6764931889763779
0
LINE
8
BLACK
6
CONTINUOUS
10
5.5858527165354328
20
-3.6764931889763779
11
5.5866651968503938
21
-3.6826647637795276
0
LINE
8
BLACK
6
CONTINUOUS
10
5.8252074015748034
20
-3.6128277559055118
11
5.8252070866141734
21
-3.6128278346456693
0
LINE
8
BLACK
6
CONTINUOUS
10
5.8252070866141734
20
-3.6128278346456693
11
5.8194562204724409
21
-3.6152099212598423
0
LINE
8
BLACK
6
CONTINUOUS
10
5.8194562204724409
20
-3.6152099212598423
11
5.8194561811023622
21
-3.6152099212598423
0
LINE
8
BLACK
6
CONTINUOUS
10
5.8194561811023622
20
-3.6152099212598423
11
5.8145177165354331
21
-3.6189993307086614
0
LINE
8
BLACK
6
CONTINUOUS
10
5.8145177165354331
20
-3.6189993307086614
11
5.8145173228346456
21
-3.6189997244094489
0
LINE
8
BLACK
6
CONTINUOUS
10
5.8145173228346456
20
-3.6189997244094489
11
5.8107279133858265
21
-3.623938188976378
0
LINE
8
BLACK
6
CONTINUOUS
10
5.8107279133858265
20
-3.623938188976378
11
5.8107279133858265
21
-3.6239382283464567
0
LINE
8
BLACK
6
CONTINUOUS
10
5.8107279133858265
20
-3.6239382283464567
11
5.808345826771653
21
-3.6296890944881888
0
LINE
8
BLACK
6
CONTINUOUS
10
5.808345826771653
20
-3.6296890944881888
11
5.8083457480314955
21
-3.6296894094488188
0
LINE
8
BLACK
6
CONTINUOUS
10
5.8083457480314955
20
-3.6296894094488188
11
5.8075332677165354
21
-3.6358609842519685
0
LINE
8
BLACK
6
CONTINUOUS
10
5.8075332677165354
20
-3.6358609842519685
11
5.8075332677165354
21
-3.6358610236220472
0
LINE
8
BLACK
6
CONTINUOUS
10
5.8075332677165354
20
-3.6358610236220472
11
5.8083457480314955
21
-3.6420325984251969
0
LINE
8
BLACK
6
CONTINUOUS
10
5.8083457480314955
20
-3.6420325984251969
11
5.808345826771653
21
-3.6420329133858269
0
LINE
8
BLACK
6
CONTINUOUS
10
5.808345826771653
20
-3.6420329133858269
11
5.8107279133858265
21
-3.6477837795275589
0
LINE
8
BLACK
6
CONTINUOUS
10
5.8107279133858265
20
-3.6477837795275589
11
5.8107279133858265
21
-3.6477838188976377
0
LINE
8
BLACK
6
CONTINUOUS
10
5.8107279133858265
20
-3.6477838188976377
11
5.8145173228346456
21
-3.6527222834645667
0
LINE
8
BLACK
6
CONTINUOUS
10
5.8145173228346456
20
-3.6527222834645667
11
5.8145175196850394
21
-3.6527225196850392
0
LINE
8
BLACK
6
CONTINUOUS
10
5.8145175196850394
20
-3.6527225196850392
11
5.8194561417322834
21
-3.6565120472440946
0
LINE
8
BLACK
6
CONTINUOUS
10
5.8194561417322834
20
-3.6565120472440946
11
5.8194561811023622
21
-3.6565120472440946
0
LINE
8
BLACK
6
CONTINUOUS
10
5.8194561811023622
20
-3.6565120472440946
11
5.8194562204724409
21
-3.6565120866141729
0
LINE
8
BLACK
6
CONTINUOUS
10
5.8194562204724409
20
-3.6565120866141729
11
5.8252070866141734
21
-3.6588941732283464
0
LINE
8
BLACK
6
CONTINUOUS
10
5.8252070866141734
20
-3.6588941732283464
11
5.8252072834645672
21
-3.6588942519685039
0
LINE
8
BLACK
6
CONTINUOUS
10
5.8252072834645672
20
-3.6588942519685039
11
5.8298360629921255
21
-3.6595036220472439
0
LINE
8
BLACK
6
CONTINUOUS
10
5.8298360629921255
20
-3.6595036220472439
11
5.8313789763779527
21
-3.6597067716535432
0
LINE
8
BLACK
6
CONTINUOUS
10
5.8313789763779527
20
-3.6597067716535432
11
5.8313790157480314
21
-3.6597067716535432
0
LINE
8
BLACK
6
CONTINUOUS
10
5.8313790157480314
20
-3.6597067716535432
11
5.8313790551181102
21
-3.6597067716535432
0
LINE
8
BLACK
6
CONTINUOUS
10
5.8313790551181102
20
-3.6597067716535432
11
5.8326133464566929
21
-3.6595442519685037
0
LINE
8
BLACK
6
CONTINUOUS
10
5.8326133464566929
20
-3.6595442519685037
11
5.8375507480314957
21
-3.6588942519685039
0
LINE
8
BLACK
6
CONTINUOUS
10
5.8375507480314957
20
-3.6588942519685039
11
5.8433018897637794
21
-3.6565120472440946
0
LINE
8
BLACK
6
CONTINUOUS
10
5.8433018897637794
20
-3.6565120472440946
11
5.8482405118110234
21
-3.6527225196850392
0
LINE
8
BLACK
6
CONTINUOUS
10
5.8482405118110234
20
-3.6527225196850392
11
5.8520300393700788
21
-3.6477838976377952
0
LINE
8
BLACK
6
CONTINUOUS
10
5.8520300393700788
20
-3.6477838976377952
11
5.8544122440944877
21
-3.6420327559055119
0
LINE
8
BLACK
6
CONTINUOUS
10
5.8544122440944877
20
-3.6420327559055119
11
5.8552247637795274
21
-3.6358610236220472
0
LINE
8
BLACK
6
CONTINUOUS
10
5.8552247637795274
20
-3.6358610236220472
11
5.8544122440944877
21
-3.6296892913385825
0
LINE
8
BLACK
6
CONTINUOUS
10
5.8544122440944877
20
-3.6296892913385825
11
5.8520300787401576
21
-3.6239382283464567
0
LINE
8
BLACK
6
CONTINUOUS
10
5.8520300787401576
20
-3.6239382283464567
11
5.8520300787401576
21
-3.623938188976378
0
LINE
8
BLACK
6
CONTINUOUS
10
5.8520300787401576
20
-3.623938188976378
11
5.8482406692913385
21
-3.6189997244094489
0
LINE
8
BLACK
6
CONTINUOUS
10
5.8482406692913385
20
-3.6189997244094489
11
5.8482406299212597
21
-3.6189996850393702
0
LINE
8
BLACK
6
CONTINUOUS
10
5.8482406299212597
20
-3.6189996850393702
11
5.8482405118110234
21
-3.6189995275590552
0
LINE
8
BLACK
6
CONTINUOUS
10
5.8482405118110234
20
-3.6189995275590552
11
5.8482403149606297
21
-3.6189993700787402
0
LINE
8
BLACK
6
CONTINUOUS
10
5.8482403149606297
20
-3.6189993700787402
11
5.8482402755905509
21
-3.6189993307086614
0
LINE
8
BLACK
6
CONTINUOUS
10
5.8482402755905509
20
-3.6189993307086614
11
5.8433017716535431
21
-3.6152099212598423
0
LINE
8
BLACK
6
CONTINUOUS
10
5.8433017716535431
20
-3.6152099212598423
11
5.8375509055118107
21
-3.6128278346456693
0
LINE
8
BLACK
6
CONTINUOUS
10
5.8375509055118107
20
-3.6128278346456693
11
5.8375505905511806
21
-3.6128277559055118
0
LINE
8
BLACK
6
CONTINUOUS
10
5.8375505905511806
20
-3.6128277559055118
11
5.8313790551181102
21
-3.6120152755905512
0
LINE
8
BLACK
6
CONTINUOUS
10
5.8313790551181102
20
-3.6120152755905512
11
5.8313789763779527
21
-3.6120152755905512
0
LINE
8
BLACK
6
CONTINUOUS
10
5.8313789763779527
20
-3.6120152755905512
11
5.8252074015748034
21
-3.6128277559055118
0
LINE
8
BLACK
6
CONTINUOUS
10
5.9937080708661412
20
-3.3073450787401573
11
5.9913259055118111
21
-3.3015940157480315
0
LINE
8
BLACK
6
CONTINUOUS
10
5.9913259055118111
20
-3.3015940157480315
11
5.9913259055118111
21
-3.3015939763779527
0
LINE
8
BLACK
6
CONTINUOUS
10
5.9913259055118111
20
-3.3015939763779527
11
5.987536496062992
21
-3.2966555118110237
0
LINE
8
BLACK
6
CONTINUOUS
10
5.987536496062992
20
-3.2966555118110237
11
5.9875364566929132
21
-3.2966554724409449
0
LINE
8
BLACK
6
CONTINUOUS
10
5.9875364566929132
20
-3.2966554724409449
11
5.987536338582677
21
-3.2966553149606299
0
LINE
8
BLACK
6
CONTINUOUS
10
5.987536338582677
20
-3.2966553149606299
11
5.9875361417322832
21
-3.2966551574803149
0
LINE
8
BLACK
6
CONTINUOUS
10
5.9875361417322832
20
-3.2966551574803149
11
5.9875361023622045
21
-3.2966551181102361
0
LINE
8
BLACK
6
CONTINUOUS
10
5.9875361023622045
20
-3.2966551181102361
11
5.983613149606299
21
-3.2936449606299214
0
LINE
8
BLACK
6
CONTINUOUS
10
5.983613149606299
20
-3.2936449606299214
11
5.9825977165354329
21
-3.2928657874015745
0
LINE
8
BLACK
6
CONTINUOUS
10
5.9825977165354329
20
-3.2928657874015745
11
5.9825976771653542
21
-3.2928657480314958
0
LINE
8
BLACK
6
CONTINUOUS
10
5.9825976771653542
20
-3.2928657480314958
11
5.9825975984251967
21
-3.292865708661417
0
LINE
8
BLACK
6
CONTINUOUS
10
5.9825975984251967
20
-3.292865708661417
11
5.9768467322834642
21
-3.290483622047244
0
LINE
8
BLACK
6
CONTINUOUS
10
5.9768467322834642
20
-3.290483622047244
11
5.9768464173228342
21
-3.2904835433070865
0
LINE
8
BLACK
6
CONTINUOUS
10
5.9768464173228342
20
-3.2904835433070865
11
5.9706748818897637
21
-3.289671062992126
0
LINE
8
BLACK
6
CONTINUOUS
10
5.9706748818897637
20
-3.289671062992126
11
5.9706748031496062
21
-3.289671062992126
0
LINE
8
BLACK
6
CONTINUOUS
10
5.9706748031496062
20
-3.289671062992126
11
5.964503228346457
21
-3.2904835433070865
0
LINE
8
BLACK
6
CONTINUOUS
10
5.964503228346457
20
-3.2904835433070865
11
5.9645029133858269
21
-3.290483622047244
0
LINE
8
BLACK
6
CONTINUOUS
10
5.9645029133858269
20
-3.290483622047244
11
5.9587520472440945
21
-3.292865708661417
0
LINE
8
BLACK
6
CONTINUOUS
10
5.9587520472440945
20
-3.292865708661417
11
5.9587520078740157
21
-3.292865708661417
0
LINE
8
BLACK
6
CONTINUOUS
10
5.9587520078740157
20
-3.292865708661417
11
5.9538135433070867
21
-3.2966551181102361
0
LINE
8
BLACK
6
CONTINUOUS
10
5.9538135433070867
20
-3.2966551181102361
11
5.9538131496062991
21
-3.2966555118110237
0
LINE
8
BLACK
6
CONTINUOUS
10
5.9538131496062991
20
-3.2966555118110237
11
5.95002374015748
21
-3.3015939763779527
0
LINE
8
BLACK
6
CONTINUOUS
10
5.95002374015748
20
-3.3015939763779527
11
5.95002374015748
21
-3.3015940157480315
0
LINE
8
BLACK
6
CONTINUOUS
10
5.95002374015748
20
-3.3015940157480315
11
5.9476416535433065
21
-3.3073448818897635
0
LINE
8
BLACK
6
CONTINUOUS
10
5.9476416535433065
20
-3.3073448818897635
11
5.947641574803149
21
-3.3073451968503935
0
LINE
8
BLACK
6
CONTINUOUS
10
5.947641574803149
20
-3.3073451968503935
11
5.946829094488189
21
-3.3135167716535432
0
LINE
8
BLACK
6
CONTINUOUS
10
5.946829094488189
20
-3.3135167716535432
11
5.946829094488189
21
-3.3135168110236219
0
LINE
8
BLACK
6
CONTINUOUS
10
5.946829094488189
20
-3.3135168110236219
11
5.947641574803149
21
-3.3196883858267716
0
LINE
8
BLACK
6
CONTINUOUS
10
5.947641574803149
20
-3.3196883858267716
11
5.9476416535433065
21
-3.3196887007874016
0
LINE
8
BLACK
6
CONTINUOUS
10
5.9476416535433065
20
-3.3196887007874016
11
5.95002374015748
21
-3.3254395669291337
0
LINE
8
BLACK
6
CONTINUOUS
10
5.95002374015748
20
-3.3254395669291337
11
5.95002374015748
21
-3.3254396062992124
0
LINE
8
BLACK
6
CONTINUOUS
10
5.95002374015748
20
-3.3254396062992124
11
5.9538131496062991
21
-3.3303780708661415
0
LINE
8
BLACK
6
CONTINUOUS
10
5.9538131496062991
20
-3.3303780708661415
11
5.9538133464566929
21
-3.330378307086614
0
LINE
8
BLACK
6
CONTINUOUS
10
5.9538133464566929
20
-3.330378307086614
11
5.958751968503937
21
-3.3341678346456693
0
LINE
8
BLACK
6
CONTINUOUS
10
5.958751968503937
20
-3.3341678346456693
11
5.9587520078740157
21
-3.3341678346456693
0
LINE
8
BLACK
6
CONTINUOUS
10
5.9587520078740157
20
-3.3341678346456693
11
5.9587520472440945
21
-3.3341678740157481
0
LINE
8
BLACK
6
CONTINUOUS
10
5.9587520472440945
20
-3.3341678740157481
11
5.9617167716535429
21
-3.335395905511811
0
LINE
8
BLACK
6
CONTINUOUS
10
5.9617167716535429
20
-3.335395905511811
11
5.9645031102362207
21
-3.3365500393700787
0
LINE
8
BLACK
6
CONTINUOUS
10
5.9645031102362207
20
-3.3365500393700787
11
5.9691318897637791
21
-3.3371594094488186
0
LINE
8
BLACK
6
CONTINUOUS
10
5.9691318897637791
20
-3.3371594094488186
11
5.9706748031496062
21
-3.3373625590551179
0
LINE
8
BLACK
6
CONTINUOUS
10
5.9706748031496062
20
-3.3373625590551179
11
5.9706748425196849
21
-3.3373625590551179
0
LINE
8
BLACK
6
CONTINUOUS
10
5.9706748425196849
20
-3.3373625590551179
11
5.9706748818897637
21
-3.3373625590551179
0
LINE
8
BLACK
6
CONTINUOUS
10
5.9706748818897637
20
-3.3373625590551179
11
5.9719091732283465
21
-3.3372000393700785
0
LINE
8
BLACK
6
CONTINUOUS
10
5.9719091732283465
20
-3.3372000393700785
11
5.9768465748031492
21
-3.3365500393700787
0
LINE
8
BLACK
6
CONTINUOUS
10
5.9768465748031492
20
-3.3365500393700787
11
5.9825977165354329
21
-3.3341678346456693
0
LINE
8
BLACK
6
CONTINUOUS
10
5.9825977165354329
20
-3.3341678346456693
11
5.987536338582677
21
-3.330378307086614
0
LINE
8
BLACK
6
CONTINUOUS
10
5.987536338582677
20
-3.330378307086614
11
5.9913258661417323
21
-3.3254396850393699
0
LINE
8
BLACK
6
CONTINUOUS
10
5.9913258661417323
20
-3.3254396850393699
11
5.9937080708661412
21
-3.3196885433070866
0
LINE
8
BLACK
6
CONTINUOUS
10
5.9937080708661412
20
-3.3196885433070866
11
5.9945205905511809
21
-3.3135168110236219
0
LINE
8
BLACK
6
CONTINUOUS
10
5.9945205905511809
20
-3.3135168110236219
11
5.9942572834645667
21
-3.3115168110236222
0
LINE
8
BLACK
6
CONTINUOUS
10
5.9942572834645667
20
-3.3115168110236222
11
5.9937080708661412
21
-3.3073450787401573
0
LINE
8
BLACK
6
CONTINUOUS
10
6.3556415748031494
20
-3.3176883858267714
11
6.3556416535433069
21
-3.3176887007874014
0
LINE
8
BLACK
6
CONTINUOUS
10
6.3556416535433069
20
-3.3176887007874014
11
6.3580237401574804
21
-3.3234395669291339
0
LINE
8
BLACK
6
CONTINUOUS
10
6.3580237401574804
20
-3.3234395669291339
11
6.3580237401574804
21
-3.3234396062992126
0
LINE
8
BLACK
6
CONTINUOUS
10
6.3580237401574804
20
-3.3234396062992126
11
6.361568149606299
21
-3.3280587795275589
0
LINE
8
BLACK
6
CONTINUOUS
10
6.361568149606299
20
-3.3280587795275589
11
6.3618133464566924
21
-3.3283783070866142
0
LINE
8
BLACK
6
CONTINUOUS
10
6.3618133464566924
20
-3.3283783070866142
11
6.3667519685039364
21
-3.3321678346456691
0
LINE
8
BLACK
6
CONTINUOUS
10
6.3667519685039364
20
-3.3321678346456691
11
6.3725031102362202
21
-3.3345500393700789
0
LINE
8
BLACK
6
CONTINUOUS
10
6.3725031102362202
20
-3.3345500393700789
11
6.3786748425196853
21
-3.3353625590551181
0
LINE
8
BLACK
6
CONTINUOUS
10
6.3786748425196853
20
-3.3353625590551181
11
6.3789281102362203
21
-3.335395905511811
0
LINE
8
BLACK
6
CONTINUOUS
10
6.3789281102362203
20
-3.335395905511811
11
6.3789191338582674
21
-3.335463897637795
0
LINE
8
BLACK
6
CONTINUOUS
10
6.3789191338582674
20
-3.335463897637795
11
6.3808981496062991
21
-3.3361069291338583
0
LINE
8
BLACK
6
CONTINUOUS
10
6.3808981496062991
20
-3.3361069291338583
11
6.3813632283464568
21
-3.3365041338582677
0
LINE
8
BLACK
6
CONTINUOUS
10
6.3813632283464568
20
-3.3365041338582677
11
6.4760793700787396
21
-3.431220275590551
0
LINE
8
BLACK
6
CONTINUOUS
10
6.4760793700787396
20
-3.431220275590551
11
6.4769676771653542
21
-3.4321085433070864
0
LINE
8
BLACK
6
CONTINUOUS
10
6.4769676771653542
20
-3.4321085433070864
11
6.4769677559055117
21
-3.4321086220472439
0
LINE
8
BLACK
6
CONTINUOUS
10
6.4769677559055117
20
-3.4321086220472439
11
6.4778137007874017
21
-3.4325396456692912
0
LINE
8
BLACK
6
CONTINUOUS
10
6.4778137007874017
20
-3.4325396456692912
11
6.4783349999999995
21
-3.4328590944881889
0
LINE
8
BLACK
6
CONTINUOUS
10
6.4783349999999995
20
-3.4328590944881889
11
6.4791035826771655
21
-3.4334174409448819
0
LINE
8
BLACK
6
CONTINUOUS
10
6.4791035826771655
20
-3.4334174409448819
11
6.4791036220472442
21
-3.4334174409448819
0
LINE
8
BLACK
6
CONTINUOUS
10
6.4791036220472442
20
-3.4334174409448819
11
6.4791037007874017
21
-3.4334175196850394
0
LINE
8
BLACK
6
CONTINUOUS
10
6.4791037007874017
20
-3.4334175196850394
11
6.4800072440944883
21
-3.4337110629921259
0
LINE
8
BLACK
6
CONTINUOUS
10
6.4800072440944883
20
-3.4337110629921259
11
6.4805718110236219
21
-3.4339449606299213
0
LINE
8
BLACK
6
CONTINUOUS
10
6.4805718110236219
20
-3.4339449606299213
11
6.481418070866142
21
-3.4343761811023623
0
LINE
8
BLACK
6
CONTINUOUS
10
6.481418070866142
20
-3.4343761811023623
11
6.4823565748031493
21
-3.4345248031496061
0
LINE
8
BLACK
6
CONTINUOUS
10
6.4823565748031493
20
-3.4345248031496061
11
6.4829501574803148
21
-3.4346673228346454
0
LINE
8
BLACK
6
CONTINUOUS
10
6.4829501574803148
20
-3.4346673228346454
11
6.4838539370078738
21
-3.4349609842519686
0
LINE
8
BLACK
6
CONTINUOUS
10
6.4838539370078738
20
-3.4349609842519686
11
6.4851103937007872
21
-3.4349609842519686
0
LINE
8
BLACK
6
CONTINUOUS
10
6.4851103937007872
20
-3.4349609842519686
11
6.9672056299212599
21
-3.4349609842519686
0
LINE
8
BLACK
6
CONTINUOUS
10
6.9672056299212599
20
-3.4349609842519686
11
6.9694966141732282
21
-3.4357053543307088
0
LINE
8
BLACK
6
CONTINUOUS
10
6.9694966141732282
20
-3.4357053543307088
11
6.9699616535433071
21
-3.4361025590551182
0
LINE
8
BLACK
6
CONTINUOUS
10
6.9699616535433071
20
-3.4361025590551182
11
6.971759488188976
21
-3.4379003543307087
0
LINE
8
BLACK
6
CONTINUOUS
10
6.971759488188976
20
-3.4379003543307087
11
6.9752912992125982
21
-3.4414321653543305
0
LINE
8
BLACK
6
CONTINUOUS
10
6.9752912992125982
20
-3.4414321653543305
11
6.9752913779527557
21
-3.4414322047244092
0
LINE
8
BLACK
6
CONTINUOUS
10
6.9752913779527557
20
-3.4414322047244092
11
6.9761374015748032
21
-3.4418632677165353
0
LINE
8
BLACK
6
CONTINUOUS
10
6.9761374015748032
20
-3.4418632677165353
11
6.9766588976377948
21
-3.4421828346456693
0
LINE
8
BLACK
6
CONTINUOUS
10
6.9766588976377948
20
-3.4421828346456693
11
6.9774272047244095
21
-3.442741062992126
0
LINE
8
BLACK
6
CONTINUOUS
10
6.9774272047244095
20
-3.442741062992126
11
6.977427283464567
21
-3.442741062992126
0
LINE
8
BLACK
6
CONTINUOUS
10
6.977427283464567
20
-3.442741062992126
11
6.9774273228346457
21
-3.4427411023622048
0
LINE
8
BLACK
6
CONTINUOUS
10
6.9774273228346457
20
-3.4427411023622048
11
6.978330433070866
21
-3.443034527559055
0
LINE
8
BLACK
6
CONTINUOUS
10
6.978330433070866
20
-3.443034527559055
11
6.9788951181102359
21
-3.4432683858267716
0
LINE
8
BLACK
6
CONTINUOUS
10
6.9788951181102359
20
-3.4432683858267716
11
6.9797416141732285
21
-3.4436997244094489
0
LINE
8
BLACK
6
CONTINUOUS
10
6.9797416141732285
20
-3.4436997244094489
11
6.9806797244094483
21
-3.4438482677165352
0
LINE
8
BLACK
6
CONTINUOUS
10
6.9806797244094483
20
-3.4438482677165352
11
6.9812745669291338
21
-3.4439911023622045
0
LINE
8
BLACK
6
CONTINUOUS
10
6.9812745669291338
20
-3.4439911023622045
11
6.9816116141732278
21
-3.444100590551181
0
LINE
8
BLACK
6
CONTINUOUS
10
6.9816116141732278
20
-3.444100590551181
11
6.9821774803149603
21
-3.4442844881889765
0
LINE
8
BLACK
6
CONTINUOUS
10
6.9821774803149603
20
-3.4442844881889765
11
6.9833534645669291
21
-3.4442844881889765
0
LINE
8
BLACK
6
CONTINUOUS
10
6.9833534645669291
20
-3.4442844881889765
11
6.9833544094488191
21
-3.4442845275590552
0
LINE
8
BLACK
6
CONTINUOUS
10
6.9833544094488191
20
-3.4442845275590552
11
6.9834339370078737
21
-3.4442845275590552
0
LINE
8
BLACK
6
CONTINUOUS
10
6.9834339370078737
20
-3.4442845275590552
11
7.0423680708661411
21
-3.4442845275590552
0
LINE
8
BLACK
6
CONTINUOUS
10
7.0423680708661411
20
-3.4442845275590552
11
7.0446590551181103
21
-3.4450288976377954
0
LINE
8
BLACK
6
CONTINUOUS
10
7.0446590551181103
20
-3.4450288976377954
11
7.0447407874015751
21
-3.4450899606299212
0
LINE
8
BLACK
6
CONTINUOUS
10
7.0447407874015751
20
-3.4450899606299212
11
7.0487519685039368
21
-3.4481678346456692
0
LINE
8
BLACK
6
CONTINUOUS
10
7.0487519685039368
20
-3.4481678346456692
11
7.0487520078740156
21
-3.4481678346456692
0
LINE
8
BLACK
6
CONTINUOUS
10
7.0487520078740156
20
-3.4481678346456692
11
7.0487520472440943
21
-3.448167874015748
0
LINE
8
BLACK
6
CONTINUOUS
10
7.0487520472440943
20
-3.448167874015748
11
7.0540503937007877
21
-3.4503625196850392
0
LINE
8
BLACK
6
CONTINUOUS
10
7.0540503937007877
20
-3.4503625196850392
11
7.0545031102362206
21
-3.4505500393700785
0
LINE
8
BLACK
6
CONTINUOUS
10
7.0545031102362206
20
-3.4505500393700785
11
7.0586042519685037
21
-3.451089960629921
0
LINE
8
BLACK
6
CONTINUOUS
10
7.0586042519685037
20
-3.451089960629921
11
7.060674803149606
21
-3.4513625590551182
0
LINE
8
BLACK
6
CONTINUOUS
10
7.060674803149606
20
-3.4513625590551182
11
7.0606748425196848
21
-3.4513625590551182
0
LINE
8
BLACK
6
CONTINUOUS
10
7.0606748425196848
20
-3.4513625590551182
11
7.0606748818897636
21
-3.4513625590551182
0
LINE
8
BLACK
6
CONTINUOUS
10
7.0606748818897636
20
-3.4513625590551182
11
7.0627454330708659
21
-3.451089960629921
0
LINE
8
BLACK
6
CONTINUOUS
10
7.0627454330708659
20
-3.451089960629921
11
7.066846574803149
21
-3.4505500393700785
0
LINE
8
BLACK
6
CONTINUOUS
10
7.066846574803149
20
-3.4505500393700785
11
7.0725977165354328
21
-3.4481678346456692
0
LINE
8
BLACK
6
CONTINUOUS
10
7.0725977165354328
20
-3.4481678346456692
11
7.0775363385826768
21
-3.4443783070866143
0
LINE
8
BLACK
6
CONTINUOUS
10
7.0775363385826768
20
-3.4443783070866143
11
7.0813258661417322
21
-3.4394396850393698
0
LINE
8
BLACK
6
CONTINUOUS
10
7.0813258661417322
20
-3.4394396850393698
11
7.083708070866142
21
-3.4336885433070865
0
LINE
8
BLACK
6
CONTINUOUS
10
7.083708070866142
20
-3.4336885433070865
11
7.0845205905511808
21
-3.4275168110236218
0
LINE
8
BLACK
6
CONTINUOUS
10
7.0845205905511808
20
-3.4275168110236218
11
7.0844602755905512
21
-3.4270588188976379
0
LINE
8
BLACK
6
CONTINUOUS
10
7.0844602755905512
20
-3.4270588188976379
11
7.083708070866142
21
-3.4213451968503938
0
LINE
8
BLACK
6
CONTINUOUS
10
7.083708070866142
20
-3.4213451968503938
11
7.083708070866142
21
-3.4213450787401576
0
LINE
8
BLACK
6
CONTINUOUS
10
7.083708070866142
20
-3.4213450787401576
11
7.0832938582677167
21
-3.4203450393700785
0
LINE
8
BLACK
6
CONTINUOUS
10
7.0832938582677167
20
-3.4203450393700785
11
7.081325905511811
21
-3.4155940157480313
0
LINE
8
BLACK
6
CONTINUOUS
10
7.081325905511811
20
-3.4155940157480313
11
7.081325905511811
21
-3.4155939763779526
0
LINE
8
BLACK
6
CONTINUOUS
10
7.081325905511811
20
-3.4155939763779526
11
7.0775364960629918
21
-3.4106555118110236
0
LINE
8
BLACK
6
CONTINUOUS
10
7.0775364960629918
20
-3.4106555118110236
11
7.0775364566929131
21
-3.4106554724409448
0
LINE
8
BLACK
6
CONTINUOUS
10
7.0775364566929131
20
-3.4106554724409448
11
7.0775363385826768
21
-3.4106553149606298
0
LINE
8
BLACK
6
CONTINUOUS
10
7.0775363385826768
20
-3.4106553149606298
11
7.0775361417322831
21
-3.4106551574803148
0
LINE
8
BLACK
6
CONTINUOUS
10
7.0775361417322831
20
-3.4106551574803148
11
7.0775361023622043
21
-3.410655118110236
0
LINE
8
BLACK
6
CONTINUOUS
10
7.0775361023622043
20
-3.410655118110236
11
7.0729913385826766
21
-3.4071678346456693
0
LINE
8
BLACK
6
CONTINUOUS
10
7.0729913385826766
20
-3.4071678346456693
11
7.0725977165354328
21
-3.4068657874015749
0
LINE
8
BLACK
6
CONTINUOUS
10
7.0725977165354328
20
-3.4068657874015749
11
7.072597677165354
21
-3.4068657480314961
0
LINE
8
BLACK
6
CONTINUOUS
10
7.072597677165354
20
-3.4068657480314961
11
7.0725975984251965
21
-3.4068657086614174
0
LINE
8
BLACK
6
CONTINUOUS
10
7.0725975984251965
20
-3.4068657086614174
11
7.066846732283464
21
-3.4044836220472439
0
LINE
8
BLACK
6
CONTINUOUS
10
7.066846732283464
20
-3.4044836220472439
11
7.0668464173228349
21
-3.4044835433070864
0
LINE
8
BLACK
6
CONTINUOUS
10
7.0668464173228349
20
-3.4044835433070864
11
7.0606748818897636
21
-3.4036710629921259
0
LINE
8
BLACK
6
CONTINUOUS
10
7.0606748818897636
20
-3.4036710629921259
11
7.060674803149606
21
-3.4036710629921259
0
LINE
8
BLACK
6
CONTINUOUS
10
7.060674803149606
20
-3.4036710629921259
11
7.0545032283464568
21
-3.4044835433070864
0
LINE
8
BLACK
6
CONTINUOUS
10
7.0545032283464568
20
-3.4044835433070864
11
7.0545029133858268
21
-3.4044836220472439
0
LINE
8
BLACK
6
CONTINUOUS
10
7.0545029133858268
20
-3.4044836220472439
11
7.0487520472440943
21
-3.4068657086614174
0
LINE
8
BLACK
6
CONTINUOUS
10
7.0487520472440943
20
-3.4068657086614174
11
7.0487520078740156
21
-3.4068657086614174
0
LINE
8
BLACK
6
CONTINUOUS
10
7.0487520078740156
20
-3.4068657086614174
11
7.0438135433070865
21
-3.410655118110236
0
LINE
8
BLACK
6
CONTINUOUS
10
7.0438135433070865
20
-3.410655118110236
11
7.0438133464566928
21
-3.4106553149606298
0
LINE
8
BLACK
6
CONTINUOUS
10
7.0438133464566928
20
-3.4106553149606298
11
7.0433767716535431
21
-3.4112242125984249
0
LINE
8
BLACK
6
CONTINUOUS
10
7.0433767716535431
20
-3.4112242125984249
11
7.0413916535433065
21
-3.4125885826771651
0
LINE
8
BLACK
6
CONTINUOUS
10
7.0413916535433065
20
-3.4125885826771651
11
7.0402846456692911
21
-3.4127490944881891
0
LINE
8
BLACK
6
CONTINUOUS
10
7.0402846456692911
20
-3.4127490944881891
11
6.9928204724409451
21
-3.4127490944881891
0
LINE
8
BLACK
6
CONTINUOUS
10
6.9928204724409451
20
-3.4127490944881891
11
6.9905294881889759
21
-3.4120047244094489
0
LINE
8
BLACK
6
CONTINUOUS
10
6.9905294881889759
20
-3.4120047244094489
11
6.9900644094488191
21
-3.4116074803149607
0
LINE
8
BLACK
6
CONTINUOUS
10
6.9900644094488191
20
-3.4116074803149607
11
6.9883193700787398
21
-3.4098624409448819
0
LINE
8
BLACK
6
CONTINUOUS
10
6.9883193700787398
20
-3.4098624409448819
11
6.9856233070866143
21
-3.4071663385826771
0
LINE
8
BLACK
6
CONTINUOUS
10
6.9856233070866143
20
-3.4071663385826771
11
6.9856232677165355
21
-3.4071662992125984
0
LINE
8
BLACK
6
CONTINUOUS
10
6.9856232677165355
20
-3.4071662992125984
11
6.985525472440945
21
-3.4070685039370079
0
LINE
8
BLACK
6
CONTINUOUS
10
6.985525472440945
20
-3.4070685039370079
11
6.9847348818897634
21
-3.4062779527559055
0
LINE
8
BLACK
6
CONTINUOUS
10
6.9847348818897634
20
-3.4062779527559055
11
6.9847348425196847
21
-3.4062779133858267
0
LINE
8
BLACK
6
CONTINUOUS
10
6.9847348425196847
20
-3.4062779133858267
11
6.9838885826771655
21
-3.4058466929133857
0
LINE
8
BLACK
6
CONTINUOUS
10
6.9838885826771655
20
-3.4058466929133857
11
6.9833673622047243
21
-3.4055272834645667
0
LINE
8
BLACK
6
CONTINUOUS
10
6.9833673622047243
20
-3.4055272834645667
11
6.9829410236220468
21
-3.4052175590551181
0
LINE
8
BLACK
6
CONTINUOUS
10
6.9829410236220468
20
-3.4052175590551181
11
6.9825989370078743
21
-3.4049690157480312
0
LINE
8
BLACK
6
CONTINUOUS
10
6.9825989370078743
20
-3.4049690157480312
11
6.9825988582677168
21
-3.4049689763779525
0
LINE
8
BLACK
6
CONTINUOUS
10
6.9825988582677168
20
-3.4049689763779525
11
6.9816954724409444
21
-3.404675433070866
0
LINE
8
BLACK
6
CONTINUOUS
10
6.9816954724409444
20
-3.404675433070866
11
6.9811303543307082
21
-3.4044413385826773
0
LINE
8
BLACK
6
CONTINUOUS
10
6.9811303543307082
20
-3.4044413385826773
11
6.9802846062992128
21
-3.4040103543307088
0
LINE
8
BLACK
6
CONTINUOUS
10
6.9802846062992128
20
-3.4040103543307088
11
6.9793463385826771
21
-3.4038617322834646
0
LINE
8
BLACK
6
CONTINUOUS
10
6.9793463385826771
20
-3.4038617322834646
11
6.9787518503937003
21
-3.4037189763779527
0
LINE
8
BLACK
6
CONTINUOUS
10
6.9787518503937003
20
-3.4037189763779527
11
6.9778488188976375
21
-3.4034255511811025
0
LINE
8
BLACK
6
CONTINUOUS
10
6.9778488188976375
20
-3.4034255511811025
11
6.9778486614173225
21
-3.4034255511811025
0
LINE
8
BLACK
6
CONTINUOUS
10
6.9778486614173225
20
-3.4034255511811025
11
6.9765922047244091
21
-3.4034255511811025
0
LINE
8
BLACK
6
CONTINUOUS
10
6.9765922047244091
20
-3.4034255511811025
11
6.4944970078740152
21
-3.4034255511811025
0
LINE
8
BLACK
6
CONTINUOUS
10
6.4944970078740152
20
-3.4034255511811025
11
6.4922060236220469
21
-3.4026811811023623
0
LINE
8
BLACK
6
CONTINUOUS
10
6.4922060236220469
20
-3.4026811811023623
11
6.4917409448818892
21
-3.4022839763779529
0
LINE
8
BLACK
6
CONTINUOUS
10
6.4917409448818892
20
-3.4022839763779529
11
6.416973700787401
21
-3.3275167322834647
0
LINE
8
BLACK
6
CONTINUOUS
10
6.416973700787401
20
-3.3275167322834647
11
6.4036621653543309
21
-3.3142051968503936
0
LINE
8
BLACK
6
CONTINUOUS
10
6.4036621653543309
20
-3.3142051968503936
11
6.4025685826771648
21
-3.3120588582677164
0
LINE
8
BLACK
6
CONTINUOUS
10
6.4025685826771648
20
-3.3120588582677164
11
6.4025338188976377
21
-3.3116173622047245
0
LINE
8
BLACK
6
CONTINUOUS
10
6.4025338188976377
20
-3.3116173622047245
11
6.4025205905511813
21
-3.3115167716535434
0
LINE
8
BLACK
6
CONTINUOUS
10
6.4025205905511813
20
-3.3115167716535434
11
6.4017080708661416
21
-3.3053450787401575
0
LINE
8
BLACK
6
CONTINUOUS
10
6.4017080708661416
20
-3.3053450787401575
11
6.400154330708661
21
-3.3015940157480315
0
LINE
8
BLACK
6
CONTINUOUS
10
6.400154330708661
20
-3.3015940157480315
11
6.3993259055118106
21
-3.2995940157480312
0
LINE
8
BLACK
6
CONTINUOUS
10
6.3993259055118106
20
-3.2995940157480312
11
6.3993259055118106
21
-3.2995939763779525
0
LINE
8
BLACK
6
CONTINUOUS
10
6.3993259055118106
20
-3.2995939763779525
11
6.3955364960629923
21
-3.2946555118110235
0
LINE
8
BLACK
6
CONTINUOUS
10
6.3955364960629923
20
-3.2946555118110235
11
6.3955364566929136
21
-3.2946554724409447
0
LINE
8
BLACK
6
CONTINUOUS
10
6.3955364566929136
20
-3.2946554724409447
11
6.3955363385826773
21
-3.2946553149606297
0
LINE
8
BLACK
6
CONTINUOUS
10
6.3955363385826773
20
-3.2946553149606297
11
6.3955361417322836
21
-3.2946551574803147
0
LINE
8
BLACK
6
CONTINUOUS
10
6.3955361417322836
20
-3.2946551574803147
11
6.3955361023622048
21
-3.2946551181102359
0
LINE
8
BLACK
6
CONTINUOUS
10
6.3955361023622048
20
-3.2946551181102359
11
6.390597598425197
21
-3.2908657086614173
0
LINE
8
BLACK
6
CONTINUOUS
10
6.390597598425197
20
-3.2908657086614173
11
6.3848467322834646
21
-3.2884836220472442
0
LINE
8
BLACK
6
CONTINUOUS
10
6.3848467322834646
20
-3.2884836220472442
11
6.3848464173228345
21
-3.2884835433070867
0
LINE
8
BLACK
6
CONTINUOUS
10
6.3848464173228345
20
-3.2884835433070867
11
6.3786748818897641
21
-3.2876710629921257
0
LINE
8
BLACK
6
CONTINUOUS
10
6.3786748818897641
20
-3.2876710629921257
11
6.3786748031496066
21
-3.2876710629921257
0
LINE
8
BLACK
6
CONTINUOUS
10
6.3786748031496066
20
-3.2876710629921257
11
6.3725032283464564
21
-3.2884835433070867
0
LINE
8
BLACK
6
CONTINUOUS
10
6.3725032283464564
20
-3.2884835433070867
11
6.3725029133858264
21
-3.2884836220472442
0
LINE
8
BLACK
6
CONTINUOUS
10
6.3725029133858264
20
-3.2884836220472442
11
6.3667520472440939
21
-3.2908657086614173
0
LINE
8
BLACK
6
CONTINUOUS
10
6.3667520472440939
20
-3.2908657086614173
11
6.3667520078740152
21
-3.2908657086614173
0
LINE
8
BLACK
6
CONTINUOUS
10
6.3667520078740152
20
-3.2908657086614173
11
6.3618135433070861
21
-3.2946551181102359
0
LINE
8
BLACK
6
CONTINUOUS
10
6.3618135433070861
20
-3.2946551181102359
11
6.3618131496062995
21
-3.2946555118110235
0
LINE
8
BLACK
6
CONTINUOUS
10
6.3618131496062995
20
-3.2946555118110235
11
6.3580237401574804
21
-3.2995939763779525
0
LINE
8
BLACK
6
CONTINUOUS
10
6.3580237401574804
20
-3.2995939763779525
11
6.3580237401574804
21
-3.2995940157480312
0
LINE
8
BLACK
6
CONTINUOUS
10
6.3580237401574804
20
-3.2995940157480312
11
6.3556416535433069
21
-3.3053448818897637
0
LINE
8
BLACK
6
CONTINUOUS
10
6.3556416535433069
20
-3.3053448818897637
11
6.3556415748031494
21
-3.3053451968503937
0
LINE
8
BLACK
6
CONTINUOUS
10
6.3556415748031494
20
-3.3053451968503937
11
6.3548290944881884
21
-3.3115167716535434
0
LINE
8
BLACK
6
CONTINUOUS
10
6.3548290944881884
20
-3.3115167716535434
11
6.3548290944881884
21
-3.3115168110236222
0
LINE
8
BLACK
6
CONTINUOUS
10
6.3548290944881884
20
-3.3115168110236222
11
6.3556415748031494
21
-3.3176883858267714
0
LINE
8
BLACK
6
CONTINUOUS
10
5.8756415748031499
20
-3.3866883858267718
11
5.8756416535433074
21
-3.3866887007874014
0
LINE
8
BLACK
6
CONTINUOUS
10
5.8756416535433074
20
-3.3866887007874014
11
5.87802374015748
21
-3.3924395669291338
0
LINE
8
BLACK
6
CONTINUOUS
10
5.87802374015748
20
-3.3924395669291338
11
5.87802374015748
21
-3.3924396062992126
0
LINE
8
BLACK
6
CONTINUOUS
10
5.87802374015748
20
-3.3924396062992126
11
5.8807997637795273
21
-3.3960574015748031
0
LINE
8
BLACK
6
CONTINUOUS
10
5.8807997637795273
20
-3.3960574015748031
11
5.8818133464566928
21
-3.3973783070866141
0
LINE
8
BLACK
6
CONTINUOUS
10
5.8818133464566928
20
-3.3973783070866141
11
5.8867519685039369
21
-3.4011678346456691
0
LINE
8
BLACK
6
CONTINUOUS
10
5.8867519685039369
20
-3.4011678346456691
11
5.8925031102362206
21
-3.4035500393700788
0
LINE
8
BLACK
6
CONTINUOUS
10
5.8925031102362206
20
-3.4035500393700788
11
5.897131889763779
21
-3.4041594094488188
0
LINE
8
BLACK
6
CONTINUOUS
10
5.897131889763779
20
-3.4041594094488188
11
5.8986748031496061
21
-3.4043625590551181
0
LINE
8
BLACK
6
CONTINUOUS
10
5.8986748031496061
20
-3.4043625590551181
11
5.8986748425196849
21
-3.4043625590551181
0
LINE
8
BLACK
6
CONTINUOUS
10
5.8986748425196849
20
-3.4043625590551181
11
5.8986748818897636
21
-3.4043625590551181
0
LINE
8
BLACK
6
CONTINUOUS
10
5.8986748818897636
20
-3.4043625590551181
11
5.8999091732283464
21
-3.4042000393700786
0
LINE
8
BLACK
6
CONTINUOUS
10
5.8999091732283464
20
-3.4042000393700786
11
5.9048465748031491
21
-3.4035500393700788
0
LINE
8
BLACK
6
CONTINUOUS
10
5.9048465748031491
20
-3.4035500393700788
11
5.9105977165354329
21
-3.4011678346456691
0
LINE
8
BLACK
6
CONTINUOUS
10
5.9105977165354329
20
-3.4011678346456691
11
5.9155363385826769
21
-3.3973783070866141
0
LINE
8
BLACK
6
CONTINUOUS
10
5.9155363385826769
20
-3.3973783070866141
11
5.9193258661417323
21
-3.3924396850393701
0
LINE
8
BLACK
6
CONTINUOUS
10
5.9193258661417323
20
-3.3924396850393701
11
5.921708070866142
21
-3.3866885433070864
0
LINE
8
BLACK
6
CONTINUOUS
10
5.921708070866142
20
-3.3866885433070864
11
5.9225205905511809
21
-3.3805168110236221
0
LINE
8
BLACK
6
CONTINUOUS
10
5.9225205905511809
20
-3.3805168110236221
11
5.921708070866142
21
-3.3743450787401574
0
LINE
8
BLACK
6
CONTINUOUS
10
5.921708070866142
20
-3.3743450787401574
11
5.9198690944881891
21
-3.3699053937007872
0
LINE
8
BLACK
6
CONTINUOUS
10
5.9198690944881891
20
-3.3699053937007872
11
5.919325905511811
21
-3.3685940157480316
0
LINE
8
BLACK
6
CONTINUOUS
10
5.919325905511811
20
-3.3685940157480316
11
5.919325905511811
21
-3.3685939763779529
0
LINE
8
BLACK
6
CONTINUOUS
10
5.919325905511811
20
-3.3685939763779529
11
5.9155364960629919
21
-3.3636555118110234
0
LINE
8
BLACK
6
CONTINUOUS
10
5.9155364960629919
20
-3.3636555118110234
11
5.9155364566929132
21
-3.3636554724409446
0
LINE
8
BLACK
6
CONTINUOUS
10
5.9155364566929132
20
-3.3636554724409446
11
5.9155363385826769
21
-3.3636553149606296
0
LINE
8
BLACK
6
CONTINUOUS
10
5.9155363385826769
20
-3.3636553149606296
11
5.9155361417322831
21
-3.3636551574803151
0
LINE
8
BLACK
6
CONTINUOUS
10
5.9155361417322831
20
-3.3636551574803151
11
5.9155361023622044
21
-3.3636551181102363
0
LINE
8
BLACK
6
CONTINUOUS
10
5.9155361023622044
20
-3.3636551181102363
11
5.9125257086614171
21
-3.3613451968503938
0
LINE
8
BLACK
6
CONTINUOUS
10
5.9125257086614171
20
-3.3613451968503938
11
5.9105977165354329
21
-3.3598657874015747
0
LINE
8
BLACK
6
CONTINUOUS
10
5.9105977165354329
20
-3.3598657874015747
11
5.9105976771653541
21
-3.359865748031496
0
LINE
8
BLACK
6
CONTINUOUS
10
5.9105976771653541
20
-3.359865748031496
11
5.9105975984251966
21
-3.3598657086614172
0
LINE
8
BLACK
6
CONTINUOUS
10
5.9105975984251966
20
-3.3598657086614172
11
5.9048467322834641
21
-3.3574836220472442
0
LINE
8
BLACK
6
CONTINUOUS
10
5.9048467322834641
20
-3.3574836220472442
11
5.9048464173228341
21
-3.3574835433070866
0
LINE
8
BLACK
6
CONTINUOUS
10
5.9048464173228341
20
-3.3574835433070866
11
5.8986748818897636
21
-3.3566710629921257
0
LINE
8
BLACK
6
CONTINUOUS
10
5.8986748818897636
20
-3.3566710629921257
11
5.8986748031496061
21
-3.3566710629921257
0
LINE
8
BLACK
6
CONTINUOUS
10
5.8986748031496061
20
-3.3566710629921257
11
5.8925032283464569
21
-3.3574835433070866
0
LINE
8
BLACK
6
CONTINUOUS
10
5.8925032283464569
20
-3.3574835433070866
11
5.8925029133858269
21
-3.3574836220472442
0
LINE
8
BLACK
6
CONTINUOUS
10
5.8925029133858269
20
-3.3574836220472442
11
5.8867520472440944
21
-3.3598657086614172
0
LINE
8
BLACK
6
CONTINUOUS
10
5.8867520472440944
20
-3.3598657086614172
11
5.8867520078740156
21
-3.3598657086614172
0
LINE
8
BLACK
6
CONTINUOUS
10
5.8867520078740156
20
-3.3598657086614172
11
5.8818135433070866
21
-3.3636551181102363
0
LINE
8
BLACK
6
CONTINUOUS
10
5.8818135433070866
20
-3.3636551181102363
11
5.8818131496062991
21
-3.3636555118110234
0
LINE
8
BLACK
6
CONTINUOUS
10
5.8818131496062991
20
-3.3636555118110234
11
5.87802374015748
21
-3.3685939763779529
0
LINE
8
BLACK
6
CONTINUOUS
10
5.87802374015748
20
-3.3685939763779529
11
5.87802374015748
21
-3.3685940157480316
0
LINE
8
BLACK
6
CONTINUOUS
10
5.87802374015748
20
-3.3685940157480316
11
5.8756416535433074
21
-3.3743448818897637
0
LINE
8
BLACK
6
CONTINUOUS
10
5.8756416535433074
20
-3.3743448818897637
11
5.8756415748031499
21
-3.3743451968503937
0
LINE
8
BLACK
6
CONTINUOUS
10
5.8756415748031499
20
-3.3743451968503937
11
5.8748290944881889
21
-3.3805167716535434
0
LINE
8
BLACK
6
CONTINUOUS
10
5.8748290944881889
20
-3.3805167716535434
11
5.8748290944881889
21
-3.3805168110236221
0
LINE
8
BLACK
6
CONTINUOUS
10
5.8748290944881889
20
-3.3805168110236221
11
5.8756415748031499
21
-3.3866883858267718
0
LINE
8
BLACK
6
CONTINUOUS
10
6.5136415748031498
20
-3.3336883070866139
11
6.5136416535433073
21
-3.3336886220472439
0
LINE
8
BLACK
6
CONTINUOUS
10
6.5136416535433073
20
-3.3336886220472439
11
6.5160237401574799
21
-3.3394394881889764
0
LINE
8
BLACK
6
CONTINUOUS
10
6.5160237401574799
20
-3.3394394881889764
11
6.5160237401574799
21
-3.3394395275590552
0
LINE
8
BLACK
6
CONTINUOUS
10
6.5160237401574799
20
-3.3394395275590552
11
6.5192707086614172
21
-3.3436710629921258
0
LINE
8
BLACK
6
CONTINUOUS
10
6.5192707086614172
20
-3.3436710629921258
11
6.5198133464566927
21
-3.3443782283464567
0
LINE
8
BLACK
6
CONTINUOUS
10
6.5198133464566927
20
-3.3443782283464567
11
6.5247519685039368
21
-3.3481677559055116
0
LINE
8
BLACK
6
CONTINUOUS
10
6.5247519685039368
20
-3.3481677559055116
11
6.5305031102362205
21
-3.3505499606299214
0
LINE
8
BLACK
6
CONTINUOUS
10
6.5305031102362205
20
-3.3505499606299214
11
6.5366748425196848
21
-3.3513624803149606
0
LINE
8
BLACK
6
CONTINUOUS
10
6.5366748425196848
20
-3.3513624803149606
11
6.5369281102362207
21
-3.3513958267716535
0
LINE
8
BLACK
6
CONTINUOUS
10
6.5369281102362207
20
-3.3513958267716535
11
6.5369191338582677
21
-3.3514638188976376
0
LINE
8
BLACK
6
CONTINUOUS
10
6.5369191338582677
20
-3.3514638188976376
11
6.5388981496062994
21
-3.3521068503937008
0
LINE
8
BLACK
6
CONTINUOUS
10
6.5388981496062994
20
-3.3521068503937008
11
6.5393632283464562
21
-3.3525040551181102
0
LINE
8
BLACK
6
CONTINUOUS
10
6.5393632283464562
20
-3.3525040551181102
11
6.5664029921259841
21
-3.3795438188976377
0
LINE
8
BLACK
6
CONTINUOUS
10
6.5664029921259841
20
-3.3795438188976377
11
6.5668848818897638
21
-3.3800256692913386
0
LINE
8
BLACK
6
CONTINUOUS
10
6.5668848818897638
20
-3.3800256692913386
11
6.5672913779527562
21
-3.3804321653543306
0
LINE
8
BLACK
6
CONTINUOUS
10
6.5672913779527562
20
-3.3804321653543306
11
6.5681373228346454
21
-3.3808631889763778
0
LINE
8
BLACK
6
CONTINUOUS
10
6.5681373228346454
20
-3.3808631889763778
11
6.568658622047244
21
-3.3811826377952756
0
LINE
8
BLACK
6
CONTINUOUS
10
6.568658622047244
20
-3.3811826377952756
11
6.5694272047244091
21
-3.3817409842519686
0
LINE
8
BLACK
6
CONTINUOUS
10
6.5694272047244091
20
-3.3817409842519686
11
6.5694272440944879
21
-3.3817409842519686
0
LINE
8
BLACK
6
CONTINUOUS
10
6.5694272440944879
20
-3.3817409842519686
11
6.5694273228346454
21
-3.3817410629921261
0
LINE
8
BLACK
6
CONTINUOUS
10
6.5694273228346454
20
-3.3817410629921261
11
6.5703308661417319
21
-3.3820346062992126
0
LINE
8
BLACK
6
CONTINUOUS
10
6.5703308661417319
20
-3.3820346062992126
11
6.5708954330708664
21
-3.382268503937008
0
LINE
8
BLACK
6
CONTINUOUS
10
6.5708954330708664
20
-3.382268503937008
11
6.5717416929133856
21
-3.3826997244094485
0
LINE
8
BLACK
6
CONTINUOUS
10
6.5717416929133856
20
-3.3826997244094485
11
6.5726801968503938
21
-3.3828483464566927
0
LINE
8
BLACK
6
CONTINUOUS
10
6.5726801968503938
20
-3.3828483464566927
11
6.5732737795275593
21
-3.3829908661417321
0
LINE
8
BLACK
6
CONTINUOUS
10
6.5732737795275593
20
-3.3829908661417321
11
6.5741775590551184
21
-3.3832845275590548
0
LINE
8
BLACK
6
CONTINUOUS
10
6.5741775590551184
20
-3.3832845275590548
11
6.5754340157480318
21
-3.3832845275590548
0
LINE
8
BLACK
6
CONTINUOUS
10
6.5754340157480318
20
-3.3832845275590548
11
7.043105118110236
21
-3.3832845275590548
0
LINE
8
BLACK
6
CONTINUOUS
10
7.043105118110236
20
-3.3832845275590548
11
7.0453961023622043
21
-3.384028897637795
0
LINE
8
BLACK
6
CONTINUOUS
10
7.0453961023622043
20
-3.384028897637795
11
7.0457333858267717
21
-3.3843169291338584
0
LINE
8
BLACK
6
CONTINUOUS
10
7.0457333858267717
20
-3.3843169291338584
11
7.045813267716535
21
-3.3843782283464567
0
LINE
8
BLACK
6
CONTINUOUS
10
7.045813267716535
20
-3.3843782283464567
11
7.0458133464566925
21
-3.3843783070866142
0
LINE
8
BLACK
6
CONTINUOUS
10
7.0458133464566925
20
-3.3843783070866142
11
7.0507519685039366
21
-3.3881678346456692
0
LINE
8
BLACK
6
CONTINUOUS
10
7.0507519685039366
20
-3.3881678346456692
11
7.0565031102362203
21
-3.3905500393700785
0
LINE
8
BLACK
6
CONTINUOUS
10
7.0565031102362203
20
-3.3905500393700785
11
7.0611318897637796
21
-3.3911594094488189
0
LINE
8
BLACK
6
CONTINUOUS
10
7.0611318897637796
20
-3.3911594094488189
11
7.0626748031496058
21
-3.3913625590551182
0
LINE
8
BLACK
6
CONTINUOUS
10
7.0626748031496058
20
-3.3913625590551182
11
7.0626748425196846
21
-3.3913625590551182
0
LINE
8
BLACK
6
CONTINUOUS
10
7.0626748425196846
20
-3.3913625590551182
11
7.0626748818897633
21
-3.3913625590551182
0
LINE
8
BLACK
6
CONTINUOUS
10
7.0626748818897633
20
-3.3913625590551182
11
7.0639091732283461
21
-3.3912000393700787
0
LINE
8
BLACK
6
CONTINUOUS
10
7.0639091732283461
20
-3.3912000393700787
11
7.0688465748031497
21
-3.3905500393700785
0
LINE
8
BLACK
6
CONTINUOUS
10
7.0688465748031497
20
-3.3905500393700785
11
7.0745977165354326
21
-3.3881678346456692
0
LINE
8
BLACK
6
CONTINUOUS
10
7.0745977165354326
20
-3.3881678346456692
11
7.0795363385826766
21
-3.3843783070866142
0
LINE
8
BLACK
6
CONTINUOUS
10
7.0795363385826766
20
-3.3843783070866142
11
7.083325866141732
21
-3.3794396850393702
0
LINE
8
BLACK
6
CONTINUOUS
10
7.083325866141732
20
-3.3794396850393702
11
7.0857080708661417
21
-3.3736885433070865
0
LINE
8
BLACK
6
CONTINUOUS
10
7.0857080708661417
20
-3.3736885433070865
11
7.0865205905511806
21
-3.3675168110236218
0
LINE
8
BLACK
6
CONTINUOUS
10
7.0865205905511806
20
-3.3675168110236218
11
7.086488464566929
21
-3.3672729133858268
0
LINE
8
BLACK
6
CONTINUOUS
10
7.086488464566929
20
-3.3672729133858268
11
7.0860122047244092
21
-3.3636553149606296
0
LINE
8
BLACK
6
CONTINUOUS
10
7.0860122047244092
20
-3.3636553149606296
11
7.0857080708661417
21
-3.3613450787401575
0
LINE
8
BLACK
6
CONTINUOUS
10
7.0857080708661417
20
-3.3613450787401575
11
7.0857079921259842
21
-3.3613448818897638
0
LINE
8
BLACK
6
CONTINUOUS
10
7.0857079921259842
20
-3.3613448818897638
11
7.0833259055118107
21
-3.3555940157480313
0
LINE
8
BLACK
6
CONTINUOUS
10
7.0833259055118107
20
-3.3555940157480313
11
7.0833259055118107
21
-3.3555939763779525
0
LINE
8
BLACK
6
CONTINUOUS
10
7.0833259055118107
20
-3.3555939763779525
11
7.0795364960629916
21
-3.3506555118110235
0
LINE
8
BLACK
6
CONTINUOUS
10
7.0795364960629916
20
-3.3506555118110235
11
7.0795364566929129
21
-3.3506554724409447
0
LINE
8
BLACK
6
CONTINUOUS
10
7.0795364566929129
20
-3.3506554724409447
11
7.0795363385826766
21
-3.3506553149606297
0
LINE
8
BLACK
6
CONTINUOUS
10
7.0795363385826766
20
-3.3506553149606297
11
7.0795361417322837
21
-3.3506551574803147
0
LINE
8
BLACK
6
CONTINUOUS
10
7.0795361417322837
20
-3.3506551574803147
11
7.079536102362205
21
-3.350655118110236
0
LINE
8
BLACK
6
CONTINUOUS
10
7.079536102362205
20
-3.350655118110236
11
7.0745975984251963
21
-3.3468657086614173
0
LINE
8
BLACK
6
CONTINUOUS
10
7.0745975984251963
20
-3.3468657086614173
11
7.0688467322834647
21
-3.3444836220472438
0
LINE
8
BLACK
6
CONTINUOUS
10
7.0688467322834647
20
-3.3444836220472438
11
7.0688464173228347
21
-3.3444835433070867
0
LINE
8
BLACK
6
CONTINUOUS
10
7.0688464173228347
20
-3.3444835433070867
11
7.0626748818897633
21
-3.3436710629921258
0
LINE
8
BLACK
6
CONTINUOUS
10
7.0626748818897633
20
-3.3436710629921258
11
7.0626748031496058
21
-3.3436710629921258
0
LINE
8
BLACK
6
CONTINUOUS
10
7.0626748031496058
20
-3.3436710629921258
11
7.0565032283464566
21
-3.3444835433070867
0
LINE
8
BLACK
6
CONTINUOUS
10
7.0565032283464566
20
-3.3444835433070867
11
7.0565029133858266
21
-3.3444836220472438
0
LINE
8
BLACK
6
CONTINUOUS
10
7.0565029133858266
20
-3.3444836220472438
11
7.0507520472440941
21
-3.3468657086614173
0
LINE
8
BLACK
6
CONTINUOUS
10
7.0507520472440941
20
-3.3468657086614173
11
7.0507520078740153
21
-3.3468657086614173
0
LINE
8
BLACK
6
CONTINUOUS
10
7.0507520078740153
20
-3.3468657086614173
11
7.0456106692913387
21
-3.3508108267716534
0
LINE
8
BLACK
6
CONTINUOUS
10
7.0456106692913387
20
-3.3508108267716534
11
7.0455688976377955
21
-3.3507564173228346
0
LINE
8
BLACK
6
CONTINUOUS
10
7.0455688976377955
20
-3.3507564173228346
11
7.0437148425196847
21
-3.3517011023622048
0
LINE
8
BLACK
6
CONTINUOUS
10
7.0437148425196847
20
-3.3517011023622048
11
7.043105118110236
21
-3.3517490944881887
0
LINE
8
BLACK
6
CONTINUOUS
10
7.043105118110236
20
-3.3517490944881887
11
6.5848206299212597
21
-3.3517490944881887
0
LINE
8
BLACK
6
CONTINUOUS
10
6.5848206299212597
20
-3.3517490944881887
11
6.5825296456692914
21
-3.3510047244094485
0
LINE
8
BLACK
6
CONTINUOUS
10
6.5825296456692914
20
-3.3510047244094485
11
6.5820645669291338
21
-3.3506075196850391
0
LINE
8
BLACK
6
CONTINUOUS
10
6.5820645669291338
20
-3.3506075196850391
11
6.5616621653543303
21
-3.3302051181102361
0
LINE
8
BLACK
6
CONTINUOUS
10
6.5616621653543303
20
-3.3302051181102361
11
6.5605685826771651
21
-3.3280587795275589
0
LINE
8
BLACK
6
CONTINUOUS
10
6.5605685826771651
20
-3.3280587795275589
11
6.5605338188976372
21
-3.327617283464567
0
LINE
8
BLACK
6
CONTINUOUS
10
6.5605338188976372
20
-3.327617283464567
11
6.5602471259842519
21
-3.3254395669291337
0
LINE
8
BLACK
6
CONTINUOUS
10
6.5602471259842519
20
-3.3254395669291337
11
6.5597080708661419
21
-3.321345
0
LINE
8
BLACK
6
CONTINUOUS
10
6.5597080708661419
20
-3.321345
11
6.5573259055118109
21
-3.3155939370078737
0
LINE
8
BLACK
6
CONTINUOUS
10
6.5573259055118109
20
-3.3155939370078737
11
6.5573259055118109
21
-3.315593897637795
0
LINE
8
BLACK
6
CONTINUOUS
10
6.5573259055118109
20
-3.315593897637795
11
6.5535364960629918
21
-3.310655433070866
0
LINE
8
BLACK
6
CONTINUOUS
10
6.5535364960629918
20
-3.310655433070866
11
6.5535364566929131
21
-3.3106553937007872
0
LINE
8
BLACK
6
CONTINUOUS
10
6.5535364566929131
20
-3.3106553937007872
11
6.5535363385826768
21
-3.3106552362204722
0
LINE
8
BLACK
6
CONTINUOUS
10
6.5535363385826768
20
-3.3106552362204722
11
6.553536141732283
21
-3.3106550787401572
0
LINE
8
BLACK
6
CONTINUOUS
10
6.553536141732283
20
-3.3106550787401572
11
6.5535361023622043
21
-3.3106550393700789
0
LINE
8
BLACK
6
CONTINUOUS
10
6.5535361023622043
20
-3.3106550393700789
11
6.5492224409448818
21
-3.3073450787401573
0
LINE
8
BLACK
6
CONTINUOUS
10
6.5492224409448818
20
-3.3073450787401573
11
6.5485977165354328
21
-3.3068657086614173
0
LINE
8
BLACK
6
CONTINUOUS
10
6.5485977165354328
20
-3.3068657086614173
11
6.548597677165354
21
-3.3068656692913385
0
LINE
8
BLACK
6
CONTINUOUS
10
6.548597677165354
20
-3.3068656692913385
11
6.5485975984251965
21
-3.3068656299212598
0
LINE
8
BLACK
6
CONTINUOUS
10
6.5485975984251965
20
-3.3068656299212598
11
6.542846732283464
21
-3.3044835433070867
0
LINE
8
BLACK
6
CONTINUOUS
10
6.542846732283464
20
-3.3044835433070867
11
6.5428464173228349
21
-3.3044834645669292
0
LINE
8
BLACK
6
CONTINUOUS
10
6.5428464173228349
20
-3.3044834645669292
11
6.5366748818897635
21
-3.3036709842519683
0
LINE
8
BLACK
6
CONTINUOUS
10
6.5366748818897635
20
-3.3036709842519683
11
6.536674803149606
21
-3.3036709842519683
0
LINE
8
BLACK
6
CONTINUOUS
10
6.536674803149606
20
-3.3036709842519683
11
6.5305032283464568
21
-3.3044834645669292
0
LINE
8
BLACK
6
CONTINUOUS
10
6.5305032283464568
20
-3.3044834645669292
11
6.5305029133858268
21
-3.3044835433070867
0
LINE
8
BLACK
6
CONTINUOUS
10
6.5305029133858268
20
-3.3044835433070867
11
6.5247520472440943
21
-3.3068656299212598
0
LINE
8
BLACK
6
CONTINUOUS
10
6.5247520472440943
20
-3.3068656299212598
11
6.5247520078740155
21
-3.3068656299212598
0
LINE
8
BLACK
6
CONTINUOUS
10
6.5247520078740155
20
-3.3068656299212598
11
6.5198135433070865
21
-3.3106550393700789
0
LINE
8
BLACK
6
CONTINUOUS
10
6.5198135433070865
20
-3.3106550393700789
11
6.519813149606299
21
-3.310655433070866
0
LINE
8
BLACK
6
CONTINUOUS
10
6.519813149606299
20
-3.310655433070866
11
6.5160237401574799
21
-3.315593897637795
0
LINE
8
BLACK
6
CONTINUOUS
10
6.5160237401574799
20
-3.315593897637795
11
6.5160237401574799
21
-3.3155939370078737
0
LINE
8
BLACK
6
CONTINUOUS
10
6.5160237401574799
20
-3.3155939370078737
11
6.5136416535433073
21
-3.3213448031496062
0
LINE
8
BLACK
6
CONTINUOUS
10
6.5136416535433073
20
-3.3213448031496062
11
6.5136415748031498
21
-3.3213451181102362
0
LINE
8
BLACK
6
CONTINUOUS
10
6.5136415748031498
20
-3.3213451181102362
11
6.5128290944881888
21
-3.3275166929133859
0
LINE
8
BLACK
6
CONTINUOUS
10
6.5128290944881888
20
-3.3275166929133859
11
6.5128290944881888
21
-3.3275167322834647
0
LINE
8
BLACK
6
CONTINUOUS
10
6.5128290944881888
20
-3.3275167322834647
11
6.5136415748031498
21
-3.3336883070866139
0
LINE
8
BLACK
6
CONTINUOUS
10
7.3325032283464564
20
-3.2004835433070866
11
7.3325029133858264
21
-3.2004836220472441
0
LINE
8
BLACK
6
CONTINUOUS
10
7.3325029133858264
20
-3.2004836220472441
11
7.3267520472440939
21
-3.2028657086614172
0
LINE
8
BLACK
6
CONTINUOUS
10
7.3267520472440939
20
-3.2028657086614172
11
7.3267520078740151
21
-3.2028657086614172
0
LINE
8
BLACK
6
CONTINUOUS
10
7.3267520078740151
20
-3.2028657086614172
11
7.3218135433070861
21
-3.2066551181102363
0
LINE
8
BLACK
6
CONTINUOUS
10
7.3218135433070861
20
-3.2066551181102363
11
7.3218131496062995
21
-3.2066555118110234
0
LINE
8
BLACK
6
CONTINUOUS
10
7.3218131496062995
20
-3.2066555118110234
11
7.3180237401574804
21
-3.2115939763779529
0
LINE
8
BLACK
6
CONTINUOUS
10
7.3180237401574804
20
-3.2115939763779529
11
7.3180237401574804
21
-3.2115940157480316
0
LINE
8
BLACK
6
CONTINUOUS
10
7.3180237401574804
20
-3.2115940157480316
11
7.3156416535433069
21
-3.2173448818897636
0
LINE
8
BLACK
6
CONTINUOUS
10
7.3156416535433069
20
-3.2173448818897636
11
7.3156415748031494
21
-3.2173451968503937
0
LINE
8
BLACK
6
CONTINUOUS
10
7.3156415748031494
20
-3.2173451968503937
11
7.3148290944881884
21
-3.2235167716535433
0
LINE
8
BLACK
6
CONTINUOUS
10
7.3148290944881884
20
-3.2235167716535433
11
7.3148290944881884
21
-3.2235168110236221
0
LINE
8
BLACK
6
CONTINUOUS
10
7.3148290944881884
20
-3.2235168110236221
11
7.3156415748031494
21
-3.2296883858267718
0
LINE
8
BLACK
6
CONTINUOUS
10
7.3156415748031494
20
-3.2296883858267718
11
7.3156416535433069
21
-3.2296887007874013
0
LINE
8
BLACK
6
CONTINUOUS
10
7.3156416535433069
20
-3.2296887007874013
11
7.3180237401574804
21
-3.2354395669291338
0
LINE
8
BLACK
6
CONTINUOUS
10
7.3180237401574804
20
-3.2354395669291338
11
7.3180237401574804
21
-3.2354396062992126
0
LINE
8
BLACK
6
CONTINUOUS
10
7.3180237401574804
20
-3.2354396062992126
11
7.3180238188976379
21
-3.2354396850393701
0
LINE
8
BLACK
6
CONTINUOUS
10
7.3180238188976379
20
-3.2354396850393701
11
7.3218133464566924
21
-3.2403783070866141
0
LINE
8
BLACK
6
CONTINUOUS
10
7.3218133464566924
20
-3.2403783070866141
11
7.3267519685039373
21
-3.244167834645669
0
LINE
8
BLACK
6
CONTINUOUS
10
7.3267519685039373
20
-3.244167834645669
11
7.3271386614173224
21
-3.2443279921259842
0
LINE
8
BLACK
6
CONTINUOUS
10
7.3271386614173224
20
-3.2443279921259842
11
7.3275578346456696
21
-3.2445016535433071
0
LINE
8
BLACK
6
CONTINUOUS
10
7.3275578346456696
20
-3.2445016535433071
11
7.3293895669291338
21
-3.2460661023622048
0
LINE
8
BLACK
6
CONTINUOUS
10
7.3293895669291338
20
-3.2460661023622048
11
7.3299518897637794
21
-3.2484084251968501
0
LINE
8
BLACK
6
CONTINUOUS
10
7.3299518897637794
20
-3.2484084251968501
11
7.3290300393700782
21
-3.2506339370078741
0
LINE
8
BLACK
6
CONTINUOUS
10
7.3290300393700782
20
-3.2506339370078741
11
7.3275578346456696
21
-3.2517035433070864
0
LINE
8
BLACK
6
CONTINUOUS
10
7.3275578346456696
20
-3.2517035433070864
11
7.3247520078740154
21
-3.2528657480314962
0
LINE
8
BLACK
6
CONTINUOUS
10
7.3247520078740154
20
-3.2528657480314962
11
7.3198135433070863
21
-3.2566551181102361
0
LINE
8
BLACK
6
CONTINUOUS
10
7.3198135433070863
20
-3.2566551181102361
11
7.3198131496062988
21
-3.2566555118110236
0
LINE
8
BLACK
6
CONTINUOUS
10
7.3198131496062988
20
-3.2566555118110236
11
7.3160237401574806
21
-3.2615939763779527
0
LINE
8
BLACK
6
CONTINUOUS
10
7.3160237401574806
20
-3.2615939763779527
11
7.3160237401574806
21
-3.2615940157480314
0
LINE
8
BLACK
6
CONTINUOUS
10
7.3160237401574806
20
-3.2615940157480314
11
7.3136416535433071
21
-3.2673448818897639
0
LINE
8
BLACK
6
CONTINUOUS
10
7.3136416535433071
20
-3.2673448818897639
11
7.3136415748031496
21
-3.2673451968503935
0
LINE
8
BLACK
6
CONTINUOUS
10
7.3136415748031496
20
-3.2673451968503935
11
7.3128290944881886
21
-3.2735167716535432
0
LINE
8
BLACK
6
CONTINUOUS
10
7.3128290944881886
20
-3.2735167716535432
11
7.3128290944881886
21
-3.2735168110236219
0
LINE
8
BLACK
6
CONTINUOUS
10
7.3128290944881886
20
-3.2735168110236219
11
7.3136415748031496
21
-3.2796883858267716
0
LINE
8
BLACK
6
CONTINUOUS
10
7.3136415748031496
20
-3.2796883858267716
11
7.3136416535433071
21
-3.2796887007874016
0
LINE
8
BLACK
6
CONTINUOUS
10
7.3136416535433071
20
-3.2796887007874016
11
7.3160237401574806
21
-3.2854395669291336
0
LINE
8
BLACK
6
CONTINUOUS
10
7.3160237401574806
20
-3.2854395669291336
11
7.3160237401574806
21
-3.2854396062992124
0
LINE
8
BLACK
6
CONTINUOUS
10
7.3160237401574806
20
-3.2854396062992124
11
7.3198131496062988
21
-3.2903780708661419
0
LINE
8
BLACK
6
CONTINUOUS
10
7.3198131496062988
20
-3.2903780708661419
11
7.3198133464566926
21
-3.2903783070866139
0
LINE
8
BLACK
6
CONTINUOUS
10
7.3198133464566926
20
-3.2903783070866139
11
7.3198135039370076
21
-3.2903784251968502
0
LINE
8
BLACK
6
CONTINUOUS
10
7.3198135039370076
20
-3.2903784251968502
11
7.3198135433070863
21
-3.290378464566929
0
LINE
8
BLACK
6
CONTINUOUS
10
7.3198135433070863
20
-3.290378464566929
11
7.3209694094488187
21
-3.2912653543307084
0
LINE
8
BLACK
6
CONTINUOUS
10
7.3209694094488187
20
-3.2912653543307084
11
7.3247519685039366
21
-3.2941678346456693
0
LINE
8
BLACK
6
CONTINUOUS
10
7.3247519685039366
20
-3.2941678346456693
11
7.3247520078740154
21
-3.2941678346456693
0
LINE
8
BLACK
6
CONTINUOUS
10
7.3247520078740154
20
-3.2941678346456693
11
7.3247520472440941
21
-3.2941678740157481
0
LINE
8
BLACK
6
CONTINUOUS
10
7.3247520472440941
20
-3.2941678740157481
11
7.3269360629921261
21
-3.2950725196850392
0
LINE
8
BLACK
6
CONTINUOUS
10
7.3269360629921261
20
-3.2950725196850392
11
7.3305031102362204
21
-3.2965500393700786
0
LINE
8
BLACK
6
CONTINUOUS
10
7.3305031102362204
20
-3.2965500393700786
11
7.3351318897637796
21
-3.297159409448819
0
LINE
8
BLACK
6
CONTINUOUS
10
7.3351318897637796
20
-3.297159409448819
11
7.3366748031496059
21
-3.2973625590551179
0
LINE
8
BLACK
6
CONTINUOUS
10
7.3366748031496059
20
-3.2973625590551179
11
7.3366748425196846
21
-3.2973625590551179
0
LINE
8
BLACK
6
CONTINUOUS
10
7.3366748425196846
20
-3.2973625590551179
11
7.3366748818897634
21
-3.2973625590551179
0
LINE
8
BLACK
6
CONTINUOUS
10
7.3366748818897634
20
-3.2973625590551179
11
7.3379091732283461
21
-3.2972000393700789
0
LINE
8
BLACK
6
CONTINUOUS
10
7.3379091732283461
20
-3.2972000393700789
11
7.3428465748031497
21
-3.2965500393700786
0
LINE
8
BLACK
6
CONTINUOUS
10
7.3428465748031497
20
-3.2965500393700786
11
7.3485977165354326
21
-3.2941678346456693
0
LINE
8
BLACK
6
CONTINUOUS
10
7.3485977165354326
20
-3.2941678346456693
11
7.3535363385826766
21
-3.2903783070866139
0
LINE
8
BLACK
6
CONTINUOUS
10
7.3535363385826766
20
-3.2903783070866139
11
7.357325866141732
21
-3.2854396850393699
0
LINE
8
BLACK
6
CONTINUOUS
10
7.357325866141732
20
-3.2854396850393699
11
7.3597080708661418
21
-3.2796885433070866
0
LINE
8
BLACK
6
CONTINUOUS
10
7.3597080708661418
20
-3.2796885433070866
11
7.3605205905511806
21
-3.2735168110236219
0
LINE
8
BLACK
6
CONTINUOUS
10
7.3605205905511806
20
-3.2735168110236219
11
7.3597080708661418
21
-3.2673450787401572
0
LINE
8
BLACK
6
CONTINUOUS
10
7.3597080708661418
20
-3.2673450787401572
11
7.3573259055118108
21
-3.2615940157480314
0
LINE
8
BLACK
6
CONTINUOUS
10
7.3573259055118108
20
-3.2615940157480314
11
7.3573259055118108
21
-3.2615939763779527
0
LINE
8
BLACK
6
CONTINUOUS
10
7.3573259055118108
20
-3.2615939763779527
11
7.3535364960629916
21
-3.2566555118110236
0
LINE
8
BLACK
6
CONTINUOUS
10
7.3535364960629916
20
-3.2566555118110236
11
7.3535364566929129
21
-3.2566554724409449
0
LINE
8
BLACK
6
CONTINUOUS
10
7.3535364566929129
20
-3.2566554724409449
11
7.3535363385826766
21
-3.2566553149606299
0
LINE
8
BLACK
6
CONTINUOUS
10
7.3535363385826766
20
-3.2566553149606299
11
7.3535361417322829
21
-3.2566551574803149
0
LINE
8
BLACK
6
CONTINUOUS
10
7.3535361417322829
20
-3.2566551574803149
11
7.3535361023622041
21
-3.2566551181102361
0
LINE
8
BLACK
6
CONTINUOUS
10
7.3535361023622041
20
-3.2566551181102361
11
7.3485975984251963
21
-3.2528657086614174
0
LINE
8
BLACK
6
CONTINUOUS
10
7.3485975984251963
20
-3.2528657086614174
11
7.3477917322834641
21
-3.2525318897637794
0
LINE
8
BLACK
6
CONTINUOUS
10
7.3477917322834641
20
-3.2525318897637794
11
7.3459600393700786
21
-3.2509674015748029
0
LINE
8
BLACK
6
CONTINUOUS
10
7.3459600393700786
20
-3.2509674015748029
11
7.3453977559055117
21
-3.2486250787401576
0
LINE
8
BLACK
6
CONTINUOUS
10
7.3453977559055117
20
-3.2486250787401576
11
7.3463196850393695
21
-3.2463996062992124
0
LINE
8
BLACK
6
CONTINUOUS
10
7.3463196850393695
20
-3.2463996062992124
11
7.3477917322834641
21
-3.2453300787401576
0
LINE
8
BLACK
6
CONTINUOUS
10
7.3477917322834641
20
-3.2453300787401576
11
7.3505977165354333
21
-3.244167834645669
0
LINE
8
BLACK
6
CONTINUOUS
10
7.3505977165354333
20
-3.244167834645669
11
7.3555363385826773
21
-3.2403783070866141
0
LINE
8
BLACK
6
CONTINUOUS
10
7.3555363385826773
20
-3.2403783070866141
11
7.3593258661417318
21
-3.2354396850393701
0
LINE
8
BLACK
6
CONTINUOUS
10
7.3593258661417318
20
-3.2354396850393701
11
7.3617080708661415
21
-3.2296885433070863
0
LINE
8
BLACK
6
CONTINUOUS
10
7.3617080708661415
20
-3.2296885433070863
11
7.3625205905511812
21
-3.2235168110236221
0
LINE
8
BLACK
6
CONTINUOUS
10
7.3625205905511812
20
-3.2235168110236221
11
7.3617080708661415
21
-3.2173450787401574
0
LINE
8
BLACK
6
CONTINUOUS
10
7.3617080708661415
20
-3.2173450787401574
11
7.3593259055118105
21
-3.2115940157480316
0
LINE
8
BLACK
6
CONTINUOUS
10
7.3593259055118105
20
-3.2115940157480316
11
7.3593259055118105
21
-3.2115939763779529
0
LINE
8
BLACK
6
CONTINUOUS
10
7.3593259055118105
20
-3.2115939763779529
11
7.3555364960629923
21
-3.2066555118110234
0
LINE
8
BLACK
6
CONTINUOUS
10
7.3555364960629923
20
-3.2066555118110234
11
7.3555364566929136
21
-3.2066554724409446
0
LINE
8
BLACK
6
CONTINUOUS
10
7.3555364566929136
20
-3.2066554724409446
11
7.3555363385826773
21
-3.2066553149606301
0
LINE
8
BLACK
6
CONTINUOUS
10
7.3555363385826773
20
-3.2066553149606301
11
7.3555361417322835
21
-3.206655157480315
0
LINE
8
BLACK
6
CONTINUOUS
10
7.3555361417322835
20
-3.206655157480315
11
7.3555361023622048
21
-3.2066551181102363
0
LINE
8
BLACK
6
CONTINUOUS
10
7.3555361023622048
20
-3.2066551181102363
11
7.350597598425197
21
-3.2028657086614172
0
LINE
8
BLACK
6
CONTINUOUS
10
7.350597598425197
20
-3.2028657086614172
11
7.3448467322834645
21
-3.2004836220472441
0
LINE
8
BLACK
6
CONTINUOUS
10
7.3448467322834645
20
-3.2004836220472441
11
7.3448464173228345
21
-3.2004835433070866
0
LINE
8
BLACK
6
CONTINUOUS
10
7.3448464173228345
20
-3.2004835433070866
11
7.338674881889764
21
-3.1996710629921261
0
LINE
8
BLACK
6
CONTINUOUS
10
7.338674881889764
20
-3.1996710629921261
11
7.3386748031496065
21
-3.1996710629921261
0
LINE
8
BLACK
6
CONTINUOUS
10
7.3386748031496065
20
-3.1996710629921261
11
7.3325032283464564
21
-3.2004835433070866
0
LINE
8
BLACK
6
CONTINUOUS
10
6.1178824803149601
20
-3.0326369291338584
11
6.1178823622047247
21
-3.0326369685039372
0
LINE
8
BLACK
6
CONTINUOUS
10
6.1178823622047247
20
-3.0326369685039372
11
6.1108281889763783
21
-3.0347768503937007
0
LINE
8
BLACK
6
CONTINUOUS
10
6.1108281889763783
20
-3.0347768503937007
11
6.1108281102362207
21
-3.0347768897637795
0
LINE
8
BLACK
6
CONTINUOUS
10
6.1108281102362207
20
-3.0347768897637795
11
6.1043276771653545
21
-3.0382514173228348
0
LINE
8
BLACK
6
CONTINUOUS
10
6.1043276771653545
20
-3.0382514173228348
11
6.104327440944882
21
-3.0382515748031493
0
LINE
8
BLACK
6
CONTINUOUS
10
6.104327440944882
20
-3.0382515748031493
11
6.0986294488188975
21
-3.0429277559055117
0
LINE
8
BLACK
6
CONTINUOUS
10
6.0986294488188975
20
-3.0429277559055117
11
6.0986290944881887
21
-3.0429281102362205
0
LINE
8
BLACK
6
CONTINUOUS
10
6.0986290944881887
20
-3.0429281102362205
11
6.0939529133858263
21
-3.0486261023622045
0
LINE
8
BLACK
6
CONTINUOUS
10
6.0939529133858263
20
-3.0486261023622045
11
6.0939527559055113
21
-3.0486263385826771
0
LINE
8
BLACK
6
CONTINUOUS
10
6.0939527559055113
20
-3.0486263385826771
11
6.0904782283464565
21
-3.0551267716535433
0
LINE
8
BLACK
6
CONTINUOUS
10
6.0904782283464565
20
-3.0551267716535433
11
6.0904781889763777
21
-3.0551268503937008
0
LINE
8
BLACK
6
CONTINUOUS
10
6.0904781889763777
20
-3.0551268503937008
11
6.0883383070866142
21
-3.0621810236220472
0
LINE
8
BLACK
6
CONTINUOUS
10
6.0883383070866142
20
-3.0621810236220472
11
6.0883382677165354
21
-3.0621811417322835
0
LINE
8
BLACK
6
CONTINUOUS
10
6.0883382677165354
20
-3.0621811417322835
11
6.0876158267716534
21
-3.0695166141732284
0
LINE
8
BLACK
6
CONTINUOUS
10
6.0876158267716534
20
-3.0695166141732284
11
6.0876158267716534
21
-3.0695169685039367
0
LINE
8
BLACK
6
CONTINUOUS
10
6.0876158267716534
20
-3.0695169685039367
11
6.0883382677165354
21
-3.0768524409448816
0
LINE
8
BLACK
6
CONTINUOUS
10
6.0883382677165354
20
-3.0768524409448816
11
6.0883383070866142
21
-3.0768525590551179
0
LINE
8
BLACK
6
CONTINUOUS
10
6.0883383070866142
20
-3.0768525590551179
11
6.0904781889763777
21
-3.0839067322834643
0
LINE
8
BLACK
6
CONTINUOUS
10
6.0904781889763777
20
-3.0839067322834643
11
6.0904782283464565
21
-3.0839068110236219
0
LINE
8
BLACK
6
CONTINUOUS
10
6.0904782283464565
20
-3.0839068110236219
11
6.0939527559055113
21
-3.0904072440944881
0
LINE
8
BLACK
6
CONTINUOUS
10
6.0939527559055113
20
-3.0904072440944881
11
6.0939528740157476
21
-3.0904074409448818
0
LINE
8
BLACK
6
CONTINUOUS
10
6.0939528740157476
20
-3.0904074409448818
11
6.0939529527559051
21
-3.0904075590551181
0
LINE
8
BLACK
6
CONTINUOUS
10
6.0939529527559051
20
-3.0904075590551181
11
6.0959029921259837
21
-3.092783661417323
0
LINE
8
BLACK
6
CONTINUOUS
10
6.0959029921259837
20
-3.092783661417323
11
6.0986290944881887
21
-3.0961054724409447
0
LINE
8
BLACK
6
CONTINUOUS
10
6.0986290944881887
20
-3.0961054724409447
11
6.0986294488188975
21
-3.0961058267716535
0
LINE
8
BLACK
6
CONTINUOUS
10
6.0986294488188975
20
-3.0961058267716535
11
6.1012868503937003
21
-3.0982866929133857
0
LINE
8
BLACK
6
CONTINUOUS
10
6.1012868503937003
20
-3.0982866929133857
11
6.1043274015748032
21
-3.1007820078740158
0
LINE
8
BLACK
6
CONTINUOUS
10
6.1043274015748032
20
-3.1007820078740158
11
6.1108283464566924
21
-3.1042568110236219
0
LINE
8
BLACK
6
CONTINUOUS
10
6.1108283464566924
20
-3.1042568110236219
11
6.1178822834645672
21
-3.1063966141732284
0
LINE
8
BLACK
6
CONTINUOUS
10
6.1178822834645672
20
-3.1063966141732284
11
6.1178823622047247
21
-3.1063966141732284
0
LINE
8
BLACK
6
CONTINUOUS
10
6.1178823622047247
20
-3.1063966141732284
11
6.1178824803149601
21
-3.1063966535433072
0
LINE
8
BLACK
6
CONTINUOUS
10
6.1178824803149601
20
-3.1063966535433072
11
6.1252179921259842
21
-3.1071191338582675
0
LINE
8
BLACK
6
CONTINUOUS
10
6.1252179921259842
20
-3.1071191338582675
11
6.1252181496062992
21
-3.1071191338582675
0
LINE
8
BLACK
6
CONTINUOUS
10
6.1252181496062992
20
-3.1071191338582675
11
6.1252183070866142
21
-3.1071191338582675
0
LINE
8
BLACK
6
CONTINUOUS
10
6.1252183070866142
20
-3.1071191338582675
11
6.1325537795275586
21
-3.1063966535433072
0
LINE
8
BLACK
6
CONTINUOUS
10
6.1325537795275586
20
-3.1063966535433072
11
6.1325538188976374
21
-3.1063966141732284
0
LINE
8
BLACK
6
CONTINUOUS
10
6.1325538188976374
20
-3.1063966141732284
11
6.1325540157480312
21
-3.1063966141732284
0
LINE
8
BLACK
6
CONTINUOUS
10
6.1325540157480312
20
-3.1063966141732284
11
6.1396079527559051
21
-3.1042568110236219
0
LINE
8
BLACK
6
CONTINUOUS
10
6.1396079527559051
20
-3.1042568110236219
11
6.1461088976377951
21
-3.1007820078740158
0
LINE
8
BLACK
6
CONTINUOUS
10
6.1461088976377951
20
-3.1007820078740158
11
6.1518070078740159
21
-3.0961056692913385
0
LINE
8
BLACK
6
CONTINUOUS
10
6.1518070078740159
20
-3.0961056692913385
11
6.1564833464566924
21
-3.0904075590551181
0
LINE
8
BLACK
6
CONTINUOUS
10
6.1564833464566924
20
-3.0904075590551181
11
6.1599581496062994
21
-3.0839066141732281
0
LINE
8
BLACK
6
CONTINUOUS
10
6.1599581496062994
20
-3.0839066141732281
11
6.1620979527559054
21
-3.0768526771653542
0
LINE
8
BLACK
6
CONTINUOUS
10
6.1620979527559054
20
-3.0768526771653542
11
6.162820472440945
21
-3.0695169685039367
0
LINE
8
BLACK
6
CONTINUOUS
10
6.162820472440945
20
-3.0695169685039367
11
6.162820472440945
21
-3.0695168110236222
0
LINE
8
BLACK
6
CONTINUOUS
10
6.162820472440945
20
-3.0695168110236222
11
6.162820472440945
21
-3.0695166141732284
0
LINE
8
BLACK
6
CONTINUOUS
10
6.162820472440945
20
-3.0695166141732284
11
6.1620979921259842
21
-3.0621811417322835
0
LINE
8
BLACK
6
CONTINUOUS
10
6.1620979921259842
20
-3.0621811417322835
11
6.1620979527559054
21
-3.0621810236220472
0
LINE
8
BLACK
6
CONTINUOUS
10
6.1620979527559054
20
-3.0621810236220472
11
6.1620979527559054
21
-3.0621809448818897
0
LINE
8
BLACK
6
CONTINUOUS
10
6.1620979527559054
20
-3.0621809448818897
11
6.1599581496062994
21
-3.0551270078740158
0
LINE
8
BLACK
6
CONTINUOUS
10
6.1599581496062994
20
-3.0551270078740158
11
6.1564833464566924
21
-3.0486260629921258
0
LINE
8
BLACK
6
CONTINUOUS
10
6.1564833464566924
20
-3.0486260629921258
11
6.1539880314960627
21
-3.0455855118110238
0
LINE
8
BLACK
6
CONTINUOUS
10
6.1539880314960627
20
-3.0455855118110238
11
6.1518071653543309
21
-3.0429281102362205
0
LINE
8
BLACK
6
CONTINUOUS
10
6.1518071653543309
20
-3.0429281102362205
11
6.1518068110236221
21
-3.0429277559055117
0
LINE
8
BLACK
6
CONTINUOUS
10
6.1518068110236221
20
-3.0429277559055117
11
6.148485
21
-3.0402016535433072
0
LINE
8
BLACK
6
CONTINUOUS
10
6.148485
20
-3.0402016535433072
11
6.1461088976377951
21
-3.0382516141732281
0
LINE
8
BLACK
6
CONTINUOUS
10
6.1461088976377951
20
-3.0382516141732281
11
6.1461087795275589
21
-3.0382515354330706
0
LINE
8
BLACK
6
CONTINUOUS
10
6.1461087795275589
20
-3.0382515354330706
11
6.1461085826771651
21
-3.0382514173228348
0
LINE
8
BLACK
6
CONTINUOUS
10
6.1461085826771651
20
-3.0382514173228348
11
6.1396081496062989
21
-3.0347768897637795
0
LINE
8
BLACK
6
CONTINUOUS
10
6.1396081496062989
20
-3.0347768897637795
11
6.1396080708661414
21
-3.0347768503937007
0
LINE
8
BLACK
6
CONTINUOUS
10
6.1396080708661414
20
-3.0347768503937007
11
6.1325538976377949
21
-3.0326369685039372
0
LINE
8
BLACK
6
CONTINUOUS
10
6.1325538976377949
20
-3.0326369685039372
11
6.1325537795275586
21
-3.0326369291338584
0
LINE
8
BLACK
6
CONTINUOUS
10
6.1325537795275586
20
-3.0326369291338584
11
6.1252183070866142
21
-3.0319144881889764
0
LINE
8
BLACK
6
CONTINUOUS
10
6.1252183070866142
20
-3.0319144881889764
11
6.1252179921259842
21
-3.0319144881889764
0
LINE
8
BLACK
6
CONTINUOUS
10
6.1252179921259842
20
-3.0319144881889764
11
6.1178824803149601
21
-3.0326369291338584
0
LINE
8
BLACK
6
CONTINUOUS
10
6.2804642519685041
20
-3.0768524409448816
11
6.2804642913385829
21
-3.0768525590551179
0
LINE
8
BLACK
6
CONTINUOUS
10
6.2804642913385829
20
-3.0768525590551179
11
6.2826041732283464
21
-3.0839067322834643
0
LINE
8
BLACK
6
CONTINUOUS
10
6.2826041732283464
20
-3.0839067322834643
11
6.2826042125984252
21
-3.0839068110236219
0
LINE
8
BLACK
6
CONTINUOUS
10
6.2826042125984252
20
-3.0839068110236219
11
6.28607874015748
21
-3.0904072440944881
0
LINE
8
BLACK
6
CONTINUOUS
10
6.28607874015748
20
-3.0904072440944881
11
6.2860788582677163
21
-3.0904074409448818
0
LINE
8
BLACK
6
CONTINUOUS
10
6.2860788582677163
20
-3.0904074409448818
11
6.2860789370078738
21
-3.0904075590551181
0
LINE
8
BLACK
6
CONTINUOUS
10
6.2860789370078738
20
-3.0904075590551181
11
6.2880289763779524
21
-3.092783661417323
0
LINE
8
BLACK
6
CONTINUOUS
10
6.2880289763779524
20
-3.092783661417323
11
6.2907550787401574
21
-3.0961054724409447
0
LINE
8
BLACK
6
CONTINUOUS
10
6.2907550787401574
20
-3.0961054724409447
11
6.2907554330708662
21
-3.0961058267716535
0
LINE
8
BLACK
6
CONTINUOUS
10
6.2907554330708662
20
-3.0961058267716535
11
6.293412834645669
21
-3.0982866929133857
0
LINE
8
BLACK
6
CONTINUOUS
10
6.293412834645669
20
-3.0982866929133857
11
6.2964533858267719
21
-3.1007820078740158
0
LINE
8
BLACK
6
CONTINUOUS
10
6.2964533858267719
20
-3.1007820078740158
11
6.3029543307086611
21
-3.1042568110236219
0
LINE
8
BLACK
6
CONTINUOUS
10
6.3029543307086611
20
-3.1042568110236219
11
6.310008267716535
21
-3.1063966141732284
0
LINE
8
BLACK
6
CONTINUOUS
10
6.310008267716535
20
-3.1063966141732284
11
6.3100083464566925
21
-3.1063966141732284
0
LINE
8
BLACK
6
CONTINUOUS
10
6.3100083464566925
20
-3.1063966141732284
11
6.3100084645669288
21
-3.1063966535433072
0
LINE
8
BLACK
6
CONTINUOUS
10
6.3100084645669288
20
-3.1063966535433072
11
6.3173439763779529
21
-3.1071191338582675
0
LINE
8
BLACK
6
CONTINUOUS
10
6.3173439763779529
20
-3.1071191338582675
11
6.3173441338582679
21
-3.1071191338582675
0
LINE
8
BLACK
6
CONTINUOUS
10
6.3173441338582679
20
-3.1071191338582675
11
6.3173442913385829
21
-3.1071191338582675
0
LINE
8
BLACK
6
CONTINUOUS
10
6.3173442913385829
20
-3.1071191338582675
11
6.3246797637795273
21
-3.1063966535433072
0
LINE
8
BLACK
6
CONTINUOUS
10
6.3246797637795273
20
-3.1063966535433072
11
6.3246798031496061
21
-3.1063966141732284
0
LINE
8
BLACK
6
CONTINUOUS
10
6.3246798031496061
20
-3.1063966141732284
11
6.3246799999999999
21
-3.1063966141732284
0
LINE
8
BLACK
6
CONTINUOUS
10
6.3246799999999999
20
-3.1063966141732284
11
6.3317339370078738
21
-3.1042568110236219
0
LINE
8
BLACK
6
CONTINUOUS
10
6.3317339370078738
20
-3.1042568110236219
11
6.3382348818897638
21
-3.1007820078740158
0
LINE
8
BLACK
6
CONTINUOUS
10
6.3382348818897638
20
-3.1007820078740158
11
6.3439329921259837
21
-3.0961056692913385
0
LINE
8
BLACK
6
CONTINUOUS
10
6.3439329921259837
20
-3.0961056692913385
11
6.3486093307086611
21
-3.0904075590551181
0
LINE
8
BLACK
6
CONTINUOUS
10
6.3486093307086611
20
-3.0904075590551181
11
6.3520841338582672
21
-3.0839066141732281
0
LINE
8
BLACK
6
CONTINUOUS
10
6.3520841338582672
20
-3.0839066141732281
11
6.3542239370078741
21
-3.0768526771653542
0
LINE
8
BLACK
6
CONTINUOUS
10
6.3542239370078741
20
-3.0768526771653542
11
6.3549464566929128
21
-3.0695168110236222
0
LINE
8
BLACK
6
CONTINUOUS
10
6.3549464566929128
20
-3.0695168110236222
11
6.3549464566929128
21
-3.0695166141732284
0
LINE
8
BLACK
6
CONTINUOUS
10
6.3549464566929128
20
-3.0695166141732284
11
6.3542239763779529
21
-3.0621811417322835
0
LINE
8
BLACK
6
CONTINUOUS
10
6.3542239763779529
20
-3.0621811417322835
11
6.3542239370078741
21
-3.0621810236220472
0
LINE
8
BLACK
6
CONTINUOUS
10
6.3542239370078741
20
-3.0621810236220472
11
6.3542239370078741
21
-3.0621809448818897
0
LINE
8
BLACK
6
CONTINUOUS
10
6.3542239370078741
20
-3.0621809448818897
11
6.3520841338582672
21
-3.0551270078740158
0
LINE
8
BLACK
6
CONTINUOUS
10
6.3520841338582672
20
-3.0551270078740158
11
6.3486093307086611
21
-3.0486260629921258
0
LINE
8
BLACK
6
CONTINUOUS
10
6.3486093307086611
20
-3.0486260629921258
11
6.3461140157480314
21
-3.0455855118110238
0
LINE
8
BLACK
6
CONTINUOUS
10
6.3461140157480314
20
-3.0455855118110238
11
6.3439331496062987
21
-3.0429281102362205
0
LINE
8
BLACK
6
CONTINUOUS
10
6.3439331496062987
20
-3.0429281102362205
11
6.3439327952755908
21
-3.0429277559055117
0
LINE
8
BLACK
6
CONTINUOUS
10
6.3439327952755908
20
-3.0429277559055117
11
6.3406109842519687
21
-3.0402016535433072
0
LINE
8
BLACK
6
CONTINUOUS
10
6.3406109842519687
20
-3.0402016535433072
11
6.3382348818897638
21
-3.0382516141732281
0
LINE
8
BLACK
6
CONTINUOUS
10
6.3382348818897638
20
-3.0382516141732281
11
6.3382347637795275
21
-3.0382515354330706
0
LINE
8
BLACK
6
CONTINUOUS
10
6.3382347637795275
20
-3.0382515354330706
11
6.3382345669291338
21
-3.0382514173228348
0
LINE
8
BLACK
6
CONTINUOUS
10
6.3382345669291338
20
-3.0382514173228348
11
6.3317341338582676
21
-3.0347768897637795
0
LINE
8
BLACK
6
CONTINUOUS
10
6.3317341338582676
20
-3.0347768897637795
11
6.33173405511811
21
-3.0347768503937007
0
LINE
8
BLACK
6
CONTINUOUS
10
6.33173405511811
20
-3.0347768503937007
11
6.3246798818897636
21
-3.0326369685039372
0
LINE
8
BLACK
6
CONTINUOUS
10
6.3246798818897636
20
-3.0326369685039372
11
6.3246797637795273
21
-3.0326369291338584
0
LINE
8
BLACK
6
CONTINUOUS
10
6.3246797637795273
20
-3.0326369291338584
11
6.3173442913385829
21
-3.0319144881889764
0
LINE
8
BLACK
6
CONTINUOUS
10
6.3173442913385829
20
-3.0319144881889764
11
6.3173439763779529
21
-3.0319144881889764
0
LINE
8
BLACK
6
CONTINUOUS
10
6.3173439763779529
20
-3.0319144881889764
11
6.3100084645669288
21
-3.0326369291338584
0
LINE
8
BLACK
6
CONTINUOUS
10
6.3100084645669288
20
-3.0326369291338584
11
6.3100083464566925
21
-3.0326369685039372
0
LINE
8
BLACK
6
CONTINUOUS
10
6.3100083464566925
20
-3.0326369685039372
11
6.3029541732283461
21
-3.0347768503937007
0
LINE
8
BLACK
6
CONTINUOUS
10
6.3029541732283461
20
-3.0347768503937007
11
6.3029540944881886
21
-3.0347768897637795
0
LINE
8
BLACK
6
CONTINUOUS
10
6.3029540944881886
20
-3.0347768897637795
11
6.2964536614173223
21
-3.0382514173228348
0
LINE
8
BLACK
6
CONTINUOUS
10
6.2964536614173223
20
-3.0382514173228348
11
6.2964534251968498
21
-3.0382515748031493
0
LINE
8
BLACK
6
CONTINUOUS
10
6.2964534251968498
20
-3.0382515748031493
11
6.2907554330708662
21
-3.0429277559055117
0
LINE
8
BLACK
6
CONTINUOUS
10
6.2907554330708662
20
-3.0429277559055117
11
6.2907550787401574
21
-3.0429281102362205
0
LINE
8
BLACK
6
CONTINUOUS
10
6.2907550787401574
20
-3.0429281102362205
11
6.286078897637795
21
-3.0486261023622045
0
LINE
8
BLACK
6
CONTINUOUS
10
6.286078897637795
20
-3.0486261023622045
11
6.28607874015748
21
-3.0486263385826771
0
LINE
8
BLACK
6
CONTINUOUS
10
6.28607874015748
20
-3.0486263385826771
11
6.2826042125984252
21
-3.0551267716535433
0
LINE
8
BLACK
6
CONTINUOUS
10
6.2826042125984252
20
-3.0551267716535433
11
6.2826041732283464
21
-3.0551268503937008
0
LINE
8
BLACK
6
CONTINUOUS
10
6.2826041732283464
20
-3.0551268503937008
11
6.2804642913385829
21
-3.0621810236220472
0
LINE
8
BLACK
6
CONTINUOUS
10
6.2804642913385829
20
-3.0621810236220472
11
6.2804642519685041
21
-3.0621811417322835
0
LINE
8
BLACK
6
CONTINUOUS
10
6.2804642519685041
20
-3.0621811417322835
11
6.2797418110236221
21
-3.0695166141732284
0
LINE
8
BLACK
6
CONTINUOUS
10
6.2797418110236221
20
-3.0695166141732284
11
6.2797418110236221
21
-3.0695169685039367
0
LINE
8
BLACK
6
CONTINUOUS
10
6.2797418110236221
20
-3.0695169685039367
11
6.2804642519685041
21
-3.0768524409448816
0
LINE
8
BLACK
6
CONTINUOUS
10
6.6085032283464562
20
-2.9664835433070866
11
6.6085029133858262
21
-2.9664836220472441
0
LINE
8
BLACK
6
CONTINUOUS
10
6.6085029133858262
20
-2.9664836220472441
11
6.6027520472440946
21
-2.9688657086614172
0
LINE
8
BLACK
6
CONTINUOUS
10
6.6027520472440946
20
-2.9688657086614172
11
6.6027520078740158
21
-2.9688657086614172
0
LINE
8
BLACK
6
CONTINUOUS
10
6.6027520078740158
20
-2.9688657086614172
11
6.5978135433070868
21
-2.9726551181102363
0
LINE
8
BLACK
6
CONTINUOUS
10
6.5978135433070868
20
-2.9726551181102363
11
6.5978131496062993
21
-2.9726555118110234
0
LINE
8
BLACK
6
CONTINUOUS
10
6.5978131496062993
20
-2.9726555118110234
11
6.5940237401574802
21
-2.9775939763779529
0
LINE
8
BLACK
6
CONTINUOUS
10
6.5940237401574802
20
-2.9775939763779529
11
6.5940237401574802
21
-2.9775940157480316
0
LINE
8
BLACK
6
CONTINUOUS
10
6.5940237401574802
20
-2.9775940157480316
11
6.5916416535433067
21
-2.9833448818897637
0
LINE
8
BLACK
6
CONTINUOUS
10
6.5916416535433067
20
-2.9833448818897637
11
6.5916415748031492
21
-2.9833451968503937
0
LINE
8
BLACK
6
CONTINUOUS
10
6.5916415748031492
20
-2.9833451968503937
11
6.5908290944881891
21
-2.9895167716535433
0
LINE
8
BLACK
6
CONTINUOUS
10
6.5908290944881891
20
-2.9895167716535433
11
6.5908290944881891
21
-2.9895168110236221
0
LINE
8
BLACK
6
CONTINUOUS
10
6.5908290944881891
20
-2.9895168110236221
11
6.5916415748031492
21
-2.9956883858267718
0
LINE
8
BLACK
6
CONTINUOUS
10
6.5916415748031492
20
-2.9956883858267718
11
6.5916416535433067
21
-2.9956887007874013
0
LINE
8
BLACK
6
CONTINUOUS
10
6.5916416535433067
20
-2.9956887007874013
11
6.5940237401574802
21
-3.0014395669291338
0
LINE
8
BLACK
6
CONTINUOUS
10
6.5940237401574802
20
-3.0014395669291338
11
6.5940237401574802
21
-3.0014396062992126
0
LINE
8
BLACK
6
CONTINUOUS
10
6.5940237401574802
20
-3.0014396062992126
11
6.5940238188976377
21
-3.0014396850393701
0
LINE
8
BLACK
6
CONTINUOUS
10
6.5940238188976377
20
-3.0014396850393701
11
6.597813346456693
21
-3.0063783070866141
0
LINE
8
BLACK
6
CONTINUOUS
10
6.597813346456693
20
-3.0063783070866141
11
6.6027519685039371
21
-3.0101678346456691
0
LINE
8
BLACK
6
CONTINUOUS
10
6.6027519685039371
20
-3.0101678346456691
11
6.6085031102362199
21
-3.0125500393700788
0
LINE
8
BLACK
6
CONTINUOUS
10
6.6085031102362199
20
-3.0125500393700788
11
6.6131318897637792
21
-3.0131594094488188
0
LINE
8
BLACK
6
CONTINUOUS
10
6.6131318897637792
20
-3.0131594094488188
11
6.6146748031496063
21
-3.0133625590551181
0
LINE
8
BLACK
6
CONTINUOUS
10
6.6146748031496063
20
-3.0133625590551181
11
6.6146748425196851
21
-3.0133625590551181
0
LINE
8
BLACK
6
CONTINUOUS
10
6.6146748425196851
20
-3.0133625590551181
11
6.6146748818897638
21
-3.0133625590551181
0
LINE
8
BLACK
6
CONTINUOUS
10
6.6146748818897638
20
-3.0133625590551181
11
6.6159091732283466
21
-3.0132000393700786
0
LINE
8
BLACK
6
CONTINUOUS
10
6.6159091732283466
20
-3.0132000393700786
11
6.6208465748031493
21
-3.0125500393700788
0
LINE
8
BLACK
6
CONTINUOUS
10
6.6208465748031493
20
-3.0125500393700788
11
6.6265977165354331
21
-3.0101678346456691
0
LINE
8
BLACK
6
CONTINUOUS
10
6.6265977165354331
20
-3.0101678346456691
11
6.6315363385826771
21
-3.0063783070866141
0
LINE
8
BLACK
6
CONTINUOUS
10
6.6315363385826771
20
-3.0063783070866141
11
6.6353258661417325
21
-3.0014396850393701
0
LINE
8
BLACK
6
CONTINUOUS
10
6.6353258661417325
20
-3.0014396850393701
11
6.6377080708661413
21
-2.9956885433070863
0
LINE
8
BLACK
6
CONTINUOUS
10
6.6377080708661413
20
-2.9956885433070863
11
6.638520590551181
21
-2.9895168110236221
0
LINE
8
BLACK
6
CONTINUOUS
10
6.638520590551181
20
-2.9895168110236221
11
6.6377080708661413
21
-2.9833450787401574
0
LINE
8
BLACK
6
CONTINUOUS
10
6.6377080708661413
20
-2.9833450787401574
11
6.6353259055118112
21
-2.9775940157480316
0
LINE
8
BLACK
6
CONTINUOUS
10
6.6353259055118112
20
-2.9775940157480316
11
6.6353259055118112
21
-2.9775939763779529
0
LINE
8
BLACK
6
CONTINUOUS
10
6.6353259055118112
20
-2.9775939763779529
11
6.6315364960629921
21
-2.9726555118110234
0
LINE
8
BLACK
6
CONTINUOUS
10
6.6315364960629921
20
-2.9726555118110234
11
6.6315364566929134
21
-2.9726554724409446
0
LINE
8
BLACK
6
CONTINUOUS
10
6.6315364566929134
20
-2.9726554724409446
11
6.6315363385826771
21
-2.9726553149606301
0
LINE
8
BLACK
6
CONTINUOUS
10
6.6315363385826771
20
-2.9726553149606301
11
6.6315361417322833
21
-2.9726551574803151
0
LINE
8
BLACK
6
CONTINUOUS
10
6.6315361417322833
20
-2.9726551574803151
11
6.6315361023622046
21
-2.9726551181102363
0
LINE
8
BLACK
6
CONTINUOUS
10
6.6315361023622046
20
-2.9726551181102363
11
6.6265975984251968
21
-2.9688657086614172
0
LINE
8
BLACK
6
CONTINUOUS
10
6.6265975984251968
20
-2.9688657086614172
11
6.6208467322834643
21
-2.9664836220472441
0
LINE
8
BLACK
6
CONTINUOUS
10
6.6208467322834643
20
-2.9664836220472441
11
6.6208464173228343
21
-2.9664835433070866
0
LINE
8
BLACK
6
CONTINUOUS
10
6.6208464173228343
20
-2.9664835433070866
11
6.6146748818897638
21
-2.9656710629921261
0
LINE
8
BLACK
6
CONTINUOUS
10
6.6146748818897638
20
-2.9656710629921261
11
6.6146748031496063
21
-2.9656710629921261
0
LINE
8
BLACK
6
CONTINUOUS
10
6.6146748031496063
20
-2.9656710629921261
11
6.6085032283464562
21
-2.9664835433070866
0
LINE
8
BLACK
6
CONTINUOUS
10
7.3096474015748027
20
-4.7921427952755904
11
7.332227440944882
21
-4.7921427952755904
0
LINE
8
BLACK
6
CONTINUOUS
10
7.332227440944882
20
-4.7921427952755904
11
7.3333725984251963
21
-4.7901592913385826
0
LINE
8
BLACK
6
CONTINUOUS
10
7.3333725984251963
20
-4.7901592913385826
11
7.3370062992125984
21
-4.7865255905511814
0
LINE
8
BLACK
6
CONTINUOUS
10
7.3370062992125984
20
-4.7865255905511814
11
7.3414566535433066
21
-4.7839561811023623
0
LINE
8
BLACK
6
CONTINUOUS
10
7.3414566535433066
20
-4.7839561811023623
11
7.3464203937007868
21
-4.782626181102362
0
LINE
8
BLACK
6
CONTINUOUS
10
7.3464203937007868
20
-4.782626181102362
11
7.3489898031496059
21
-4.7824577559055115
0
LINE
8
BLACK
6
CONTINUOUS
10
7.3489898031496059
20
-4.7824577559055115
11
7.3586748425196848
21
-4.7824577559055115
0
LINE
8
BLACK
6
CONTINUOUS
10
7.3586748425196848
20
-4.7824577559055115
11
7.3586748425196848
21
-4.7615916535433067
0
LINE
8
BLACK
6
CONTINUOUS
10
7.3586748425196848
20
-4.7615916535433067
11
7.3586748031496061
21
-4.761591614173228
0
LINE
8
BLACK
6
CONTINUOUS
10
7.3586748031496061
20
-4.761591614173228
11
7.3469975984251965
21
-4.761591614173228
0
LINE
8
BLACK
6
CONTINUOUS
10
7.3469975984251965
20
-4.761591614173228
11
7.3410405905511809
21
-4.7621782677165356
0
LINE
8
BLACK
6
CONTINUOUS
10
7.3410405905511809
20
-4.7621782677165356
11
7.3410403543307083
21
-4.7621783070866144
0
LINE
8
BLACK
6
CONTINUOUS
10
7.3410403543307083
20
-4.7621783070866144
11
7.3333964173228345
21
-4.7644970866141731
0
LINE
8
BLACK
6
CONTINUOUS
10
7.3333964173228345
20
-4.7644970866141731
11
7.3263517716535436
21
-4.768262519685039
0
LINE
8
BLACK
6
CONTINUOUS
10
7.3263517716535436
20
-4.768262519685039
11
7.3201772047244091
21
-4.7733298425196846
0
LINE
8
BLACK
6
CONTINUOUS
10
7.3201772047244091
20
-4.7733298425196846
11
7.3201768503937004
21
-4.7733301968503934
0
LINE
8
BLACK
6
CONTINUOUS
10
7.3201768503937004
20
-4.7733301968503934
11
7.3151095275590547
21
-4.7795047637795278
0
LINE
8
BLACK
6
CONTINUOUS
10
7.3151095275590547
20
-4.7795047637795278
11
7.3113440944881889
21
-4.7865494094488188
0
LINE
8
BLACK
6
CONTINUOUS
10
7.3113440944881889
20
-4.7865494094488188
11
7.309647362204724
21
-4.7921427559055116
0
LINE
8
BLACK
6
CONTINUOUS
10
7.309647362204724
20
-4.7921427559055116
11
7.3096474015748027
21
-4.7921427952755904
0
LINE
8
BLACK
6
CONTINUOUS
10
7.206589094488189
20
-4.7537003149606294
11
7.2094994488188977
21
-4.7582289763779526
0
LINE
8
BLACK
6
CONTINUOUS
10
7.2094994488188977
20
-4.7582289763779526
11
7.2135678346456693
21
-4.7617542125984249
0
LINE
8
BLACK
6
CONTINUOUS
10
7.2135678346456693
20
-4.7617542125984249
11
7.2135678740157481
21
-4.7617542125984249
0
LINE
8
BLACK
6
CONTINUOUS
10
7.2135678740157481
20
-4.7617542125984249
11
7.2135679133858268
21
-4.7617542519685037
0
LINE
8
BLACK
6
CONTINUOUS
10
7.2135679133858268
20
-4.7617542519685037
11
7.2184643700787401
21
-4.763990433070866
0
LINE
8
BLACK
6
CONTINUOUS
10
7.2184643700787401
20
-4.763990433070866
11
7.2184644881889763
21
-4.763990433070866
0
LINE
8
BLACK
6
CONTINUOUS
10
7.2184644881889763
20
-4.763990433070866
11
7.2184645275590551
21
-4.7639904724409448
0
LINE
8
BLACK
6
CONTINUOUS
10
7.2184645275590551
20
-4.7639904724409448
11
7.2184645669291339
21
-4.7639904724409448
0
LINE
8
BLACK
6
CONTINUOUS
10
7.2184645669291339
20
-4.7639904724409448
11
7.2184647244094489
21
-4.7639905118110235
0
LINE
8
BLACK
6
CONTINUOUS
10
7.2184647244094489
20
-4.7639905118110235
11
7.22245374015748
21
-4.7645640551181101
0
LINE
8
BLACK
6
CONTINUOUS
10
7.22245374015748
20
-4.7645640551181101
11
7.2224539370078737
21
-4.7645640551181101
0
LINE
8
BLACK
6
CONTINUOUS
10
7.2224539370078737
20
-4.7645640551181101
11
7.2251321653543306
21
-4.7645640551181101
0
LINE
8
BLACK
6
CONTINUOUS
10
7.2251321653543306
20
-4.7645640551181101
11
7.2291211417322829
21
-4.7639905118110235
0
LINE
8
BLACK
6
CONTINUOUS
10
7.2291211417322829
20
-4.7639905118110235
11
7.2291211811023617
21
-4.7639904724409448
0
LINE
8
BLACK
6
CONTINUOUS
10
7.2291211811023617
20
-4.7639904724409448
11
7.2291213779527554
21
-4.7639904724409448
0
LINE
8
BLACK
6
CONTINUOUS
10
7.2291213779527554
20
-4.7639904724409448
11
7.2291214173228342
21
-4.763990433070866
0
LINE
8
BLACK
6
CONTINUOUS
10
7.2291214173228342
20
-4.763990433070866
11
7.2291214960629917
21
-4.763990433070866
0
LINE
8
BLACK
6
CONTINUOUS
10
7.2291214960629917
20
-4.763990433070866
11
7.2315697244094483
21
-4.7628723228346459
0
LINE
8
BLACK
6
CONTINUOUS
10
7.2315697244094483
20
-4.7628723228346459
11
7.2340180708661412
21
-4.7617542125984249
0
LINE
8
BLACK
6
CONTINUOUS
10
7.2340180708661412
20
-4.7617542125984249
11
7.2380864566929128
21
-4.7582289763779526
0
LINE
8
BLACK
6
CONTINUOUS
10
7.2380864566929128
20
-4.7582289763779526
11
7.2409968110236216
21
-4.7537003149606294
0
LINE
8
BLACK
6
CONTINUOUS
10
7.2409968110236216
20
-4.7537003149606294
11
7.2425134251968499
21
-4.7485351968503933
0
LINE
8
BLACK
6
CONTINUOUS
10
7.2425134251968499
20
-4.7485351968503933
11
7.2425134251968499
21
-4.7431519685039367
0
LINE
8
BLACK
6
CONTINUOUS
10
7.2425134251968499
20
-4.7431519685039367
11
7.2409968110236216
21
-4.7379868503937006
0
LINE
8
BLACK
6
CONTINUOUS
10
7.2409968110236216
20
-4.7379868503937006
11
7.2380864566929128
21
-4.7334581889763783
0
LINE
8
BLACK
6
CONTINUOUS
10
7.2380864566929128
20
-4.7334581889763783
11
7.2340180708661412
21
-4.7299329527559051
0
LINE
8
BLACK
6
CONTINUOUS
10
7.2340180708661412
20
-4.7299329527559051
11
7.2340179921259837
21
-4.7299329133858263
0
LINE
8
BLACK
6
CONTINUOUS
10
7.2340179921259837
20
-4.7299329133858263
11
7.234017952755905
21
-4.7299328740157476
0
LINE
8
BLACK
6
CONTINUOUS
10
7.234017952755905
20
-4.7299328740157476
11
7.2291214960629917
21
-4.7276966929133861
0
LINE
8
BLACK
6
CONTINUOUS
10
7.2291214960629917
20
-4.7276966929133861
11
7.2291211417322829
21
-4.7276966141732286
0
LINE
8
BLACK
6
CONTINUOUS
10
7.2291211417322829
20
-4.7276966141732286
11
7.2251321653543306
21
-4.7271231102362208
0
LINE
8
BLACK
6
CONTINUOUS
10
7.2251321653543306
20
-4.7271231102362208
11
7.2251319685039368
21
-4.7271231102362208
0
LINE
8
BLACK
6
CONTINUOUS
10
7.2251319685039368
20
-4.7271231102362208
11
7.2224539370078737
21
-4.7271231102362208
0
LINE
8
BLACK
6
CONTINUOUS
10
7.2224539370078737
20
-4.7271231102362208
11
7.22245374015748
21
-4.7271231102362208
0
LINE
8
BLACK
6
CONTINUOUS
10
7.22245374015748
20
-4.7271231102362208
11
7.2184647244094489
21
-4.7276966141732286
0
LINE
8
BLACK
6
CONTINUOUS
10
7.2184647244094489
20
-4.7276966141732286
11
7.2184643700787401
21
-4.7276966929133861
0
LINE
8
BLACK
6
CONTINUOUS
10
7.2184643700787401
20
-4.7276966929133861
11
7.2135679133858268
21
-4.7299328740157476
0
LINE
8
BLACK
6
CONTINUOUS
10
7.2135679133858268
20
-4.7299328740157476
11
7.2094994881889765
21
-4.7334581496062995
0
LINE
8
BLACK
6
CONTINUOUS
10
7.2094994881889765
20
-4.7334581496062995
11
7.2094994488188977
21
-4.7334581889763783
0
LINE
8
BLACK
6
CONTINUOUS
10
7.2094994488188977
20
-4.7334581889763783
11
7.2091218897637797
21
-4.7340457086614176
0
LINE
8
BLACK
6
CONTINUOUS
10
7.2091218897637797
20
-4.7340457086614176
11
7.2065890551181102
21
-4.7379869291338581
0
LINE
8
BLACK
6
CONTINUOUS
10
7.2065890551181102
20
-4.7379869291338581
11
7.2050724803149606
21
-4.7431518897637792
0
LINE
8
BLACK
6
CONTINUOUS
10
7.2050724803149606
20
-4.7431518897637792
11
7.2050724803149606
21
-4.7431519685039367
0
LINE
8
BLACK
6
CONTINUOUS
10
7.2050724803149606
20
-4.7431519685039367
11
7.2050724803149606
21
-4.7485351968503933
0
LINE
8
BLACK
6
CONTINUOUS
10
7.2050724803149606
20
-4.7485351968503933
11
7.206589094488189
21
-4.7537003149606294
0
LINE
8
BLACK
6
CONTINUOUS
10
7.2055151181102364
20
-4.5224836220472442
11
7.206589094488189
21
-4.5261412598425199
0
LINE
8
BLACK
6
CONTINUOUS
10
7.206589094488189
20
-4.5261412598425199
11
7.2094994488188977
21
-4.5306699212598422
0
LINE
8
BLACK
6
CONTINUOUS
10
7.2094994488188977
20
-4.5306699212598422
11
7.2135678346456693
21
-4.5341951574803145
0
LINE
8
BLACK
6
CONTINUOUS
10
7.2135678346456693
20
-4.5341951574803145
11
7.2135678740157481
21
-4.5341951574803145
0
LINE
8
BLACK
6
CONTINUOUS
10
7.2135678740157481
20
-4.5341951574803145
11
7.2135679133858268
21
-4.5341951968503933
0
LINE
8
BLACK
6
CONTINUOUS
10
7.2135679133858268
20
-4.5341951968503933
11
7.2184643700787401
21
-4.5364313779527556
0
LINE
8
BLACK
6
CONTINUOUS
10
7.2184643700787401
20
-4.5364313779527556
11
7.2184644881889763
21
-4.5364313779527556
0
LINE
8
BLACK
6
CONTINUOUS
10
7.2184644881889763
20
-4.5364313779527556
11
7.2184645275590551
21
-4.5364314173228344
0
LINE
8
BLACK
6
CONTINUOUS
10
7.2184645275590551
20
-4.5364314173228344
11
7.2184645669291339
21
-4.5364314173228344
0
LINE
8
BLACK
6
CONTINUOUS
10
7.2184645669291339
20
-4.5364314173228344
11
7.2184647244094489
21
-4.5364314566929131
0
LINE
8
BLACK
6
CONTINUOUS
10
7.2184647244094489
20
-4.5364314566929131
11
7.22245374015748
21
-4.5370049999999997
0
LINE
8
BLACK
6
CONTINUOUS
10
7.22245374015748
20
-4.5370049999999997
11
7.2224539370078737
21
-4.5370049999999997
0
LINE
8
BLACK
6
CONTINUOUS
10
7.2224539370078737
20
-4.5370049999999997
11
7.2251321653543306
21
-4.5370049999999997
0
LINE
8
BLACK
6
CONTINUOUS
10
7.2251321653543306
20
-4.5370049999999997
11
7.2291211417322829
21
-4.5364314566929131
0
LINE
8
BLACK
6
CONTINUOUS
10
7.2291211417322829
20
-4.5364314566929131
11
7.2291211811023617
21
-4.5364314173228344
0
LINE
8
BLACK
6
CONTINUOUS
10
7.2291211811023617
20
-4.5364314173228344
11
7.2291213779527554
21
-4.5364314173228344
0
LINE
8
BLACK
6
CONTINUOUS
10
7.2291213779527554
20
-4.5364314173228344
11
7.2291214173228342
21
-4.5364313779527556
0
LINE
8
BLACK
6
CONTINUOUS
10
7.2291214173228342
20
-4.5364313779527556
11
7.2291214960629917
21
-4.5364313779527556
0
LINE
8
BLACK
6
CONTINUOUS
10
7.2291214960629917
20
-4.5364313779527556
11
7.2331446850393695
21
-4.5345940157480316
0
LINE
8
BLACK
6
CONTINUOUS
10
7.2331446850393695
20
-4.5345940157480316
11
7.2340180708661412
21
-4.5341951574803145
0
LINE
8
BLACK
6
CONTINUOUS
10
7.2340180708661412
20
-4.5341951574803145
11
7.2380864566929128
21
-4.5306699212598422
0
LINE
8
BLACK
6
CONTINUOUS
10
7.2380864566929128
20
-4.5306699212598422
11
7.2409968110236216
21
-4.5261412598425199
0
LINE
8
BLACK
6
CONTINUOUS
10
7.2409968110236216
20
-4.5261412598425199
11
7.2425134251968499
21
-4.5209761417322838
0
LINE
8
BLACK
6
CONTINUOUS
10
7.2425134251968499
20
-4.5209761417322838
11
7.2425134251968499
21
-4.5155929133858264
0
LINE
8
BLACK
6
CONTINUOUS
10
7.2425134251968499
20
-4.5155929133858264
11
7.2409968110236216
21
-4.5104277952755902
0
LINE
8
BLACK
6
CONTINUOUS
10
7.2409968110236216
20
-4.5104277952755902
11
7.2380864566929128
21
-4.5058991338582679
0
LINE
8
BLACK
6
CONTINUOUS
10
7.2380864566929128
20
-4.5058991338582679
11
7.2340180708661412
21
-4.5023738976377956
0
LINE
8
BLACK
6
CONTINUOUS
10
7.2340180708661412
20
-4.5023738976377956
11
7.2340179921259837
21
-4.5023738582677169
0
LINE
8
BLACK
6
CONTINUOUS
10
7.2340179921259837
20
-4.5023738582677169
11
7.234017952755905
21
-4.5023738188976381
0
LINE
8
BLACK
6
CONTINUOUS
10
7.234017952755905
20
-4.5023738188976381
11
7.2291214960629917
21
-4.5001376377952758
0
LINE
8
BLACK
6
CONTINUOUS
10
7.2291214960629917
20
-4.5001376377952758
11
7.2291211417322829
21
-4.5001375590551183
0
LINE
8
BLACK
6
CONTINUOUS
10
7.2291211417322829
20
-4.5001375590551183
11
7.2251321653543306
21
-4.4995640551181104
0
LINE
8
BLACK
6
CONTINUOUS
10
7.2251321653543306
20
-4.4995640551181104
11
7.2251319685039368
21
-4.4995640551181104
0
LINE
8
BLACK
6
CONTINUOUS
10
7.2251319685039368
20
-4.4995640551181104
11
7.2224539370078737
21
-4.4995640551181104
0
LINE
8
BLACK
6
CONTINUOUS
10
7.2224539370078737
20
-4.4995640551181104
11
7.22245374015748
21
-4.4995640551181104
0
LINE
8
BLACK
6
CONTINUOUS
10
7.22245374015748
20
-4.4995640551181104
11
7.2184647244094489
21
-4.5001375590551183
0
LINE
8
BLACK
6
CONTINUOUS
10
7.2184647244094489
20
-4.5001375590551183
11
7.2184643700787401
21
-4.5001376377952758
0
LINE
8
BLACK
6
CONTINUOUS
10
7.2184643700787401
20
-4.5001376377952758
11
7.2135679133858268
21
-4.5023738188976381
0
LINE
8
BLACK
6
CONTINUOUS
10
7.2135679133858268
20
-4.5023738188976381
11
7.209837716535433
21
-4.5056060236220468
0
LINE
8
BLACK
6
CONTINUOUS
10
7.209837716535433
20
-4.5056060236220468
11
7.2094994488188977
21
-4.5058991338582679
0
LINE
8
BLACK
6
CONTINUOUS
10
7.2094994488188977
20
-4.5058991338582679
11
7.2071249606299208
21
-4.5095939763779525
0
LINE
8
BLACK
6
CONTINUOUS
10
7.2071249606299208
20
-4.5095939763779525
11
7.2065890551181102
21
-4.5104278740157477
0
LINE
8
BLACK
6
CONTINUOUS
10
7.2065890551181102
20
-4.5104278740157477
11
7.2050724803149606
21
-4.5155928346456689
0
LINE
8
BLACK
6
CONTINUOUS
10
7.2050724803149606
20
-4.5155928346456689
11
7.2050724803149606
21
-4.5209761811023625
0
LINE
8
BLACK
6
CONTINUOUS
10
7.2050724803149606
20
-4.5209761811023625
11
7.2055151181102364
21
-4.5224836220472442
0
LINE
8
BLACK
6
CONTINUOUS
10
7.2187317716535429
20
-4.4905286220472442
11
7.2108577559055114
21
-4.4826546062992128
0
LINE
8
BLACK
6
CONTINUOUS
10
7.2108577559055114
20
-4.4826546062992128
11
7.1973580708661418
21
-4.4826546062992128
0
LINE
8
BLACK
6
CONTINUOUS
10
7.1973580708661418
20
-4.4826546062992128
11
7.1894840551181103
21
-4.4905286220472442
0
LINE
8
BLACK
6
CONTINUOUS
10
7.1894840551181103
20
-4.4905286220472442
11
7.2187317716535429
21
-4.4905286220472442
0
LINE
8
BLACK
6
CONTINUOUS
10
7.1559081889763778
20
-4.4702271259842519
11
7.1585511023622042
21
-4.4763541338582673
0
LINE
8
BLACK
6
CONTINUOUS
10
7.1585511023622042
20
-4.4763541338582673
11
7.1625355905511805
21
-4.4817062204724412
0
LINE
8
BLACK
6
CONTINUOUS
10
7.1625355905511805
20
-4.4817062204724412
11
7.162535669291338
21
-4.4817062992125987
0
LINE
8
BLACK
6
CONTINUOUS
10
7.162535669291338
20
-4.4817062992125987
11
7.1668485039370076
21
-4.4853252362204721
0
LINE
8
BLACK
6
CONTINUOUS
10
7.1668485039370076
20
-4.4853252362204721
11
7.1727162598425194
21
-4.4794574409448815
0
LINE
8
BLACK
6
CONTINUOUS
10
7.1727162598425194
20
-4.4794574409448815
11
7.1708559448818896
21
-4.4783833858267714
0
LINE
8
BLACK
6
CONTINUOUS
10
7.1708559448818896
20
-4.4783833858267714
11
7.1670405511811026
21
-4.4745679921259844
0
LINE
8
BLACK
6
CONTINUOUS
10
7.1670405511811026
20
-4.4745679921259844
11
7.1643426771653544
21
-4.4698951181102364
0
LINE
8
BLACK
6
CONTINUOUS
10
7.1643426771653544
20
-4.4698951181102364
11
7.1629461417322835
21
-4.4646831889763776
0
LINE
8
BLACK
6
CONTINUOUS
10
7.1629461417322835
20
-4.4646831889763776
11
7.1629461417322835
21
-4.4592874409448822
0
LINE
8
BLACK
6
CONTINUOUS
10
7.1629461417322835
20
-4.4592874409448822
11
7.1643426771653544
21
-4.4540755118110233
0
LINE
8
BLACK
6
CONTINUOUS
10
7.1643426771653544
20
-4.4540755118110233
11
7.1670405511811026
21
-4.4494026377952753
0
LINE
8
BLACK
6
CONTINUOUS
10
7.1670405511811026
20
-4.4494026377952753
11
7.1708559448818896
21
-4.4455872440944884
0
LINE
8
BLACK
6
CONTINUOUS
10
7.1708559448818896
20
-4.4455872440944884
11
7.1727162992125981
21
-4.4445131496062995
0
LINE
8
BLACK
6
CONTINUOUS
10
7.1727162992125981
20
-4.4445131496062995
11
7.1669014173228343
21
-4.4386982677165356
0
LINE
8
BLACK
6
CONTINUOUS
10
7.1669014173228343
20
-4.4386982677165356
11
7.1649664566929134
21
-4.4399709448818898
0
LINE
8
BLACK
6
CONTINUOUS
10
7.1649664566929134
20
-4.4399709448818898
11
7.1603875196850391
21
-4.4448242913385823
0
LINE
8
BLACK
6
CONTINUOUS
10
7.1603875196850391
20
-4.4448242913385823
11
7.1603874803149603
21
-4.4448242913385823
0
LINE
8
BLACK
6
CONTINUOUS
10
7.1603874803149603
20
-4.4448242913385823
11
7.1570512598425191
21
-4.4506028740157477
0
LINE
8
BLACK
6
CONTINUOUS
10
7.1570512598425191
20
-4.4506028740157477
11
7.1551375590551176
21
-4.4569949212598425
0
LINE
8
BLACK
6
CONTINUOUS
10
7.1551375590551176
20
-4.4569949212598425
11
7.1547496062992124
21
-4.4636562598425193
0
LINE
8
BLACK
6
CONTINUOUS
10
7.1547496062992124
20
-4.4636562598425193
11
7.1559081889763778
21
-4.4702271259842519
0
LINE
8
BLACK
6
CONTINUOUS
10
7.3096474015748027
20
-4.4519853149606297
11
7.332227440944882
21
-4.4519853149606297
0
LINE
8
BLACK
6
CONTINUOUS
10
7.332227440944882
20
-4.4519853149606297
11
7.3333725984251963
21
-4.4500018110236219
0
LINE
8
BLACK
6
CONTINUOUS
10
7.3333725984251963
20
-4.4500018110236219
11
7.3370062992125984
21
-4.4463681102362207
0
LINE
8
BLACK
6
CONTINUOUS
10
7.3370062992125984
20
-4.4463681102362207
11
7.3414566535433066
21
-4.4437987007874016
0
LINE
8
BLACK
6
CONTINUOUS
10
7.3414566535433066
20
-4.4437987007874016
11
7.3464203937007868
21
-4.4424687007874013
0
LINE
8
BLACK
6
CONTINUOUS
10
7.3464203937007868
20
-4.4424687007874013
11
7.3489898031496059
21
-4.4423002755905507
0
LINE
8
BLACK
6
CONTINUOUS
10
7.3489898031496059
20
-4.4423002755905507
11
7.3586748425196848
21
-4.4423002755905507
0
LINE
8
BLACK
6
CONTINUOUS
10
7.3586748425196848
20
-4.4423002755905507
11
7.3586748425196848
21
-4.421434173228346
0
LINE
8
BLACK
6
CONTINUOUS
10
7.3586748425196848
20
-4.421434173228346
11
7.3586748031496061
21
-4.4214341338582672
0
LINE
8
BLACK
6
CONTINUOUS
10
7.3586748031496061
20
-4.4214341338582672
11
7.3469975984251965
21
-4.4214341338582672
0
LINE
8
BLACK
6
CONTINUOUS
10
7.3469975984251965
20
-4.4214341338582672
11
7.3410405905511809
21
-4.4220207874015749
0
LINE
8
BLACK
6
CONTINUOUS
10
7.3410405905511809
20
-4.4220207874015749
11
7.3410403543307083
21
-4.4220208267716536
0
LINE
8
BLACK
6
CONTINUOUS
10
7.3410403543307083
20
-4.4220208267716536
11
7.3333964173228345
21
-4.4243396062992124
0
LINE
8
BLACK
6
CONTINUOUS
10
7.3333964173228345
20
-4.4243396062992124
11
7.3263517716535436
21
-4.4281050393700783
0
LINE
8
BLACK
6
CONTINUOUS
10
7.3263517716535436
20
-4.4281050393700783
11
7.3201772047244091
21
-4.4331723622047239
0
LINE
8
BLACK
6
CONTINUOUS
10
7.3201772047244091
20
-4.4331723622047239
11
7.3201768503937004
21
-4.4331727165354327
0
LINE
8
BLACK
6
CONTINUOUS
10
7.3201768503937004
20
-4.4331727165354327
11
7.3151095275590547
21
-4.4393472834645671
0
LINE
8
BLACK
6
CONTINUOUS
10
7.3151095275590547
20
-4.4393472834645671
11
7.3113440944881889
21
-4.4463919291338581
0
LINE
8
BLACK
6
CONTINUOUS
10
7.3113440944881889
20
-4.4463919291338581
11
7.309647362204724
21
-4.4519852755905509
0
LINE
8
BLACK
6
CONTINUOUS
10
7.309647362204724
20
-4.4519852755905509
11
7.3096474015748027
21
-4.4519853149606297
0
CIRCLE
8
BLACK
10
6.8886748425196851
20
-3.0975168110236222
40
0.0068897637795276
0
CIRCLE
8
BLACK
10
4.0886748425196853
20
-3.0975168110236222
40
0.0068897637795276
0
CIRCLE
8
BLACK
10
4.0886748425196853
20
-4.6975168110236218
40
0.0068897637795276
0
CIRCLE
8
BLACK
10
4.493399251968504
20
-3.4644459448818896
40
0.0068897637795276
0
CIRCLE
8
BLACK
10
4.296548858267716
20
-3.4644459448818896
40
0.0068897637795276
0
CIRCLE
8
BLACK
10
6.8886748425196851
20
-4.6975168110236218
40
0.0068897637795276
0
CIRCLE
8
BLACK
10
6.1252181496062992
20
-3.0695168110236222
40
0.0068897637795276
0
CIRCLE
8
BLACK
10
6.3173441338582679
20
-3.0695168110236222
40
0.0068897637795276
0
CIRCLE
8
BLACK
10
7.2237929527559057
20
-4.5182845275590546
40
0.0068897637795276
0
CIRCLE
8
BLACK
10
7.2237929527559057
20
-4.745843582677165
40
0.0068897637795276
0
LINE
8
BLACK
6
CONTINUOUS
10
7.3859645275590546
20
-4.4502753543307083
11
7.3889427559055116
21
-4.4510733464566927
0
LINE
8
BLACK
6
CONTINUOUS
10
7.3889427559055116
20
-4.4510733464566927
11
7.3916129527559056
21
-4.4526149999999998
0
LINE
8
BLACK
6
CONTINUOUS
10
7.3916129527559056
20
-4.4526149999999998
11
7.3937931889763782
21
-4.4547952362204724
0
LINE
8
BLACK
6
CONTINUOUS
10
7.3937931889763782
20
-4.4547952362204724
11
7.3953348425196852
21
-4.4574654330708663
0
LINE
8
BLACK
6
CONTINUOUS
10
7.3953348425196852
20
-4.4574654330708663
11
7.3961328346456687
21
-4.4604436614173224
0
LINE
8
BLACK
6
CONTINUOUS
10
7.3961328346456687
20
-4.4604436614173224
11
7.3961328346456687
21
-4.4635269685039365
0
LINE
8
BLACK
6
CONTINUOUS
10
7.3961328346456687
20
-4.4635269685039365
11
7.3953348425196852
21
-4.4665051968503935
0
LINE
8
BLACK
6
CONTINUOUS
10
7.3953348425196852
20
-4.4665051968503935
11
7.3937931889763782
21
-4.4691753937007874
0
LINE
8
BLACK
6
CONTINUOUS
10
7.3937931889763782
20
-4.4691753937007874
11
7.3916129527559056
21
-4.47135562992126
0
LINE
8
BLACK
6
CONTINUOUS
10
7.3916129527559056
20
-4.47135562992126
11
7.3889427559055116
21
-4.4728972834645671
0
LINE
8
BLACK
6
CONTINUOUS
10
7.3889427559055116
20
-4.4728972834645671
11
7.3859645275590546
21
-4.4736952755905515
0
LINE
8
BLACK
6
CONTINUOUS
10
7.3859645275590546
20
-4.4736952755905515
11
7.3844228740157476
21
-4.4737963385826767
0
LINE
8
BLACK
6
CONTINUOUS
10
7.3844228740157476
20
-4.4737963385826767
11
7.3529268110236217
21
-4.4737963385826767
0
LINE
8
BLACK
6
CONTINUOUS
10
7.3529268110236217
20
-4.4737963385826767
11
7.3513851574803146
21
-4.4736952755905515
0
LINE
8
BLACK
6
CONTINUOUS
10
7.3513851574803146
20
-4.4736952755905515
11
7.3484069291338585
21
-4.4728972834645671
0
LINE
8
BLACK
6
CONTINUOUS
10
7.3484069291338585
20
-4.4728972834645671
11
7.3457367322834646
21
-4.47135562992126
0
LINE
8
BLACK
6
CONTINUOUS
10
7.3457367322834646
20
-4.47135562992126
11
7.343556496062992
21
-4.4691753937007874
0
LINE
8
BLACK
6
CONTINUOUS
10
7.343556496062992
20
-4.4691753937007874
11
7.3420148425196849
21
-4.4665051968503935
0
LINE
8
BLACK
6
CONTINUOUS
10
7.3420148425196849
20
-4.4665051968503935
11
7.3412168503937005
21
-4.4635269685039365
0
LINE
8
BLACK
6
CONTINUOUS
10
7.3412168503937005
20
-4.4635269685039365
11
7.3412168503937005
21
-4.4604436614173224
0
LINE
8
BLACK
6
CONTINUOUS
10
7.3412168503937005
20
-4.4604436614173224
11
7.3420148425196849
21
-4.4574654330708663
0
LINE
8
BLACK
6
CONTINUOUS
10
7.3420148425196849
20
-4.4574654330708663
11
7.343556496062992
21
-4.4547952362204724
0
LINE
8
BLACK
6
CONTINUOUS
10
7.343556496062992
20
-4.4547952362204724
11
7.3457367322834646
21
-4.4526149999999998
0
LINE
8
BLACK
6
CONTINUOUS
10
7.3457367322834646
20
-4.4526149999999998
11
7.3484069291338585
21
-4.4510733464566927
0
LINE
8
BLACK
6
CONTINUOUS
10
7.3484069291338585
20
-4.4510733464566927
11
7.3513851574803146
21
-4.4502753543307083
0
LINE
8
BLACK
6
CONTINUOUS
10
7.3513851574803146
20
-4.4502753543307083
11
7.3529268110236217
21
-4.4501742913385822
0
LINE
8
BLACK
6
CONTINUOUS
10
7.3529268110236217
20
-4.4501742913385822
11
7.3844228740157476
21
-4.4501742913385822
0
LINE
8
BLACK
6
CONTINUOUS
10
7.3844228740157476
20
-4.4501742913385822
11
7.3859645275590546
21
-4.4502753543307083
0
LINE
8
BLACK
6
CONTINUOUS
10
7.3859645275590546
20
-4.790432834645669
11
7.3889427559055116
21
-4.7912308267716535
0
LINE
8
BLACK
6
CONTINUOUS
10
7.3889427559055116
20
-4.7912308267716535
11
7.3916129527559056
21
-4.7927724803149605
0
LINE
8
BLACK
6
CONTINUOUS
10
7.3916129527559056
20
-4.7927724803149605
11
7.3937931889763782
21
-4.7949527165354331
0
LINE
8
BLACK
6
CONTINUOUS
10
7.3937931889763782
20
-4.7949527165354331
11
7.3953348425196852
21
-4.797622913385827
0
LINE
8
BLACK
6
CONTINUOUS
10
7.3953348425196852
20
-4.797622913385827
11
7.3961328346456687
21
-4.8006011417322831
0
LINE
8
BLACK
6
CONTINUOUS
10
7.3961328346456687
20
-4.8006011417322831
11
7.3961328346456687
21
-4.8036844488188972
0
LINE
8
BLACK
6
CONTINUOUS
10
7.3961328346456687
20
-4.8036844488188972
11
7.3953348425196852
21
-4.8066626771653542
0
LINE
8
BLACK
6
CONTINUOUS
10
7.3953348425196852
20
-4.8066626771653542
11
7.3937931889763782
21
-4.8093328740157482
0
LINE
8
BLACK
6
CONTINUOUS
10
7.3937931889763782
20
-4.8093328740157482
11
7.3916129527559056
21
-4.8115131102362207
0
LINE
8
BLACK
6
CONTINUOUS
10
7.3916129527559056
20
-4.8115131102362207
11
7.3889427559055116
21
-4.8130547637795278
0
LINE
8
BLACK
6
CONTINUOUS
10
7.3889427559055116
20
-4.8130547637795278
11
7.3859645275590546
21
-4.8138527559055113
0
LINE
8
BLACK
6
CONTINUOUS
10
7.3859645275590546
20
-4.8138527559055113
11
7.3844228740157476
21
-4.8139538188976374
0
LINE
8
BLACK
6
CONTINUOUS
10
7.3844228740157476
20
-4.8139538188976374
11
7.3529268110236217
21
-4.8139538188976374
0
LINE
8
BLACK
6
CONTINUOUS
10
7.3529268110236217
20
-4.8139538188976374
11
7.3513851574803146
21
-4.8138527559055113
0
LINE
8
BLACK
6
CONTINUOUS
10
7.3513851574803146
20
-4.8138527559055113
11
7.3484069291338585
21
-4.8130547637795278
0
LINE
8
BLACK
6
CONTINUOUS
10
7.3484069291338585
20
-4.8130547637795278
11
7.3457367322834646
21
-4.8115131102362207
0
LINE
8
BLACK
6
CONTINUOUS
10
7.3457367322834646
20
-4.8115131102362207
11
7.343556496062992
21
-4.8093328740157482
0
LINE
8
BLACK
6
CONTINUOUS
10
7.343556496062992
20
-4.8093328740157482
11
7.3420148425196849
21
-4.8066626771653542
0
LINE
8
BLACK
6
CONTINUOUS
10
7.3420148425196849
20
-4.8066626771653542
11
7.3412168503937005
21
-4.8036844488188972
0
LINE
8
BLACK
6
CONTINUOUS
10
7.3412168503937005
20
-4.8036844488188972
11
7.3412168503937005
21
-4.8006011417322831
0
LINE
8
BLACK
6
CONTINUOUS
10
7.3412168503937005
20
-4.8006011417322831
11
7.3420148425196849
21
-4.797622913385827
0
LINE
8
BLACK
6
CONTINUOUS
10
7.3420148425196849
20
-4.797622913385827
11
7.343556496062992
21
-4.7949527165354331
0
LINE
8
BLACK
6
CONTINUOUS
10
7.343556496062992
20
-4.7949527165354331
11
7.3457367322834646
21
-4.7927724803149605
0
LINE
8
BLACK
6
CONTINUOUS
10
7.3457367322834646
20
-4.7927724803149605
11
7.3484069291338585
21
-4.7912308267716535
0
LINE
8
BLACK
6
CONTINUOUS
10
7.3484069291338585
20
-4.7912308267716535
11
7.3513851574803146
21
-4.790432834645669
0
LINE
8
BLACK
6
CONTINUOUS
10
7.3513851574803146
20
-4.790432834645669
11
7.3529268110236217
21
-4.790331771653543
0
LINE
8
BLACK
6
CONTINUOUS
10
7.3529268110236217
20
-4.790331771653543
11
7.3844228740157476
21
-4.790331771653543
0
LINE
8
BLACK
6
CONTINUOUS
10
7.3844228740157476
20
-4.790331771653543
11
7.3859645275590546
21
-4.790432834645669
0
LINE
8
BLACK
6
CONTINUOUS
10
7.2273031102362202
20
-4.4502753543307083
11
7.2302813385826772
21
-4.4510733464566927
0
LINE
8
BLACK
6
CONTINUOUS
10
7.2302813385826772
20
-4.4510733464566927
11
7.2329515354330711
21
-4.4526149999999998
0
LINE
8
BLACK
6
CONTINUOUS
10
7.2329515354330711
20
-4.4526149999999998
11
7.2351317716535428
21
-4.4547952362204724
0
LINE
8
BLACK
6
CONTINUOUS
10
7.2351317716535428
20
-4.4547952362204724
11
7.2366734251968499
21
-4.4574654330708663
0
LINE
8
BLACK
6
CONTINUOUS
10
7.2366734251968499
20
-4.4574654330708663
11
7.2374714173228343
21
-4.4604436614173224
0
LINE
8
BLACK
6
CONTINUOUS
10
7.2374714173228343
20
-4.4604436614173224
11
7.2374714173228343
21
-4.4635269685039365
0
LINE
8
BLACK
6
CONTINUOUS
10
7.2374714173228343
20
-4.4635269685039365
11
7.2366734251968499
21
-4.4665051968503935
0
LINE
8
BLACK
6
CONTINUOUS
10
7.2366734251968499
20
-4.4665051968503935
11
7.2351317716535428
21
-4.4691753937007874
0
LINE
8
BLACK
6
CONTINUOUS
10
7.2351317716535428
20
-4.4691753937007874
11
7.2329515354330711
21
-4.47135562992126
0
LINE
8
BLACK
6
CONTINUOUS
10
7.2329515354330711
20
-4.47135562992126
11
7.2302813385826772
21
-4.4728972834645671
0
LINE
8
BLACK
6
CONTINUOUS
10
7.2302813385826772
20
-4.4728972834645671
11
7.2273031102362202
21
-4.4736952755905515
0
LINE
8
BLACK
6
CONTINUOUS
10
7.2273031102362202
20
-4.4736952755905515
11
7.2257614566929131
21
-4.4737963385826767
0
LINE
8
BLACK
6
CONTINUOUS
10
7.2257614566929131
20
-4.4737963385826767
11
7.18245437007874
21
-4.4737963385826767
0
LINE
8
BLACK
6
CONTINUOUS
10
7.18245437007874
20
-4.4737963385826767
11
7.1809127165354329
21
-4.4736952755905515
0
LINE
8
BLACK
6
CONTINUOUS
10
7.1809127165354329
20
-4.4736952755905515
11
7.1779344881889759
21
-4.4728972834645671
0
LINE
8
BLACK
6
CONTINUOUS
10
7.1779344881889759
20
-4.4728972834645671
11
7.1752642913385829
21
-4.47135562992126
0
LINE
8
BLACK
6
CONTINUOUS
10
7.1752642913385829
20
-4.47135562992126
11
7.1730840551181103
21
-4.4691753937007874
0
LINE
8
BLACK
6
CONTINUOUS
10
7.1730840551181103
20
-4.4691753937007874
11
7.1715424015748033
21
-4.4665051968503935
0
LINE
8
BLACK
6
CONTINUOUS
10
7.1715424015748033
20
-4.4665051968503935
11
7.1707444094488189
21
-4.4635269685039365
0
LINE
8
BLACK
6
CONTINUOUS
10
7.1707444094488189
20
-4.4635269685039365
11
7.1707444094488189
21
-4.4604436614173224
0
LINE
8
BLACK
6
CONTINUOUS
10
7.1707444094488189
20
-4.4604436614173224
11
7.1715424015748033
21
-4.4574654330708663
0
LINE
8
BLACK
6
CONTINUOUS
10
7.1715424015748033
20
-4.4574654330708663
11
7.1730840551181103
21
-4.4547952362204724
0
LINE
8
BLACK
6
CONTINUOUS
10
7.1730840551181103
20
-4.4547952362204724
11
7.1752642913385829
21
-4.4526149999999998
0
LINE
8
BLACK
6
CONTINUOUS
10
7.1752642913385829
20
-4.4526149999999998
11
7.1779344881889759
21
-4.4510733464566927
0
LINE
8
BLACK
6
CONTINUOUS
10
7.1779344881889759
20
-4.4510733464566927
11
7.1809127165354329
21
-4.4502753543307083
0
LINE
8
BLACK
6
CONTINUOUS
10
7.1809127165354329
20
-4.4502753543307083
11
7.18245437007874
21
-4.4501742913385822
0
LINE
8
BLACK
6
CONTINUOUS
10
7.18245437007874
20
-4.4501742913385822
11
7.2257614566929131
21
-4.4501742913385822
0
LINE
8
BLACK
6
CONTINUOUS
10
7.2257614566929131
20
-4.4501742913385822
11
7.2273031102362202
21
-4.4502753543307083
0
LINE
8
BLACK
6
CONTINUOUS
10
7.2273031102362202
20
-4.790432834645669
11
7.2302813385826772
21
-4.7912308267716535
0
LINE
8
BLACK
6
CONTINUOUS
10
7.2302813385826772
20
-4.7912308267716535
11
7.2329515354330711
21
-4.7927724803149605
0
LINE
8
BLACK
6
CONTINUOUS
10
7.2329515354330711
20
-4.7927724803149605
11
7.2351317716535428
21
-4.7949527165354331
0
LINE
8
BLACK
6
CONTINUOUS
10
7.2351317716535428
20
-4.7949527165354331
11
7.2366734251968499
21
-4.797622913385827
0
LINE
8
BLACK
6
CONTINUOUS
10
7.2366734251968499
20
-4.797622913385827
11
7.2374714173228343
21
-4.8006011417322831
0
LINE
8
BLACK
6
CONTINUOUS
10
7.2374714173228343
20
-4.8006011417322831
11
7.2374714173228343
21
-4.8036844488188972
0
LINE
8
BLACK
6
CONTINUOUS
10
7.2374714173228343
20
-4.8036844488188972
11
7.2366734251968499
21
-4.8066626771653542
0
LINE
8
BLACK
6
CONTINUOUS
10
7.2366734251968499
20
-4.8066626771653542
11
7.2351317716535428
21
-4.8093328740157482
0
LINE
8
BLACK
6
CONTINUOUS
10
7.2351317716535428
20
-4.8093328740157482
11
7.2329515354330711
21
-4.8115131102362207
0
LINE
8
BLACK
6
CONTINUOUS
10
7.2329515354330711
20
-4.8115131102362207
11
7.2302813385826772
21
-4.8130547637795278
0
LINE
8
BLACK
6
CONTINUOUS
10
7.2302813385826772
20
-4.8130547637795278
11
7.2273031102362202
21
-4.8138527559055113
0
LINE
8
BLACK
6
CONTINUOUS
10
7.2273031102362202
20
-4.8138527559055113
11
7.2257614566929131
21
-4.8139538188976374
0
LINE
8
BLACK
6
CONTINUOUS
10
7.2257614566929131
20
-4.8139538188976374
11
7.18245437007874
21
-4.8139538188976374
0
LINE
8
BLACK
6
CONTINUOUS
10
7.18245437007874
20
-4.8139538188976374
11
7.1809127165354329
21
-4.8138527559055113
0
LINE
8
BLACK
6
CONTINUOUS
10
7.1809127165354329
20
-4.8138527559055113
11
7.1779344881889759
21
-4.8130547637795278
0
LINE
8
BLACK
6
CONTINUOUS
10
7.1779344881889759
20
-4.8130547637795278
11
7.1752642913385829
21
-4.8115131102362207
0
LINE
8
BLACK
6
CONTINUOUS
10
7.1752642913385829
20
-4.8115131102362207
11
7.1730840551181103
21
-4.8093328740157482
0
LINE
8
BLACK
6
CONTINUOUS
10
7.1730840551181103
20
-4.8093328740157482
11
7.1715424015748033
21
-4.8066626771653542
0
LINE
8
BLACK
6
CONTINUOUS
10
7.1715424015748033
20
-4.8066626771653542
11
7.1707444094488189
21
-4.8036844488188972
0
LINE
8
BLACK
6
CONTINUOUS
10
7.1707444094488189
20
-4.8036844488188972
11
7.1707444094488189
21
-4.8006011417322831
0
LINE
8
BLACK
6
CONTINUOUS
10
7.1707444094488189
20
-4.8006011417322831
11
7.1715424015748033
21
-4.797622913385827
0
LINE
8
BLACK
6
CONTINUOUS
10
7.1715424015748033
20
-4.797622913385827
11
7.1730840551181103
21
-4.7949527165354331
0
LINE
8
BLACK
6
CONTINUOUS
10
7.1730840551181103
20
-4.7949527165354331
11
7.1752642913385829
21
-4.7927724803149605
0
LINE
8
BLACK
6
CONTINUOUS
10
7.1752642913385829
20
-4.7927724803149605
11
7.1779344881889759
21
-4.7912308267716535
0
LINE
8
BLACK
6
CONTINUOUS
10
7.1779344881889759
20
-4.7912308267716535
11
7.1809127165354329
21
-4.790432834645669
0
LINE
8
BLACK
6
CONTINUOUS
10
7.1809127165354329
20
-4.790432834645669
11
7.18245437007874
21
-4.790331771653543
0
LINE
8
BLACK
6
CONTINUOUS
10
7.18245437007874
20
-4.790331771653543
11
7.2257614566929131
21
-4.790331771653543
0
LINE
8
BLACK
6
CONTINUOUS
10
7.2257614566929131
20
-4.790331771653543
11
7.2273031102362202
21
-4.790432834645669
0
CIRCLE
8
BLACK
10
5.1306748425196851
20
-4.8315168110236222
40
0.0078740157480315
0
CIRCLE
8
BLACK
10
4.3886748425196851
20
-3.0975168110236222
40
0.0078740157480315
0
CIRCLE
8
BLACK
10
6.3386748425196853
20
-3.2375168110236219
40
0.0078740157480315
0
CIRCLE
8
BLACK
10
6.7086748425196845
20
-4.825516811023622
40
0.0078740157480315
0
CIRCLE
8
BLACK
10
7.3986748425196849
20
-4.0375168110236217
40
0.0078740157480315
0
CIRCLE
8
BLACK
10
7.3686748425196846
20
-4.2675168110236221
40
0.0078740157480315
0
CIRCLE
8
BLACK
10
5.619674842519685
20
-4.1285168110236219
40
0.0078740157480315
0
CIRCLE
8
BLACK
10
5.808674842519685
20
-3.2675168110236221
40
0.0078740157480315
0
CIRCLE
8
BLACK
10
6.1496748425196852
20
-3.1485168110236219
40
0.0078740157480315
0
CIRCLE
8
BLACK
10
6.6966748425196849
20
-3.0085168110236218
40
0.0078740157480315
0
CIRCLE
8
BLACK
10
5.3026748425196848
20
-3.5275168110236219
40
0.0078740157480315
0
CIRCLE
8
BLACK
10
6.486674842519685
20
-2.962516811023622
40
0.0078740157480315
0
CIRCLE
8
BLACK
10
4.9886748425196847
20
-4.6040128740157478
40
0.0078740157480315
0
CIRCLE
8
BLACK
10
4.6886748425196849
20
-3.0975168110236222
40
0.0078740157480315
0
CIRCLE
8
BLACK
10
6.5016748425196846
20
-4.6115168110236215
40
0.0078740157480315
0
CIRCLE
8
BLACK
10
5.1886748425196849
20
-2.9975168110236221
40
0.0078740157480315
0
CIRCLE
8
BLACK
10
6.6186748425196846
20
-4.8275168110236217
40
0.0078740157480315
0
CIRCLE
8
BLACK
10
5.5907846062992128
20
-4.4682508267716532
40
0.0078740157480315
0
CIRCLE
8
BLACK
10
5.6666748425196847
20
-3.5555168110236219
40
0.0078740157480315
0
CIRCLE
8
BLACK
10
7.308674842519685
20
-4.0375168110236217
40
0.0078740157480315
0
CIRCLE
8
BLACK
10
6.3286748425196846
20
-4.8275168110236217
40
0.0078740157480315
0
CIRCLE
8
BLACK
10
5.5238970866141734
20
-4.5227902755905509
40
0.0078740157480315
0
CIRCLE
8
BLACK
10
6.5806748425196853
20
-4.405516811023622
40
0.0078740157480315
0
CIRCLE
8
BLACK
10
7.2486748425196845
20
-4.3075168110236222
40
0.0078740157480315
0
CIRCLE
8
BLACK
10
7.3686748425196846
20
-3.8425168110236219
40
0.0078740157480315
0
CIRCLE
8
BLACK
10
6.6871737401574798
20
-3.2139827952755904
40
0.0078740157480315
0
CIRCLE
8
BLACK
10
5.9350274015748026
20
-4.8520443700787403
40
0.0078740157480315
0
CIRCLE
8
BLACK
10
6.7786748425196848
20
-3.829516811023622
40
0.0078740157480315
0
CIRCLE
8
BLACK
10
6.2586748425196852
20
-3.0325168110236218
40
0.0078740157480315
0
CIRCLE
8
BLACK
10
4.2128766141732283
20
-4.4043577952755903
40
0.0078740157480315
0
CIRCLE
8
BLACK
10
7.308674842519685
20
-4.3325168110236216
40
0.0078740157480315
0
CIRCLE
8
BLACK
10
6.0226748425196845
20
-3.2535168110236219
40
0.0078740157480315
0
CIRCLE
8
BLACK
10
4.1638593307086618
20
-4.3082541338582674
40
0.0078740157480315
0
CIRCLE
8
BLACK
10
6.6114536614173227
20
-3.4506893307086615
40
0.0078740157480315
0
CIRCLE
8
BLACK
10
4.7886748425196846
20
-3.0975168110236222
40
0.0078740157480315
0
CIRCLE
8
BLACK
10
5.8786748425196853
20
-2.9975168110236221
40
0.0078740157480315
0
CIRCLE
8
BLACK
10
7.3106748425196848
20
-4.091516811023622
40
0.0078740157480315
0
CIRCLE
8
BLACK
10
6.9026748425196844
20
-3.6015168110236218
40
0.0078740157480315
0
CIRCLE
8
BLACK
10
4.3886748425196851
20
-2.9975168110236221
40
0.0078740157480315
0
CIRCLE
8
BLACK
10
4.2889424015748032
20
-4.642787244094488
40
0.0078740157480315
0
CIRCLE
8
BLACK
10
5.079777204724409
20
-4.6040128740157478
40
0.0078740157480315
0
CIRCLE
8
BLACK
10
7.4506748425196845
20
-2.9365168110236222
40
0.0078740157480315
0
CIRCLE
8
BLACK
10
6.9596748425196848
20
-3.514516811023622
40
0.0078740157480315
0
CIRCLE
8
BLACK
10
4.7326748425196845
20
-4.7415168110236223
40
0.0078740157480315
0
CIRCLE
8
BLACK
10
5.2246748425196845
20
-4.8395168110236222
40
0.0078740157480315
0
CIRCLE
8
BLACK
10
5.6266748425196846
20
-3.9805168110236218
40
0.0078740157480315
0
CIRCLE
8
BLACK
10
5.3016748425196853
20
-3.2655168110236219
40
0.0078740157480315
0
CIRCLE
8
BLACK
10
7.3686748425196846
20
-4.5875168110236215
40
0.0078740157480315
0
CIRCLE
8
BLACK
10
5.2406748425196845
20
-4.7415168110236223
40
0.0078740157480315
0
CIRCLE
8
BLACK
10
7.4186748425196845
20
-3.877516811023622
40
0.0078740157480315
0
CIRCLE
8
BLACK
10
6.5926748425196848
20
-4.163516811023622
40
0.0078740157480315
0
CIRCLE
8
BLACK
10
7.3786748425196853
20
-3.647516811023622
40
0.0078740157480315
0
CIRCLE
8
BLACK
10
6.8346748425196848
20
-3.4795168110236219
40
0.0078740157480315
0
CIRCLE
8
BLACK
10
7.3396748425196847
20
-3.0635168110236219
40
0.0078740157480315
0
CIRCLE
8
BLACK
10
5.9686748425196852
20
-2.9775168110236221
40
0.0078740157480315
0
CIRCLE
8
BLACK
10
6.2906748425196852
20
-2.9815168110236221
40
0.0078740157480315
0
CIRCLE
8
BLACK
10
5.994674842519685
20
-4.4285168110236217
40
0.0078740157480315
0
CIRCLE
8
BLACK
10
4.6827626771653543
20
-4.5815340157480318
40
0.0078740157480315
0
CIRCLE
8
BLACK
10
4.7886748425196846
20
-4.6040128740157478
40
0.0078740157480315
0
CIRCLE
8
BLACK
10
6.0898094094488187
20
-4.8707924015748034
40
0.0078740157480315
0
CIRCLE
8
BLACK
10
7.3686748425196846
20
-4.647516811023622
40
0.0078740157480315
0
CIRCLE
8
BLACK
10
4.2886748425196846
20
-3.0975168110236222
40
0.0078740157480315
0
CIRCLE
8
BLACK
10
7.3686748425196846
20
-4.7175168110236223
40
0.0078740157480315
0
CIRCLE
8
BLACK
10
6.4726748425196847
20
-4.0125168110236222
40
0.0078740157480315
0
CIRCLE
8
BLACK
10
6.6206748425196853
20
-3.9425168110236219
40
0.0078740157480315
0
CIRCLE
8
BLACK
10
7.0296748425196851
20
-4.2225168110236222
40
0.0078740157480315
0
CIRCLE
8
BLACK
10
7.0446748425196848
20
-3.5155168110236219
40
0.0078740157480315
0
CIRCLE
8
BLACK
10
5.526674842519685
20
-3.6285168110236219
40
0.0078740157480315
0
CIRCLE
8
BLACK
10
6.0127919685039366
20
-4.0835681889763782
40
0.0078740157480315
0
CIRCLE
8
BLACK
10
6.7386748425196847
20
-3.2225168110236218
40
0.0078740157480315
0
CIRCLE
8
BLACK
10
5.353674842519685
20
-4.4835168110236223
40
0.0078740157480315
0
CIRCLE
8
BLACK
10
4.8886748425196851
20
-3.0975168110236222
40
0.0078740157480315
0
CIRCLE
8
BLACK
10
6.3056748425196849
20
-4.3535168110236215
40
0.0078740157480315
0
CIRCLE
8
BLACK
10
6.994674842519685
20
-3.599516811023622
40
0.0078740157480315
0
CIRCLE
8
BLACK
10
6.6167850787401576
20
-3.3158632677165354
40
0.0078740157480315
0
CIRCLE
8
BLACK
10
4.8816748425196845
20
-3.1985168110236222
40
0.0078740157480315
0
CIRCLE
8
BLACK
10
7.0236748425196849
20
-3.982516811023622
40
0.0078740157480315
0
CIRCLE
8
BLACK
10
7.3686748425196846
20
-4.5325168110236218
40
0.0078740157480315
0
CIRCLE
8
BLACK
10
6.183674842519685
20
-3.0325168110236218
40
0.0078740157480315
0
CIRCLE
8
BLACK
10
6.0386748425196846
20
-2.9775168110236221
40
0.0078740157480315
0
CIRCLE
8
BLACK
10
4.8886748425196851
20
-4.6040128740157478
40
0.0078740157480315
0
CIRCLE
8
BLACK
10
6.2644228740157475
20
-3.5961782283464565
40
0.0078740157480315
0
CIRCLE
8
BLACK
10
6.7316748425196851
20
-3.4555168110236218
40
0.0078740157480315
0
CIRCLE
8
BLACK
10
7.4286748425196851
20
-3.5375168110236221
40
0.0078740157480315
0
CIRCLE
8
BLACK
10
4.8096748425196854
20
-4.8205168110236221
40
0.0078740157480315
0
CIRCLE
8
BLACK
10
5.6186748425196846
20
-3.2305168110236218
40
0.0078740157480315
0
CIRCLE
8
BLACK
10
6.1686748425196853
20
-2.9775168110236221
40
0.0078740157480315
0
CIRCLE
8
BLACK
10
5.8386748425196853
20
-4.8520443700787403
40
0.0078740157480315
0
CIRCLE
8
BLACK
10
7.3976748425196845
20
-2.9365168110236222
40
0.0078740157480315
0
CIRCLE
8
BLACK
10
4.4886748425196847
20
-3.0975168110236222
40
0.0078740157480315
0
CIRCLE
8
BLACK
10
5.3636748425196847
20
-4.8225168110236218
40
0.0078740157480315
0
CIRCLE
8
BLACK
10
5.5521492519685038
20
-4.026991220472441
40
0.0078740157480315
0
CIRCLE
8
BLACK
10
5.5886748425196853
20
-4.6975168110236218
40
0.0078740157480315
0
CIRCLE
8
BLACK
10
7.1396748425196845
20
-2.9595168110236219
40
0.0078740157480315
0
CIRCLE
8
BLACK
10
4.3016748425196853
20
-4.7185168110236217
40
0.0078740157480315
0
CIRCLE
8
BLACK
10
6.3976748425196845
20
-3.9775168110236221
40
0.0078740157480315
0
CIRCLE
8
BLACK
10
6.736674842519685
20
-2.9595168110236219
40
0.0078740157480315
0
CIRCLE
8
BLACK
10
6.8016748425196845
20
-3.978516811023622
40
0.0078740157480315
0
CIRCLE
8
BLACK
10
4.5046748425196848
20
-3.1785168110236222
40
0.0078740157480315
0
CIRCLE
8
BLACK
10
6.1086748425196848
20
-2.9775168110236221
40
0.0078740157480315
0
CIRCLE
8
BLACK
10
5.4276748425196848
20
-3.6215168110236218
40
0.0078740157480315
0
CIRCLE
8
BLACK
10
5.0886748425196853
20
-2.9975168110236221
40
0.0078740157480315
0
CIRCLE
8
BLACK
10
5.2066748425196847
20
-3.2035168110236221
40
0.0078740157480315
0
CIRCLE
8
BLACK
10
7.3686748425196846
20
-3.5375168110236221
40
0.0078740157480315
0
CIRCLE
8
BLACK
10
7.0836748425196845
20
-4.8025168110236223
40
0.0078740157480315
0
CIRCLE
8
BLACK
10
6.9803362598425194
20
-4.41685531496063
40
0.0078740157480315
0
CIRCLE
8
BLACK
10
7.3836748425196852
20
-3.7225168110236218
40
0.0078740157480315
0
CIRCLE
8
BLACK
10
4.2886748425196846
20
-2.9975168110236221
40
0.0078740157480315
0
CIRCLE
8
BLACK
10
6.1626748425196851
20
-4.2760128740157484
40
0.0078740157480315
0
CIRCLE
8
BLACK
10
7.3186748425196848
20
-3.5375168110236221
40
0.0078740157480315
0
CIRCLE
8
BLACK
10
5.8966748425196851
20
-4.357516811023622
40
0.0078740157480315
0
CIRCLE
8
BLACK
10
7.0604498425196844
20
-4.1300364960629921
40
0.0078740157480315
0
CIRCLE
8
BLACK
10
6.0318584645669286
20
-4.8567924015748032
40
0.0078740157480315
0
CIRCLE
8
BLACK
10
7.207674842519685
20
-2.9365168110236222
40
0.0078740157480315
0
CIRCLE
8
BLACK
10
7.4536748425196846
20
-3.0635168110236219
40
0.0078740157480315
0
CIRCLE
8
BLACK
10
7.4046748425196851
20
-3.0655168110236222
40
0.0078740157480315
0
CIRCLE
8
BLACK
10
7.0556748425196849
20
-2.9805168110236218
40
0.0078740157480315
0
CIRCLE
8
BLACK
10
5.9036748425196848
20
-3.2315168110236221
40
0.0078740157480315
0
CIRCLE
8
BLACK
10
6.8676748425196852
20
-3.3115168110236222
40
0.0078740157480315
0
CIRCLE
8
BLACK
10
5.6686748425196853
20
-3.3175168110236219
40
0.0078740157480315
0
CIRCLE
8
BLACK
10
6.2236748425196851
20
-3.1045168110236219
40
0.0078740157480315
0
CIRCLE
8
BLACK
10
6.7826748425196852
20
-3.7465168110236218
40
0.0078740157480315
0
CIRCLE
8
BLACK
10
5.4296748425196846
20
-2.9575168110236221
40
0.0078740157480315
0
CIRCLE
8
BLACK
10
6.4986748425196845
20
-4.3245168110236216
40
0.0078740157480315
0
CIRCLE
8
BLACK
10
6.4826748425196845
20
-3.220516811023622
40
0.0078740157480315
0
CIRCLE
8
BLACK
10
4.6086748425196848
20
-4.5805168110236218
40
0.0078740157480315
0
CIRCLE
8
BLACK
10
5.3726748425196851
20
-4.2065168110236222
40
0.0078740157480315
0
CIRCLE
8
BLACK
10
5.6386748425196851
20
-4.740516811023622
40
0.0078740157480315
0
CIRCLE
8
BLACK
10
4.2916748425196847
20
-3.1735168110236218
40
0.0078740157480315
0
CIRCLE
8
BLACK
10
5.8786748425196853
20
-3.0675168110236219
40
0.0078740157480315
0
CIRCLE
8
BLACK
10
7.4186748425196845
20
-4.2675168110236221
40
0.0078740157480315
0
CIRCLE
8
BLACK
10
7.0460790157480311
20
-3.5986604724409448
40
0.0078740157480315
0
CIRCLE
8
BLACK
10
4.5886748425196853
20
-3.0975168110236222
40
0.0078740157480315
0
CIRCLE
8
BLACK
10
5.2886748425196846
20
-2.9975168110236221
40
0.0078740157480315
0
CIRCLE
8
BLACK
10
6.9796958267716533
20
-3.9610380314960629
40
0.0078740157480315
0
CIRCLE
8
BLACK
10
4.4196748425196848
20
-4.7295168110236219
40
0.0078740157480315
0
CIRCLE
8
BLACK
10
7.3206748425196846
20
-2.9415168110236221
40
0.0078740157480315
0
CIRCLE
8
BLACK
10
7.4486748425196847
20
-4.0375168110236217
40
0.0078740157480315
0
CIRCLE
8
BLACK
10
5.7016748425196848
20
-3.9425168110236219
40
0.0078740157480315
0
CIRCLE
8
BLACK
10
6.8987635826771649
20
-3.9070590944881887
40
0.0078740157480315
0
CIRCLE
8
BLACK
10
6.433674842519685
20
-4.1865168110236217
40
0.0078740157480315
0
CIRCLE
8
BLACK
10
5.6636748425196846
20
-4.3325168110236216
40
0.0078740157480315
0
CIRCLE
8
BLACK
10
6.4686748425196852
20
-4.8275168110236217
40
0.0078740157480315
0
CIRCLE
8
BLACK
10
5.7158024015748028
20
-3.7268470472440942
40
0.0078740157480315
0
CIRCLE
8
BLACK
10
5.9706748425196849
20
-3.3135168110236219
40
0.0078740157480315
0
CIRCLE
8
BLACK
10
6.0663539370078743
20
-3.3987940157480314
40
0.0078740157480315
0
CIRCLE
8
BLACK
10
6.0274216141732282
20
-3.3929386220472439
40
0.0078740157480315
0
CIRCLE
8
BLACK
10
6.7648165748031497
20
-4.473343582677165
40
0.0078740157480315
0
CIRCLE
8
BLACK
10
6.8186748425196848
20
-4.1405168110236223
40
0.0078740157480315
0
CIRCLE
8
BLACK
10
6.3287523228346458
20
-3.5316427952755904
40
0.0078740157480315
0
CIRCLE
8
BLACK
10
5.3132415748031496
20
-4.6998201574803149
40
0.0078740157480315
0
CIRCLE
8
BLACK
10
5.3132417716535434
20
-4.6119262598425195
40
0.0078740157480315
0
CIRCLE
8
BLACK
10
6.1849979921259841
20
-3.4923126771653541
40
0.0078740157480315
0
CIRCLE
8
BLACK
10
6.5543756692913382
20
-3.5690128740157481
40
0.0078740157480315
0
CIRCLE
8
BLACK
10
5.3876748425196848
20
-4.039114960629921
40
0.0078740157480315
0
CIRCLE
8
BLACK
10
6.7648165748031497
20
-4.3690128740157483
40
0.0078740157480315
0
CIRCLE
8
BLACK
10
7.0919819291338584
20
-4.0847609055118106
40
0.0078740157480315
0
CIRCLE
8
BLACK
10
4.4446748425196851
20
-3.893516811023622
40
0.0078740157480315
0
CIRCLE
8
BLACK
10
4.3286748425196846
20
-3.337516811023622
40
0.0078740157480315
0
CIRCLE
8
BLACK
10
6.1772600393700783
20
-3.9320931102362202
40
0.0078740157480315
0
CIRCLE
8
BLACK
10
4.6486748425196849
20
-3.3325168110236221
40
0.0078740157480315
0
CIRCLE
8
BLACK
10
5.042525236220472
20
-4.1835168110236216
40
0.0078740157480315
0
CIRCLE
8
BLACK
10
5.8218841338582674
20
-3.7586670472440944
40
0.0078740157480315
0
CIRCLE
8
BLACK
10
4.9264037007874011
20
-4.235787874015748
40
0.0078740157480315
0
CIRCLE
8
BLACK
10
6.1540765748031498
20
-3.84811531496063
40
0.0078740157480315
0
CIRCLE
8
BLACK
10
5.1009583070866142
20
-3.5675168110236219
40
0.0078740157480315
0
CIRCLE
8
BLACK
10
5.1816748425196852
20
-3.6265168110236221
40
0.0078740157480315
0
CIRCLE
8
BLACK
10
4.7266748425196852
20
-4.0415168110236221
40
0.0078740157480315
0
CIRCLE
8
BLACK
10
4.9206748425196851
20
-3.651516811023622
40
0.0078740157480315
0
CIRCLE
8
BLACK
10
6.1256747637795277
20
-4.0063143307086611
40
0.0078740157480315
0
CIRCLE
8
BLACK
10
4.2726748425196845
20
-4.0855168110236217
40
0.0078740157480315
0
CIRCLE
8
BLACK
10
5.978674842519685
20
-3.7875168110236221
40
0.0078740157480315
0
CIRCLE
8
BLACK
10
4.058674842519685
20
-3.5975168110236218
40
0.0078740157480315
0
CIRCLE
8
BLACK
10
4.9686748425196852
20
-3.647516811023622
40
0.0078740157480315
0
CIRCLE
8
BLACK
10
4.6606748425196853
20
-4.3915168110236218
40
0.0078740157480315
0
CIRCLE
8
BLACK
10
5.0247496456692913
20
-3.3395916141732283
40
0.0078740157480315
0
CIRCLE
8
BLACK
10
5.0886748425196853
20
-4.2415168110236223
40
0.0078740157480315
0
CIRCLE
8
BLACK
10
4.691674842519685
20
-4.4723395669291337
40
0.0078740157480315
0
CIRCLE
8
BLACK
10
6.6166747637795273
20
-4.5955168110236215
40
0.0078740157480315
0
CIRCLE
8
BLACK
10
6.800674842519685
20
-3.9021152362204723
40
0.0078740157480315
0
CIRCLE
8
BLACK
10
6.4186748425196845
20
-4.5955168110236215
40
0.0078740157480315
0
CIRCLE
8
BLACK
10
6.129304763779527
20
-3.3841346062992126
40
0.0078740157480315
0
CIRCLE
8
BLACK
10
6.7183598818897634
20
-4.0512961811023622
40
0.0078740157480315
0
CIRCLE
8
BLACK
10
5.6096984645669288
20
-3.6764931889763779
40
0.0078740157480315
0
CIRCLE
8
BLACK
10
5.832674842519685
20
-3.4315168110236218
40
0.0078740157480315
0
CIRCLE
8
BLACK
10
6.3030024409448817
20
-3.4920327165354328
40
0.0078740157480315
0
CIRCLE
8
BLACK
10
5.8236748425196847
20
-3.925516811023622
40
0.0078740157480315
0
CIRCLE
8
BLACK
10
5.7876747637795276
20
-4.5455168110236217
40
0.0078740157480315
0
CIRCLE
8
BLACK
10
6.183674842519685
20
-4.5425168110236216
40
0.0078740157480315
0
CIRCLE
8
BLACK
10
5.9896748425196851
20
-4.546516811023622
40
0.0078740157480315
0
CIRCLE
8
BLACK
10
6.6146748425196851
20
-2.9895168110236221
40
0.0078740157480315
0
CIRCLE
8
BLACK
10
7.0626748425196846
20
-3.3675168110236218
40
0.0078740157480315
0
CIRCLE
8
BLACK
10
6.5366748425196848
20
-3.3275167322834647
40
0.0078740157480315
0
CIRCLE
8
BLACK
10
7.0606748425196848
20
-3.4275168110236218
40
0.0078740157480315
0
CIRCLE
8
BLACK
10
6.3786748425196853
20
-3.3115168110236222
40
0.0078740157480315
0
CIRCLE
8
BLACK
10
5.8986748425196849
20
-3.3805168110236221
40
0.0078740157480315
0
CIRCLE
8
BLACK
10
5.018674842519685
20
-3.6785168110236222
40
0.0078740157480315
0
CIRCLE
8
BLACK
10
5.8256748425196845
20
-3.8785168110236219
40
0.0078740157480315
0
CIRCLE
8
BLACK
10
6.315745433070866
20
-3.7059391732283462
40
0.0078740157480315
0
CIRCLE
8
BLACK
10
5.8886748425196851
20
-4.4475168110236218
40
0.0078740157480315
0
CIRCLE
8
BLACK
10
6.2487961417322833
20
-3.7165968897637796
40
0.0078740157480315
0
CIRCLE
8
BLACK
10
6.2906748425196852
20
-4.5215168110236217
40
0.0078740157480315
0
CIRCLE
8
BLACK
10
6.2791224015748028
20
-3.6914905511811025
40
0.0078740157480315
0
CIRCLE
8
BLACK
10
6.1896748425196852
20
-4.3125168110236221
40
0.0078740157480315
0
CIRCLE
8
BLACK
10
5.8966748425196851
20
-4.2795167322834642
40
0.0078740157480315
0
CIRCLE
8
BLACK
10
6.0277366141732278
20
-3.4575089370078738
40
0.0078740157480315
0
CIRCLE
8
BLACK
10
7.1100455118110233
20
-4.4972494094488189
40
0.0078740157480315
0
CIRCLE
8
BLACK
10
7.1086748425196848
20
-4.5925168110236223
40
0.0078740157480315
0
CIRCLE
8
BLACK
10
6.6262338976377952
20
-4.4253120866141735
40
0.0078740157480315
0
CIRCLE
8
BLACK
10
6.979383503937008
20
-4.3119262598425196
40
0.0078740157480315
0
CIRCLE
8
BLACK
10
7.1746748425196847
20
-3.7035168110236221
40
0.0078740157480315
0
CIRCLE
8
BLACK
10
7.0646753937007869
20
-4.49751625984252
40
0.0078740157480315
0
CIRCLE
8
BLACK
10
6.7749669291338579
20
-4.5260415354330705
40
0.0078740157480315
0
CIRCLE
8
BLACK
10
7.1186748425196846
20
-4.7275168110236221
40
0.0078740157480315
0
CIRCLE
8
BLACK
10
5.1852596850393704
20
-4.3289499212598423
40
0.0078740157480315
0
CIRCLE
8
BLACK
10
5.8313790157480314
20
-3.6358610236220472
40
0.0078740157480315
0
CIRCLE
8
BLACK
10
5.7806748425196846
20
-3.6831861023622046
40
0.0078740157480315
0
CIRCLE
8
BLACK
10
4.3442337007874015
20
-3.6749579527559053
40
0.0078740157480315
0
CIRCLE
8
BLACK
10
5.273871692913386
20
-4.1345168110236221
40
0.0078740157480315
0
CIRCLE
8
BLACK
10
4.9970932677165356
20
-3.8770117322834645
40
0.0078740157480315
0
CIRCLE
8
BLACK
10
4.2576750787401574
20
-3.752516811023622
40
0.0078740157480315
0
CIRCLE
8
BLACK
10
6.3484150000000001
20
-3.6434799999999998
40
0.0078740157480315
0
CIRCLE
8
BLACK
10
7.3386748425196853
20
-3.2235168110236221
40
0.0078740157480315
0
CIRCLE
8
BLACK
10
6.5150429527559055
20
-3.7251487007874013
40
0.0078740157480315
0
CIRCLE
8
BLACK
10
5.5728348818897633
20
-4.2483961417322833
40
0.0078740157480315
0
CIRCLE
8
BLACK
10
4.2816749212598424
20
-4.4545168503937003
40
0.0078740157480315
0
CIRCLE
8
BLACK
10
5.5143579921259844
20
-4.7101999606299207
40
0.0078740157480315
0
CIRCLE
8
BLACK
10
6.3423453937007874
20
-3.6044459448818897
40
0.0078740157480315
0
CIRCLE
8
BLACK
10
7.3366748425196846
20
-3.2735168110236219
40
0.0078740157480315
0
CIRCLE
8
BLACK
10
5.4926748425196852
20
-4.6735168110236218
40
0.0078740157480315
0
CIRCLE
8
BLACK
10
4.4099260629921258
20
-4.4582656692913387
40
0.0078740157480315
0
CIRCLE
8
BLACK
10
5.5597535826771649
20
-4.1785168110236217
40
0.0078740157480315
0
CIRCLE
8
BLACK
10
6.6351497637795278
20
-3.6872337007874014
40
0.0078740157480315
0
CIRCLE
8
BLACK
10
6.7385205118110232
20
-4.2171303937007876
40
0.0078740157480315
0
CIRCLE
8
BLACK
10
7.0146748425196845
20
-3.8055168110236219
40
0.0078740157480315
0
CIRCLE
8
BLACK
10
6.3441709055118105
20
-3.4265167716535432
40
0.0078740157480315
0
CIRCLE
8
BLACK
10
6.9036748425196848
20
-4.1525168110236219
40
0.0078740157480315
0
CIRCLE
8
BLACK
10
7.0159380314960629
20
-3.8907800787401574
40
0.0078740157480315
0
CIRCLE
8
BLACK
10
6.3106744488188973
20
-3.3875168110236218
40
0.0078740157480315
0
CIRCLE
8
BLACK
10
6.9586748425196845
20
-4.163516811023622
40
0.0078740157480315
0
CIRCLE
8
BLACK
10
6.7683655118110231
20
-4.1914538188976378
40
0.0078740157480315
0
CIRCLE
8
BLACK
10
4.7404071259842517
20
-4.1773002755905511
40
0.0078740157480315
0
CIRCLE
8
BLACK
10
6.057771535433071
20
-3.4858940944881889
40
0.0078740157480315
  0
ENDSEC
  0
EOF
