  0
SECTION
  2
HEADER
  9
$ANGBASE
  50
0.0
  9
$ANGDIR
  70
1
  9
$MEASUREMENT
  70
0
  0
ENDSEC
  0
SECTION
  2
TABLES
  0
TABLE
  2
LTYPE
  70
4
  0
LTYPE
  5
40F
  2
CONTINUOUS
  70
0
  3
Solid line
  72
65
  73
0
  40
0.0
  0
LTYPE
  5
410
  2
DASHDOT
 70
0
  3
Dash Dot ____ _ ____ _
 72
65
 73
4
 40
2.0
 49
1.25
 49
-0.25
 49
0.25
 49
-0.25
  0
LTYPE
  5
411
  2
DASHED
 70
0
  3
Dashed __ __ __ __ __
 72
65
 73
2
 40
0.75
 49
0.5
 49
-0.25
  0
LTYPE
  5
43B
  2
DOTTED
 70
0
  3
Dotted .  .  .  .
 72
65
 73
2
 40
0.2
 49
0.0
 49
-0.2
  0
ENDTAB
  0
TABLE
  2
STYLE
  70
4
  0
STYLE
  2
KICAD
  70
0
  40
0
  41
1
  42
1
  50
0
  71
0
  3
isocp.shx
  0
STYLE
  2
KICADB
  70
0
  40
0
  41
1
  42
1
  50
0
  71
0
  3
isocp.shx
  0
STYLE
  2
KICADI
  70
0
  40
0
  41
1
  42
1
  50
15
  71
0
  3
isocp.shx
  0
STYLE
  2
KICADBI
  70
0
  40
0
  41
1
  42
1
  50
15
  71
0
  3
isocp.shx
  0
ENDTAB
  0
TABLE
  2
LAYER
  70
1
  0
LAYER
  2
BLACK
  70
0
  62
7
  6
CONTINUOUS
  0
ENDTAB
  0
ENDSEC
  0
SECTION
  2
ENTITIES
0
LINE
8
BLACK
6
CONTINUOUS
10
4.2877014173228343
20
-4.439967559055118
11
4.2912617322834645
21
-4.44202311023622
0
LINE
8
BLACK
6
CONTINUOUS
10
4.2912617322834645
20
-4.44202311023622
11
4.2941686614173227
21
-4.444930039370079
0
LINE
8
BLACK
6
CONTINUOUS
10
4.2941686614173227
20
-4.444930039370079
11
4.2962242125984247
21
-4.4484903543307084
0
LINE
8
BLACK
6
CONTINUOUS
10
4.2962242125984247
20
-4.4484903543307084
11
4.2972882283464564
21
-4.452461338582677
0
LINE
8
BLACK
6
CONTINUOUS
10
4.2972882283464564
20
-4.452461338582677
11
4.2972882283464564
21
-4.4565723622047244
0
LINE
8
BLACK
6
CONTINUOUS
10
4.2972882283464564
20
-4.4565723622047244
11
4.2967763385826769
21
-4.4584827559055116
0
LINE
8
BLACK
6
CONTINUOUS
10
4.2967763385826769
20
-4.4584827559055116
11
4.6139364173228348
21
-4.7756427952755907
0
LINE
8
BLACK
6
CONTINUOUS
10
4.6139364173228348
20
-4.7756427952755907
11
5.4377796456692913
21
-4.7756427952755907
0
LINE
8
BLACK
6
CONTINUOUS
10
5.4377796456692913
20
-4.7756427952755907
11
5.4992565354330711
21
-4.7141658267716533
0
LINE
8
BLACK
6
CONTINUOUS
10
5.4992565354330711
20
-4.7141658267716533
11
5.4987446850393695
21
-4.7122554724409449
0
LINE
8
BLACK
6
CONTINUOUS
10
5.4987446850393695
20
-4.7122554724409449
11
5.4987446850393695
21
-4.7081444488188975
0
LINE
8
BLACK
6
CONTINUOUS
10
5.4987446850393695
20
-4.7081444488188975
11
5.4998087007874012
21
-4.7041734645669289
0
LINE
8
BLACK
6
CONTINUOUS
10
5.4998087007874012
20
-4.7041734645669289
11
5.5018642519685041
21
-4.7006131496062995
0
LINE
8
BLACK
6
CONTINUOUS
10
5.5018642519685041
20
-4.7006131496062995
11
5.5047711811023623
21
-4.6977062204724405
0
LINE
8
BLACK
6
CONTINUOUS
10
5.5047711811023623
20
-4.6977062204724405
11
5.5083314960629917
21
-4.6956506692913385
0
LINE
8
BLACK
6
CONTINUOUS
10
5.5083314960629917
20
-4.6956506692913385
11
5.5123024803149603
21
-4.6945866535433067
0
LINE
8
BLACK
6
CONTINUOUS
10
5.5123024803149603
20
-4.6945866535433067
11
5.5164135039370077
21
-4.6945866535433067
0
LINE
8
BLACK
6
CONTINUOUS
10
5.5164135039370077
20
-4.6945866535433067
11
5.5203844881889763
21
-4.6956506692913385
0
LINE
8
BLACK
6
CONTINUOUS
10
5.5203844881889763
20
-4.6956506692913385
11
5.5239448031496066
21
-4.6977062204724405
0
LINE
8
BLACK
6
CONTINUOUS
10
5.5239448031496066
20
-4.6977062204724405
11
5.5268517322834647
21
-4.7006131496062995
0
LINE
8
BLACK
6
CONTINUOUS
10
5.5268517322834647
20
-4.7006131496062995
11
5.5289072834645667
21
-4.7041734645669289
0
LINE
8
BLACK
6
CONTINUOUS
10
5.5289072834645667
20
-4.7041734645669289
11
5.5299712992125984
21
-4.7081444488188975
0
LINE
8
BLACK
6
CONTINUOUS
10
5.5299712992125984
20
-4.7081444488188975
11
5.5299712992125984
21
-4.7122554724409449
0
LINE
8
BLACK
6
CONTINUOUS
10
5.5299712992125984
20
-4.7122554724409449
11
5.5289072834645667
21
-4.7162264566929135
0
LINE
8
BLACK
6
CONTINUOUS
10
5.5289072834645667
20
-4.7162264566929135
11
5.5268517322834647
21
-4.7197867716535429
0
LINE
8
BLACK
6
CONTINUOUS
10
5.5268517322834647
20
-4.7197867716535429
11
5.5239448031496066
21
-4.722693700787401
0
LINE
8
BLACK
6
CONTINUOUS
10
5.5239448031496066
20
-4.722693700787401
11
5.5203844881889763
21
-4.7247492519685039
0
LINE
8
BLACK
6
CONTINUOUS
10
5.5203844881889763
20
-4.7247492519685039
11
5.5164135039370077
21
-4.7258132677165356
0
LINE
8
BLACK
6
CONTINUOUS
10
5.5164135039370077
20
-4.7258132677165356
11
5.5123024803149603
21
-4.7258132677165356
0
LINE
8
BLACK
6
CONTINUOUS
10
5.5123024803149603
20
-4.7258132677165356
11
5.5103920866141731
21
-4.7253013779527562
0
LINE
8
BLACK
6
CONTINUOUS
10
5.5103920866141731
20
-4.7253013779527562
11
5.4466088976377955
21
-4.7890845669291338
0
LINE
8
BLACK
6
CONTINUOUS
10
5.4466088976377955
20
-4.7890845669291338
11
5.4454157086614172
21
-4.7900638188976377
0
LINE
8
BLACK
6
CONTINUOUS
10
5.4454157086614172
20
-4.7900638188976377
11
5.4425772834645665
21
-4.7912395275590551
0
LINE
8
BLACK
6
CONTINUOUS
10
5.4425772834645665
20
-4.7912395275590551
11
5.441041141732283
21
-4.7913908267716536
0
LINE
8
BLACK
6
CONTINUOUS
10
5.441041141732283
20
-4.7913908267716536
11
4.6106748818897634
21
-4.7913908267716536
0
LINE
8
BLACK
6
CONTINUOUS
10
4.6106748818897634
20
-4.7913908267716536
11
4.6091387401574799
21
-4.7912395275590551
0
LINE
8
BLACK
6
CONTINUOUS
10
4.6091387401574799
20
-4.7912395275590551
11
4.6063003149606301
21
-4.7900638188976377
0
LINE
8
BLACK
6
CONTINUOUS
10
4.6063003149606301
20
-4.7900638188976377
11
4.6051071259842518
21
-4.7890846062992125
0
LINE
8
BLACK
6
CONTINUOUS
10
4.6051071259842518
20
-4.7890846062992125
11
4.2856408267716537
21
-4.4696182677165357
0
LINE
8
BLACK
6
CONTINUOUS
10
4.2856408267716537
20
-4.4696182677165357
11
4.2837304330708657
21
-4.4701301574803152
0
LINE
8
BLACK
6
CONTINUOUS
10
4.2837304330708657
20
-4.4701301574803152
11
4.2796194094488191
21
-4.4701301574803152
0
LINE
8
BLACK
6
CONTINUOUS
10
4.2796194094488191
20
-4.4701301574803152
11
4.2756484251968505
21
-4.4690661417322834
0
LINE
8
BLACK
6
CONTINUOUS
10
4.2756484251968505
20
-4.4690661417322834
11
4.2720881102362203
21
-4.4670105905511814
0
LINE
8
BLACK
6
CONTINUOUS
10
4.2720881102362203
20
-4.4670105905511814
11
4.2691811811023621
21
-4.4641036614173224
0
LINE
8
BLACK
6
CONTINUOUS
10
4.2691811811023621
20
-4.4641036614173224
11
4.2671256299212601
21
-4.460543346456693
0
LINE
8
BLACK
6
CONTINUOUS
10
4.2671256299212601
20
-4.460543346456693
11
4.2660616141732284
21
-4.4565723622047244
0
LINE
8
BLACK
6
CONTINUOUS
10
4.2660616141732284
20
-4.4565723622047244
11
4.2660616141732284
21
-4.452461338582677
0
LINE
8
BLACK
6
CONTINUOUS
10
4.2660616141732284
20
-4.452461338582677
11
4.2671256299212601
21
-4.4484903543307084
0
LINE
8
BLACK
6
CONTINUOUS
10
4.2671256299212601
20
-4.4484903543307084
11
4.2691811811023621
21
-4.444930039370079
0
LINE
8
BLACK
6
CONTINUOUS
10
4.2691811811023621
20
-4.444930039370079
11
4.2720881102362203
21
-4.44202311023622
0
LINE
8
BLACK
6
CONTINUOUS
10
4.2720881102362203
20
-4.44202311023622
11
4.2756484251968505
21
-4.439967559055118
0
LINE
8
BLACK
6
CONTINUOUS
10
4.2756484251968505
20
-4.439967559055118
11
4.2796194094488191
21
-4.4389035433070863
0
LINE
8
BLACK
6
CONTINUOUS
10
4.2796194094488191
20
-4.4389035433070863
11
4.2837304330708657
21
-4.4389035433070863
0
LINE
8
BLACK
6
CONTINUOUS
10
4.2837304330708657
20
-4.4389035433070863
11
4.2877014173228343
21
-4.439967559055118
0
LINE
8
BLACK
6
CONTINUOUS
10
4.4275547637795274
20
-4.4982611811023618
11
4.4280198425196851
21
-4.4986583858267712
0
LINE
8
BLACK
6
CONTINUOUS
10
4.4280198425196851
20
-4.4986583858267712
11
4.6018383070866138
21
-4.6724768503937009
0
LINE
8
BLACK
6
CONTINUOUS
10
4.6018383070866138
20
-4.6724768503937009
11
4.6027266141732284
21
-4.6733651181102358
0
LINE
8
BLACK
6
CONTINUOUS
10
4.6027266141732284
20
-4.6733651181102358
11
4.6027266929133859
21
-4.6733651968503933
0
LINE
8
BLACK
6
CONTINUOUS
10
4.6027266929133859
20
-4.6733651968503933
11
4.6035726377952759
21
-4.6737962204724406
0
LINE
8
BLACK
6
CONTINUOUS
10
4.6035726377952759
20
-4.6737962204724406
11
4.6040939370078737
21
-4.6741156692913384
0
LINE
8
BLACK
6
CONTINUOUS
10
4.6040939370078737
20
-4.6741156692913384
11
4.6048625196850397
21
-4.6746740157480318
0
LINE
8
BLACK
6
CONTINUOUS
10
4.6048625196850397
20
-4.6746740157480318
11
4.6048625590551184
21
-4.6746740157480318
0
LINE
8
BLACK
6
CONTINUOUS
10
4.6048625590551184
20
-4.6746740157480318
11
4.604862637795275
21
-4.6746740944881893
0
LINE
8
BLACK
6
CONTINUOUS
10
4.604862637795275
20
-4.6746740944881893
11
4.6057661811023625
21
-4.6749676377952758
0
LINE
8
BLACK
6
CONTINUOUS
10
4.6057661811023625
20
-4.6749676377952758
11
4.6063307480314961
21
-4.6752015354330707
0
LINE
8
BLACK
6
CONTINUOUS
10
4.6063307480314961
20
-4.6752015354330707
11
4.6071770078740153
21
-4.6756327559055118
0
LINE
8
BLACK
6
CONTINUOUS
10
4.6071770078740153
20
-4.6756327559055118
11
4.6081155118110235
21
-4.6757813779527559
0
LINE
8
BLACK
6
CONTINUOUS
10
4.6081155118110235
20
-4.6757813779527559
11
4.608709094488189
21
-4.6759238976377953
0
LINE
8
BLACK
6
CONTINUOUS
10
4.608709094488189
20
-4.6759238976377953
11
4.609612874015748
21
-4.676217559055118
0
LINE
8
BLACK
6
CONTINUOUS
10
4.609612874015748
20
-4.676217559055118
11
4.6108693307086615
21
-4.676217559055118
0
LINE
8
BLACK
6
CONTINUOUS
10
4.6108693307086615
20
-4.676217559055118
11
5.2837990157480315
21
-4.676217559055118
0
LINE
8
BLACK
6
CONTINUOUS
10
5.2837990157480315
20
-4.676217559055118
11
5.2860899999999997
21
-4.6769619291338582
0
LINE
8
BLACK
6
CONTINUOUS
10
5.2860899999999997
20
-4.6769619291338582
11
5.2875059055118108
21
-4.6789107480314955
0
LINE
8
BLACK
6
CONTINUOUS
10
5.2875059055118108
20
-4.6789107480314955
11
5.2875059055118108
21
-4.6813196456692916
0
LINE
8
BLACK
6
CONTINUOUS
10
5.2875059055118108
20
-4.6813196456692916
11
5.2870992519685034
21
-4.6821888582677165
0
LINE
8
BLACK
6
CONTINUOUS
10
5.2870992519685034
20
-4.6821888582677165
11
5.2846672047244097
21
-4.6860593700787403
0
LINE
8
BLACK
6
CONTINUOUS
10
5.2846672047244097
20
-4.6860593700787403
11
5.2846672047244097
21
-4.686059409448819
0
LINE
8
BLACK
6
CONTINUOUS
10
5.2846672047244097
20
-4.686059409448819
11
5.2823216141732283
21
-4.6927625984251966
0
LINE
8
BLACK
6
CONTINUOUS
10
5.2823216141732283
20
-4.6927625984251966
11
5.2823215748031496
21
-4.6927627559055116
0
LINE
8
BLACK
6
CONTINUOUS
10
5.2823215748031496
20
-4.6927627559055116
11
5.2815264173228345
21
-4.6998201574803149
0
LINE
8
BLACK
6
CONTINUOUS
10
5.2815264173228345
20
-4.6998201574803149
11
5.2823215748031496
21
-4.7068775196850394
0
LINE
8
BLACK
6
CONTINUOUS
10
5.2823215748031496
20
-4.7068775196850394
11
5.2823216141732283
21
-4.7068776771653544
0
LINE
8
BLACK
6
CONTINUOUS
10
5.2823216141732283
20
-4.7068776771653544
11
5.2846672047244097
21
-4.713580866141732
0
LINE
8
BLACK
6
CONTINUOUS
10
5.2846672047244097
20
-4.713580866141732
11
5.2846672047244097
21
-4.7135809055118107
0
LINE
8
BLACK
6
CONTINUOUS
10
5.2846672047244097
20
-4.7135809055118107
11
5.2884455511811019
21
-4.7195940944881887
0
LINE
8
BLACK
6
CONTINUOUS
10
5.2884455511811019
20
-4.7195940944881887
11
5.2884456692913382
21
-4.7195942519685037
0
LINE
8
BLACK
6
CONTINUOUS
10
5.2884456692913382
20
-4.7195942519685037
11
5.2934674803149608
21
-4.7246160629921254
0
LINE
8
BLACK
6
CONTINUOUS
10
5.2934674803149608
20
-4.7246160629921254
11
5.2934675590551183
21
-4.7246161023622042
0
LINE
8
BLACK
6
CONTINUOUS
10
5.2934675590551183
20
-4.7246161023622042
11
5.2934675984251971
21
-4.7246161417322829
0
LINE
8
BLACK
6
CONTINUOUS
10
5.2934675984251971
20
-4.7246161417322829
11
5.2983702362204728
21
-4.7276966929133861
0
LINE
8
BLACK
6
CONTINUOUS
10
5.2983702362204728
20
-4.7276966929133861
11
5.2994808661417325
21
-4.7283945275590549
0
LINE
8
BLACK
6
CONTINUOUS
10
5.2994808661417325
20
-4.7283945275590549
11
5.3021650787401571
21
-4.7293337795275585
0
LINE
8
BLACK
6
CONTINUOUS
10
5.3021650787401571
20
-4.7293337795275585
11
5.3061840157480313
21
-4.7307400787401575
0
LINE
8
BLACK
6
CONTINUOUS
10
5.3061840157480313
20
-4.7307400787401575
11
5.3061841732283463
21
-4.7307401181102362
0
LINE
8
BLACK
6
CONTINUOUS
10
5.3061841732283463
20
-4.7307401181102362
11
5.3061842913385826
21
-4.730740157480315
0
LINE
8
BLACK
6
CONTINUOUS
10
5.3061842913385826
20
-4.730740157480315
11
5.3132415748031496
21
-4.7315353149606301
0
LINE
8
BLACK
6
CONTINUOUS
10
5.3132415748031496
20
-4.7315353149606301
11
5.3202988582677166
21
-4.730740157480315
0
LINE
8
BLACK
6
CONTINUOUS
10
5.3202988582677166
20
-4.730740157480315
11
5.3270022834645667
21
-4.7283945275590549
0
LINE
8
BLACK
6
CONTINUOUS
10
5.3270022834645667
20
-4.7283945275590549
11
5.3330156692913384
21
-4.7246160629921254
0
LINE
8
BLACK
6
CONTINUOUS
10
5.3330156692913384
20
-4.7246160629921254
11
5.3380374803149602
21
-4.7195942519685037
0
LINE
8
BLACK
6
CONTINUOUS
10
5.3380374803149602
20
-4.7195942519685037
11
5.3418159448818896
21
-4.713580866141732
0
LINE
8
BLACK
6
CONTINUOUS
10
5.3418159448818896
20
-4.713580866141732
11
5.3441615748031497
21
-4.7068774409448819
0
LINE
8
BLACK
6
CONTINUOUS
10
5.3441615748031497
20
-4.7068774409448819
11
5.3449567322834648
21
-4.6998201574803149
0
LINE
8
BLACK
6
CONTINUOUS
10
5.3449567322834648
20
-4.6998201574803149
11
5.3441615748031497
21
-4.6927628740157479
0
LINE
8
BLACK
6
CONTINUOUS
10
5.3441615748031497
20
-4.6927628740157479
11
5.3418159448818896
21
-4.6860594488188978
0
LINE
8
BLACK
6
CONTINUOUS
10
5.3418159448818896
20
-4.6860594488188978
11
5.3416554330708657
21
-4.6858040157480314
0
LINE
8
BLACK
6
CONTINUOUS
10
5.3416554330708657
20
-4.6858040157480314
11
5.339383897637795
21
-4.6821888582677165
0
LINE
8
BLACK
6
CONTINUOUS
10
5.339383897637795
20
-4.6821888582677165
11
5.3387953149606302
21
-4.6798530314960631
0
LINE
8
BLACK
6
CONTINUOUS
10
5.3387953149606302
20
-4.6798530314960631
11
5.3396921259842518
21
-4.6776172834645671
0
LINE
8
BLACK
6
CONTINUOUS
10
5.3396921259842518
20
-4.6776172834645671
11
5.3417317716535431
21
-4.6763357086614175
0
LINE
8
BLACK
6
CONTINUOUS
10
5.3417317716535431
20
-4.6763357086614175
11
5.3426841338582678
21
-4.676217559055118
0
LINE
8
BLACK
6
CONTINUOUS
10
5.3426841338582678
20
-4.676217559055118
11
5.4657665354330707
21
-4.676217559055118
0
LINE
8
BLACK
6
CONTINUOUS
10
5.4657665354330707
20
-4.676217559055118
11
5.4680575196850389
21
-4.6769619291338582
0
LINE
8
BLACK
6
CONTINUOUS
10
5.4680575196850389
20
-4.6769619291338582
11
5.46947342519685
21
-4.6789107480314955
0
LINE
8
BLACK
6
CONTINUOUS
10
5.46947342519685
20
-4.6789107480314955
11
5.4696307480314958
21
-4.6796062992125984
0
LINE
8
BLACK
6
CONTINUOUS
10
5.4696307480314958
20
-4.6796062992125984
11
5.4696401574803151
21
-4.6796774803149601
0
LINE
8
BLACK
6
CONTINUOUS
10
5.4696401574803151
20
-4.6796774803149601
11
5.469641614173228
21
-4.6796885826771648
0
LINE
8
BLACK
6
CONTINUOUS
10
5.469641614173228
20
-4.6796885826771648
11
5.4696416535433068
21
-4.6796887007874011
0
LINE
8
BLACK
6
CONTINUOUS
10
5.4696416535433068
20
-4.6796887007874011
11
5.4720237401574803
21
-4.6854395669291335
0
LINE
8
BLACK
6
CONTINUOUS
10
5.4720237401574803
20
-4.6854395669291335
11
5.4720237401574803
21
-4.6854396062992123
0
LINE
8
BLACK
6
CONTINUOUS
10
5.4720237401574803
20
-4.6854396062992123
11
5.4758131496062994
21
-4.6903780708661413
0
LINE
8
BLACK
6
CONTINUOUS
10
5.4758131496062994
20
-4.6903780708661413
11
5.4758133464566932
21
-4.6903783070866139
0
LINE
8
BLACK
6
CONTINUOUS
10
5.4758133464566932
20
-4.6903783070866139
11
5.4807519685039372
21
-4.6941678346456692
0
LINE
8
BLACK
6
CONTINUOUS
10
5.4807519685039372
20
-4.6941678346456692
11
5.4865031102362201
21
-4.696550039370079
0
LINE
8
BLACK
6
CONTINUOUS
10
5.4865031102362201
20
-4.696550039370079
11
5.4889767322834642
21
-4.6968756692913383
0
LINE
8
BLACK
6
CONTINUOUS
10
5.4889767322834642
20
-4.6968756692913383
11
5.4911509055118106
21
-4.6979126771653545
0
LINE
8
BLACK
6
CONTINUOUS
10
5.4911509055118106
20
-4.6979126771653545
11
5.492300354330709
21
-4.7000296456692912
0
LINE
8
BLACK
6
CONTINUOUS
10
5.492300354330709
20
-4.7000296456692912
11
5.4920689763779524
21
-4.7022314566929131
0
LINE
8
BLACK
6
CONTINUOUS
10
5.4920689763779524
20
-4.7022314566929131
11
5.4913247637795273
21
-4.704028149606299
0
LINE
8
BLACK
6
CONTINUOUS
10
5.4913247637795273
20
-4.704028149606299
11
5.4913247244094485
21
-4.7040283464566928
0
LINE
8
BLACK
6
CONTINUOUS
10
5.4913247244094485
20
-4.7040283464566928
11
5.4904788976377947
21
-4.7104532283464566
0
LINE
8
BLACK
6
CONTINUOUS
10
5.4904788976377947
20
-4.7104532283464566
11
5.4904108661417323
21
-4.7104442519685037
0
LINE
8
BLACK
6
CONTINUOUS
10
5.4904108661417323
20
-4.7104442519685037
11
5.4897678740157483
21
-4.7124232677165354
0
LINE
8
BLACK
6
CONTINUOUS
10
5.4897678740157483
20
-4.7124232677165354
11
5.4893706692913389
21
-4.7128883464566931
0
LINE
8
BLACK
6
CONTINUOUS
10
5.4893706692913389
20
-4.7128883464566931
11
5.4356514960629916
21
-4.7666075196850395
0
LINE
8
BLACK
6
CONTINUOUS
10
5.4356514960629916
20
-4.7666075196850395
11
5.4335051574803153
21
-4.7677011023622047
0
LINE
8
BLACK
6
CONTINUOUS
10
5.4335051574803153
20
-4.7677011023622047
11
5.4328954330708656
21
-4.7677490944881891
0
LINE
8
BLACK
6
CONTINUOUS
10
5.4328954330708656
20
-4.7677490944881891
11
4.6188205905511808
21
-4.7677490944881891
0
LINE
8
BLACK
6
CONTINUOUS
10
4.6188205905511808
20
-4.7677490944881891
11
4.6165296062992125
21
-4.7670047244094489
0
LINE
8
BLACK
6
CONTINUOUS
10
4.6165296062992125
20
-4.7670047244094489
11
4.6160645275590548
21
-4.7666075196850395
0
LINE
8
BLACK
6
CONTINUOUS
10
4.6160645275590548
20
-4.7666075196850395
11
4.3536275196850394
21
-4.5041705118110231
0
LINE
8
BLACK
6
CONTINUOUS
10
4.3536275196850394
20
-4.5041705118110231
11
4.3525339370078742
21
-4.5020241732283459
0
LINE
8
BLACK
6
CONTINUOUS
10
4.3525339370078742
20
-4.5020241732283459
11
4.3529107480314959
21
-4.4996449606299214
0
LINE
8
BLACK
6
CONTINUOUS
10
4.3529107480314959
20
-4.4996449606299214
11
4.3546140944881886
21
-4.4979416141732287
0
LINE
8
BLACK
6
CONTINUOUS
10
4.3546140944881886
20
-4.4979416141732287
11
4.3563835826771653
21
-4.4975168110236217
0
LINE
8
BLACK
6
CONTINUOUS
10
4.3563835826771653
20
-4.4975168110236217
11
4.4252637795275591
21
-4.4975168110236217
0
LINE
8
BLACK
6
CONTINUOUS
10
4.4252637795275591
20
-4.4975168110236217
11
4.4275547637795274
21
-4.4982611811023618
0
LINE
8
BLACK
6
CONTINUOUS
10
5.3192680708661415
20
-4.6852708661417326
11
5.3228283858267718
21
-4.6873264173228346
0
LINE
8
BLACK
6
CONTINUOUS
10
5.3228283858267718
20
-4.6873264173228346
11
5.3257353149606299
21
-4.6902333464566928
0
LINE
8
BLACK
6
CONTINUOUS
10
5.3257353149606299
20
-4.6902333464566928
11
5.3277908661417319
21
-4.693793661417323
0
LINE
8
BLACK
6
CONTINUOUS
10
5.3277908661417319
20
-4.693793661417323
11
5.3288548818897636
21
-4.6977646456692916
0
LINE
8
BLACK
6
CONTINUOUS
10
5.3288548818897636
20
-4.6977646456692916
11
5.3288548818897636
21
-4.7018756692913382
0
LINE
8
BLACK
6
CONTINUOUS
10
5.3288548818897636
20
-4.7018756692913382
11
5.3277908661417319
21
-4.7058466535433068
0
LINE
8
BLACK
6
CONTINUOUS
10
5.3277908661417319
20
-4.7058466535433068
11
5.3257353149606299
21
-4.709406968503937
0
LINE
8
BLACK
6
CONTINUOUS
10
5.3257353149606299
20
-4.709406968503937
11
5.3228283858267718
21
-4.7123138976377952
0
LINE
8
BLACK
6
CONTINUOUS
10
5.3228283858267718
20
-4.7123138976377952
11
5.3192680708661415
21
-4.7143694488188972
0
LINE
8
BLACK
6
CONTINUOUS
10
5.3192680708661415
20
-4.7143694488188972
11
5.3152970866141729
21
-4.7154334645669289
0
LINE
8
BLACK
6
CONTINUOUS
10
5.3152970866141729
20
-4.7154334645669289
11
5.3111860629921255
21
-4.7154334645669289
0
LINE
8
BLACK
6
CONTINUOUS
10
5.3111860629921255
20
-4.7154334645669289
11
5.3072150787401577
21
-4.7143694488188972
0
LINE
8
BLACK
6
CONTINUOUS
10
5.3072150787401577
20
-4.7143694488188972
11
5.3036547637795275
21
-4.7123138976377952
0
LINE
8
BLACK
6
CONTINUOUS
10
5.3036547637795275
20
-4.7123138976377952
11
5.3007478346456693
21
-4.709406968503937
0
LINE
8
BLACK
6
CONTINUOUS
10
5.3007478346456693
20
-4.709406968503937
11
5.2986922834645664
21
-4.7058466535433068
0
LINE
8
BLACK
6
CONTINUOUS
10
5.2986922834645664
20
-4.7058466535433068
11
5.2976282677165356
21
-4.7018756692913382
0
LINE
8
BLACK
6
CONTINUOUS
10
5.2976282677165356
20
-4.7018756692913382
11
5.2976282677165356
21
-4.6977646456692916
0
LINE
8
BLACK
6
CONTINUOUS
10
5.2976282677165356
20
-4.6977646456692916
11
5.2986922834645664
21
-4.693793661417323
0
LINE
8
BLACK
6
CONTINUOUS
10
5.2986922834645664
20
-4.693793661417323
11
5.3007478346456693
21
-4.6902333464566928
0
LINE
8
BLACK
6
CONTINUOUS
10
5.3007478346456693
20
-4.6902333464566928
11
5.3036547637795275
21
-4.6873264173228346
0
LINE
8
BLACK
6
CONTINUOUS
10
5.3036547637795275
20
-4.6873264173228346
11
5.3072150787401577
21
-4.6852708661417326
0
LINE
8
BLACK
6
CONTINUOUS
10
5.3072150787401577
20
-4.6852708661417326
11
5.3111860629921255
21
-4.6842068503937009
0
LINE
8
BLACK
6
CONTINUOUS
10
5.3111860629921255
20
-4.6842068503937009
11
5.3152970866141729
21
-4.6842068503937009
0
LINE
8
BLACK
6
CONTINUOUS
10
5.3152970866141729
20
-4.6842068503937009
11
5.3192680708661415
21
-4.6852708661417326
0
LINE
8
BLACK
6
CONTINUOUS
10
4.4159525590551176
20
-4.4437163779527555
11
4.4195128740157479
21
-4.4457719291338584
0
LINE
8
BLACK
6
CONTINUOUS
10
4.4195128740157479
20
-4.4457719291338584
11
4.422419803149606
21
-4.4486788582677166
0
LINE
8
BLACK
6
CONTINUOUS
10
4.422419803149606
20
-4.4486788582677166
11
4.4244753543307089
21
-4.4522391732283459
0
LINE
8
BLACK
6
CONTINUOUS
10
4.4244753543307089
20
-4.4522391732283459
11
4.4255393700787398
21
-4.4562101574803146
0
LINE
8
BLACK
6
CONTINUOUS
10
4.4255393700787398
20
-4.4562101574803146
11
4.4255393700787398
21
-4.460321181102362
0
LINE
8
BLACK
6
CONTINUOUS
10
4.4255393700787398
20
-4.460321181102362
11
4.4250274803149603
21
-4.4622315748031491
0
LINE
8
BLACK
6
CONTINUOUS
10
4.4250274803149603
20
-4.4622315748031491
11
4.6153717716535434
21
-4.6525758267716535
0
LINE
8
BLACK
6
CONTINUOUS
10
4.6153717716535434
20
-4.6525758267716535
11
5.4796078740157483
21
-4.6525758267716535
0
LINE
8
BLACK
6
CONTINUOUS
10
5.4796078740157483
20
-4.6525758267716535
11
5.4811440157480318
21
-4.652727125984252
0
LINE
8
BLACK
6
CONTINUOUS
10
5.4811440157480318
20
-4.652727125984252
11
5.4839824409448816
21
-4.6539028346456695
0
LINE
8
BLACK
6
CONTINUOUS
10
5.4839824409448816
20
-4.6539028346456695
11
5.48517562992126
21
-4.6548820866141734
0
LINE
8
BLACK
6
CONTINUOUS
10
5.48517562992126
20
-4.6548820866141734
11
5.4887088976377951
21
-4.6584153543307085
0
LINE
8
BLACK
6
CONTINUOUS
10
5.4887088976377951
20
-4.6584153543307085
11
5.490619330708661
21
-4.6579035039370078
0
LINE
8
BLACK
6
CONTINUOUS
10
5.490619330708661
20
-4.6579035039370078
11
5.4947303543307084
21
-4.6579035039370078
0
LINE
8
BLACK
6
CONTINUOUS
10
5.4947303543307084
20
-4.6579035039370078
11
5.4987013385826771
21
-4.6589675196850395
0
LINE
8
BLACK
6
CONTINUOUS
10
5.4987013385826771
20
-4.6589675196850395
11
5.5022616535433073
21
-4.6610230708661415
0
LINE
8
BLACK
6
CONTINUOUS
10
5.5022616535433073
20
-4.6610230708661415
11
5.5051685826771655
21
-4.6639299999999997
0
LINE
8
BLACK
6
CONTINUOUS
10
5.5051685826771655
20
-4.6639299999999997
11
5.5072241338582675
21
-4.6674903149606299
0
LINE
8
BLACK
6
CONTINUOUS
10
5.5072241338582675
20
-4.6674903149606299
11
5.5082881496062992
21
-4.6714612992125986
0
LINE
8
BLACK
6
CONTINUOUS
10
5.5082881496062992
20
-4.6714612992125986
11
5.5082881496062992
21
-4.675572322834646
0
LINE
8
BLACK
6
CONTINUOUS
10
5.5082881496062992
20
-4.675572322834646
11
5.5072241338582675
21
-4.6795433070866137
0
LINE
8
BLACK
6
CONTINUOUS
10
5.5072241338582675
20
-4.6795433070866137
11
5.5051685826771655
21
-4.683103622047244
0
LINE
8
BLACK
6
CONTINUOUS
10
5.5051685826771655
20
-4.683103622047244
11
5.5022616535433073
21
-4.6860105511811021
0
LINE
8
BLACK
6
CONTINUOUS
10
5.5022616535433073
20
-4.6860105511811021
11
5.4987013385826771
21
-4.688066102362205
0
LINE
8
BLACK
6
CONTINUOUS
10
5.4987013385826771
20
-4.688066102362205
11
5.4947303543307084
21
-4.6891301181102358
0
LINE
8
BLACK
6
CONTINUOUS
10
5.4947303543307084
20
-4.6891301181102358
11
5.490619330708661
21
-4.6891301181102358
0
LINE
8
BLACK
6
CONTINUOUS
10
5.490619330708661
20
-4.6891301181102358
11
5.4866483464566924
21
-4.688066102362205
0
LINE
8
BLACK
6
CONTINUOUS
10
5.4866483464566924
20
-4.688066102362205
11
5.4830880314960631
21
-4.6860105511811021
0
LINE
8
BLACK
6
CONTINUOUS
10
5.4830880314960631
20
-4.6860105511811021
11
5.4801811023622049
21
-4.683103622047244
0
LINE
8
BLACK
6
CONTINUOUS
10
5.4801811023622049
20
-4.683103622047244
11
5.478125551181102
21
-4.6795433070866137
0
LINE
8
BLACK
6
CONTINUOUS
10
5.478125551181102
20
-4.6795433070866137
11
5.4770615354330712
21
-4.675572322834646
0
LINE
8
BLACK
6
CONTINUOUS
10
5.4770615354330712
20
-4.675572322834646
11
5.4770615354330712
21
-4.6714612992125986
0
LINE
8
BLACK
6
CONTINUOUS
10
5.4770615354330712
20
-4.6714612992125986
11
5.4775733858267719
21
-4.6695508661417318
0
LINE
8
BLACK
6
CONTINUOUS
10
5.4775733858267719
20
-4.6695508661417318
11
5.4763463779527557
21
-4.6683238582677165
0
LINE
8
BLACK
6
CONTINUOUS
10
5.4763463779527557
20
-4.6683238582677165
11
4.612110236220472
21
-4.6683238582677165
0
LINE
8
BLACK
6
CONTINUOUS
10
4.612110236220472
20
-4.6683238582677165
11
4.6105740944881886
21
-4.668172559055118
0
LINE
8
BLACK
6
CONTINUOUS
10
4.6105740944881886
20
-4.668172559055118
11
4.6077356692913387
21
-4.6669968503937005
0
LINE
8
BLACK
6
CONTINUOUS
10
4.6077356692913387
20
-4.6669968503937005
11
4.6065424803149604
21
-4.6660176377952753
0
LINE
8
BLACK
6
CONTINUOUS
10
4.6065424803149604
20
-4.6660176377952753
11
4.4138919685039371
21
-4.4733670866141733
0
LINE
8
BLACK
6
CONTINUOUS
10
4.4138919685039371
20
-4.4733670866141733
11
4.4119815748031499
21
-4.4738789763779527
0
LINE
8
BLACK
6
CONTINUOUS
10
4.4119815748031499
20
-4.4738789763779527
11
4.4078705511811025
21
-4.4738789763779527
0
LINE
8
BLACK
6
CONTINUOUS
10
4.4078705511811025
20
-4.4738789763779527
11
4.4038995669291339
21
-4.472814960629921
0
LINE
8
BLACK
6
CONTINUOUS
10
4.4038995669291339
20
-4.472814960629921
11
4.4003392519685036
21
-4.470759409448819
0
LINE
8
BLACK
6
CONTINUOUS
10
4.4003392519685036
20
-4.470759409448819
11
4.3974323228346455
21
-4.4678524803149609
0
LINE
8
BLACK
6
CONTINUOUS
10
4.3974323228346455
20
-4.4678524803149609
11
4.3953767716535435
21
-4.4642921653543306
0
LINE
8
BLACK
6
CONTINUOUS
10
4.3953767716535435
20
-4.4642921653543306
11
4.3943127559055117
21
-4.460321181102362
0
LINE
8
BLACK
6
CONTINUOUS
10
4.3943127559055117
20
-4.460321181102362
11
4.3943127559055117
21
-4.4562101574803146
0
LINE
8
BLACK
6
CONTINUOUS
10
4.3943127559055117
20
-4.4562101574803146
11
4.3953767716535435
21
-4.4522391732283459
0
LINE
8
BLACK
6
CONTINUOUS
10
4.3953767716535435
20
-4.4522391732283459
11
4.3974323228346455
21
-4.4486788582677166
0
LINE
8
BLACK
6
CONTINUOUS
10
4.3974323228346455
20
-4.4486788582677166
11
4.4003392519685036
21
-4.4457719291338584
0
LINE
8
BLACK
6
CONTINUOUS
10
4.4003392519685036
20
-4.4457719291338584
11
4.4038995669291339
21
-4.4437163779527555
0
LINE
8
BLACK
6
CONTINUOUS
10
4.4038995669291339
20
-4.4437163779527555
11
4.4078705511811025
21
-4.4426523622047247
0
LINE
8
BLACK
6
CONTINUOUS
10
4.4078705511811025
20
-4.4426523622047247
11
4.4119815748031499
21
-4.4426523622047247
0
LINE
8
BLACK
6
CONTINUOUS
10
4.4119815748031499
20
-4.4426523622047247
11
4.4159525590551176
21
-4.4437163779527555
0
LINE
8
BLACK
6
CONTINUOUS
10
5.3192682677165353
20
-4.5973769685039372
11
5.3228285826771655
21
-4.5994325196850392
0
LINE
8
BLACK
6
CONTINUOUS
10
5.3228285826771655
20
-4.5994325196850392
11
5.3257355118110237
21
-4.6023394488188973
0
LINE
8
BLACK
6
CONTINUOUS
10
5.3257355118110237
20
-4.6023394488188973
11
5.3277910629921257
21
-4.6058997637795276
0
LINE
8
BLACK
6
CONTINUOUS
10
5.3277910629921257
20
-4.6058997637795276
11
5.3288550787401574
21
-4.6098707480314962
0
LINE
8
BLACK
6
CONTINUOUS
10
5.3288550787401574
20
-4.6098707480314962
11
5.3288550787401574
21
-4.6139817716535436
0
LINE
8
BLACK
6
CONTINUOUS
10
5.3288550787401574
20
-4.6139817716535436
11
5.3277910629921257
21
-4.6179527559055114
0
LINE
8
BLACK
6
CONTINUOUS
10
5.3277910629921257
20
-4.6179527559055114
11
5.3257355118110237
21
-4.6215130708661416
0
LINE
8
BLACK
6
CONTINUOUS
10
5.3257355118110237
20
-4.6215130708661416
11
5.3228285826771655
21
-4.6244199999999998
0
LINE
8
BLACK
6
CONTINUOUS
10
5.3228285826771655
20
-4.6244199999999998
11
5.3192682677165353
21
-4.6264755511811027
0
LINE
8
BLACK
6
CONTINUOUS
10
5.3192682677165353
20
-4.6264755511811027
11
5.3152972834645666
21
-4.6275395669291335
0
LINE
8
BLACK
6
CONTINUOUS
10
5.3152972834645666
20
-4.6275395669291335
11
5.3111862598425192
21
-4.6275395669291335
0
LINE
8
BLACK
6
CONTINUOUS
10
5.3111862598425192
20
-4.6275395669291335
11
5.3072152755905506
21
-4.6264755511811027
0
LINE
8
BLACK
6
CONTINUOUS
10
5.3072152755905506
20
-4.6264755511811027
11
5.3036549606299213
21
-4.6244199999999998
0
LINE
8
BLACK
6
CONTINUOUS
10
5.3036549606299213
20
-4.6244199999999998
11
5.3007480314960631
21
-4.6215130708661416
0
LINE
8
BLACK
6
CONTINUOUS
10
5.3007480314960631
20
-4.6215130708661416
11
5.2986924803149602
21
-4.6179527559055114
0
LINE
8
BLACK
6
CONTINUOUS
10
5.2986924803149602
20
-4.6179527559055114
11
5.2976284645669294
21
-4.6139817716535436
0
LINE
8
BLACK
6
CONTINUOUS
10
5.2976284645669294
20
-4.6139817716535436
11
5.2976284645669294
21
-4.6098707480314962
0
LINE
8
BLACK
6
CONTINUOUS
10
5.2976284645669294
20
-4.6098707480314962
11
5.2986924803149602
21
-4.6058997637795276
0
LINE
8
BLACK
6
CONTINUOUS
10
5.2986924803149602
20
-4.6058997637795276
11
5.3007480314960631
21
-4.6023394488188973
0
LINE
8
BLACK
6
CONTINUOUS
10
5.3007480314960631
20
-4.6023394488188973
11
5.3036549606299213
21
-4.5994325196850392
0
LINE
8
BLACK
6
CONTINUOUS
10
5.3036549606299213
20
-4.5994325196850392
11
5.3072152755905506
21
-4.5973769685039372
0
LINE
8
BLACK
6
CONTINUOUS
10
5.3072152755905506
20
-4.5973769685039372
11
5.3111862598425192
21
-4.5963129527559055
0
LINE
8
BLACK
6
CONTINUOUS
10
5.3111862598425192
20
-4.5963129527559055
11
5.3152972834645666
21
-4.5963129527559055
0
LINE
8
BLACK
6
CONTINUOUS
10
5.3152972834645666
20
-4.5963129527559055
11
5.3192682677165353
21
-4.5973769685039372
0
LINE
8
BLACK
6
CONTINUOUS
10
5.0307761417322832
20
-3.3250423228346455
11
5.0343364566929134
21
-3.327097874015748
0
LINE
8
BLACK
6
CONTINUOUS
10
5.0343364566929134
20
-3.327097874015748
11
5.0372433858267716
21
-3.3300048031496061
0
LINE
8
BLACK
6
CONTINUOUS
10
5.0372433858267716
20
-3.3300048031496061
11
5.0392989370078736
21
-3.3335651181102359
0
LINE
8
BLACK
6
CONTINUOUS
10
5.0392989370078736
20
-3.3335651181102359
11
5.0403629527559053
21
-3.3375361023622045
0
LINE
8
BLACK
6
CONTINUOUS
10
5.0403629527559053
20
-3.3375361023622045
11
5.0403629527559053
21
-3.341647125984252
0
LINE
8
BLACK
6
CONTINUOUS
10
5.0403629527559053
20
-3.341647125984252
11
5.0392989370078736
21
-3.3456181102362206
0
LINE
8
BLACK
6
CONTINUOUS
10
5.0392989370078736
20
-3.3456181102362206
11
5.0385291732283459
21
-3.3469513385826772
0
LINE
8
BLACK
6
CONTINUOUS
10
5.0385291732283459
20
-3.3469513385826772
11
5.0385291732283459
21
-3.5835117716535434
0
LINE
8
BLACK
6
CONTINUOUS
10
5.0385291732283459
20
-3.5835117716535434
11
5.0984184251968498
21
-3.6434010236220473
0
LINE
8
BLACK
6
CONTINUOUS
10
5.0984184251968498
20
-3.6434010236220473
11
5.0996068897637796
21
-3.6447561417322833
0
LINE
8
BLACK
6
CONTINUOUS
10
5.0996068897637796
20
-3.6447561417322833
11
5.1014054724409448
21
-3.6478713779527556
0
LINE
8
BLACK
6
CONTINUOUS
10
5.1014054724409448
20
-3.6478713779527556
11
5.1014054724409448
21
-3.6478714173228344
0
LINE
8
BLACK
6
CONTINUOUS
10
5.1014054724409448
20
-3.6478714173228344
11
5.1023364960629918
21
-3.6513460236220472
0
LINE
8
BLACK
6
CONTINUOUS
10
5.1023364960629918
20
-3.6513460236220472
11
5.1024543700787399
21
-3.6531446062992123
0
LINE
8
BLACK
6
CONTINUOUS
10
5.1024543700787399
20
-3.6531446062992123
11
5.1024543700787399
21
-4.2341570078740158
0
LINE
8
BLACK
6
CONTINUOUS
10
5.1024543700787399
20
-4.2341570078740158
11
5.1032241338582676
21
-4.2354903149606296
0
LINE
8
BLACK
6
CONTINUOUS
10
5.1032241338582676
20
-4.2354903149606296
11
5.1042881496062993
21
-4.2394612992125982
0
LINE
8
BLACK
6
CONTINUOUS
10
5.1042881496062993
20
-4.2394612992125982
11
5.1042881496062993
21
-4.2435723228346456
0
LINE
8
BLACK
6
CONTINUOUS
10
5.1042881496062993
20
-4.2435723228346456
11
5.1032241338582676
21
-4.2475433070866142
0
LINE
8
BLACK
6
CONTINUOUS
10
5.1032241338582676
20
-4.2475433070866142
11
5.1011685826771656
21
-4.2511036220472436
0
LINE
8
BLACK
6
CONTINUOUS
10
5.1011685826771656
20
-4.2511036220472436
11
5.0982616535433074
21
-4.2540105511811026
0
LINE
8
BLACK
6
CONTINUOUS
10
5.0982616535433074
20
-4.2540105511811026
11
5.0947013385826772
21
-4.2560661023622046
0
LINE
8
BLACK
6
CONTINUOUS
10
5.0947013385826772
20
-4.2560661023622046
11
5.0932142913385823
21
-4.2564645275590554
0
LINE
8
BLACK
6
CONTINUOUS
10
5.0932142913385823
20
-4.2564645275590554
11
4.8664184251968505
21
-4.4832603937007871
0
LINE
8
BLACK
6
CONTINUOUS
10
4.8664184251968505
20
-4.4832603937007871
11
4.8650633070866141
21
-4.484448858267716
0
LINE
8
BLACK
6
CONTINUOUS
10
4.8650633070866141
20
-4.484448858267716
11
4.8619480314960626
21
-4.486247440944882
0
LINE
8
BLACK
6
CONTINUOUS
10
4.8619480314960626
20
-4.486247440944882
11
4.8584734251968502
21
-4.487178464566929
0
LINE
8
BLACK
6
CONTINUOUS
10
4.8584734251968502
20
-4.487178464566929
11
4.8566748425196851
21
-4.4872963385826772
0
LINE
8
BLACK
6
CONTINUOUS
10
4.8566748425196851
20
-4.4872963385826772
11
4.6961805905511813
21
-4.4872963385826772
0
LINE
8
BLACK
6
CONTINUOUS
10
4.6961805905511813
20
-4.4872963385826772
11
4.6937303543307083
21
-4.4879528740157477
0
LINE
8
BLACK
6
CONTINUOUS
10
4.6937303543307083
20
-4.4879528740157477
11
4.6896193307086609
21
-4.4879528740157477
0
LINE
8
BLACK
6
CONTINUOUS
10
4.6896193307086609
20
-4.4879528740157477
11
4.6856483464566931
21
-4.486888858267716
0
LINE
8
BLACK
6
CONTINUOUS
10
4.6856483464566931
20
-4.486888858267716
11
4.6820880314960629
21
-4.484833307086614
0
LINE
8
BLACK
6
CONTINUOUS
10
4.6820880314960629
20
-4.484833307086614
11
4.6791811023622047
21
-4.4819263779527558
0
LINE
8
BLACK
6
CONTINUOUS
10
4.6791811023622047
20
-4.4819263779527558
11
4.6771255511811018
21
-4.4783660629921256
0
LINE
8
BLACK
6
CONTINUOUS
10
4.6771255511811018
20
-4.4783660629921256
11
4.676061535433071
21
-4.474395078740157
0
LINE
8
BLACK
6
CONTINUOUS
10
4.676061535433071
20
-4.474395078740157
11
4.676061535433071
21
-4.4702840551181104
0
LINE
8
BLACK
6
CONTINUOUS
10
4.676061535433071
20
-4.4702840551181104
11
4.6771255511811018
21
-4.4663130708661418
0
LINE
8
BLACK
6
CONTINUOUS
10
4.6771255511811018
20
-4.4663130708661418
11
4.6791811023622047
21
-4.4627527559055116
0
LINE
8
BLACK
6
CONTINUOUS
10
4.6791811023622047
20
-4.4627527559055116
11
4.6820880314960629
21
-4.4598458267716534
0
LINE
8
BLACK
6
CONTINUOUS
10
4.6820880314960629
20
-4.4598458267716534
11
4.6856483464566931
21
-4.4577902755905514
0
LINE
8
BLACK
6
CONTINUOUS
10
4.6856483464566931
20
-4.4577902755905514
11
4.6896193307086609
21
-4.4567262598425197
0
LINE
8
BLACK
6
CONTINUOUS
10
4.6896193307086609
20
-4.4567262598425197
11
4.6937303543307083
21
-4.4567262598425197
0
LINE
8
BLACK
6
CONTINUOUS
10
4.6937303543307083
20
-4.4567262598425197
11
4.6977013385826769
21
-4.4577902755905514
0
LINE
8
BLACK
6
CONTINUOUS
10
4.6977013385826769
20
-4.4577902755905514
11
4.7010736614173227
21
-4.459737283464567
0
LINE
8
BLACK
6
CONTINUOUS
10
4.7010736614173227
20
-4.459737283464567
11
4.8509672047244097
21
-4.459737283464567
0
LINE
8
BLACK
6
CONTINUOUS
10
4.8509672047244097
20
-4.459737283464567
11
5.0737270866141735
21
-4.2369773228346457
0
LINE
8
BLACK
6
CONTINUOUS
10
5.0737270866141735
20
-4.2369773228346457
11
5.0741255511811021
21
-4.2354903149606296
0
LINE
8
BLACK
6
CONTINUOUS
10
5.0741255511811021
20
-4.2354903149606296
11
5.0748953149606297
21
-4.2341570078740158
0
LINE
8
BLACK
6
CONTINUOUS
10
5.0748953149606297
20
-4.2341570078740158
11
5.0748953149606297
21
-3.6588522440944882
0
LINE
8
BLACK
6
CONTINUOUS
10
5.0748953149606297
20
-3.6588522440944882
11
5.0150061023622046
21
-3.598963031496063
0
LINE
8
BLACK
6
CONTINUOUS
10
5.0150061023622046
20
-3.598963031496063
11
5.0138176377952757
21
-3.5976079133858265
0
LINE
8
BLACK
6
CONTINUOUS
10
5.0138176377952757
20
-3.5976079133858265
11
5.0120190551181105
21
-3.5944926377952755
0
LINE
8
BLACK
6
CONTINUOUS
10
5.0120190551181105
20
-3.5944926377952755
11
5.0110880314960626
21
-3.5910180314960627
0
LINE
8
BLACK
6
CONTINUOUS
10
5.0110880314960626
20
-3.5910180314960627
11
5.0109701574803145
21
-3.5892194488188975
0
LINE
8
BLACK
6
CONTINUOUS
10
5.0109701574803145
20
-3.5892194488188975
11
5.0109701181102357
21
-3.346951377952756
0
LINE
8
BLACK
6
CONTINUOUS
10
5.0109701181102357
20
-3.346951377952756
11
5.010200354330709
21
-3.3456181102362206
0
LINE
8
BLACK
6
CONTINUOUS
10
5.010200354330709
20
-3.3456181102362206
11
5.0091363385826773
21
-3.341647125984252
0
LINE
8
BLACK
6
CONTINUOUS
10
5.0091363385826773
20
-3.341647125984252
11
5.0091363385826773
21
-3.3375361023622045
0
LINE
8
BLACK
6
CONTINUOUS
10
5.0091363385826773
20
-3.3375361023622045
11
5.010200354330709
21
-3.3335651181102359
0
LINE
8
BLACK
6
CONTINUOUS
10
5.010200354330709
20
-3.3335651181102359
11
5.012255905511811
21
-3.3300048031496061
0
LINE
8
BLACK
6
CONTINUOUS
10
5.012255905511811
20
-3.3300048031496061
11
5.0151628346456691
21
-3.327097874015748
0
LINE
8
BLACK
6
CONTINUOUS
10
5.0151628346456691
20
-3.327097874015748
11
5.0187231496062994
21
-3.3250423228346455
0
LINE
8
BLACK
6
CONTINUOUS
10
5.0187231496062994
20
-3.3250423228346455
11
5.022694133858268
21
-3.3239783070866142
0
LINE
8
BLACK
6
CONTINUOUS
10
5.022694133858268
20
-3.3239783070866142
11
5.0268051574803145
21
-3.3239783070866142
0
LINE
8
BLACK
6
CONTINUOUS
10
5.0268051574803145
20
-3.3239783070866142
11
5.0307761417322832
21
-3.3250423228346455
0
LINE
8
BLACK
6
CONTINUOUS
10
4.2189031102362202
20
-4.3898085039370081
11
4.2224634251968505
21
-4.3918640551181101
0
LINE
8
BLACK
6
CONTINUOUS
10
4.2224634251968505
20
-4.3918640551181101
11
4.2253703543307086
21
-4.3947709842519682
0
LINE
8
BLACK
6
CONTINUOUS
10
4.2253703543307086
20
-4.3947709842519682
11
4.2274259055118106
21
-4.3983312992125985
0
LINE
8
BLACK
6
CONTINUOUS
10
4.2274259055118106
20
-4.3983312992125985
11
4.2284899212598424
21
-4.4023022834645671
0
LINE
8
BLACK
6
CONTINUOUS
10
4.2284899212598424
20
-4.4023022834645671
11
4.2284899212598424
21
-4.4064133070866145
0
LINE
8
BLACK
6
CONTINUOUS
10
4.2284899212598424
20
-4.4064133070866145
11
4.2274259055118106
21
-4.4103842913385822
0
LINE
8
BLACK
6
CONTINUOUS
10
4.2274259055118106
20
-4.4103842913385822
11
4.2253703543307086
21
-4.4139446062992125
0
LINE
8
BLACK
6
CONTINUOUS
10
4.2253703543307086
20
-4.4139446062992125
11
4.2224634251968505
21
-4.4168515354330706
0
LINE
8
BLACK
6
CONTINUOUS
10
4.2224634251968505
20
-4.4168515354330706
11
4.2189031102362202
21
-4.4189070866141735
0
LINE
8
BLACK
6
CONTINUOUS
10
4.2189031102362202
20
-4.4189070866141735
11
4.2149321259842516
21
-4.4199711023622044
0
LINE
8
BLACK
6
CONTINUOUS
10
4.2149321259842516
20
-4.4199711023622044
11
4.2108211023622042
21
-4.4199711023622044
0
LINE
8
BLACK
6
CONTINUOUS
10
4.2108211023622042
20
-4.4199711023622044
11
4.2068501181102365
21
-4.4189070866141735
0
LINE
8
BLACK
6
CONTINUOUS
10
4.2068501181102365
20
-4.4189070866141735
11
4.2032898031496062
21
-4.4168515354330706
0
LINE
8
BLACK
6
CONTINUOUS
10
4.2032898031496062
20
-4.4168515354330706
11
4.2003828740157481
21
-4.4139446062992125
0
LINE
8
BLACK
6
CONTINUOUS
10
4.2003828740157481
20
-4.4139446062992125
11
4.1983273228346452
21
-4.4103842913385822
0
LINE
8
BLACK
6
CONTINUOUS
10
4.1983273228346452
20
-4.4103842913385822
11
4.1972633070866143
21
-4.4064133070866145
0
LINE
8
BLACK
6
CONTINUOUS
10
4.1972633070866143
20
-4.4064133070866145
11
4.1972633070866143
21
-4.4023022834645671
0
LINE
8
BLACK
6
CONTINUOUS
10
4.1972633070866143
20
-4.4023022834645671
11
4.1983273228346452
21
-4.3983312992125985
0
LINE
8
BLACK
6
CONTINUOUS
10
4.1983273228346452
20
-4.3983312992125985
11
4.2003828740157481
21
-4.3947709842519682
0
LINE
8
BLACK
6
CONTINUOUS
10
4.2003828740157481
20
-4.3947709842519682
11
4.2032898031496062
21
-4.3918640551181101
0
LINE
8
BLACK
6
CONTINUOUS
10
4.2032898031496062
20
-4.3918640551181101
11
4.2068501181102365
21
-4.3898085039370081
0
LINE
8
BLACK
6
CONTINUOUS
10
4.2068501181102365
20
-4.3898085039370081
11
4.2108211023622042
21
-4.3887444881889763
0
LINE
8
BLACK
6
CONTINUOUS
10
4.2108211023622042
20
-4.3887444881889763
11
4.2149321259842516
21
-4.3887444881889763
0
LINE
8
BLACK
6
CONTINUOUS
10
4.2149321259842516
20
-4.3887444881889763
11
4.2189031102362202
21
-4.3898085039370081
0
LINE
8
BLACK
6
CONTINUOUS
10
4.6667013385826772
20
-4.3769675196850395
11
4.6702616535433066
21
-4.3790230708661415
0
LINE
8
BLACK
6
CONTINUOUS
10
4.6702616535433066
20
-4.3790230708661415
11
4.6731685826771656
21
-4.3819299999999997
0
LINE
8
BLACK
6
CONTINUOUS
10
4.6731685826771656
20
-4.3819299999999997
11
4.6752241338582676
21
-4.3854903149606299
0
LINE
8
BLACK
6
CONTINUOUS
10
4.6752241338582676
20
-4.3854903149606299
11
4.6762881496062993
21
-4.3894612992125985
0
LINE
8
BLACK
6
CONTINUOUS
10
4.6762881496062993
20
-4.3894612992125985
11
4.6762881496062993
21
-4.3935723228346459
0
LINE
8
BLACK
6
CONTINUOUS
10
4.6762881496062993
20
-4.3935723228346459
11
4.6752241338582676
21
-4.3975433070866137
0
LINE
8
BLACK
6
CONTINUOUS
10
4.6752241338582676
20
-4.3975433070866137
11
4.6731685826771656
21
-4.4011036220472439
0
LINE
8
BLACK
6
CONTINUOUS
10
4.6731685826771656
20
-4.4011036220472439
11
4.6702616535433066
21
-4.4040105511811021
0
LINE
8
BLACK
6
CONTINUOUS
10
4.6702616535433066
20
-4.4040105511811021
11
4.6667013385826772
21
-4.406066102362205
0
LINE
8
BLACK
6
CONTINUOUS
10
4.6667013385826772
20
-4.406066102362205
11
4.6627303543307086
21
-4.4071301181102358
0
LINE
8
BLACK
6
CONTINUOUS
10
4.6627303543307086
20
-4.4071301181102358
11
4.6586193307086612
21
-4.4071301181102358
0
LINE
8
BLACK
6
CONTINUOUS
10
4.6586193307086612
20
-4.4071301181102358
11
4.6546483464566926
21
-4.406066102362205
0
LINE
8
BLACK
6
CONTINUOUS
10
4.6546483464566926
20
-4.406066102362205
11
4.6510880314960632
21
-4.4040105511811021
0
LINE
8
BLACK
6
CONTINUOUS
10
4.6510880314960632
20
-4.4040105511811021
11
4.6481811023622051
21
-4.4011036220472439
0
LINE
8
BLACK
6
CONTINUOUS
10
4.6481811023622051
20
-4.4011036220472439
11
4.6461255511811022
21
-4.3975433070866137
0
LINE
8
BLACK
6
CONTINUOUS
10
4.6461255511811022
20
-4.3975433070866137
11
4.6450615354330704
21
-4.3935723228346459
0
LINE
8
BLACK
6
CONTINUOUS
10
4.6450615354330704
20
-4.3935723228346459
11
4.6450615354330704
21
-4.3894612992125985
0
LINE
8
BLACK
6
CONTINUOUS
10
4.6450615354330704
20
-4.3894612992125985
11
4.6461255511811022
21
-4.3854903149606299
0
LINE
8
BLACK
6
CONTINUOUS
10
4.6461255511811022
20
-4.3854903149606299
11
4.6481811023622051
21
-4.3819299999999997
0
LINE
8
BLACK
6
CONTINUOUS
10
4.6481811023622051
20
-4.3819299999999997
11
4.6510880314960632
21
-4.3790230708661415
0
LINE
8
BLACK
6
CONTINUOUS
10
4.6510880314960632
20
-4.3790230708661415
11
4.6546483464566926
21
-4.3769675196850395
0
LINE
8
BLACK
6
CONTINUOUS
10
4.6546483464566926
20
-4.3769675196850395
11
4.6586193307086612
21
-4.3759035039370078
0
LINE
8
BLACK
6
CONTINUOUS
10
4.6586193307086612
20
-4.3759035039370078
11
4.6627303543307086
21
-4.3759035039370078
0
LINE
8
BLACK
6
CONTINUOUS
10
4.6627303543307086
20
-4.3759035039370078
11
4.6667013385826772
21
-4.3769675196850395
0
LINE
8
BLACK
6
CONTINUOUS
10
5.8374055118110233
20
-3.6213117322834645
11
5.8409658267716535
21
-3.6233672834645669
0
LINE
8
BLACK
6
CONTINUOUS
10
5.8409658267716535
20
-3.6233672834645669
11
5.8438727559055117
21
-3.6262742125984251
0
LINE
8
BLACK
6
CONTINUOUS
10
5.8438727559055117
20
-3.6262742125984251
11
5.8459283070866137
21
-3.6298345275590549
0
LINE
8
BLACK
6
CONTINUOUS
10
5.8459283070866137
20
-3.6298345275590549
11
5.8469923228346454
21
-3.6338055118110235
0
LINE
8
BLACK
6
CONTINUOUS
10
5.8469923228346454
20
-3.6338055118110235
11
5.8469923228346454
21
-3.6379165354330709
0
LINE
8
BLACK
6
CONTINUOUS
10
5.8469923228346454
20
-3.6379165354330709
11
5.8459283070866137
21
-3.6418875196850391
0
LINE
8
BLACK
6
CONTINUOUS
10
5.8459283070866137
20
-3.6418875196850391
11
5.8438727559055117
21
-3.6454478346456693
0
LINE
8
BLACK
6
CONTINUOUS
10
5.8438727559055117
20
-3.6454478346456693
11
5.8409658267716535
21
-3.6483547637795275
0
LINE
8
BLACK
6
CONTINUOUS
10
5.8409658267716535
20
-3.6483547637795275
11
5.8392530314960629
21
-3.6493436220472439
0
LINE
8
BLACK
6
CONTINUOUS
10
5.8392530314960629
20
-3.6493436220472439
11
5.8392530314960629
21
-3.7032192519685037
0
LINE
8
BLACK
6
CONTINUOUS
10
5.8392530314960629
20
-3.7032192519685037
11
5.8391017322834644
21
-3.7047553937007871
0
LINE
8
BLACK
6
CONTINUOUS
10
5.8391017322834644
20
-3.7047553937007871
11
5.8379260236220469
21
-3.7075938188976378
0
LINE
8
BLACK
6
CONTINUOUS
10
5.8379260236220469
20
-3.7075938188976378
11
5.8369468110236218
21
-3.7087870078740157
0
LINE
8
BLACK
6
CONTINUOUS
10
5.8369468110236218
20
-3.7087870078740157
11
5.2112161023622043
21
-4.334517677165354
0
LINE
8
BLACK
6
CONTINUOUS
10
5.2112161023622043
20
-4.334517677165354
11
5.2100229133858269
21
-4.3354969291338579
0
LINE
8
BLACK
6
CONTINUOUS
10
5.2100229133858269
20
-4.3354969291338579
11
5.2071844881889762
21
-4.3366726377952753
0
LINE
8
BLACK
6
CONTINUOUS
10
5.2071844881889762
20
-4.3366726377952753
11
5.2056483464566927
21
-4.3368239370078738
0
LINE
8
BLACK
6
CONTINUOUS
10
5.2056483464566927
20
-4.3368239370078738
11
5.1987423228346454
21
-4.3368239370078738
0
LINE
8
BLACK
6
CONTINUOUS
10
5.1987423228346454
20
-4.3368239370078738
11
5.1977534251968507
21
-4.3385367322834645
0
LINE
8
BLACK
6
CONTINUOUS
10
5.1977534251968507
20
-4.3385367322834645
11
5.1948464960629916
21
-4.3414436614173226
0
LINE
8
BLACK
6
CONTINUOUS
10
5.1948464960629916
20
-4.3414436614173226
11
5.1912861811023623
21
-4.3434992125984255
0
LINE
8
BLACK
6
CONTINUOUS
10
5.1912861811023623
20
-4.3434992125984255
11
5.1873151968503937
21
-4.3445632283464564
0
LINE
8
BLACK
6
CONTINUOUS
10
5.1873151968503937
20
-4.3445632283464564
11
5.1832041732283463
21
-4.3445632283464564
0
LINE
8
BLACK
6
CONTINUOUS
10
5.1832041732283463
20
-4.3445632283464564
11
5.1792331889763776
21
-4.3434992125984255
0
LINE
8
BLACK
6
CONTINUOUS
10
5.1792331889763776
20
-4.3434992125984255
11
5.1756728740157483
21
-4.3414436614173226
0
LINE
8
BLACK
6
CONTINUOUS
10
5.1756728740157483
20
-4.3414436614173226
11
5.1727659448818892
21
-4.3385367322834645
0
LINE
8
BLACK
6
CONTINUOUS
10
5.1727659448818892
20
-4.3385367322834645
11
5.1707103937007872
21
-4.3349764173228342
0
LINE
8
BLACK
6
CONTINUOUS
10
5.1707103937007872
20
-4.3349764173228342
11
5.1696463779527555
21
-4.3310054330708656
0
LINE
8
BLACK
6
CONTINUOUS
10
5.1696463779527555
20
-4.3310054330708656
11
5.1696463779527555
21
-4.3268944094488191
0
LINE
8
BLACK
6
CONTINUOUS
10
5.1696463779527555
20
-4.3268944094488191
11
5.1707103937007872
21
-4.3229234251968505
0
LINE
8
BLACK
6
CONTINUOUS
10
5.1707103937007872
20
-4.3229234251968505
11
5.1727659448818892
21
-4.3193631102362202
0
LINE
8
BLACK
6
CONTINUOUS
10
5.1727659448818892
20
-4.3193631102362202
11
5.1756728740157483
21
-4.3164561811023621
0
LINE
8
BLACK
6
CONTINUOUS
10
5.1756728740157483
20
-4.3164561811023621
11
5.1792331889763776
21
-4.3144006299212601
0
LINE
8
BLACK
6
CONTINUOUS
10
5.1792331889763776
20
-4.3144006299212601
11
5.1832041732283463
21
-4.3133366141732283
0
LINE
8
BLACK
6
CONTINUOUS
10
5.1832041732283463
20
-4.3133366141732283
11
5.1873151968503937
21
-4.3133366141732283
0
LINE
8
BLACK
6
CONTINUOUS
10
5.1873151968503937
20
-4.3133366141732283
11
5.1912861811023623
21
-4.3144006299212601
0
LINE
8
BLACK
6
CONTINUOUS
10
5.1912861811023623
20
-4.3144006299212601
11
5.1948464960629916
21
-4.3164561811023621
0
LINE
8
BLACK
6
CONTINUOUS
10
5.1948464960629916
20
-4.3164561811023621
11
5.1977534251968507
21
-4.3193631102362202
0
LINE
8
BLACK
6
CONTINUOUS
10
5.1977534251968507
20
-4.3193631102362202
11
5.1987423228346454
21
-4.3210759055118109
0
LINE
8
BLACK
6
CONTINUOUS
10
5.1987423228346454
20
-4.3210759055118109
11
5.202386850393701
21
-4.3210759055118109
0
LINE
8
BLACK
6
CONTINUOUS
10
5.202386850393701
20
-4.3210759055118109
11
5.8235049999999999
21
-3.6999577165354331
0
LINE
8
BLACK
6
CONTINUOUS
10
5.8235049999999999
20
-3.6999577165354331
11
5.8235049999999999
21
-3.6493436220472439
0
LINE
8
BLACK
6
CONTINUOUS
10
5.8235049999999999
20
-3.6493436220472439
11
5.8217922047244093
21
-3.6483547637795275
0
LINE
8
BLACK
6
CONTINUOUS
10
5.8217922047244093
20
-3.6483547637795275
11
5.8188852755905511
21
-3.6454478346456693
0
LINE
8
BLACK
6
CONTINUOUS
10
5.8188852755905511
20
-3.6454478346456693
11
5.8168297244094491
21
-3.6418875196850391
0
LINE
8
BLACK
6
CONTINUOUS
10
5.8168297244094491
20
-3.6418875196850391
11
5.8157657086614174
21
-3.6379165354330709
0
LINE
8
BLACK
6
CONTINUOUS
10
5.8157657086614174
20
-3.6379165354330709
11
5.8157657086614174
21
-3.6338055118110235
0
LINE
8
BLACK
6
CONTINUOUS
10
5.8157657086614174
20
-3.6338055118110235
11
5.8168297244094491
21
-3.6298345275590549
0
LINE
8
BLACK
6
CONTINUOUS
10
5.8168297244094491
20
-3.6298345275590549
11
5.8188852755905511
21
-3.6262742125984251
0
LINE
8
BLACK
6
CONTINUOUS
10
5.8188852755905511
20
-3.6262742125984251
11
5.8217922047244093
21
-3.6233672834645669
0
LINE
8
BLACK
6
CONTINUOUS
10
5.8217922047244093
20
-3.6233672834645669
11
5.8253525196850395
21
-3.6213117322834645
0
LINE
8
BLACK
6
CONTINUOUS
10
5.8253525196850395
20
-3.6213117322834645
11
5.8293235039370082
21
-3.6202477165354332
0
LINE
8
BLACK
6
CONTINUOUS
10
5.8293235039370082
20
-3.6202477165354332
11
5.8334345275590547
21
-3.6202477165354332
0
LINE
8
BLACK
6
CONTINUOUS
10
5.8334345275590547
20
-3.6202477165354332
11
5.8374055118110233
21
-3.6213117322834645
0
LINE
8
BLACK
6
CONTINUOUS
10
4.1698858267716536
20
-4.2937048425196851
11
4.173446141732283
21
-4.2957603937007871
0
LINE
8
BLACK
6
CONTINUOUS
10
4.173446141732283
20
-4.2957603937007871
11
4.176353070866142
21
-4.2986673228346453
0
LINE
8
BLACK
6
CONTINUOUS
10
4.176353070866142
20
-4.2986673228346453
11
4.1784086220472441
21
-4.3022276377952755
0
LINE
8
BLACK
6
CONTINUOUS
10
4.1784086220472441
20
-4.3022276377952755
11
4.1794726377952758
21
-4.3061986220472441
0
LINE
8
BLACK
6
CONTINUOUS
10
4.1794726377952758
20
-4.3061986220472441
11
4.1794726377952758
21
-4.3103096456692915
0
LINE
8
BLACK
6
CONTINUOUS
10
4.1794726377952758
20
-4.3103096456692915
11
4.1784086220472441
21
-4.3142806299212602
0
LINE
8
BLACK
6
CONTINUOUS
10
4.1784086220472441
20
-4.3142806299212602
11
4.176353070866142
21
-4.3178409448818895
0
LINE
8
BLACK
6
CONTINUOUS
10
4.176353070866142
20
-4.3178409448818895
11
4.173446141732283
21
-4.3207478740157477
0
LINE
8
BLACK
6
CONTINUOUS
10
4.173446141732283
20
-4.3207478740157477
11
4.1698858267716536
21
-4.3228034251968506
0
LINE
8
BLACK
6
CONTINUOUS
10
4.1698858267716536
20
-4.3228034251968506
11
4.165914842519685
21
-4.3238674409448814
0
LINE
8
BLACK
6
CONTINUOUS
10
4.165914842519685
20
-4.3238674409448814
11
4.1618038188976376
21
-4.3238674409448814
0
LINE
8
BLACK
6
CONTINUOUS
10
4.1618038188976376
20
-4.3238674409448814
11
4.157832834645669
21
-4.3228034251968506
0
LINE
8
BLACK
6
CONTINUOUS
10
4.157832834645669
20
-4.3228034251968506
11
4.1542725196850396
21
-4.3207478740157477
0
LINE
8
BLACK
6
CONTINUOUS
10
4.1542725196850396
20
-4.3207478740157477
11
4.1513655905511806
21
-4.3178409448818895
0
LINE
8
BLACK
6
CONTINUOUS
10
4.1513655905511806
20
-4.3178409448818895
11
4.1493100393700786
21
-4.3142806299212602
0
LINE
8
BLACK
6
CONTINUOUS
10
4.1493100393700786
20
-4.3142806299212602
11
4.1482460236220469
21
-4.3103096456692915
0
LINE
8
BLACK
6
CONTINUOUS
10
4.1482460236220469
20
-4.3103096456692915
11
4.1482460236220469
21
-4.3061986220472441
0
LINE
8
BLACK
6
CONTINUOUS
10
4.1482460236220469
20
-4.3061986220472441
11
4.1493100393700786
21
-4.3022276377952755
0
LINE
8
BLACK
6
CONTINUOUS
10
4.1493100393700786
20
-4.3022276377952755
11
4.1513655905511806
21
-4.2986673228346453
0
LINE
8
BLACK
6
CONTINUOUS
10
4.1513655905511806
20
-4.2986673228346453
11
4.1542725196850396
21
-4.2957603937007871
0
LINE
8
BLACK
6
CONTINUOUS
10
4.1542725196850396
20
-4.2957603937007871
11
4.157832834645669
21
-4.2937048425196851
0
LINE
8
BLACK
6
CONTINUOUS
10
4.157832834645669
20
-4.2937048425196851
11
4.1618038188976376
21
-4.2926408267716534
0
LINE
8
BLACK
6
CONTINUOUS
10
4.1618038188976376
20
-4.2926408267716534
11
4.165914842519685
21
-4.2926408267716534
0
LINE
8
BLACK
6
CONTINUOUS
10
4.165914842519685
20
-4.2926408267716534
11
4.1698858267716536
21
-4.2937048425196851
0
LINE
8
BLACK
6
CONTINUOUS
10
5.902701338582677
20
-4.2649674409448819
11
5.9062616535433072
21
-4.2670229921259839
0
LINE
8
BLACK
6
CONTINUOUS
10
5.9062616535433072
20
-4.2670229921259839
11
5.9091685826771654
21
-4.2699299212598421
0
LINE
8
BLACK
6
CONTINUOUS
10
5.9091685826771654
20
-4.2699299212598421
11
5.9112241338582674
21
-4.2734902362204723
0
LINE
8
BLACK
6
CONTINUOUS
10
5.9112241338582674
20
-4.2734902362204723
11
5.9122881496062991
21
-4.2774612204724409
0
LINE
8
BLACK
6
CONTINUOUS
10
5.9122881496062991
20
-4.2774612204724409
11
5.9122881496062991
21
-4.2815722440944883
0
LINE
8
BLACK
6
CONTINUOUS
10
5.9122881496062991
20
-4.2815722440944883
11
5.9112241338582674
21
-4.285543228346457
0
LINE
8
BLACK
6
CONTINUOUS
10
5.9112241338582674
20
-4.285543228346457
11
5.9091685826771654
21
-4.2891035433070863
0
LINE
8
BLACK
6
CONTINUOUS
10
5.9091685826771654
20
-4.2891035433070863
11
5.9062616535433072
21
-4.2920104724409445
0
LINE
8
BLACK
6
CONTINUOUS
10
5.9062616535433072
20
-4.2920104724409445
11
5.902701338582677
21
-4.2940660236220474
0
LINE
8
BLACK
6
CONTINUOUS
10
5.902701338582677
20
-4.2940660236220474
11
5.8987303543307084
21
-4.2951300393700782
0
LINE
8
BLACK
6
CONTINUOUS
10
5.8987303543307084
20
-4.2951300393700782
11
5.894619330708661
21
-4.2951300393700782
0
LINE
8
BLACK
6
CONTINUOUS
10
5.894619330708661
20
-4.2951300393700782
11
5.8906483464566932
21
-4.2940660236220474
0
LINE
8
BLACK
6
CONTINUOUS
10
5.8906483464566932
20
-4.2940660236220474
11
5.887088031496063
21
-4.2920104724409445
0
LINE
8
BLACK
6
CONTINUOUS
10
5.887088031496063
20
-4.2920104724409445
11
5.8841811023622048
21
-4.2891035433070863
0
LINE
8
BLACK
6
CONTINUOUS
10
5.8841811023622048
20
-4.2891035433070863
11
5.8821255511811019
21
-4.285543228346457
0
LINE
8
BLACK
6
CONTINUOUS
10
5.8821255511811019
20
-4.285543228346457
11
5.8810615354330711
21
-4.2815722440944883
0
LINE
8
BLACK
6
CONTINUOUS
10
5.8810615354330711
20
-4.2815722440944883
11
5.8810615354330711
21
-4.2774612204724409
0
LINE
8
BLACK
6
CONTINUOUS
10
5.8810615354330711
20
-4.2774612204724409
11
5.8821255511811019
21
-4.2734902362204723
0
LINE
8
BLACK
6
CONTINUOUS
10
5.8821255511811019
20
-4.2734902362204723
11
5.8841811023622048
21
-4.2699299212598421
0
LINE
8
BLACK
6
CONTINUOUS
10
5.8841811023622048
20
-4.2699299212598421
11
5.887088031496063
21
-4.2670229921259839
0
LINE
8
BLACK
6
CONTINUOUS
10
5.887088031496063
20
-4.2670229921259839
11
5.8906483464566932
21
-4.2649674409448819
0
LINE
8
BLACK
6
CONTINUOUS
10
5.8906483464566932
20
-4.2649674409448819
11
5.894619330708661
21
-4.2639034251968502
0
LINE
8
BLACK
6
CONTINUOUS
10
5.894619330708661
20
-4.2639034251968502
11
5.8987303543307084
21
-4.2639034251968502
0
LINE
8
BLACK
6
CONTINUOUS
10
5.8987303543307084
20
-4.2639034251968502
11
5.902701338582677
21
-4.2649674409448819
0
LINE
8
BLACK
6
CONTINUOUS
10
6.354441496062992
20
-3.6289307086614171
11
6.3580018110236223
21
-3.6309862598425195
0
LINE
8
BLACK
6
CONTINUOUS
10
6.3580018110236223
20
-3.6309862598425195
11
6.3609087401574804
21
-3.6338931889763777
0
LINE
8
BLACK
6
CONTINUOUS
10
6.3609087401574804
20
-3.6338931889763777
11
6.3629642913385824
21
-3.6374535039370079
0
LINE
8
BLACK
6
CONTINUOUS
10
6.3629642913385824
20
-3.6374535039370079
11
6.3640283070866142
21
-3.6414244881889761
0
LINE
8
BLACK
6
CONTINUOUS
10
6.3640283070866142
20
-3.6414244881889761
11
6.3640283070866142
21
-3.6455355118110235
0
LINE
8
BLACK
6
CONTINUOUS
10
6.3640283070866142
20
-3.6455355118110235
11
6.3635164173228347
21
-3.6474459055118111
0
LINE
8
BLACK
6
CONTINUOUS
10
6.3635164173228347
20
-3.6474459055118111
11
6.4392425984251966
21
-3.7231720866141731
0
LINE
8
BLACK
6
CONTINUOUS
10
6.4392425984251966
20
-3.7231720866141731
11
6.4402218503937005
21
-3.724365275590551
0
LINE
8
BLACK
6
CONTINUOUS
10
6.4402218503937005
20
-3.724365275590551
11
6.441397559055118
21
-3.7272037007874017
0
LINE
8
BLACK
6
CONTINUOUS
10
6.441397559055118
20
-3.7272037007874017
11
6.4415488582677165
21
-3.7287398425196852
0
LINE
8
BLACK
6
CONTINUOUS
10
6.4415488582677165
20
-3.7287398425196852
11
6.4415488582677165
21
-4.0910994881889762
0
LINE
8
BLACK
6
CONTINUOUS
10
6.4415488582677165
20
-4.0910994881889762
11
6.441397559055118
21
-4.0926356299212596
0
LINE
8
BLACK
6
CONTINUOUS
10
6.441397559055118
20
-4.0926356299212596
11
6.4402218503937005
21
-4.0954740551181104
0
LINE
8
BLACK
6
CONTINUOUS
10
6.4402218503937005
20
-4.0954740551181104
11
6.4392425984251966
21
-4.0966672834645665
0
LINE
8
BLACK
6
CONTINUOUS
10
6.4392425984251966
20
-4.0966672834645665
11
6.2858252755905513
21
-4.2500845669291341
0
LINE
8
BLACK
6
CONTINUOUS
10
6.2858252755905513
20
-4.2500845669291341
11
6.2846320866141729
21
-4.251063818897638
0
LINE
8
BLACK
6
CONTINUOUS
10
6.2846320866141729
20
-4.251063818897638
11
6.2817936614173231
21
-4.2522395275590554
0
LINE
8
BLACK
6
CONTINUOUS
10
6.2817936614173231
20
-4.2522395275590554
11
6.2802575196850396
21
-4.252390826771653
0
LINE
8
BLACK
6
CONTINUOUS
10
6.2802575196850396
20
-4.252390826771653
11
5.587928582677165
21
-4.252390826771653
0
LINE
8
BLACK
6
CONTINUOUS
10
5.587928582677165
20
-4.252390826771653
11
5.5873841732283465
21
-4.2544226377952752
0
LINE
8
BLACK
6
CONTINUOUS
10
5.5873841732283465
20
-4.2544226377952752
11
5.5853286220472436
21
-4.2579829527559054
0
LINE
8
BLACK
6
CONTINUOUS
10
5.5853286220472436
20
-4.2579829527559054
11
5.5824216929133854
21
-4.2608898818897636
0
LINE
8
BLACK
6
CONTINUOUS
10
5.5824216929133854
20
-4.2608898818897636
11
5.5788613779527561
21
-4.2629454330708665
0
LINE
8
BLACK
6
CONTINUOUS
10
5.5788613779527561
20
-4.2629454330708665
11
5.5748903937007874
21
-4.2640094488188973
0
LINE
8
BLACK
6
CONTINUOUS
10
5.5748903937007874
20
-4.2640094488188973
11
5.57077937007874
21
-4.2640094488188973
0
LINE
8
BLACK
6
CONTINUOUS
10
5.57077937007874
20
-4.2640094488188973
11
5.5668083858267714
21
-4.2629454330708665
0
LINE
8
BLACK
6
CONTINUOUS
10
5.5668083858267714
20
-4.2629454330708665
11
5.563248070866142
21
-4.2608898818897636
0
LINE
8
BLACK
6
CONTINUOUS
10
5.563248070866142
20
-4.2608898818897636
11
5.560341141732283
21
-4.2579829527559054
0
LINE
8
BLACK
6
CONTINUOUS
10
5.560341141732283
20
-4.2579829527559054
11
5.558285590551181
21
-4.2544226377952752
0
LINE
8
BLACK
6
CONTINUOUS
10
5.558285590551181
20
-4.2544226377952752
11
5.5572215748031493
21
-4.2504516535433066
0
LINE
8
BLACK
6
CONTINUOUS
10
5.5572215748031493
20
-4.2504516535433066
11
5.5572215748031493
21
-4.24634062992126
0
LINE
8
BLACK
6
CONTINUOUS
10
5.5572215748031493
20
-4.24634062992126
11
5.558285590551181
21
-4.2423696456692914
0
LINE
8
BLACK
6
CONTINUOUS
10
5.558285590551181
20
-4.2423696456692914
11
5.560341141732283
21
-4.2388093307086612
0
LINE
8
BLACK
6
CONTINUOUS
10
5.560341141732283
20
-4.2388093307086612
11
5.563248070866142
21
-4.235902401574803
0
LINE
8
BLACK
6
CONTINUOUS
10
5.563248070866142
20
-4.235902401574803
11
5.5668083858267714
21
-4.233846850393701
0
LINE
8
BLACK
6
CONTINUOUS
10
5.5668083858267714
20
-4.233846850393701
11
5.57077937007874
21
-4.2327828346456693
0
LINE
8
BLACK
6
CONTINUOUS
10
5.57077937007874
20
-4.2327828346456693
11
5.5748903937007874
21
-4.2327828346456693
0
LINE
8
BLACK
6
CONTINUOUS
10
5.5748903937007874
20
-4.2327828346456693
11
5.5788613779527561
21
-4.233846850393701
0
LINE
8
BLACK
6
CONTINUOUS
10
5.5788613779527561
20
-4.233846850393701
11
5.5824216929133854
21
-4.235902401574803
0
LINE
8
BLACK
6
CONTINUOUS
10
5.5824216929133854
20
-4.235902401574803
11
5.5831620866141733
21
-4.2366427952755901
0
LINE
8
BLACK
6
CONTINUOUS
10
5.5831620866141733
20
-4.2366427952755901
11
6.276996023622047
21
-4.2366427952755901
0
LINE
8
BLACK
6
CONTINUOUS
10
6.276996023622047
20
-4.2366427952755901
11
6.4258008267716535
21
-4.0878379527559057
0
LINE
8
BLACK
6
CONTINUOUS
10
6.4258008267716535
20
-4.0878379527559057
11
6.4258008267716535
21
-3.7320013385826769
0
LINE
8
BLACK
6
CONTINUOUS
10
6.4258008267716535
20
-3.7320013385826769
11
6.3523809055118106
21
-3.6585814173228344
0
LINE
8
BLACK
6
CONTINUOUS
10
6.3523809055118106
20
-3.6585814173228344
11
6.3504705118110234
21
-3.6590933070866143
0
LINE
8
BLACK
6
CONTINUOUS
10
6.3504705118110234
20
-3.6590933070866143
11
6.346359488188976
21
-3.6590933070866143
0
LINE
8
BLACK
6
CONTINUOUS
10
6.346359488188976
20
-3.6590933070866143
11
6.3423885039370074
21
-3.6580292913385826
0
LINE
8
BLACK
6
CONTINUOUS
10
6.3423885039370074
20
-3.6580292913385826
11
6.338828188976378
21
-3.6559737401574801
0
LINE
8
BLACK
6
CONTINUOUS
10
6.338828188976378
20
-3.6559737401574801
11
6.3359212598425199
21
-3.653066811023622
0
LINE
8
BLACK
6
CONTINUOUS
10
6.3359212598425199
20
-3.653066811023622
11
6.333865708661417
21
-3.6495064960629922
0
LINE
8
BLACK
6
CONTINUOUS
10
6.333865708661417
20
-3.6495064960629922
11
6.3328016929133852
21
-3.6455355118110235
0
LINE
8
BLACK
6
CONTINUOUS
10
6.3328016929133852
20
-3.6455355118110235
11
6.3328016929133852
21
-3.6414244881889761
0
LINE
8
BLACK
6
CONTINUOUS
10
6.3328016929133852
20
-3.6414244881889761
11
6.333865708661417
21
-3.6374535039370079
0
LINE
8
BLACK
6
CONTINUOUS
10
6.333865708661417
20
-3.6374535039370079
11
6.3359212598425199
21
-3.6338931889763777
0
LINE
8
BLACK
6
CONTINUOUS
10
6.3359212598425199
20
-3.6338931889763777
11
6.338828188976378
21
-3.6309862598425195
0
LINE
8
BLACK
6
CONTINUOUS
10
6.338828188976378
20
-3.6309862598425195
11
6.3423885039370074
21
-3.6289307086614171
0
LINE
8
BLACK
6
CONTINUOUS
10
6.3423885039370074
20
-3.6289307086614171
11
6.346359488188976
21
-3.6278666929133858
0
LINE
8
BLACK
6
CONTINUOUS
10
6.346359488188976
20
-3.6278666929133858
11
6.3504705118110234
21
-3.6278666929133858
0
LINE
8
BLACK
6
CONTINUOUS
10
6.3504705118110234
20
-3.6278666929133858
11
6.354441496062992
21
-3.6289307086614171
0
LINE
8
BLACK
6
CONTINUOUS
10
4.9324301968503939
20
-4.2212385826771657
11
4.9359905118110232
21
-4.2232941338582677
0
LINE
8
BLACK
6
CONTINUOUS
10
4.9359905118110232
20
-4.2232941338582677
11
4.9388974409448814
21
-4.2262010629921258
0
LINE
8
BLACK
6
CONTINUOUS
10
4.9388974409448814
20
-4.2262010629921258
11
4.9409529921259843
21
-4.2297613779527561
0
LINE
8
BLACK
6
CONTINUOUS
10
4.9409529921259843
20
-4.2297613779527561
11
4.942017007874016
21
-4.2337323622047247
0
LINE
8
BLACK
6
CONTINUOUS
10
4.942017007874016
20
-4.2337323622047247
11
4.942017007874016
21
-4.2378433858267712
0
LINE
8
BLACK
6
CONTINUOUS
10
4.942017007874016
20
-4.2378433858267712
11
4.9409529921259843
21
-4.2418143700787398
0
LINE
8
BLACK
6
CONTINUOUS
10
4.9409529921259843
20
-4.2418143700787398
11
4.9388974409448814
21
-4.2453746850393701
0
LINE
8
BLACK
6
CONTINUOUS
10
4.9388974409448814
20
-4.2453746850393701
11
4.9359905118110232
21
-4.2482816141732282
0
LINE
8
BLACK
6
CONTINUOUS
10
4.9359905118110232
20
-4.2482816141732282
11
4.9324301968503939
21
-4.2503371653543303
0
LINE
8
BLACK
6
CONTINUOUS
10
4.9324301968503939
20
-4.2503371653543303
11
4.9284592125984252
21
-4.251401181102362
0
LINE
8
BLACK
6
CONTINUOUS
10
4.9284592125984252
20
-4.251401181102362
11
4.9243481889763778
21
-4.251401181102362
0
LINE
8
BLACK
6
CONTINUOUS
10
4.9243481889763778
20
-4.251401181102362
11
4.9203772047244092
21
-4.2503371653543303
0
LINE
8
BLACK
6
CONTINUOUS
10
4.9203772047244092
20
-4.2503371653543303
11
4.9168168897637798
21
-4.2482816141732282
0
LINE
8
BLACK
6
CONTINUOUS
10
4.9168168897637798
20
-4.2482816141732282
11
4.9139099606299208
21
-4.2453746850393701
0
LINE
8
BLACK
6
CONTINUOUS
10
4.9139099606299208
20
-4.2453746850393701
11
4.9118544094488188
21
-4.2418143700787398
0
LINE
8
BLACK
6
CONTINUOUS
10
4.9118544094488188
20
-4.2418143700787398
11
4.9107903937007871
21
-4.2378433858267712
0
LINE
8
BLACK
6
CONTINUOUS
10
4.9107903937007871
20
-4.2378433858267712
11
4.9107903937007871
21
-4.2337323622047247
0
LINE
8
BLACK
6
CONTINUOUS
10
4.9107903937007871
20
-4.2337323622047247
11
4.9118544094488188
21
-4.2297613779527561
0
LINE
8
BLACK
6
CONTINUOUS
10
4.9118544094488188
20
-4.2297613779527561
11
4.9139099606299208
21
-4.2262010629921258
0
LINE
8
BLACK
6
CONTINUOUS
10
4.9139099606299208
20
-4.2262010629921258
11
4.9168168897637798
21
-4.2232941338582677
0
LINE
8
BLACK
6
CONTINUOUS
10
4.9168168897637798
20
-4.2232941338582677
11
4.9203772047244092
21
-4.2212385826771657
0
LINE
8
BLACK
6
CONTINUOUS
10
4.9203772047244092
20
-4.2212385826771657
11
4.9243481889763778
21
-4.220174566929134
0
LINE
8
BLACK
6
CONTINUOUS
10
4.9243481889763778
20
-4.220174566929134
11
4.9284592125984252
21
-4.220174566929134
0
LINE
8
BLACK
6
CONTINUOUS
10
4.9284592125984252
20
-4.220174566929134
11
4.9324301968503939
21
-4.2212385826771657
0
LINE
8
BLACK
6
CONTINUOUS
10
5.0485517322834648
20
-4.1689675196850393
11
5.0521120472440941
21
-4.1710230708661413
0
LINE
8
BLACK
6
CONTINUOUS
10
5.0521120472440941
20
-4.1710230708661413
11
5.0550189763779523
21
-4.1739299999999995
0
LINE
8
BLACK
6
CONTINUOUS
10
5.0550189763779523
20
-4.1739299999999995
11
5.0570745275590552
21
-4.1774903149606297
0
LINE
8
BLACK
6
CONTINUOUS
10
5.0570745275590552
20
-4.1774903149606297
11
5.0581385433070869
21
-4.1814612992125983
0
LINE
8
BLACK
6
CONTINUOUS
10
5.0581385433070869
20
-4.1814612992125983
11
5.0581385433070869
21
-4.1855723228346458
0
LINE
8
BLACK
6
CONTINUOUS
10
5.0581385433070869
20
-4.1855723228346458
11
5.0570745275590552
21
-4.1895433070866144
0
LINE
8
BLACK
6
CONTINUOUS
10
5.0570745275590552
20
-4.1895433070866144
11
5.0550189763779523
21
-4.1931036220472437
0
LINE
8
BLACK
6
CONTINUOUS
10
5.0550189763779523
20
-4.1931036220472437
11
5.0521120472440941
21
-4.1960105511811019
0
LINE
8
BLACK
6
CONTINUOUS
10
5.0521120472440941
20
-4.1960105511811019
11
5.0485517322834648
21
-4.1980661023622048
0
LINE
8
BLACK
6
CONTINUOUS
10
5.0485517322834648
20
-4.1980661023622048
11
5.0445807480314961
21
-4.1991301181102365
0
LINE
8
BLACK
6
CONTINUOUS
10
5.0445807480314961
20
-4.1991301181102365
11
5.0404697244094487
21
-4.1991301181102365
0
LINE
8
BLACK
6
CONTINUOUS
10
5.0404697244094487
20
-4.1991301181102365
11
5.0364987401574801
21
-4.1980661023622048
0
LINE
8
BLACK
6
CONTINUOUS
10
5.0364987401574801
20
-4.1980661023622048
11
5.0329384251968499
21
-4.1960105511811019
0
LINE
8
BLACK
6
CONTINUOUS
10
5.0329384251968499
20
-4.1960105511811019
11
5.0300314960629917
21
-4.1931036220472437
0
LINE
8
BLACK
6
CONTINUOUS
10
5.0300314960629917
20
-4.1931036220472437
11
5.0279759448818897
21
-4.1895433070866144
0
LINE
8
BLACK
6
CONTINUOUS
10
5.0279759448818897
20
-4.1895433070866144
11
5.026911929133858
21
-4.1855723228346458
0
LINE
8
BLACK
6
CONTINUOUS
10
5.026911929133858
20
-4.1855723228346458
11
5.026911929133858
21
-4.1814612992125983
0
LINE
8
BLACK
6
CONTINUOUS
10
5.026911929133858
20
-4.1814612992125983
11
5.0279759448818897
21
-4.1774903149606297
0
LINE
8
BLACK
6
CONTINUOUS
10
5.0279759448818897
20
-4.1774903149606297
11
5.0300314960629917
21
-4.1739299999999995
0
LINE
8
BLACK
6
CONTINUOUS
10
5.0300314960629917
20
-4.1739299999999995
11
5.0329384251968499
21
-4.1710230708661413
0
LINE
8
BLACK
6
CONTINUOUS
10
5.0329384251968499
20
-4.1710230708661413
11
5.0364987401574801
21
-4.1689675196850393
0
LINE
8
BLACK
6
CONTINUOUS
10
5.0364987401574801
20
-4.1689675196850393
11
5.0404697244094487
21
-4.1679035039370076
0
LINE
8
BLACK
6
CONTINUOUS
10
5.0404697244094487
20
-4.1679035039370076
11
5.0445807480314961
21
-4.1679035039370076
0
LINE
8
BLACK
6
CONTINUOUS
10
5.0445807480314961
20
-4.1679035039370076
11
5.0485517322834648
21
-4.1689675196850393
0
LINE
8
BLACK
6
CONTINUOUS
10
6.3483718897637793
20
-3.589896653543307
11
6.3519322047244096
21
-3.5919522047244095
0
LINE
8
BLACK
6
CONTINUOUS
10
6.3519322047244096
20
-3.5919522047244095
11
6.3548391338582677
21
-3.5948591338582676
0
LINE
8
BLACK
6
CONTINUOUS
10
6.3548391338582677
20
-3.5948591338582676
11
6.3568946850393697
21
-3.5984194488188974
0
LINE
8
BLACK
6
CONTINUOUS
10
6.3568946850393697
20
-3.5984194488188974
11
6.3579587007874014
21
-3.602390433070866
0
LINE
8
BLACK
6
CONTINUOUS
10
6.3579587007874014
20
-3.602390433070866
11
6.3579587007874014
21
-3.6065014566929134
0
LINE
8
BLACK
6
CONTINUOUS
10
6.3579587007874014
20
-3.6065014566929134
11
6.3568946850393697
21
-3.6104724409448816
0
LINE
8
BLACK
6
CONTINUOUS
10
6.3568946850393697
20
-3.6104724409448816
11
6.3548391338582677
21
-3.6140327559055119
0
LINE
8
BLACK
6
CONTINUOUS
10
6.3548391338582677
20
-3.6140327559055119
11
6.3519322047244096
21
-3.61693968503937
0
LINE
8
BLACK
6
CONTINUOUS
10
6.3519322047244096
20
-3.61693968503937
11
6.3483718897637793
21
-3.6189952362204725
0
LINE
8
BLACK
6
CONTINUOUS
10
6.3483718897637793
20
-3.6189952362204725
11
6.3444009055118107
21
-3.6200592519685038
0
LINE
8
BLACK
6
CONTINUOUS
10
6.3444009055118107
20
-3.6200592519685038
11
6.3402898818897633
21
-3.6200592519685038
0
LINE
8
BLACK
6
CONTINUOUS
10
6.3402898818897633
20
-3.6200592519685038
11
6.338099015748031
21
-3.6194722047244094
0
LINE
8
BLACK
6
CONTINUOUS
10
6.338099015748031
20
-3.6194722047244094
11
6.3247929527559057
21
-3.632778307086614
0
LINE
8
BLACK
6
CONTINUOUS
10
6.3247929527559057
20
-3.632778307086614
11
6.3247929527559057
21
-3.6580111811023621
0
LINE
8
BLACK
6
CONTINUOUS
10
6.3247929527559057
20
-3.6580111811023621
11
6.3566048031496063
21
-3.6898230314960627
0
LINE
8
BLACK
6
CONTINUOUS
10
6.3566048031496063
20
-3.6898230314960627
11
6.3575840551181102
21
-3.6910162598425198
0
LINE
8
BLACK
6
CONTINUOUS
10
6.3575840551181102
20
-3.6910162598425198
11
6.3587597637795277
21
-3.6938546850393701
0
LINE
8
BLACK
6
CONTINUOUS
10
6.3587597637795277
20
-3.6938546850393701
11
6.3589110629921262
21
-3.6953908267716535
0
LINE
8
BLACK
6
CONTINUOUS
10
6.3589110629921262
20
-3.6953908267716535
11
6.3589110629921262
21
-4.0646821653543306
0
LINE
8
BLACK
6
CONTINUOUS
10
6.3589110629921262
20
-4.0646821653543306
11
6.3587597637795277
21
-4.066218307086614
0
LINE
8
BLACK
6
CONTINUOUS
10
6.3587597637795277
20
-4.066218307086614
11
6.3575840551181102
21
-4.0690567322834648
0
LINE
8
BLACK
6
CONTINUOUS
10
6.3575840551181102
20
-4.0690567322834648
11
6.3566048031496063
21
-4.0702499212598422
0
LINE
8
BLACK
6
CONTINUOUS
10
6.3566048031496063
20
-4.0702499212598422
11
6.2427701574803152
21
-4.1840845669291333
0
LINE
8
BLACK
6
CONTINUOUS
10
6.2427701574803152
20
-4.1840845669291333
11
6.2415769685039368
21
-4.1850638188976381
0
LINE
8
BLACK
6
CONTINUOUS
10
6.2415769685039368
20
-4.1850638188976381
11
6.2387385433070861
21
-4.1862395275590547
0
LINE
8
BLACK
6
CONTINUOUS
10
6.2387385433070861
20
-4.1862395275590547
11
6.2372024015748027
21
-4.1863908267716532
0
LINE
8
BLACK
6
CONTINUOUS
10
6.2372024015748027
20
-4.1863908267716532
11
5.5732362204724408
21
-4.1863908267716532
0
LINE
8
BLACK
6
CONTINUOUS
10
5.5732362204724408
20
-4.1863908267716532
11
5.5722473228346452
21
-4.1881036220472438
0
LINE
8
BLACK
6
CONTINUOUS
10
5.5722473228346452
20
-4.1881036220472438
11
5.569340393700787
21
-4.191010551181102
0
LINE
8
BLACK
6
CONTINUOUS
10
5.569340393700787
20
-4.191010551181102
11
5.5657800787401577
21
-4.1930661023622049
0
LINE
8
BLACK
6
CONTINUOUS
10
5.5657800787401577
20
-4.1930661023622049
11
5.5618090944881891
21
-4.1941301181102357
0
LINE
8
BLACK
6
CONTINUOUS
10
5.5618090944881891
20
-4.1941301181102357
11
5.5576980708661416
21
-4.1941301181102357
0
LINE
8
BLACK
6
CONTINUOUS
10
5.5576980708661416
20
-4.1941301181102357
11
5.553727086614173
21
-4.1930661023622049
0
LINE
8
BLACK
6
CONTINUOUS
10
5.553727086614173
20
-4.1930661023622049
11
5.5501667716535428
21
-4.191010551181102
0
LINE
8
BLACK
6
CONTINUOUS
10
5.5501667716535428
20
-4.191010551181102
11
5.5472598425196846
21
-4.1881036220472438
0
LINE
8
BLACK
6
CONTINUOUS
10
5.5472598425196846
20
-4.1881036220472438
11
5.5452042913385826
21
-4.1845433070866145
0
LINE
8
BLACK
6
CONTINUOUS
10
5.5452042913385826
20
-4.1845433070866145
11
5.5441402755905509
21
-4.1805723228346459
0
LINE
8
BLACK
6
CONTINUOUS
10
5.5441402755905509
20
-4.1805723228346459
11
5.5441402755905509
21
-4.1764612992125985
0
LINE
8
BLACK
6
CONTINUOUS
10
5.5441402755905509
20
-4.1764612992125985
11
5.5452042913385826
21
-4.1724903149606298
0
LINE
8
BLACK
6
CONTINUOUS
10
5.5452042913385826
20
-4.1724903149606298
11
5.5472598425196846
21
-4.1689299999999996
0
LINE
8
BLACK
6
CONTINUOUS
10
5.5472598425196846
20
-4.1689299999999996
11
5.5501667716535428
21
-4.1660230708661414
0
LINE
8
BLACK
6
CONTINUOUS
10
5.5501667716535428
20
-4.1660230708661414
11
5.553727086614173
21
-4.1639675196850394
0
LINE
8
BLACK
6
CONTINUOUS
10
5.553727086614173
20
-4.1639675196850394
11
5.5576980708661416
21
-4.1629035039370077
0
LINE
8
BLACK
6
CONTINUOUS
10
5.5576980708661416
20
-4.1629035039370077
11
5.5618090944881891
21
-4.1629035039370077
0
LINE
8
BLACK
6
CONTINUOUS
10
5.5618090944881891
20
-4.1629035039370077
11
5.5657800787401577
21
-4.1639675196850394
0
LINE
8
BLACK
6
CONTINUOUS
10
5.5657800787401577
20
-4.1639675196850394
11
5.569340393700787
21
-4.1660230708661414
0
LINE
8
BLACK
6
CONTINUOUS
10
5.569340393700787
20
-4.1660230708661414
11
5.5722473228346452
21
-4.1689299999999996
0
LINE
8
BLACK
6
CONTINUOUS
10
5.5722473228346452
20
-4.1689299999999996
11
5.5732362204724408
21
-4.1706427952755902
0
LINE
8
BLACK
6
CONTINUOUS
10
5.5732362204724408
20
-4.1706427952755902
11
6.2339409055118109
21
-4.1706427952755902
0
LINE
8
BLACK
6
CONTINUOUS
10
6.2339409055118109
20
-4.1706427952755902
11
6.3431630314960632
21
-4.0614206692913388
0
LINE
8
BLACK
6
CONTINUOUS
10
6.3431630314960632
20
-4.0614206692913388
11
6.3431630314960632
21
-3.6986523228346457
0
LINE
8
BLACK
6
CONTINUOUS
10
6.3431630314960632
20
-3.6986523228346457
11
6.3113511811023617
21
-3.6668404724409447
0
LINE
8
BLACK
6
CONTINUOUS
10
6.3113511811023617
20
-3.6668404724409447
11
6.3103719291338578
21
-3.6656472834645668
0
LINE
8
BLACK
6
CONTINUOUS
10
6.3103719291338578
20
-3.6656472834645668
11
6.3091962204724412
21
-3.6628088582677165
0
LINE
8
BLACK
6
CONTINUOUS
10
6.3091962204724412
20
-3.6628088582677165
11
6.3090449212598427
21
-3.6612727165354331
0
LINE
8
BLACK
6
CONTINUOUS
10
6.3090449212598427
20
-3.6612727165354331
11
6.3090449212598427
21
-3.6295168110236218
0
LINE
8
BLACK
6
CONTINUOUS
10
6.3090449212598427
20
-3.6295168110236218
11
6.3091962204724412
21
-3.6279806692913383
0
LINE
8
BLACK
6
CONTINUOUS
10
6.3091962204724412
20
-3.6279806692913383
11
6.3103719291338578
21
-3.625142244094488
0
LINE
8
BLACK
6
CONTINUOUS
10
6.3103719291338578
20
-3.625142244094488
11
6.3113511811023617
21
-3.6239490551181102
0
LINE
8
BLACK
6
CONTINUOUS
10
6.3113511811023617
20
-3.6239490551181102
11
6.327168818897638
21
-3.608131377952756
0
LINE
8
BLACK
6
CONTINUOUS
10
6.327168818897638
20
-3.608131377952756
11
6.3267320866141734
21
-3.6065014566929134
0
LINE
8
BLACK
6
CONTINUOUS
10
6.3267320866141734
20
-3.6065014566929134
11
6.3267320866141734
21
-3.602390433070866
0
LINE
8
BLACK
6
CONTINUOUS
10
6.3267320866141734
20
-3.602390433070866
11
6.3277961023622042
21
-3.5984194488188974
0
LINE
8
BLACK
6
CONTINUOUS
10
6.3277961023622042
20
-3.5984194488188974
11
6.3298516535433071
21
-3.5948591338582676
0
LINE
8
BLACK
6
CONTINUOUS
10
6.3298516535433071
20
-3.5948591338582676
11
6.3327585826771653
21
-3.5919522047244095
0
LINE
8
BLACK
6
CONTINUOUS
10
6.3327585826771653
20
-3.5919522047244095
11
6.3363188976377955
21
-3.589896653543307
0
LINE
8
BLACK
6
CONTINUOUS
10
6.3363188976377955
20
-3.589896653543307
11
6.3402898818897633
21
-3.5888326377952757
0
LINE
8
BLACK
6
CONTINUOUS
10
6.3402898818897633
20
-3.5888326377952757
11
6.3444009055118107
21
-3.5888326377952757
0
LINE
8
BLACK
6
CONTINUOUS
10
6.3444009055118107
20
-3.5888326377952757
11
6.3483718897637793
21
-3.589896653543307
0
LINE
8
BLACK
6
CONTINUOUS
10
4.7464336220472436
20
-4.1627509842519688
11
4.7499939370078739
21
-4.1648065354330708
0
LINE
8
BLACK
6
CONTINUOUS
10
4.7499939370078739
20
-4.1648065354330708
11
4.752900866141732
21
-4.1677134645669289
0
LINE
8
BLACK
6
CONTINUOUS
10
4.752900866141732
20
-4.1677134645669289
11
4.7549564173228349
21
-4.1712737795275592
0
LINE
8
BLACK
6
CONTINUOUS
10
4.7549564173228349
20
-4.1712737795275592
11
4.7560204330708657
21
-4.1752447637795278
0
LINE
8
BLACK
6
CONTINUOUS
10
4.7560204330708657
20
-4.1752447637795278
11
4.7560204330708657
21
-4.1793557874015743
0
LINE
8
BLACK
6
CONTINUOUS
10
4.7560204330708657
20
-4.1793557874015743
11
4.7549564173228349
21
-4.1833267716535429
0
LINE
8
BLACK
6
CONTINUOUS
10
4.7549564173228349
20
-4.1833267716535429
11
4.752900866141732
21
-4.1868870866141732
0
LINE
8
BLACK
6
CONTINUOUS
10
4.752900866141732
20
-4.1868870866141732
11
4.7499939370078739
21
-4.1897940157480313
0
LINE
8
BLACK
6
CONTINUOUS
10
4.7499939370078739
20
-4.1897940157480313
11
4.7464336220472436
21
-4.1918495669291334
0
LINE
8
BLACK
6
CONTINUOUS
10
4.7464336220472436
20
-4.1918495669291334
11
4.7424626377952759
21
-4.1929135826771651
0
LINE
8
BLACK
6
CONTINUOUS
10
4.7424626377952759
20
-4.1929135826771651
11
4.7383516141732285
21
-4.1929135826771651
0
LINE
8
BLACK
6
CONTINUOUS
10
4.7383516141732285
20
-4.1929135826771651
11
4.7343806299212599
21
-4.1918495669291334
0
LINE
8
BLACK
6
CONTINUOUS
10
4.7343806299212599
20
-4.1918495669291334
11
4.7308203149606296
21
-4.1897940157480313
0
LINE
8
BLACK
6
CONTINUOUS
10
4.7308203149606296
20
-4.1897940157480313
11
4.7279133858267715
21
-4.1868870866141732
0
LINE
8
BLACK
6
CONTINUOUS
10
4.7279133858267715
20
-4.1868870866141732
11
4.7258578346456694
21
-4.1833267716535429
0
LINE
8
BLACK
6
CONTINUOUS
10
4.7258578346456694
20
-4.1833267716535429
11
4.7247938188976377
21
-4.1793557874015743
0
LINE
8
BLACK
6
CONTINUOUS
10
4.7247938188976377
20
-4.1793557874015743
11
4.7247938188976377
21
-4.1752447637795278
0
LINE
8
BLACK
6
CONTINUOUS
10
4.7247938188976377
20
-4.1752447637795278
11
4.7258578346456694
21
-4.1712737795275592
0
LINE
8
BLACK
6
CONTINUOUS
10
4.7258578346456694
20
-4.1712737795275592
11
4.7279133858267715
21
-4.1677134645669289
0
LINE
8
BLACK
6
CONTINUOUS
10
4.7279133858267715
20
-4.1677134645669289
11
4.7308203149606296
21
-4.1648065354330708
0
LINE
8
BLACK
6
CONTINUOUS
10
4.7308203149606296
20
-4.1648065354330708
11
4.7343806299212599
21
-4.1627509842519688
0
LINE
8
BLACK
6
CONTINUOUS
10
4.7343806299212599
20
-4.1627509842519688
11
4.7383516141732285
21
-4.161686968503937
0
LINE
8
BLACK
6
CONTINUOUS
10
4.7383516141732285
20
-4.161686968503937
11
4.7424626377952759
21
-4.161686968503937
0
LINE
8
BLACK
6
CONTINUOUS
10
4.7424626377952759
20
-4.161686968503937
11
4.7464336220472436
21
-4.1627509842519688
0
LINE
8
BLACK
6
CONTINUOUS
10
5.7867013385826773
20
-3.6686368110236218
11
5.7902616535433067
21
-3.6706923622047243
0
LINE
8
BLACK
6
CONTINUOUS
10
5.7902616535433067
20
-3.6706923622047243
11
5.7931685826771648
21
-3.6735992913385824
0
LINE
8
BLACK
6
CONTINUOUS
10
5.7931685826771648
20
-3.6735992913385824
11
5.7952241338582677
21
-3.6771596062992127
0
LINE
8
BLACK
6
CONTINUOUS
10
5.7952241338582677
20
-3.6771596062992127
11
5.7962881496062995
21
-3.6811305905511809
0
LINE
8
BLACK
6
CONTINUOUS
10
5.7962881496062995
20
-3.6811305905511809
11
5.7962881496062995
21
-3.6852416141732283
0
LINE
8
BLACK
6
CONTINUOUS
10
5.7962881496062995
20
-3.6852416141732283
11
5.7952241338582677
21
-3.6892125984251969
0
LINE
8
BLACK
6
CONTINUOUS
10
5.7952241338582677
20
-3.6892125984251969
11
5.7931685826771648
21
-3.6927729133858267
0
LINE
8
BLACK
6
CONTINUOUS
10
5.7931685826771648
20
-3.6927729133858267
11
5.7902616535433067
21
-3.6956798425196848
0
LINE
8
BLACK
6
CONTINUOUS
10
5.7902616535433067
20
-3.6956798425196848
11
5.788548858267716
21
-3.6966687007874013
0
LINE
8
BLACK
6
CONTINUOUS
10
5.788548858267716
20
-3.6966687007874013
11
5.788548858267716
21
-3.7101945275590551
0
LINE
8
BLACK
6
CONTINUOUS
10
5.788548858267716
20
-3.7101945275590551
11
5.7883975590551175
21
-3.7117306692913385
0
LINE
8
BLACK
6
CONTINUOUS
10
5.7883975590551175
20
-3.7117306692913385
11
5.787221850393701
21
-3.7145690944881888
0
LINE
8
BLACK
6
CONTINUOUS
10
5.787221850393701
20
-3.7145690944881888
11
5.7862425984251971
21
-3.7157622834645667
0
LINE
8
BLACK
6
CONTINUOUS
10
5.7862425984251971
20
-3.7157622834645667
11
5.3619203149606296
21
-4.1400845669291337
0
LINE
8
BLACK
6
CONTINUOUS
10
5.3619203149606296
20
-4.1400845669291337
11
5.3607271259842522
21
-4.1410638188976376
0
LINE
8
BLACK
6
CONTINUOUS
10
5.3607271259842522
20
-4.1410638188976376
11
5.3578887007874014
21
-4.1422395275590551
0
LINE
8
BLACK
6
CONTINUOUS
10
5.3578887007874014
20
-4.1422395275590551
11
5.356352559055118
21
-4.1423908267716536
0
LINE
8
BLACK
6
CONTINUOUS
10
5.356352559055118
20
-4.1423908267716536
11
5.287354330708661
21
-4.1423908267716536
0
LINE
8
BLACK
6
CONTINUOUS
10
5.287354330708661
20
-4.1423908267716536
11
5.2863654330708663
21
-4.1441036220472443
0
LINE
8
BLACK
6
CONTINUOUS
10
5.2863654330708663
20
-4.1441036220472443
11
5.2834585039370081
21
-4.1470105511811024
0
LINE
8
BLACK
6
CONTINUOUS
10
5.2834585039370081
20
-4.1470105511811024
11
5.2798981889763779
21
-4.1490661023622044
0
LINE
8
BLACK
6
CONTINUOUS
10
5.2798981889763779
20
-4.1490661023622044
11
5.2759272047244092
21
-4.1501301181102361
0
LINE
8
BLACK
6
CONTINUOUS
10
5.2759272047244092
20
-4.1501301181102361
11
5.2718161811023618
21
-4.1501301181102361
0
LINE
8
BLACK
6
CONTINUOUS
10
5.2718161811023618
20
-4.1501301181102361
11
5.2678451968503932
21
-4.1490661023622044
0
LINE
8
BLACK
6
CONTINUOUS
10
5.2678451968503932
20
-4.1490661023622044
11
5.2642848818897638
21
-4.1470105511811024
0
LINE
8
BLACK
6
CONTINUOUS
10
5.2642848818897638
20
-4.1470105511811024
11
5.2613779527559057
21
-4.1441036220472443
0
LINE
8
BLACK
6
CONTINUOUS
10
5.2613779527559057
20
-4.1441036220472443
11
5.2593224015748028
21
-4.140543307086614
0
LINE
8
BLACK
6
CONTINUOUS
10
5.2593224015748028
20
-4.140543307086614
11
5.258258385826772
21
-4.1365723228346454
0
LINE
8
BLACK
6
CONTINUOUS
10
5.258258385826772
20
-4.1365723228346454
11
5.258258385826772
21
-4.132461299212598
0
LINE
8
BLACK
6
CONTINUOUS
10
5.258258385826772
20
-4.132461299212598
11
5.2593224015748028
21
-4.1284903149606302
0
LINE
8
BLACK
6
CONTINUOUS
10
5.2593224015748028
20
-4.1284903149606302
11
5.2613779527559057
21
-4.12493
0
LINE
8
BLACK
6
CONTINUOUS
10
5.2613779527559057
20
-4.12493
11
5.2642848818897638
21
-4.1220230708661418
0
LINE
8
BLACK
6
CONTINUOUS
10
5.2642848818897638
20
-4.1220230708661418
11
5.2678451968503932
21
-4.1199675196850389
0
LINE
8
BLACK
6
CONTINUOUS
10
5.2678451968503932
20
-4.1199675196850389
11
5.2718161811023618
21
-4.1189035039370081
0
LINE
8
BLACK
6
CONTINUOUS
10
5.2718161811023618
20
-4.1189035039370081
11
5.2759272047244092
21
-4.1189035039370081
0
LINE
8
BLACK
6
CONTINUOUS
10
5.2759272047244092
20
-4.1189035039370081
11
5.2798981889763779
21
-4.1199675196850389
0
LINE
8
BLACK
6
CONTINUOUS
10
5.2798981889763779
20
-4.1199675196850389
11
5.2834585039370081
21
-4.1220230708661418
0
LINE
8
BLACK
6
CONTINUOUS
10
5.2834585039370081
20
-4.1220230708661418
11
5.2863654330708663
21
-4.12493
0
LINE
8
BLACK
6
CONTINUOUS
10
5.2863654330708663
20
-4.12493
11
5.287354330708661
21
-4.1266427952755906
0
LINE
8
BLACK
6
CONTINUOUS
10
5.287354330708661
20
-4.1266427952755906
11
5.3530910629921262
21
-4.1266427952755906
0
LINE
8
BLACK
6
CONTINUOUS
10
5.3530910629921262
20
-4.1266427952755906
11
5.7728008267716531
21
-3.7069330314960629
0
LINE
8
BLACK
6
CONTINUOUS
10
5.7728008267716531
20
-3.7069330314960629
11
5.7728008267716531
21
-3.6966687007874013
0
LINE
8
BLACK
6
CONTINUOUS
10
5.7728008267716531
20
-3.6966687007874013
11
5.7710880314960624
21
-3.6956798425196848
0
LINE
8
BLACK
6
CONTINUOUS
10
5.7710880314960624
20
-3.6956798425196848
11
5.7681811023622043
21
-3.6927729133858267
0
LINE
8
BLACK
6
CONTINUOUS
10
5.7681811023622043
20
-3.6927729133858267
11
5.7661255511811023
21
-3.6892125984251969
0
LINE
8
BLACK
6
CONTINUOUS
10
5.7661255511811023
20
-3.6892125984251969
11
5.7650615354330705
21
-3.6852416141732283
0
LINE
8
BLACK
6
CONTINUOUS
10
5.7650615354330705
20
-3.6852416141732283
11
5.7650615354330705
21
-3.6811305905511809
0
LINE
8
BLACK
6
CONTINUOUS
10
5.7650615354330705
20
-3.6811305905511809
11
5.7661255511811023
21
-3.6771596062992127
0
LINE
8
BLACK
6
CONTINUOUS
10
5.7661255511811023
20
-3.6771596062992127
11
5.7681811023622043
21
-3.6735992913385824
0
LINE
8
BLACK
6
CONTINUOUS
10
5.7681811023622043
20
-3.6735992913385824
11
5.7710880314960624
21
-3.6706923622047243
0
LINE
8
BLACK
6
CONTINUOUS
10
5.7710880314960624
20
-3.6706923622047243
11
5.7746483464566927
21
-3.6686368110236218
0
LINE
8
BLACK
6
CONTINUOUS
10
5.7746483464566927
20
-3.6686368110236218
11
5.7786193307086613
21
-3.6675727952755905
0
LINE
8
BLACK
6
CONTINUOUS
10
5.7786193307086613
20
-3.6675727952755905
11
5.7827303543307087
21
-3.6675727952755905
0
LINE
8
BLACK
6
CONTINUOUS
10
5.7827303543307087
20
-3.6675727952755905
11
5.7867013385826773
21
-3.6686368110236218
0
LINE
8
BLACK
6
CONTINUOUS
10
4.2787013385826773
20
-4.0709675196850394
11
4.2822616535433067
21
-4.0730230708661415
0
LINE
8
BLACK
6
CONTINUOUS
10
4.2822616535433067
20
-4.0730230708661415
11
4.2851685826771648
21
-4.0759299999999996
0
LINE
8
BLACK
6
CONTINUOUS
10
4.2851685826771648
20
-4.0759299999999996
11
4.2872241338582677
21
-4.0794903149606299
0
LINE
8
BLACK
6
CONTINUOUS
10
4.2872241338582677
20
-4.0794903149606299
11
4.2882881496062994
21
-4.0834612992125985
0
LINE
8
BLACK
6
CONTINUOUS
10
4.2882881496062994
20
-4.0834612992125985
11
4.2882881496062994
21
-4.0875723228346459
0
LINE
8
BLACK
6
CONTINUOUS
10
4.2882881496062994
20
-4.0875723228346459
11
4.2872241338582677
21
-4.0915433070866145
0
LINE
8
BLACK
6
CONTINUOUS
10
4.2872241338582677
20
-4.0915433070866145
11
4.2851685826771648
21
-4.0951036220472439
0
LINE
8
BLACK
6
CONTINUOUS
10
4.2851685826771648
20
-4.0951036220472439
11
4.2822616535433067
21
-4.098010551181102
0
LINE
8
BLACK
6
CONTINUOUS
10
4.2822616535433067
20
-4.098010551181102
11
4.2787013385826773
21
-4.1000661023622049
0
LINE
8
BLACK
6
CONTINUOUS
10
4.2787013385826773
20
-4.1000661023622049
11
4.2747303543307087
21
-4.1011301181102358
0
LINE
8
BLACK
6
CONTINUOUS
10
4.2747303543307087
20
-4.1011301181102358
11
4.2706193307086613
21
-4.1011301181102358
0
LINE
8
BLACK
6
CONTINUOUS
10
4.2706193307086613
20
-4.1011301181102358
11
4.2666483464566927
21
-4.1000661023622049
0
LINE
8
BLACK
6
CONTINUOUS
10
4.2666483464566927
20
-4.1000661023622049
11
4.2630880314960633
21
-4.098010551181102
0
LINE
8
BLACK
6
CONTINUOUS
10
4.2630880314960633
20
-4.098010551181102
11
4.2601811023622043
21
-4.0951036220472439
0
LINE
8
BLACK
6
CONTINUOUS
10
4.2601811023622043
20
-4.0951036220472439
11
4.2581255511811023
21
-4.0915433070866145
0
LINE
8
BLACK
6
CONTINUOUS
10
4.2581255511811023
20
-4.0915433070866145
11
4.2570615354330705
21
-4.0875723228346459
0
LINE
8
BLACK
6
CONTINUOUS
10
4.2570615354330705
20
-4.0875723228346459
11
4.2570615354330705
21
-4.0834612992125985
0
LINE
8
BLACK
6
CONTINUOUS
10
4.2570615354330705
20
-4.0834612992125985
11
4.2581255511811023
21
-4.0794903149606299
0
LINE
8
BLACK
6
CONTINUOUS
10
4.2581255511811023
20
-4.0794903149606299
11
4.2601811023622043
21
-4.0759299999999996
0
LINE
8
BLACK
6
CONTINUOUS
10
4.2601811023622043
20
-4.0759299999999996
11
4.2630880314960633
21
-4.0730230708661415
0
LINE
8
BLACK
6
CONTINUOUS
10
4.2630880314960633
20
-4.0730230708661415
11
4.2666483464566927
21
-4.0709675196850394
0
LINE
8
BLACK
6
CONTINUOUS
10
4.2666483464566927
20
-4.0709675196850394
11
4.2706193307086613
21
-4.0699035039370077
0
LINE
8
BLACK
6
CONTINUOUS
10
4.2706193307086613
20
-4.0699035039370077
11
4.2747303543307087
21
-4.0699035039370077
0
LINE
8
BLACK
6
CONTINUOUS
10
4.2747303543307087
20
-4.0699035039370077
11
4.2787013385826773
21
-4.0709675196850394
0
LINE
8
BLACK
6
CONTINUOUS
10
6.0992231102362204
20
-3.3447940944881891
11
6.1020615354330712
21
-3.3459698031496061
0
LINE
8
BLACK
6
CONTINUOUS
10
6.1020615354330712
20
-3.3459698031496061
11
6.1032547244094486
21
-3.34694905511811
0
LINE
8
BLACK
6
CONTINUOUS
10
6.1032547244094486
20
-3.34694905511811
11
6.1253388582677166
21
-3.3690331496062993
0
LINE
8
BLACK
6
CONTINUOUS
10
6.1253388582677166
20
-3.3690331496062993
11
6.1272492519685038
21
-3.3685212992125981
0
LINE
8
BLACK
6
CONTINUOUS
10
6.1272492519685038
20
-3.3685212992125981
11
6.1313602755905512
21
-3.3685212992125981
0
LINE
8
BLACK
6
CONTINUOUS
10
6.1313602755905512
20
-3.3685212992125981
11
6.1353312598425198
21
-3.3695853149606299
0
LINE
8
BLACK
6
CONTINUOUS
10
6.1353312598425198
20
-3.3695853149606299
11
6.1388915748031492
21
-3.3716408661417323
0
LINE
8
BLACK
6
CONTINUOUS
10
6.1388915748031492
20
-3.3716408661417323
11
6.1417985039370073
21
-3.3745477952755905
0
LINE
8
BLACK
6
CONTINUOUS
10
6.1417985039370073
20
-3.3745477952755905
11
6.1438540551181102
21
-3.3781081102362203
0
LINE
8
BLACK
6
CONTINUOUS
10
6.1438540551181102
20
-3.3781081102362203
11
6.1449180708661419
21
-3.3820790944881889
0
LINE
8
BLACK
6
CONTINUOUS
10
6.1449180708661419
20
-3.3820790944881889
11
6.1449180708661419
21
-3.3861901181102363
0
LINE
8
BLACK
6
CONTINUOUS
10
6.1449180708661419
20
-3.3861901181102363
11
6.1446149212598424
21
-3.3873213779527558
0
LINE
8
BLACK
6
CONTINUOUS
10
6.1446149212598424
20
-3.3873213779527558
11
6.207238976377953
21
-3.4499453937007871
0
LINE
8
BLACK
6
CONTINUOUS
10
6.207238976377953
20
-3.4499453937007871
11
6.319473503937008
21
-3.4499453937007871
0
LINE
8
BLACK
6
CONTINUOUS
10
6.319473503937008
20
-3.4499453937007871
11
6.3210096456692915
21
-3.4500966929133856
0
LINE
8
BLACK
6
CONTINUOUS
10
6.3210096456692915
20
-3.4500966929133856
11
6.3238480708661413
21
-3.4512724015748031
0
LINE
8
BLACK
6
CONTINUOUS
10
6.3238480708661413
20
-3.4512724015748031
11
6.3250412598425196
21
-3.452251653543307
0
LINE
8
BLACK
6
CONTINUOUS
10
6.3250412598425196
20
-3.452251653543307
11
6.3845575590551178
21
-3.5117679133858268
0
LINE
8
BLACK
6
CONTINUOUS
10
6.3845575590551178
20
-3.5117679133858268
11
6.3855368110236217
21
-3.5129611417322835
0
LINE
8
BLACK
6
CONTINUOUS
10
6.3855368110236217
20
-3.5129611417322835
11
6.3867125196850392
21
-3.5157995669291338
0
LINE
8
BLACK
6
CONTINUOUS
10
6.3867125196850392
20
-3.5157995669291338
11
6.3868638188976377
21
-3.5173357086614172
0
LINE
8
BLACK
6
CONTINUOUS
10
6.3868638188976377
20
-3.5173357086614172
11
6.3868638188976377
21
-3.6303762598425195
0
LINE
8
BLACK
6
CONTINUOUS
10
6.3868638188976377
20
-3.6303762598425195
11
6.723927637795275
21
-3.9674400787401574
0
LINE
8
BLACK
6
CONTINUOUS
10
6.723927637795275
20
-3.9674400787401574
11
6.7249068897637798
21
-3.9686332677165352
0
LINE
8
BLACK
6
CONTINUOUS
10
6.7249068897637798
20
-3.9686332677165352
11
6.7260825984251964
21
-3.9714716929133855
0
LINE
8
BLACK
6
CONTINUOUS
10
6.7260825984251964
20
-3.9714716929133855
11
6.7262338976377949
21
-3.9730078346456694
0
LINE
8
BLACK
6
CONTINUOUS
10
6.7262338976377949
20
-3.9730078346456694
11
6.7262338976377949
21
-4.0378135433070863
0
LINE
8
BLACK
6
CONTINUOUS
10
6.7262338976377949
20
-4.0378135433070863
11
6.7279466929133855
21
-4.0388024409448819
0
LINE
8
BLACK
6
CONTINUOUS
10
6.7279466929133855
20
-4.0388024409448819
11
6.7308536220472437
21
-4.0417093700787401
0
LINE
8
BLACK
6
CONTINUOUS
10
6.7308536220472437
20
-4.0417093700787401
11
6.7329091732283466
21
-4.0452696850393703
0
LINE
8
BLACK
6
CONTINUOUS
10
6.7329091732283466
20
-4.0452696850393703
11
6.7339731889763774
21
-4.0492406692913381
0
LINE
8
BLACK
6
CONTINUOUS
10
6.7339731889763774
20
-4.0492406692913381
11
6.7339731889763774
21
-4.0533516929133855
0
LINE
8
BLACK
6
CONTINUOUS
10
6.7339731889763774
20
-4.0533516929133855
11
6.7329091732283466
21
-4.0573226771653541
0
LINE
8
BLACK
6
CONTINUOUS
10
6.7329091732283466
20
-4.0573226771653541
11
6.7308536220472437
21
-4.0608829921259844
0
LINE
8
BLACK
6
CONTINUOUS
10
6.7308536220472437
20
-4.0608829921259844
11
6.7279466929133855
21
-4.0637899212598425
0
LINE
8
BLACK
6
CONTINUOUS
10
6.7279466929133855
20
-4.0637899212598425
11
6.7243863779527562
21
-4.0658454724409445
0
LINE
8
BLACK
6
CONTINUOUS
10
6.7243863779527562
20
-4.0658454724409445
11
6.7204153937007876
21
-4.0669094881889762
0
LINE
8
BLACK
6
CONTINUOUS
10
6.7204153937007876
20
-4.0669094881889762
11
6.7163043700787401
21
-4.0669094881889762
0
LINE
8
BLACK
6
CONTINUOUS
10
6.7163043700787401
20
-4.0669094881889762
11
6.7123333858267715
21
-4.0658454724409445
0
LINE
8
BLACK
6
CONTINUOUS
10
6.7123333858267715
20
-4.0658454724409445
11
6.7087730708661413
21
-4.0637899212598425
0
LINE
8
BLACK
6
CONTINUOUS
10
6.7087730708661413
20
-4.0637899212598425
11
6.7058661417322831
21
-4.0608829921259844
0
LINE
8
BLACK
6
CONTINUOUS
10
6.7058661417322831
20
-4.0608829921259844
11
6.7038105905511811
21
-4.0573226771653541
0
LINE
8
BLACK
6
CONTINUOUS
10
6.7038105905511811
20
-4.0573226771653541
11
6.7027465748031494
21
-4.0533516929133855
0
LINE
8
BLACK
6
CONTINUOUS
10
6.7027465748031494
20
-4.0533516929133855
11
6.7027465748031494
21
-4.0492406692913381
0
LINE
8
BLACK
6
CONTINUOUS
10
6.7027465748031494
20
-4.0492406692913381
11
6.7038105905511811
21
-4.0452696850393703
0
LINE
8
BLACK
6
CONTINUOUS
10
6.7038105905511811
20
-4.0452696850393703
11
6.7058661417322831
21
-4.0417093700787401
0
LINE
8
BLACK
6
CONTINUOUS
10
6.7058661417322831
20
-4.0417093700787401
11
6.7087730708661413
21
-4.0388024409448819
0
LINE
8
BLACK
6
CONTINUOUS
10
6.7087730708661413
20
-4.0388024409448819
11
6.7104858661417319
21
-4.0378135433070863
0
LINE
8
BLACK
6
CONTINUOUS
10
6.7104858661417319
20
-4.0378135433070863
11
6.7104858661417319
21
-3.9762693307086612
0
LINE
8
BLACK
6
CONTINUOUS
10
6.7104858661417319
20
-3.9762693307086612
11
6.3734220472440946
21
-3.6392055118110234
0
LINE
8
BLACK
6
CONTINUOUS
10
6.3734220472440946
20
-3.6392055118110234
11
6.3724427952755907
21
-3.6380123228346455
0
LINE
8
BLACK
6
CONTINUOUS
10
6.3724427952755907
20
-3.6380123228346455
11
6.3712670866141732
21
-3.6351738976377952
0
LINE
8
BLACK
6
CONTINUOUS
10
6.3712670866141732
20
-3.6351738976377952
11
6.3711157874015747
21
-3.6336377559055117
0
LINE
8
BLACK
6
CONTINUOUS
10
6.3711157874015747
20
-3.6336377559055117
11
6.3711157874015747
21
-3.5205972047244094
0
LINE
8
BLACK
6
CONTINUOUS
10
6.3711157874015747
20
-3.5205972047244094
11
6.3162120078740154
21
-3.4656934251968505
0
LINE
8
BLACK
6
CONTINUOUS
10
6.3162120078740154
20
-3.4656934251968505
11
6.2039774409448816
21
-3.4656934251968505
0
LINE
8
BLACK
6
CONTINUOUS
10
6.2039774409448816
20
-3.4656934251968505
11
6.2024412992125981
21
-3.465542125984252
0
LINE
8
BLACK
6
CONTINUOUS
10
6.2024412992125981
20
-3.465542125984252
11
6.1996028740157483
21
-3.4643664173228346
0
LINE
8
BLACK
6
CONTINUOUS
10
6.1996028740157483
20
-3.4643664173228346
11
6.19840968503937
21
-3.4633872047244094
0
LINE
8
BLACK
6
CONTINUOUS
10
6.19840968503937
20
-3.4633872047244094
11
6.1340497637795277
21
-3.399027244094488
0
LINE
8
BLACK
6
CONTINUOUS
10
6.1340497637795277
20
-3.399027244094488
11
6.1313602755905512
21
-3.3997479133858266
0
LINE
8
BLACK
6
CONTINUOUS
10
6.1313602755905512
20
-3.3997479133858266
11
6.1272492519685038
21
-3.3997479133858266
0
LINE
8
BLACK
6
CONTINUOUS
10
6.1272492519685038
20
-3.3997479133858266
11
6.1232782677165352
21
-3.3986838976377953
0
LINE
8
BLACK
6
CONTINUOUS
10
6.1232782677165352
20
-3.3986838976377953
11
6.1197179527559058
21
-3.3966283464566929
0
LINE
8
BLACK
6
CONTINUOUS
10
6.1197179527559058
20
-3.3966283464566929
11
6.1168110236220468
21
-3.3937214173228347
0
LINE
8
BLACK
6
CONTINUOUS
10
6.1168110236220468
20
-3.3937214173228347
11
6.1147554724409448
21
-3.3901611023622045
0
LINE
8
BLACK
6
CONTINUOUS
10
6.1147554724409448
20
-3.3901611023622045
11
6.113691456692913
21
-3.3861901181102363
0
LINE
8
BLACK
6
CONTINUOUS
10
6.113691456692913
20
-3.3861901181102363
11
6.113691456692913
21
-3.3820790944881889
0
LINE
8
BLACK
6
CONTINUOUS
10
6.113691456692913
20
-3.3820790944881889
11
6.1142033070866137
21
-3.3801687007874013
0
LINE
8
BLACK
6
CONTINUOUS
10
6.1142033070866137
20
-3.3801687007874013
11
6.0944254724409443
21
-3.3603908267716536
0
LINE
8
BLACK
6
CONTINUOUS
10
6.0944254724409443
20
-3.3603908267716536
11
6.0224785039370081
21
-3.3603908267716536
0
LINE
8
BLACK
6
CONTINUOUS
10
6.0224785039370081
20
-3.3603908267716536
11
5.8642887007874016
21
-3.5185806299212596
0
LINE
8
BLACK
6
CONTINUOUS
10
5.8642887007874016
20
-3.5185806299212596
11
5.8630955118110233
21
-3.5195598818897635
0
LINE
8
BLACK
6
CONTINUOUS
10
5.8630955118110233
20
-3.5195598818897635
11
5.8602570866141734
21
-3.520735590551181
0
LINE
8
BLACK
6
CONTINUOUS
10
5.8602570866141734
20
-3.520735590551181
11
5.85872094488189
21
-3.5208868897637795
0
LINE
8
BLACK
6
CONTINUOUS
10
5.85872094488189
20
-3.5208868897637795
11
5.77644031496063
21
-3.5208868897637795
0
LINE
8
BLACK
6
CONTINUOUS
10
5.77644031496063
20
-3.5208868897637795
11
5.6247998818897633
21
-3.6725272440944883
0
LINE
8
BLACK
6
CONTINUOUS
10
5.6247998818897633
20
-3.6725272440944883
11
5.6253117716535428
21
-3.6744376771653542
0
LINE
8
BLACK
6
CONTINUOUS
10
5.6253117716535428
20
-3.6744376771653542
11
5.6253117716535428
21
-3.6785487007874016
0
LINE
8
BLACK
6
CONTINUOUS
10
5.6253117716535428
20
-3.6785487007874016
11
5.624247755905512
21
-3.6825196850393702
0
LINE
8
BLACK
6
CONTINUOUS
10
5.624247755905512
20
-3.6825196850393702
11
5.6221922047244091
21
-3.68608
0
LINE
8
BLACK
6
CONTINUOUS
10
5.6221922047244091
20
-3.68608
11
5.6192852755905509
21
-3.6889869291338582
0
LINE
8
BLACK
6
CONTINUOUS
10
5.6192852755905509
20
-3.6889869291338582
11
5.6157249606299215
21
-3.6910424803149606
0
LINE
8
BLACK
6
CONTINUOUS
10
5.6157249606299215
20
-3.6910424803149606
11
5.6117539763779529
21
-3.6921064960629919
0
LINE
8
BLACK
6
CONTINUOUS
10
5.6117539763779529
20
-3.6921064960629919
11
5.6076429527559055
21
-3.6921064960629919
0
LINE
8
BLACK
6
CONTINUOUS
10
5.6076429527559055
20
-3.6921064960629919
11
5.6036719685039369
21
-3.6910424803149606
0
LINE
8
BLACK
6
CONTINUOUS
10
5.6036719685039369
20
-3.6910424803149606
11
5.6001116535433066
21
-3.6889869291338582
0
LINE
8
BLACK
6
CONTINUOUS
10
5.6001116535433066
20
-3.6889869291338582
11
5.5972047244094485
21
-3.68608
0
LINE
8
BLACK
6
CONTINUOUS
10
5.5972047244094485
20
-3.68608
11
5.5951491732283465
21
-3.6825196850393702
0
LINE
8
BLACK
6
CONTINUOUS
10
5.5951491732283465
20
-3.6825196850393702
11
5.5940851574803148
21
-3.6785487007874016
0
LINE
8
BLACK
6
CONTINUOUS
10
5.5940851574803148
20
-3.6785487007874016
11
5.5940851574803148
21
-3.6744376771653542
0
LINE
8
BLACK
6
CONTINUOUS
10
5.5940851574803148
20
-3.6744376771653542
11
5.5951491732283465
21
-3.6704666929133856
0
LINE
8
BLACK
6
CONTINUOUS
10
5.5951491732283465
20
-3.6704666929133856
11
5.5972047244094485
21
-3.6669063779527558
0
LINE
8
BLACK
6
CONTINUOUS
10
5.5972047244094485
20
-3.6669063779527558
11
5.6001116535433066
21
-3.6639994488188976
0
LINE
8
BLACK
6
CONTINUOUS
10
5.6001116535433066
20
-3.6639994488188976
11
5.6036719685039369
21
-3.6619438976377952
0
LINE
8
BLACK
6
CONTINUOUS
10
5.6036719685039369
20
-3.6619438976377952
11
5.6076429527559055
21
-3.6608798818897639
0
LINE
8
BLACK
6
CONTINUOUS
10
5.6076429527559055
20
-3.6608798818897639
11
5.6117539763779529
21
-3.6608798818897639
0
LINE
8
BLACK
6
CONTINUOUS
10
5.6117539763779529
20
-3.6608798818897639
11
5.6136643700787401
21
-3.6613917322834646
0
LINE
8
BLACK
6
CONTINUOUS
10
5.6136643700787401
20
-3.6613917322834646
11
5.7676109842519683
21
-3.507445118110236
0
LINE
8
BLACK
6
CONTINUOUS
10
5.7676109842519683
20
-3.507445118110236
11
5.7688042125984254
21
-3.5064658661417321
0
LINE
8
BLACK
6
CONTINUOUS
10
5.7688042125984254
20
-3.5064658661417321
11
5.7716426377952752
21
-3.505290157480315
0
LINE
8
BLACK
6
CONTINUOUS
10
5.7716426377952752
20
-3.505290157480315
11
5.7731787795275586
21
-3.5051388582677165
0
LINE
8
BLACK
6
CONTINUOUS
10
5.7731787795275586
20
-3.5051388582677165
11
5.8554594488188974
21
-3.5051388582677165
0
LINE
8
BLACK
6
CONTINUOUS
10
5.8554594488188974
20
-3.5051388582677165
11
6.0136492519685039
21
-3.34694905511811
0
LINE
8
BLACK
6
CONTINUOUS
10
6.0136492519685039
20
-3.34694905511811
11
6.0148424409448822
21
-3.3459698031496061
0
LINE
8
BLACK
6
CONTINUOUS
10
6.0148424409448822
20
-3.3459698031496061
11
6.017680866141732
21
-3.3447940944881891
0
LINE
8
BLACK
6
CONTINUOUS
10
6.017680866141732
20
-3.3447940944881891
11
6.0192170078740155
21
-3.3446427952755906
0
LINE
8
BLACK
6
CONTINUOUS
10
6.0192170078740155
20
-3.3446427952755906
11
6.097686968503937
21
-3.3446427952755906
0
LINE
8
BLACK
6
CONTINUOUS
10
6.097686968503937
20
-3.3446427952755906
11
6.0992231102362204
21
-3.3447940944881891
0
LINE
8
BLACK
6
CONTINUOUS
10
4.7327013385826771
20
-4.026967519685039
11
4.7362616535433073
21
-4.0290230708661419
0
LINE
8
BLACK
6
CONTINUOUS
10
4.7362616535433073
20
-4.0290230708661419
11
4.7391685826771655
21
-4.03193
0
LINE
8
BLACK
6
CONTINUOUS
10
4.7391685826771655
20
-4.03193
11
4.7412241338582675
21
-4.0354903149606303
0
LINE
8
BLACK
6
CONTINUOUS
10
4.7412241338582675
20
-4.0354903149606303
11
4.7422881496062992
21
-4.039461299212598
0
LINE
8
BLACK
6
CONTINUOUS
10
4.7422881496062992
20
-4.039461299212598
11
4.7422881496062992
21
-4.0435723228346454
0
LINE
8
BLACK
6
CONTINUOUS
10
4.7422881496062992
20
-4.0435723228346454
11
4.7412241338582675
21
-4.047543307086614
0
LINE
8
BLACK
6
CONTINUOUS
10
4.7412241338582675
20
-4.047543307086614
11
4.7391685826771655
21
-4.0511036220472443
0
LINE
8
BLACK
6
CONTINUOUS
10
4.7391685826771655
20
-4.0511036220472443
11
4.7362616535433073
21
-4.0540105511811024
0
LINE
8
BLACK
6
CONTINUOUS
10
4.7362616535433073
20
-4.0540105511811024
11
4.7327013385826771
21
-4.0560661023622044
0
LINE
8
BLACK
6
CONTINUOUS
10
4.7327013385826771
20
-4.0560661023622044
11
4.7287303543307084
21
-4.0571301181102362
0
LINE
8
BLACK
6
CONTINUOUS
10
4.7287303543307084
20
-4.0571301181102362
11
4.724619330708661
21
-4.0571301181102362
0
LINE
8
BLACK
6
CONTINUOUS
10
4.724619330708661
20
-4.0571301181102362
11
4.7206483464566924
21
-4.0560661023622044
0
LINE
8
BLACK
6
CONTINUOUS
10
4.7206483464566924
20
-4.0560661023622044
11
4.717088031496063
21
-4.0540105511811024
0
LINE
8
BLACK
6
CONTINUOUS
10
4.717088031496063
20
-4.0540105511811024
11
4.7141811023622049
21
-4.0511036220472443
0
LINE
8
BLACK
6
CONTINUOUS
10
4.7141811023622049
20
-4.0511036220472443
11
4.712125551181102
21
-4.047543307086614
0
LINE
8
BLACK
6
CONTINUOUS
10
4.712125551181102
20
-4.047543307086614
11
4.7110615354330712
21
-4.0435723228346454
0
LINE
8
BLACK
6
CONTINUOUS
10
4.7110615354330712
20
-4.0435723228346454
11
4.7110615354330712
21
-4.039461299212598
0
LINE
8
BLACK
6
CONTINUOUS
10
4.7110615354330712
20
-4.039461299212598
11
4.712125551181102
21
-4.0354903149606303
0
LINE
8
BLACK
6
CONTINUOUS
10
4.712125551181102
20
-4.0354903149606303
11
4.7141811023622049
21
-4.03193
0
LINE
8
BLACK
6
CONTINUOUS
10
4.7141811023622049
20
-4.03193
11
4.717088031496063
21
-4.0290230708661419
0
LINE
8
BLACK
6
CONTINUOUS
10
4.717088031496063
20
-4.0290230708661419
11
4.7206483464566924
21
-4.026967519685039
0
LINE
8
BLACK
6
CONTINUOUS
10
4.7206483464566924
20
-4.026967519685039
11
4.724619330708661
21
-4.0259035039370081
0
LINE
8
BLACK
6
CONTINUOUS
10
4.724619330708661
20
-4.0259035039370081
11
4.7287303543307084
21
-4.0259035039370081
0
LINE
8
BLACK
6
CONTINUOUS
10
4.7287303543307084
20
-4.0259035039370081
11
4.7327013385826771
21
-4.026967519685039
0
LINE
8
BLACK
6
CONTINUOUS
10
5.3937013385826766
20
-4.0245656692913387
11
5.3972616535433069
21
-4.0266212204724408
0
LINE
8
BLACK
6
CONTINUOUS
10
5.3972616535433069
20
-4.0266212204724408
11
5.400168582677165
21
-4.0295281496062989
0
LINE
8
BLACK
6
CONTINUOUS
10
5.400168582677165
20
-4.0295281496062989
11
5.4022241338582679
21
-4.0330884645669292
0
LINE
8
BLACK
6
CONTINUOUS
10
5.4022241338582679
20
-4.0330884645669292
11
5.4032881496062988
21
-4.0370594488188978
0
LINE
8
BLACK
6
CONTINUOUS
10
5.4032881496062988
20
-4.0370594488188978
11
5.4032881496062988
21
-4.0411704724409452
0
LINE
8
BLACK
6
CONTINUOUS
10
5.4032881496062988
20
-4.0411704724409452
11
5.4022241338582679
21
-4.0451414566929129
0
LINE
8
BLACK
6
CONTINUOUS
10
5.4022241338582679
20
-4.0451414566929129
11
5.400168582677165
21
-4.0487017716535432
0
LINE
8
BLACK
6
CONTINUOUS
10
5.400168582677165
20
-4.0487017716535432
11
5.3972616535433069
21
-4.0516087007874013
0
LINE
8
BLACK
6
CONTINUOUS
10
5.3972616535433069
20
-4.0516087007874013
11
5.3937013385826766
21
-4.0536642519685042
0
LINE
8
BLACK
6
CONTINUOUS
10
5.3937013385826766
20
-4.0536642519685042
11
5.3897303543307089
21
-4.0547282677165351
0
LINE
8
BLACK
6
CONTINUOUS
10
5.3897303543307089
20
-4.0547282677165351
11
5.3856193307086615
21
-4.0547282677165351
0
LINE
8
BLACK
6
CONTINUOUS
10
5.3856193307086615
20
-4.0547282677165351
11
5.3816483464566929
21
-4.0536642519685042
0
LINE
8
BLACK
6
CONTINUOUS
10
5.3816483464566929
20
-4.0536642519685042
11
5.3780880314960626
21
-4.0516087007874013
0
LINE
8
BLACK
6
CONTINUOUS
10
5.3780880314960626
20
-4.0516087007874013
11
5.3751811023622045
21
-4.0487017716535432
0
LINE
8
BLACK
6
CONTINUOUS
10
5.3751811023622045
20
-4.0487017716535432
11
5.3731255511811025
21
-4.0451414566929129
0
LINE
8
BLACK
6
CONTINUOUS
10
5.3731255511811025
20
-4.0451414566929129
11
5.3720615354330707
21
-4.0411704724409452
0
LINE
8
BLACK
6
CONTINUOUS
10
5.3720615354330707
20
-4.0411704724409452
11
5.3720615354330707
21
-4.0370594488188978
0
LINE
8
BLACK
6
CONTINUOUS
10
5.3720615354330707
20
-4.0370594488188978
11
5.3731255511811025
21
-4.0330884645669292
0
LINE
8
BLACK
6
CONTINUOUS
10
5.3731255511811025
20
-4.0330884645669292
11
5.3751811023622045
21
-4.0295281496062989
0
LINE
8
BLACK
6
CONTINUOUS
10
5.3751811023622045
20
-4.0295281496062989
11
5.3780880314960626
21
-4.0266212204724408
0
LINE
8
BLACK
6
CONTINUOUS
10
5.3780880314960626
20
-4.0266212204724408
11
5.3816483464566929
21
-4.0245656692913387
0
LINE
8
BLACK
6
CONTINUOUS
10
5.3816483464566929
20
-4.0245656692913387
11
5.3856193307086615
21
-4.023501653543307
0
LINE
8
BLACK
6
CONTINUOUS
10
5.3856193307086615
20
-4.023501653543307
11
5.3897303543307089
21
-4.023501653543307
0
LINE
8
BLACK
6
CONTINUOUS
10
5.3897303543307089
20
-4.023501653543307
11
5.3937013385826766
21
-4.0245656692913387
0
LINE
8
BLACK
6
CONTINUOUS
10
6.0161330708661414
20
-3.5881343307086615
11
6.0179344488188979
21
-3.5902132283464567
0
LINE
8
BLACK
6
CONTINUOUS
10
6.0179344488188979
20
-3.5902132283464567
11
6.0183756299212599
21
-3.5922412204724408
0
LINE
8
BLACK
6
CONTINUOUS
10
6.0183756299212599
20
-3.5922412204724408
11
6.0183756299212599
21
-3.7133593307086614
0
LINE
8
BLACK
6
CONTINUOUS
10
6.0183756299212599
20
-3.7133593307086614
11
6.2202428740157476
21
-3.7133593307086614
0
LINE
8
BLACK
6
CONTINUOUS
10
6.2202428740157476
20
-3.7133593307086614
11
6.2228822047244092
21
-3.7141343307086614
0
LINE
8
BLACK
6
CONTINUOUS
10
6.2228822047244092
20
-3.7141343307086614
11
6.2246835826771649
21
-3.7162132283464566
0
LINE
8
BLACK
6
CONTINUOUS
10
6.2246835826771649
20
-3.7162132283464566
11
6.2250829921259845
21
-3.7176040157480315
0
LINE
8
BLACK
6
CONTINUOUS
10
6.2250829921259845
20
-3.7176040157480315
11
6.2257628740157482
21
-3.7227685433070867
0
LINE
8
BLACK
6
CONTINUOUS
10
6.2257628740157482
20
-3.7227685433070867
11
6.2257629527559057
21
-3.72276874015748
0
LINE
8
BLACK
6
CONTINUOUS
10
6.2257629527559057
20
-3.72276874015748
11
6.226004015748031
21
-3.723350708661417
0
LINE
8
BLACK
6
CONTINUOUS
10
6.226004015748031
20
-3.723350708661417
11
6.22637562992126
21
-3.7252188976377951
0
LINE
8
BLACK
6
CONTINUOUS
10
6.22637562992126
20
-3.7252188976377951
11
6.22637562992126
21
-3.8193592913385825
0
LINE
8
BLACK
6
CONTINUOUS
10
6.22637562992126
20
-3.8193592913385825
11
6.2263756692913388
21
-3.8193593307086613
0
LINE
8
BLACK
6
CONTINUOUS
10
6.2263756692913388
20
-3.8193593307086613
11
6.2263757086614175
21
-3.8193593307086613
0
LINE
8
BLACK
6
CONTINUOUS
10
6.2263757086614175
20
-3.8193593307086613
11
6.3303874409448815
21
-3.8193593307086613
0
LINE
8
BLACK
6
CONTINUOUS
10
6.3303874409448815
20
-3.8193593307086613
11
6.3330267716535431
21
-3.8201343307086613
0
LINE
8
BLACK
6
CONTINUOUS
10
6.3330267716535431
20
-3.8201343307086613
11
6.3348281496062988
21
-3.8222132283464565
0
LINE
8
BLACK
6
CONTINUOUS
10
6.3348281496062988
20
-3.8222132283464565
11
6.3352693307086616
21
-3.824241220472441
0
LINE
8
BLACK
6
CONTINUOUS
10
6.3352693307086616
20
-3.824241220472441
11
6.3352693307086616
21
-4.0464435039370077
0
LINE
8
BLACK
6
CONTINUOUS
10
6.3352693307086616
20
-4.0464435039370077
11
6.3344943307086616
21
-4.0490828346456693
0
LINE
8
BLACK
6
CONTINUOUS
10
6.3344943307086616
20
-4.0490828346456693
11
6.3338394488188978
21
-4.0498955118110231
0
LINE
8
BLACK
6
CONTINUOUS
10
6.3338394488188978
20
-4.0498955118110231
11
6.3338055118110237
21
-4.0499294488188973
0
LINE
8
BLACK
6
CONTINUOUS
10
6.3338055118110237
20
-4.0499294488188973
11
6.3313912204724412
21
-4.0512477559055116
0
LINE
8
BLACK
6
CONTINUOUS
10
6.3313912204724412
20
-4.0512477559055116
11
6.3303535039370074
21
-4.0513593307086611
0
LINE
8
BLACK
6
CONTINUOUS
10
6.3303535039370074
20
-4.0513593307086611
11
6.1403977559055116
21
-4.0513593307086611
0
LINE
8
BLACK
6
CONTINUOUS
10
6.1403977559055116
20
-4.0513593307086611
11
6.13775842519685
21
-4.0505843307086611
0
LINE
8
BLACK
6
CONTINUOUS
10
6.13775842519685
20
-4.0505843307086611
11
6.1369457480314962
21
-4.0499294488188973
0
LINE
8
BLACK
6
CONTINUOUS
10
6.1369457480314962
20
-4.0499294488188973
11
6.0883756299212601
21
-4.0013593307086612
0
LINE
8
BLACK
6
CONTINUOUS
10
6.0883756299212601
20
-4.0013593307086612
11
5.8145570472440946
21
-4.0013593307086612
0
LINE
8
BLACK
6
CONTINUOUS
10
5.8145570472440946
20
-4.0013593307086612
11
5.811917716535433
21
-4.0005843307086613
0
LINE
8
BLACK
6
CONTINUOUS
10
5.811917716535433
20
-4.0005843307086613
11
5.8101163385826773
21
-3.998505433070866
0
LINE
8
BLACK
6
CONTINUOUS
10
5.8101163385826773
20
-3.998505433070866
11
5.8096751574803145
21
-3.996477125984252
0
LINE
8
BLACK
6
CONTINUOUS
10
5.8096751574803145
20
-3.996477125984252
11
5.8096778740157475
21
-3.9526146456692914
0
LINE
8
BLACK
6
CONTINUOUS
10
5.8096778740157475
20
-3.9526146456692914
11
5.8104530314960625
21
-3.9499753543307086
0
LINE
8
BLACK
6
CONTINUOUS
10
5.8104530314960625
20
-3.9499753543307086
11
5.812532047244094
21
-3.9481740944881887
0
LINE
8
BLACK
6
CONTINUOUS
10
5.812532047244094
20
-3.9481740944881887
11
5.8152548425196846
21
-3.9477827952755904
0
LINE
8
BLACK
6
CONTINUOUS
10
5.8152548425196846
20
-3.9477827952755904
11
5.8164277165354328
21
-3.9481045669291337
0
LINE
8
BLACK
6
CONTINUOUS
10
5.8164277165354328
20
-3.9481045669291337
11
5.8175031102362205
21
-3.9485500393700788
0
LINE
8
BLACK
6
CONTINUOUS
10
5.8175031102362205
20
-3.9485500393700788
11
5.8205889763779526
21
-3.9489562992125982
0
LINE
8
BLACK
6
CONTINUOUS
10
5.8205889763779526
20
-3.9489562992125982
11
5.8236748031496059
21
-3.949362559055118
0
LINE
8
BLACK
6
CONTINUOUS
10
5.8236748031496059
20
-3.949362559055118
11
5.8236748425196847
21
-3.949362559055118
0
LINE
8
BLACK
6
CONTINUOUS
10
5.8236748425196847
20
-3.949362559055118
11
5.8236748818897635
21
-3.949362559055118
0
LINE
8
BLACK
6
CONTINUOUS
10
5.8236748818897635
20
-3.949362559055118
11
5.8257320866141731
21
-3.9490916929133859
0
LINE
8
BLACK
6
CONTINUOUS
10
5.8257320866141731
20
-3.9490916929133859
11
5.8298465748031498
21
-3.9485500393700788
0
LINE
8
BLACK
6
CONTINUOUS
10
5.8298465748031498
20
-3.9485500393700788
11
5.8355977165354327
21
-3.946167834645669
0
LINE
8
BLACK
6
CONTINUOUS
10
5.8355977165354327
20
-3.946167834645669
11
5.8405363385826767
21
-3.9423783070866141
0
LINE
8
BLACK
6
CONTINUOUS
10
5.8405363385826767
20
-3.9423783070866141
11
5.8443258661417321
21
-3.93743968503937
0
LINE
8
BLACK
6
CONTINUOUS
10
5.8443258661417321
20
-3.93743968503937
11
5.8467080708661419
21
-3.9316885433070867
0
LINE
8
BLACK
6
CONTINUOUS
10
5.8467080708661419
20
-3.9316885433070867
11
5.8475205905511807
21
-3.925516811023622
0
LINE
8
BLACK
6
CONTINUOUS
10
5.8475205905511807
20
-3.925516811023622
11
5.8467080708661419
21
-3.9193450787401574
0
LINE
8
BLACK
6
CONTINUOUS
10
5.8467080708661419
20
-3.9193450787401574
11
5.8443258661417321
21
-3.9135939370078741
0
LINE
8
BLACK
6
CONTINUOUS
10
5.8443258661417321
20
-3.9135939370078741
11
5.8405363385826767
21
-3.90865531496063
0
LINE
8
BLACK
6
CONTINUOUS
10
5.8405363385826767
20
-3.90865531496063
11
5.8405362598425192
21
-3.9086552755905513
0
LINE
8
BLACK
6
CONTINUOUS
10
5.8405362598425192
20
-3.9086552755905513
11
5.8405362598425192
21
-3.9086552362204725
0
LINE
8
BLACK
6
CONTINUOUS
10
5.8405362598425192
20
-3.9086552362204725
11
5.8391392913385829
21
-3.9075833070866142
0
LINE
8
BLACK
6
CONTINUOUS
10
5.8391392913385829
20
-3.9075833070866142
11
5.8379322834645668
21
-3.9066571653543307
0
LINE
8
BLACK
6
CONTINUOUS
10
5.8379322834645668
20
-3.9066571653543307
11
5.8363101574803151
21
-3.9044356299212599
0
LINE
8
BLACK
6
CONTINUOUS
10
5.8363101574803151
20
-3.9044356299212599
11
5.8361465748031494
21
-3.9016897244094486
0
LINE
8
BLACK
6
CONTINUOUS
10
5.8361465748031494
20
-3.9016897244094486
11
5.8374935039370079
21
-3.8992912992125985
0
LINE
8
BLACK
6
CONTINUOUS
10
5.8374935039370079
20
-3.8992912992125985
11
5.8379320866141731
21
-3.8989112204724408
0
LINE
8
BLACK
6
CONTINUOUS
10
5.8379320866141731
20
-3.8989112204724408
11
5.8425363385826774
21
-3.8953783070866139
0
LINE
8
BLACK
6
CONTINUOUS
10
5.8425363385826774
20
-3.8953783070866139
11
5.8463258661417319
21
-3.8904396850393699
0
LINE
8
BLACK
6
CONTINUOUS
10
5.8463258661417319
20
-3.8904396850393699
11
5.8487080708661416
21
-3.8846885433070866
0
LINE
8
BLACK
6
CONTINUOUS
10
5.8487080708661416
20
-3.8846885433070866
11
5.8495205905511813
21
-3.8785168110236219
0
LINE
8
BLACK
6
CONTINUOUS
10
5.8495205905511813
20
-3.8785168110236219
11
5.8487080708661416
21
-3.8723450787401572
0
LINE
8
BLACK
6
CONTINUOUS
10
5.8487080708661416
20
-3.8723450787401572
11
5.8463258661417319
21
-3.8665939370078739
0
LINE
8
BLACK
6
CONTINUOUS
10
5.8463258661417319
20
-3.8665939370078739
11
5.8425363385826774
21
-3.8616553149606299
0
LINE
8
BLACK
6
CONTINUOUS
10
5.8425363385826774
20
-3.8616553149606299
11
5.8375977165354334
21
-3.8578657874015749
0
LINE
8
BLACK
6
CONTINUOUS
10
5.8375977165354334
20
-3.8578657874015749
11
5.8356252755905507
21
-3.8570487795275588
0
LINE
8
BLACK
6
CONTINUOUS
10
5.8356252755905507
20
-3.8570487795275588
11
5.8318465748031496
21
-3.8554835826771652
0
LINE
8
BLACK
6
CONTINUOUS
10
5.8318465748031496
20
-3.8554835826771652
11
5.8318464960629921
21
-3.8554835433070864
0
LINE
8
BLACK
6
CONTINUOUS
10
5.8318464960629921
20
-3.8554835433070864
11
5.8256748818897632
21
-3.8546710629921259
0
LINE
8
BLACK
6
CONTINUOUS
10
5.8256748818897632
20
-3.8546710629921259
11
5.8256748031496057
21
-3.8546710629921259
0
LINE
8
BLACK
6
CONTINUOUS
10
5.8256748031496057
20
-3.8546710629921259
11
5.819503149606299
21
-3.8554835433070864
0
LINE
8
BLACK
6
CONTINUOUS
10
5.819503149606299
20
-3.8554835433070864
11
5.8195031102362202
21
-3.8554835826771652
0
LINE
8
BLACK
6
CONTINUOUS
10
5.8195031102362202
20
-3.8554835826771652
11
5.8164341338582677
21
-3.8567547637795276
0
LINE
8
BLACK
6
CONTINUOUS
10
5.8164341338582677
20
-3.8567547637795276
11
5.8136991338582673
21
-3.8570487795275588
0
LINE
8
BLACK
6
CONTINUOUS
10
5.8136991338582673
20
-3.8570487795275588
11
5.8112393307086609
21
-3.855817440944882
0
LINE
8
BLACK
6
CONTINUOUS
10
5.8112393307086609
20
-3.855817440944882
11
5.8098357086614172
21
-3.8534516929133855
0
LINE
8
BLACK
6
CONTINUOUS
10
5.8098357086614172
20
-3.8534516929133855
11
5.8096841338582674
21
-3.8522446456692911
0
LINE
8
BLACK
6
CONTINUOUS
10
5.8096841338582674
20
-3.8522446456692911
11
5.8096893700787398
21
-3.7685528346456691
0
LINE
8
BLACK
6
CONTINUOUS
10
5.8096893700787398
20
-3.7685528346456691
11
5.8093903937007871
21
-3.7682538582677165
0
LINE
8
BLACK
6
CONTINUOUS
10
5.8093903937007871
20
-3.7682538582677165
11
5.8073348425196851
21
-3.7646935433070867
0
LINE
8
BLACK
6
CONTINUOUS
10
5.8073348425196851
20
-3.7646935433070867
11
5.8062708267716534
21
-3.7607225590551181
0
LINE
8
BLACK
6
CONTINUOUS
10
5.8062708267716534
20
-3.7607225590551181
11
5.8062708267716534
21
-3.7566115354330707
0
LINE
8
BLACK
6
CONTINUOUS
10
5.8062708267716534
20
-3.7566115354330707
11
5.8073348425196851
21
-3.7526405511811021
0
LINE
8
BLACK
6
CONTINUOUS
10
5.8073348425196851
20
-3.7526405511811021
11
5.8093903937007871
21
-3.7490802362204723
0
LINE
8
BLACK
6
CONTINUOUS
10
5.8093903937007871
20
-3.7490802362204723
11
5.8098769291338579
21
-3.7485936614173228
0
LINE
8
BLACK
6
CONTINUOUS
10
5.8098769291338579
20
-3.7485936614173228
11
5.8104657086614173
21
-3.746589094488189
0
LINE
8
BLACK
6
CONTINUOUS
10
5.8104657086614173
20
-3.746589094488189
11
5.8111200787401573
21
-3.7457770866141731
0
LINE
8
BLACK
6
CONTINUOUS
10
5.8111200787401573
20
-3.7457770866141731
11
5.8434059448818898
21
-3.7134912598425198
0
LINE
8
BLACK
6
CONTINUOUS
10
5.8434059448818898
20
-3.7134912598425198
11
5.8434059448818898
21
-3.7134912204724411
0
LINE
8
BLACK
6
CONTINUOUS
10
5.8434059448818898
20
-3.7134912204724411
11
5.8436842125984247
21
-3.713212992125984
0
LINE
8
BLACK
6
CONTINUOUS
10
5.8436842125984247
20
-3.713212992125984
11
5.8436844094488185
21
-3.7132127165354332
0
LINE
8
BLACK
6
CONTINUOUS
10
5.8436844094488185
20
-3.7132127165354332
11
5.8442943700787398
21
-3.7126027952755907
0
LINE
8
BLACK
6
CONTINUOUS
10
5.8442943700787398
20
-3.7126027952755907
11
5.8446903937007875
21
-3.7118254724409447
0
LINE
8
BLACK
6
CONTINUOUS
10
5.8446903937007875
20
-3.7118254724409447
11
5.8450903937007874
21
-3.7111727165354331
0
LINE
8
BLACK
6
CONTINUOUS
10
5.8450903937007874
20
-3.7111727165354331
11
5.8456032677165357
21
-3.7104668503937006
0
LINE
8
BLACK
6
CONTINUOUS
10
5.8456032677165357
20
-3.7104668503937006
11
5.8458727952755902
21
-3.709637244094488
0
LINE
8
BLACK
6
CONTINUOUS
10
5.8458727952755902
20
-3.709637244094488
11
5.8461659448818892
21
-3.7089296062992125
0
LINE
8
BLACK
6
CONTINUOUS
10
5.8461659448818892
20
-3.7089296062992125
11
5.8465618897637794
21
-3.7081525196850391
0
LINE
8
BLACK
6
CONTINUOUS
10
5.8465618897637794
20
-3.7081525196850391
11
5.8465619291338582
21
-3.7081524803149604
0
LINE
8
BLACK
6
CONTINUOUS
10
5.8465619291338582
20
-3.7081524803149604
11
5.8466983858267714
21
-3.7072907480314958
0
LINE
8
BLACK
6
CONTINUOUS
10
5.8466983858267714
20
-3.7072907480314958
11
5.8468770866141728
21
-3.7065464173228344
0
LINE
8
BLACK
6
CONTINUOUS
10
5.8468770866141728
20
-3.7065464173228344
11
5.8471467322834645
21
-3.7057166141732281
0
LINE
8
BLACK
6
CONTINUOUS
10
5.8471467322834645
20
-3.7057166141732281
11
5.8471467322834645
21
-3.7007218897637792
0
LINE
8
BLACK
6
CONTINUOUS
10
5.8471467322834645
20
-3.7007218897637792
11
5.8471467322834645
21
-3.6558051181102362
0
LINE
8
BLACK
6
CONTINUOUS
10
5.8471467322834645
20
-3.6558051181102362
11
5.8479217322834645
21
-3.6531657874015746
0
LINE
8
BLACK
6
CONTINUOUS
10
5.8479217322834645
20
-3.6531657874015746
11
5.8481555511811019
21
-3.6528331889763779
0
LINE
8
BLACK
6
CONTINUOUS
10
5.8481555511811019
20
-3.6528331889763779
11
5.8482403937007872
21
-3.652722559055118
0
LINE
8
BLACK
6
CONTINUOUS
10
5.8482403937007872
20
-3.652722559055118
11
5.8482405118110234
21
-3.6527225196850392
0
LINE
8
BLACK
6
CONTINUOUS
10
5.8482405118110234
20
-3.6527225196850392
11
5.8520300393700788
21
-3.6477838976377952
0
LINE
8
BLACK
6
CONTINUOUS
10
5.8520300393700788
20
-3.6477838976377952
11
5.8544122440944877
21
-3.6420327559055119
0
LINE
8
BLACK
6
CONTINUOUS
10
5.8544122440944877
20
-3.6420327559055119
11
5.8552247637795274
21
-3.6358610236220472
0
LINE
8
BLACK
6
CONTINUOUS
10
5.8552247637795274
20
-3.6358610236220472
11
5.8544122440944877
21
-3.6296892913385825
0
LINE
8
BLACK
6
CONTINUOUS
10
5.8544122440944877
20
-3.6296892913385825
11
5.8520300393700788
21
-3.6239381496062992
0
LINE
8
BLACK
6
CONTINUOUS
10
5.8520300393700788
20
-3.6239381496062992
11
5.8482405118110234
21
-3.6189995275590552
0
LINE
8
BLACK
6
CONTINUOUS
10
5.8482405118110234
20
-3.6189995275590552
11
5.8433018897637794
21
-3.6152099999999998
0
LINE
8
BLACK
6
CONTINUOUS
10
5.8433018897637794
20
-3.6152099999999998
11
5.8433018110236219
21
-3.6152099606299211
0
LINE
8
BLACK
6
CONTINUOUS
10
5.8433018110236219
20
-3.6152099606299211
11
5.8431496850393696
21
-3.6150932283464567
0
LINE
8
BLACK
6
CONTINUOUS
10
5.8431496850393696
20
-3.6150932283464567
11
5.8415275590551179
21
-3.6128716535433072
0
LINE
8
BLACK
6
CONTINUOUS
10
5.8415275590551179
20
-3.6128716535433072
11
5.841363976377953
21
-3.6101257480314959
0
LINE
8
BLACK
6
CONTINUOUS
10
5.841363976377953
20
-3.6101257480314959
11
5.8427109055118107
21
-3.6077272834645671
0
LINE
8
BLACK
6
CONTINUOUS
10
5.8427109055118107
20
-3.6077272834645671
11
5.8440014566929133
21
-3.606822716535433
0
LINE
8
BLACK
6
CONTINUOUS
10
5.8440014566929133
20
-3.606822716535433
11
5.8833709448818894
21
-3.5878436220472438
0
LINE
8
BLACK
6
CONTINUOUS
10
5.8833709448818894
20
-3.5878436220472438
11
5.8854909055118112
21
-3.5873593307086615
0
LINE
8
BLACK
6
CONTINUOUS
10
5.8854909055118112
20
-3.5873593307086615
11
6.0134937401574806
21
-3.5873593307086615
0
LINE
8
BLACK
6
CONTINUOUS
10
6.0134937401574806
20
-3.5873593307086615
11
6.0161330708661414
21
-3.5881343307086615
0
LINE
8
BLACK
6
CONTINUOUS
10
5.8297013385826775
20
-3.9109675196850393
11
5.8332616535433068
21
-3.9130230708661418
0
LINE
8
BLACK
6
CONTINUOUS
10
5.8332616535433068
20
-3.9130230708661418
11
5.836168582677165
21
-3.9159299999999999
0
LINE
8
BLACK
6
CONTINUOUS
10
5.836168582677165
20
-3.9159299999999999
11
5.8382241338582679
21
-3.9194903149606297
0
LINE
8
BLACK
6
CONTINUOUS
10
5.8382241338582679
20
-3.9194903149606297
11
5.8392881496062987
21
-3.9234612992125983
0
LINE
8
BLACK
6
CONTINUOUS
10
5.8392881496062987
20
-3.9234612992125983
11
5.8392881496062987
21
-3.9275723228346457
0
LINE
8
BLACK
6
CONTINUOUS
10
5.8392881496062987
20
-3.9275723228346457
11
5.8382241338582679
21
-3.9315433070866139
0
LINE
8
BLACK
6
CONTINUOUS
10
5.8382241338582679
20
-3.9315433070866139
11
5.836168582677165
21
-3.9351036220472442
0
LINE
8
BLACK
6
CONTINUOUS
10
5.836168582677165
20
-3.9351036220472442
11
5.8332616535433068
21
-3.9380105511811023
0
LINE
8
BLACK
6
CONTINUOUS
10
5.8332616535433068
20
-3.9380105511811023
11
5.8297013385826775
21
-3.9400661023622048
0
LINE
8
BLACK
6
CONTINUOUS
10
5.8297013385826775
20
-3.9400661023622048
11
5.8257303543307088
21
-3.9411301181102361
0
LINE
8
BLACK
6
CONTINUOUS
10
5.8257303543307088
20
-3.9411301181102361
11
5.8216193307086614
21
-3.9411301181102361
0
LINE
8
BLACK
6
CONTINUOUS
10
5.8216193307086614
20
-3.9411301181102361
11
5.8176483464566928
21
-3.9400661023622048
0
LINE
8
BLACK
6
CONTINUOUS
10
5.8176483464566928
20
-3.9400661023622048
11
5.8140880314960626
21
-3.9380105511811023
0
LINE
8
BLACK
6
CONTINUOUS
10
5.8140880314960626
20
-3.9380105511811023
11
5.8111811023622044
21
-3.9351036220472442
0
LINE
8
BLACK
6
CONTINUOUS
10
5.8111811023622044
20
-3.9351036220472442
11
5.8091255511811024
21
-3.9315433070866139
0
LINE
8
BLACK
6
CONTINUOUS
10
5.8091255511811024
20
-3.9315433070866139
11
5.8080615354330707
21
-3.9275723228346457
0
LINE
8
BLACK
6
CONTINUOUS
10
5.8080615354330707
20
-3.9275723228346457
11
5.8080615354330707
21
-3.9234612992125983
0
LINE
8
BLACK
6
CONTINUOUS
10
5.8080615354330707
20
-3.9234612992125983
11
5.8091255511811024
21
-3.9194903149606297
0
LINE
8
BLACK
6
CONTINUOUS
10
5.8091255511811024
20
-3.9194903149606297
11
5.8111811023622044
21
-3.9159299999999999
0
LINE
8
BLACK
6
CONTINUOUS
10
5.8111811023622044
20
-3.9159299999999999
11
5.8140880314960626
21
-3.9130230708661418
0
LINE
8
BLACK
6
CONTINUOUS
10
5.8140880314960626
20
-3.9130230708661418
11
5.8176483464566928
21
-3.9109675196850393
0
LINE
8
BLACK
6
CONTINUOUS
10
5.8176483464566928
20
-3.9109675196850393
11
5.8216193307086614
21
-3.9099035039370076
0
LINE
8
BLACK
6
CONTINUOUS
10
5.8216193307086614
20
-3.9099035039370076
11
5.8257303543307088
21
-3.9099035039370076
0
LINE
8
BLACK
6
CONTINUOUS
10
5.8257303543307088
20
-3.9099035039370076
11
5.8297013385826775
21
-3.9109675196850393
0
LINE
8
BLACK
6
CONTINUOUS
10
4.450701338582677
20
-3.8789675196850393
11
4.4542616535433073
21
-3.8810230708661417
0
LINE
8
BLACK
6
CONTINUOUS
10
4.4542616535433073
20
-3.8810230708661417
11
4.4571685826771654
21
-3.8839299999999999
0
LINE
8
BLACK
6
CONTINUOUS
10
4.4571685826771654
20
-3.8839299999999999
11
4.4592241338582674
21
-3.8874903149606297
0
LINE
8
BLACK
6
CONTINUOUS
10
4.4592241338582674
20
-3.8874903149606297
11
4.4602881496062992
21
-3.8914612992125983
0
LINE
8
BLACK
6
CONTINUOUS
10
4.4602881496062992
20
-3.8914612992125983
11
4.4602881496062992
21
-3.8955723228346457
0
LINE
8
BLACK
6
CONTINUOUS
10
4.4602881496062992
20
-3.8955723228346457
11
4.4592241338582674
21
-3.8995433070866139
0
LINE
8
BLACK
6
CONTINUOUS
10
4.4592241338582674
20
-3.8995433070866139
11
4.4571685826771654
21
-3.9031036220472441
0
LINE
8
BLACK
6
CONTINUOUS
10
4.4571685826771654
20
-3.9031036220472441
11
4.4542616535433073
21
-3.9060105511811023
0
LINE
8
BLACK
6
CONTINUOUS
10
4.4542616535433073
20
-3.9060105511811023
11
4.450701338582677
21
-3.9080661023622048
0
LINE
8
BLACK
6
CONTINUOUS
10
4.450701338582677
20
-3.9080661023622048
11
4.4467303543307084
21
-3.909130118110236
0
LINE
8
BLACK
6
CONTINUOUS
10
4.4467303543307084
20
-3.909130118110236
11
4.442619330708661
21
-3.909130118110236
0
LINE
8
BLACK
6
CONTINUOUS
10
4.442619330708661
20
-3.909130118110236
11
4.4386483464566924
21
-3.9080661023622048
0
LINE
8
BLACK
6
CONTINUOUS
10
4.4386483464566924
20
-3.9080661023622048
11
4.435088031496063
21
-3.9060105511811023
0
LINE
8
BLACK
6
CONTINUOUS
10
4.435088031496063
20
-3.9060105511811023
11
4.4321811023622049
21
-3.9031036220472441
0
LINE
8
BLACK
6
CONTINUOUS
10
4.4321811023622049
20
-3.9031036220472441
11
4.430125551181102
21
-3.8995433070866139
0
LINE
8
BLACK
6
CONTINUOUS
10
4.430125551181102
20
-3.8995433070866139
11
4.4290615354330711
21
-3.8955723228346457
0
LINE
8
BLACK
6
CONTINUOUS
10
4.4290615354330711
20
-3.8955723228346457
11
4.4290615354330711
21
-3.8914612992125983
0
LINE
8
BLACK
6
CONTINUOUS
10
4.4290615354330711
20
-3.8914612992125983
11
4.430125551181102
21
-3.8874903149606297
0
LINE
8
BLACK
6
CONTINUOUS
10
4.430125551181102
20
-3.8874903149606297
11
4.4321811023622049
21
-3.8839299999999999
0
LINE
8
BLACK
6
CONTINUOUS
10
4.4321811023622049
20
-3.8839299999999999
11
4.435088031496063
21
-3.8810230708661417
0
LINE
8
BLACK
6
CONTINUOUS
10
4.435088031496063
20
-3.8810230708661417
11
4.4386483464566924
21
-3.8789675196850393
0
LINE
8
BLACK
6
CONTINUOUS
10
4.4386483464566924
20
-3.8789675196850393
11
4.442619330708661
21
-3.877903503937008
0
LINE
8
BLACK
6
CONTINUOUS
10
4.442619330708661
20
-3.877903503937008
11
4.4467303543307084
21
-3.877903503937008
0
LINE
8
BLACK
6
CONTINUOUS
10
4.4467303543307084
20
-3.877903503937008
11
4.450701338582677
21
-3.8789675196850393
0
LINE
8
BLACK
6
CONTINUOUS
10
5.8317013385826773
20
-3.8639675196850392
11
5.8352616535433066
21
-3.8660230708661416
0
LINE
8
BLACK
6
CONTINUOUS
10
5.8352616535433066
20
-3.8660230708661416
11
5.8381685826771657
21
-3.8689299999999998
0
LINE
8
BLACK
6
CONTINUOUS
10
5.8381685826771657
20
-3.8689299999999998
11
5.8402241338582677
21
-3.87249031496063
0
LINE
8
BLACK
6
CONTINUOUS
10
5.8402241338582677
20
-3.87249031496063
11
5.8412881496062994
21
-3.8764612992125982
0
LINE
8
BLACK
6
CONTINUOUS
10
5.8412881496062994
20
-3.8764612992125982
11
5.8412881496062994
21
-3.8805723228346456
0
LINE
8
BLACK
6
CONTINUOUS
10
5.8412881496062994
20
-3.8805723228346456
11
5.8402241338582677
21
-3.8845433070866142
0
LINE
8
BLACK
6
CONTINUOUS
10
5.8402241338582677
20
-3.8845433070866142
11
5.8381685826771657
21
-3.888103622047244
0
LINE
8
BLACK
6
CONTINUOUS
10
5.8381685826771657
20
-3.888103622047244
11
5.8352616535433066
21
-3.8910105511811022
0
LINE
8
BLACK
6
CONTINUOUS
10
5.8352616535433066
20
-3.8910105511811022
11
5.8317013385826773
21
-3.8930661023622046
0
LINE
8
BLACK
6
CONTINUOUS
10
5.8317013385826773
20
-3.8930661023622046
11
5.8277303543307086
21
-3.8941301181102363
0
LINE
8
BLACK
6
CONTINUOUS
10
5.8277303543307086
20
-3.8941301181102363
11
5.8236193307086612
21
-3.8941301181102363
0
LINE
8
BLACK
6
CONTINUOUS
10
5.8236193307086612
20
-3.8941301181102363
11
5.8196483464566926
21
-3.8930661023622046
0
LINE
8
BLACK
6
CONTINUOUS
10
5.8196483464566926
20
-3.8930661023622046
11
5.8160880314960632
21
-3.8910105511811022
0
LINE
8
BLACK
6
CONTINUOUS
10
5.8160880314960632
20
-3.8910105511811022
11
5.8131811023622042
21
-3.888103622047244
0
LINE
8
BLACK
6
CONTINUOUS
10
5.8131811023622042
20
-3.888103622047244
11
5.8111255511811022
21
-3.8845433070866142
0
LINE
8
BLACK
6
CONTINUOUS
10
5.8111255511811022
20
-3.8845433070866142
11
5.8100615354330705
21
-3.8805723228346456
0
LINE
8
BLACK
6
CONTINUOUS
10
5.8100615354330705
20
-3.8805723228346456
11
5.8100615354330705
21
-3.8764612992125982
0
LINE
8
BLACK
6
CONTINUOUS
10
5.8100615354330705
20
-3.8764612992125982
11
5.8111255511811022
21
-3.87249031496063
0
LINE
8
BLACK
6
CONTINUOUS
10
5.8111255511811022
20
-3.87249031496063
11
5.8131811023622042
21
-3.8689299999999998
0
LINE
8
BLACK
6
CONTINUOUS
10
5.8131811023622042
20
-3.8689299999999998
11
5.8160880314960632
21
-3.8660230708661416
0
LINE
8
BLACK
6
CONTINUOUS
10
5.8160880314960632
20
-3.8660230708661416
11
5.8196483464566926
21
-3.8639675196850392
0
LINE
8
BLACK
6
CONTINUOUS
10
5.8196483464566926
20
-3.8639675196850392
11
5.8236193307086612
21
-3.8629035039370079
0
LINE
8
BLACK
6
CONTINUOUS
10
5.8236193307086612
20
-3.8629035039370079
11
5.8277303543307086
21
-3.8629035039370079
0
LINE
8
BLACK
6
CONTINUOUS
10
5.8277303543307086
20
-3.8629035039370079
11
5.8317013385826773
21
-3.8639675196850392
0
LINE
8
BLACK
6
CONTINUOUS
10
5.0031197637795275
20
-3.8624624409448818
11
5.0066800787401577
21
-3.8645179921259842
0
LINE
8
BLACK
6
CONTINUOUS
10
5.0066800787401577
20
-3.8645179921259842
11
5.0095870078740159
21
-3.8674249212598424
0
LINE
8
BLACK
6
CONTINUOUS
10
5.0095870078740159
20
-3.8674249212598424
11
5.0116425590551179
21
-3.8709852362204722
0
LINE
8
BLACK
6
CONTINUOUS
10
5.0116425590551179
20
-3.8709852362204722
11
5.0127065748031496
21
-3.8749562204724408
0
LINE
8
BLACK
6
CONTINUOUS
10
5.0127065748031496
20
-3.8749562204724408
11
5.0127065748031496
21
-3.8790672440944882
0
LINE
8
BLACK
6
CONTINUOUS
10
5.0127065748031496
20
-3.8790672440944882
11
5.0116425590551179
21
-3.8830382283464564
0
LINE
8
BLACK
6
CONTINUOUS
10
5.0116425590551179
20
-3.8830382283464564
11
5.0095870078740159
21
-3.8865985433070867
0
LINE
8
BLACK
6
CONTINUOUS
10
5.0095870078740159
20
-3.8865985433070867
11
5.0066800787401577
21
-3.8895054724409448
0
LINE
8
BLACK
6
CONTINUOUS
10
5.0066800787401577
20
-3.8895054724409448
11
5.0031197637795275
21
-3.8915610236220473
0
LINE
8
BLACK
6
CONTINUOUS
10
5.0031197637795275
20
-3.8915610236220473
11
4.9991487795275589
21
-3.8926250393700785
0
LINE
8
BLACK
6
CONTINUOUS
10
4.9991487795275589
20
-3.8926250393700785
11
4.9950377559055115
21
-3.8926250393700785
0
LINE
8
BLACK
6
CONTINUOUS
10
4.9950377559055115
20
-3.8926250393700785
11
4.9910667716535428
21
-3.8915610236220473
0
LINE
8
BLACK
6
CONTINUOUS
10
4.9910667716535428
20
-3.8915610236220473
11
4.9875064566929135
21
-3.8895054724409448
0
LINE
8
BLACK
6
CONTINUOUS
10
4.9875064566929135
20
-3.8895054724409448
11
4.9845995275590553
21
-3.8865985433070867
0
LINE
8
BLACK
6
CONTINUOUS
10
4.9845995275590553
20
-3.8865985433070867
11
4.9825439763779524
21
-3.8830382283464564
0
LINE
8
BLACK
6
CONTINUOUS
10
4.9825439763779524
20
-3.8830382283464564
11
4.9814799606299207
21
-3.8790672440944882
0
LINE
8
BLACK
6
CONTINUOUS
10
4.9814799606299207
20
-3.8790672440944882
11
4.9814799606299207
21
-3.8749562204724408
0
LINE
8
BLACK
6
CONTINUOUS
10
4.9814799606299207
20
-3.8749562204724408
11
4.9825439763779524
21
-3.8709852362204722
0
LINE
8
BLACK
6
CONTINUOUS
10
4.9825439763779524
20
-3.8709852362204722
11
4.9845995275590553
21
-3.8674249212598424
0
LINE
8
BLACK
6
CONTINUOUS
10
4.9845995275590553
20
-3.8674249212598424
11
4.9875064566929135
21
-3.8645179921259842
0
LINE
8
BLACK
6
CONTINUOUS
10
4.9875064566929135
20
-3.8645179921259842
11
4.9910667716535428
21
-3.8624624409448818
0
LINE
8
BLACK
6
CONTINUOUS
10
4.9910667716535428
20
-3.8624624409448818
11
4.9950377559055115
21
-3.8613984251968505
0
LINE
8
BLACK
6
CONTINUOUS
10
4.9950377559055115
20
-3.8613984251968505
11
4.9991487795275589
21
-3.8613984251968505
0
LINE
8
BLACK
6
CONTINUOUS
10
4.9991487795275589
20
-3.8613984251968505
11
5.0031197637795275
21
-3.8624624409448818
0
LINE
8
BLACK
6
CONTINUOUS
10
4.2637015748031493
20
-3.7379675196850393
11
4.2672618897637795
21
-3.7400230708661417
0
LINE
8
BLACK
6
CONTINUOUS
10
4.2672618897637795
20
-3.7400230708661417
11
4.2701688188976377
21
-3.7429299999999999
0
LINE
8
BLACK
6
CONTINUOUS
10
4.2701688188976377
20
-3.7429299999999999
11
4.2722243700787397
21
-3.7464903149606297
0
LINE
8
BLACK
6
CONTINUOUS
10
4.2722243700787397
20
-3.7464903149606297
11
4.2732883858267714
21
-3.7504612992125983
0
LINE
8
BLACK
6
CONTINUOUS
10
4.2732883858267714
20
-3.7504612992125983
11
4.2732883858267714
21
-3.7545723228346457
0
LINE
8
BLACK
6
CONTINUOUS
10
4.2732883858267714
20
-3.7545723228346457
11
4.2722243700787397
21
-3.7585433070866139
0
LINE
8
BLACK
6
CONTINUOUS
10
4.2722243700787397
20
-3.7585433070866139
11
4.2701688188976377
21
-3.7621036220472441
0
LINE
8
BLACK
6
CONTINUOUS
10
4.2701688188976377
20
-3.7621036220472441
11
4.2672618897637795
21
-3.7650105511811023
0
LINE
8
BLACK
6
CONTINUOUS
10
4.2672618897637795
20
-3.7650105511811023
11
4.2637015748031493
21
-3.7670661023622047
0
LINE
8
BLACK
6
CONTINUOUS
10
4.2637015748031493
20
-3.7670661023622047
11
4.2597305905511806
21
-3.768130118110236
0
LINE
8
BLACK
6
CONTINUOUS
10
4.2597305905511806
20
-3.768130118110236
11
4.2556195669291341
21
-3.768130118110236
0
LINE
8
BLACK
6
CONTINUOUS
10
4.2556195669291341
20
-3.768130118110236
11
4.2516485826771655
21
-3.7670661023622047
0
LINE
8
BLACK
6
CONTINUOUS
10
4.2516485826771655
20
-3.7670661023622047
11
4.2480882677165352
21
-3.7650105511811023
0
LINE
8
BLACK
6
CONTINUOUS
10
4.2480882677165352
20
-3.7650105511811023
11
4.2451813385826771
21
-3.7621036220472441
0
LINE
8
BLACK
6
CONTINUOUS
10
4.2451813385826771
20
-3.7621036220472441
11
4.2431257874015751
21
-3.7585433070866139
0
LINE
8
BLACK
6
CONTINUOUS
10
4.2431257874015751
20
-3.7585433070866139
11
4.2420617716535434
21
-3.7545723228346457
0
LINE
8
BLACK
6
CONTINUOUS
10
4.2420617716535434
20
-3.7545723228346457
11
4.2420617716535434
21
-3.7504612992125983
0
LINE
8
BLACK
6
CONTINUOUS
10
4.2420617716535434
20
-3.7504612992125983
11
4.2431257874015751
21
-3.7464903149606297
0
LINE
8
BLACK
6
CONTINUOUS
10
4.2431257874015751
20
-3.7464903149606297
11
4.2451813385826771
21
-3.7429299999999999
0
LINE
8
BLACK
6
CONTINUOUS
10
4.2451813385826771
20
-3.7429299999999999
11
4.2480882677165352
21
-3.7400230708661417
0
LINE
8
BLACK
6
CONTINUOUS
10
4.2480882677165352
20
-3.7400230708661417
11
4.2516485826771655
21
-3.7379675196850393
0
LINE
8
BLACK
6
CONTINUOUS
10
4.2516485826771655
20
-3.7379675196850393
11
4.2556195669291341
21
-3.736903503937008
0
LINE
8
BLACK
6
CONTINUOUS
10
4.2556195669291341
20
-3.736903503937008
11
4.2597305905511806
21
-3.736903503937008
0
LINE
8
BLACK
6
CONTINUOUS
10
4.2597305905511806
20
-3.736903503937008
11
4.2637015748031493
21
-3.7379675196850393
0
LINE
8
BLACK
6
CONTINUOUS
10
5.7218288976377956
20
-3.7122977559055119
11
5.7253892125984249
21
-3.7143533070866139
0
LINE
8
BLACK
6
CONTINUOUS
10
5.7253892125984249
20
-3.7143533070866139
11
5.7282961417322831
21
-3.7172602362204725
0
LINE
8
BLACK
6
CONTINUOUS
10
5.7282961417322831
20
-3.7172602362204725
11
5.730351692913386
21
-3.7208205511811023
0
LINE
8
BLACK
6
CONTINUOUS
10
5.730351692913386
20
-3.7208205511811023
11
5.7314157086614168
21
-3.724791535433071
0
LINE
8
BLACK
6
CONTINUOUS
10
5.7314157086614168
20
-3.724791535433071
11
5.7314157086614168
21
-3.7289025590551179
0
LINE
8
BLACK
6
CONTINUOUS
10
5.7314157086614168
20
-3.7289025590551179
11
5.730351692913386
21
-3.7328735433070865
0
LINE
8
BLACK
6
CONTINUOUS
10
5.730351692913386
20
-3.7328735433070865
11
5.7282961417322831
21
-3.7364338582677163
0
LINE
8
BLACK
6
CONTINUOUS
10
5.7282961417322831
20
-3.7364338582677163
11
5.7253892125984249
21
-3.7393407874015749
0
LINE
8
BLACK
6
CONTINUOUS
10
5.7253892125984249
20
-3.7393407874015749
11
5.7218288976377956
21
-3.741396338582677
0
LINE
8
BLACK
6
CONTINUOUS
10
5.7218288976377956
20
-3.741396338582677
11
5.7178579133858269
21
-3.7424603543307087
0
LINE
8
BLACK
6
CONTINUOUS
10
5.7178579133858269
20
-3.7424603543307087
11
5.7137468897637795
21
-3.7424603543307087
0
LINE
8
BLACK
6
CONTINUOUS
10
5.7137468897637795
20
-3.7424603543307087
11
5.7097759055118109
21
-3.741396338582677
0
LINE
8
BLACK
6
CONTINUOUS
10
5.7097759055118109
20
-3.741396338582677
11
5.7062155905511807
21
-3.7393407874015749
0
LINE
8
BLACK
6
CONTINUOUS
10
5.7062155905511807
20
-3.7393407874015749
11
5.7033086614173225
21
-3.7364338582677163
0
LINE
8
BLACK
6
CONTINUOUS
10
5.7033086614173225
20
-3.7364338582677163
11
5.7012531102362205
21
-3.7328735433070865
0
LINE
8
BLACK
6
CONTINUOUS
10
5.7012531102362205
20
-3.7328735433070865
11
5.7001890944881888
21
-3.7289025590551179
0
LINE
8
BLACK
6
CONTINUOUS
10
5.7001890944881888
20
-3.7289025590551179
11
5.7001890944881888
21
-3.724791535433071
0
LINE
8
BLACK
6
CONTINUOUS
10
5.7001890944881888
20
-3.724791535433071
11
5.7012531102362205
21
-3.7208205511811023
0
LINE
8
BLACK
6
CONTINUOUS
10
5.7012531102362205
20
-3.7208205511811023
11
5.7033086614173225
21
-3.7172602362204725
0
LINE
8
BLACK
6
CONTINUOUS
10
5.7033086614173225
20
-3.7172602362204725
11
5.7062155905511807
21
-3.7143533070866139
0
LINE
8
BLACK
6
CONTINUOUS
10
5.7062155905511807
20
-3.7143533070866139
11
5.7097759055118109
21
-3.7122977559055119
0
LINE
8
BLACK
6
CONTINUOUS
10
5.7097759055118109
20
-3.7122977559055119
11
5.7137468897637795
21
-3.7112337401574802
0
LINE
8
BLACK
6
CONTINUOUS
10
5.7137468897637795
20
-3.7112337401574802
11
5.7178579133858269
21
-3.7112337401574802
0
LINE
8
BLACK
6
CONTINUOUS
10
5.7178579133858269
20
-3.7112337401574802
11
5.7218288976377956
21
-3.7122977559055119
0
LINE
8
BLACK
6
CONTINUOUS
10
7.3447013385826772
20
-3.2089675196850393
11
7.3482616535433065
21
-3.2110230708661418
0
LINE
8
BLACK
6
CONTINUOUS
10
7.3482616535433065
20
-3.2110230708661418
11
7.3511685826771656
21
-3.21393
0
LINE
8
BLACK
6
CONTINUOUS
10
7.3511685826771656
20
-3.21393
11
7.3532241338582676
21
-3.2174903149606298
0
LINE
8
BLACK
6
CONTINUOUS
10
7.3532241338582676
20
-3.2174903149606298
11
7.3542881496062993
21
-3.2214612992125984
0
LINE
8
BLACK
6
CONTINUOUS
10
7.3542881496062993
20
-3.2214612992125984
11
7.3542881496062993
21
-3.2255723228346458
0
LINE
8
BLACK
6
CONTINUOUS
10
7.3542881496062993
20
-3.2255723228346458
11
7.3532241338582676
21
-3.229543307086614
0
LINE
8
BLACK
6
CONTINUOUS
10
7.3532241338582676
20
-3.229543307086614
11
7.3511685826771656
21
-3.2331036220472442
0
LINE
8
BLACK
6
CONTINUOUS
10
7.3511685826771656
20
-3.2331036220472442
11
7.3482616535433065
21
-3.2360105511811024
0
LINE
8
BLACK
6
CONTINUOUS
10
7.3482616535433065
20
-3.2360105511811024
11
7.3447013385826772
21
-3.2380661023622048
0
LINE
8
BLACK
6
CONTINUOUS
10
7.3447013385826772
20
-3.2380661023622048
11
7.3407303543307085
21
-3.2391301181102361
0
LINE
8
BLACK
6
CONTINUOUS
10
7.3407303543307085
20
-3.2391301181102361
11
7.3366193307086611
21
-3.2391301181102361
0
LINE
8
BLACK
6
CONTINUOUS
10
7.3366193307086611
20
-3.2391301181102361
11
7.3326483464566925
21
-3.2380661023622048
0
LINE
8
BLACK
6
CONTINUOUS
10
7.3326483464566925
20
-3.2380661023622048
11
7.3290880314960631
21
-3.2360105511811024
0
LINE
8
BLACK
6
CONTINUOUS
10
7.3290880314960631
20
-3.2360105511811024
11
7.326181102362205
21
-3.2331036220472442
0
LINE
8
BLACK
6
CONTINUOUS
10
7.326181102362205
20
-3.2331036220472442
11
7.3251922047244094
21
-3.2313908267716536
0
LINE
8
BLACK
6
CONTINUOUS
10
7.3251922047244094
20
-3.2313908267716536
11
7.0199363779527557
21
-3.2313908267716536
0
LINE
8
BLACK
6
CONTINUOUS
10
7.0199363779527557
20
-3.2313908267716536
11
6.53014437007874
21
-3.7211827559055117
0
LINE
8
BLACK
6
CONTINUOUS
10
6.53014437007874
20
-3.7211827559055117
11
6.5306562598425195
21
-3.7230931889763781
0
LINE
8
BLACK
6
CONTINUOUS
10
6.5306562598425195
20
-3.7230931889763781
11
6.5306562598425195
21
-3.727204212598425
0
LINE
8
BLACK
6
CONTINUOUS
10
6.5306562598425195
20
-3.727204212598425
11
6.5295922440944878
21
-3.7311751968503937
0
LINE
8
BLACK
6
CONTINUOUS
10
6.5295922440944878
20
-3.7311751968503937
11
6.5275366929133858
21
-3.7347355118110235
0
LINE
8
BLACK
6
CONTINUOUS
10
6.5275366929133858
20
-3.7347355118110235
11
6.5246297637795276
21
-3.7376424409448816
0
LINE
8
BLACK
6
CONTINUOUS
10
6.5246297637795276
20
-3.7376424409448816
11
6.5210694488188974
21
-3.7396979921259841
0
LINE
8
BLACK
6
CONTINUOUS
10
6.5210694488188974
20
-3.7396979921259841
11
6.5170984645669288
21
-3.7407620078740158
0
LINE
8
BLACK
6
CONTINUOUS
10
6.5170984645669288
20
-3.7407620078740158
11
6.5129874409448814
21
-3.7407620078740158
0
LINE
8
BLACK
6
CONTINUOUS
10
6.5129874409448814
20
-3.7407620078740158
11
6.5090164566929136
21
-3.7396979921259841
0
LINE
8
BLACK
6
CONTINUOUS
10
6.5090164566929136
20
-3.7396979921259841
11
6.5054561417322834
21
-3.7376424409448816
0
LINE
8
BLACK
6
CONTINUOUS
10
6.5054561417322834
20
-3.7376424409448816
11
6.5025492125984252
21
-3.7347355118110235
0
LINE
8
BLACK
6
CONTINUOUS
10
6.5025492125984252
20
-3.7347355118110235
11
6.5004936614173223
21
-3.7311751968503937
0
LINE
8
BLACK
6
CONTINUOUS
10
6.5004936614173223
20
-3.7311751968503937
11
6.4994296456692915
21
-3.727204212598425
0
LINE
8
BLACK
6
CONTINUOUS
10
6.4994296456692915
20
-3.727204212598425
11
6.4994296456692915
21
-3.7230931889763781
0
LINE
8
BLACK
6
CONTINUOUS
10
6.4994296456692915
20
-3.7230931889763781
11
6.5004936614173223
21
-3.7191222047244095
0
LINE
8
BLACK
6
CONTINUOUS
10
6.5004936614173223
20
-3.7191222047244095
11
6.5025492125984252
21
-3.7155618897637797
0
LINE
8
BLACK
6
CONTINUOUS
10
6.5025492125984252
20
-3.7155618897637797
11
6.5054561417322834
21
-3.7126549606299211
0
LINE
8
BLACK
6
CONTINUOUS
10
6.5054561417322834
20
-3.7126549606299211
11
6.5090164566929136
21
-3.7105994094488186
0
LINE
8
BLACK
6
CONTINUOUS
10
6.5090164566929136
20
-3.7105994094488186
11
6.5129874409448814
21
-3.7095353937007873
0
LINE
8
BLACK
6
CONTINUOUS
10
6.5129874409448814
20
-3.7095353937007873
11
6.5170984645669288
21
-3.7095353937007873
0
LINE
8
BLACK
6
CONTINUOUS
10
6.5170984645669288
20
-3.7095353937007873
11
6.5190088582677168
21
-3.7100472440944881
0
LINE
8
BLACK
6
CONTINUOUS
10
6.5190088582677168
20
-3.7100472440944881
11
7.0111070472440939
21
-3.21794905511811
0
LINE
8
BLACK
6
CONTINUOUS
10
7.0111070472440939
20
-3.21794905511811
11
7.012300275590551
21
-3.2169698031496061
0
LINE
8
BLACK
6
CONTINUOUS
10
7.012300275590551
20
-3.2169698031496061
11
7.0151387007874018
21
-3.2157940944881891
0
LINE
8
BLACK
6
CONTINUOUS
10
7.0151387007874018
20
-3.2157940944881891
11
7.0166748425196852
21
-3.2156427952755906
0
LINE
8
BLACK
6
CONTINUOUS
10
7.0166748425196852
20
-3.2156427952755906
11
7.3251922047244094
21
-3.2156427952755906
0
LINE
8
BLACK
6
CONTINUOUS
10
7.3251922047244094
20
-3.2156427952755906
11
7.326181102362205
21
-3.21393
0
LINE
8
BLACK
6
CONTINUOUS
10
7.326181102362205
20
-3.21393
11
7.3290880314960631
21
-3.2110230708661418
0
LINE
8
BLACK
6
CONTINUOUS
10
7.3290880314960631
20
-3.2110230708661418
11
7.3326483464566925
21
-3.2089675196850393
0
LINE
8
BLACK
6
CONTINUOUS
10
7.3326483464566925
20
-3.2089675196850393
11
7.3366193307086611
21
-3.2079035039370076
0
LINE
8
BLACK
6
CONTINUOUS
10
7.3366193307086611
20
-3.2079035039370076
11
7.3407303543307085
21
-3.2079035039370076
0
LINE
8
BLACK
6
CONTINUOUS
10
7.3407303543307085
20
-3.2079035039370076
11
7.3447013385826772
21
-3.2089675196850393
0
LINE
8
BLACK
6
CONTINUOUS
10
6.2548226377952751
20
-3.7020475984251968
11
6.2583829527559054
21
-3.7041031496062993
0
LINE
8
BLACK
6
CONTINUOUS
10
6.2583829527559054
20
-3.7041031496062993
11
6.2612898818897635
21
-3.7070100787401574
0
LINE
8
BLACK
6
CONTINUOUS
10
6.2612898818897635
20
-3.7070100787401574
11
6.2633454330708664
21
-3.7105703937007872
0
LINE
8
BLACK
6
CONTINUOUS
10
6.2633454330708664
20
-3.7105703937007872
11
6.2644094488188973
21
-3.7145413779527559
0
LINE
8
BLACK
6
CONTINUOUS
10
6.2644094488188973
20
-3.7145413779527559
11
6.2644094488188973
21
-3.7186524015748033
0
LINE
8
BLACK
6
CONTINUOUS
10
6.2644094488188973
20
-3.7186524015748033
11
6.2633454330708664
21
-3.7226233858267714
0
LINE
8
BLACK
6
CONTINUOUS
10
6.2633454330708664
20
-3.7226233858267714
11
6.2612898818897635
21
-3.7261837007874017
0
LINE
8
BLACK
6
CONTINUOUS
10
6.2612898818897635
20
-3.7261837007874017
11
6.2583829527559054
21
-3.7290906299212598
0
LINE
8
BLACK
6
CONTINUOUS
10
6.2583829527559054
20
-3.7290906299212598
11
6.2548226377952751
21
-3.7311461811023623
0
LINE
8
BLACK
6
CONTINUOUS
10
6.2548226377952751
20
-3.7311461811023623
11
6.2508516535433065
21
-3.7322101968503936
0
LINE
8
BLACK
6
CONTINUOUS
10
6.2508516535433065
20
-3.7322101968503936
11
6.24674062992126
21
-3.7322101968503936
0
LINE
8
BLACK
6
CONTINUOUS
10
6.24674062992126
20
-3.7322101968503936
11
6.2427696456692914
21
-3.7311461811023623
0
LINE
8
BLACK
6
CONTINUOUS
10
6.2427696456692914
20
-3.7311461811023623
11
6.2392093307086611
21
-3.7290906299212598
0
LINE
8
BLACK
6
CONTINUOUS
10
6.2392093307086611
20
-3.7290906299212598
11
6.236302401574803
21
-3.7261837007874017
0
LINE
8
BLACK
6
CONTINUOUS
10
6.236302401574803
20
-3.7261837007874017
11
6.234246850393701
21
-3.7226233858267714
0
LINE
8
BLACK
6
CONTINUOUS
10
6.234246850393701
20
-3.7226233858267714
11
6.2331828346456692
21
-3.7186524015748033
0
LINE
8
BLACK
6
CONTINUOUS
10
6.2331828346456692
20
-3.7186524015748033
11
6.2331828346456692
21
-3.7145413779527559
0
LINE
8
BLACK
6
CONTINUOUS
10
6.2331828346456692
20
-3.7145413779527559
11
6.234246850393701
21
-3.7105703937007872
0
LINE
8
BLACK
6
CONTINUOUS
10
6.234246850393701
20
-3.7105703937007872
11
6.236302401574803
21
-3.7070100787401574
0
LINE
8
BLACK
6
CONTINUOUS
10
6.236302401574803
20
-3.7070100787401574
11
6.2392093307086611
21
-3.7041031496062993
0
LINE
8
BLACK
6
CONTINUOUS
10
6.2392093307086611
20
-3.7041031496062993
11
6.2427696456692914
21
-3.7020475984251968
0
LINE
8
BLACK
6
CONTINUOUS
10
6.2427696456692914
20
-3.7020475984251968
11
6.24674062992126
21
-3.7009835826771651
0
LINE
8
BLACK
6
CONTINUOUS
10
6.24674062992126
20
-3.7009835826771651
11
6.2508516535433065
21
-3.7009835826771651
0
LINE
8
BLACK
6
CONTINUOUS
10
6.2508516535433065
20
-3.7009835826771651
11
6.2548226377952751
21
-3.7020475984251968
0
LINE
8
BLACK
6
CONTINUOUS
10
6.3217719291338579
20
-3.6913898818897639
11
6.3253322440944881
21
-3.6934454330708659
0
LINE
8
BLACK
6
CONTINUOUS
10
6.3253322440944881
20
-3.6934454330708659
11
6.3282391732283463
21
-3.6963523622047245
0
LINE
8
BLACK
6
CONTINUOUS
10
6.3282391732283463
20
-3.6963523622047245
11
6.3302947244094483
21
-3.6999126771653543
0
LINE
8
BLACK
6
CONTINUOUS
10
6.3302947244094483
20
-3.6999126771653543
11
6.33135874015748
21
-3.7038836614173229
0
LINE
8
BLACK
6
CONTINUOUS
10
6.33135874015748
20
-3.7038836614173229
11
6.33135874015748
21
-3.7079946850393699
0
LINE
8
BLACK
6
CONTINUOUS
10
6.33135874015748
20
-3.7079946850393699
11
6.3302947244094483
21
-3.7119656692913385
0
LINE
8
BLACK
6
CONTINUOUS
10
6.3302947244094483
20
-3.7119656692913385
11
6.3282391732283463
21
-3.7155259842519683
0
LINE
8
BLACK
6
CONTINUOUS
10
6.3282391732283463
20
-3.7155259842519683
11
6.3253322440944881
21
-3.7184329133858265
0
LINE
8
BLACK
6
CONTINUOUS
10
6.3253322440944881
20
-3.7184329133858265
11
6.3217719291338579
21
-3.7204884645669289
0
LINE
8
BLACK
6
CONTINUOUS
10
6.3217719291338579
20
-3.7204884645669289
11
6.3178009448818893
21
-3.7215524803149607
0
LINE
8
BLACK
6
CONTINUOUS
10
6.3178009448818893
20
-3.7215524803149607
11
6.3136899212598427
21
-3.7215524803149607
0
LINE
8
BLACK
6
CONTINUOUS
10
6.3136899212598427
20
-3.7215524803149607
11
6.3097189370078741
21
-3.7204884645669289
0
LINE
8
BLACK
6
CONTINUOUS
10
6.3097189370078741
20
-3.7204884645669289
11
6.3061586220472439
21
-3.7184329133858265
0
LINE
8
BLACK
6
CONTINUOUS
10
6.3061586220472439
20
-3.7184329133858265
11
6.3032516929133857
21
-3.7155259842519683
0
LINE
8
BLACK
6
CONTINUOUS
10
6.3032516929133857
20
-3.7155259842519683
11
6.3011961417322837
21
-3.7119656692913385
0
LINE
8
BLACK
6
CONTINUOUS
10
6.3011961417322837
20
-3.7119656692913385
11
6.300132125984252
21
-3.7079946850393699
0
LINE
8
BLACK
6
CONTINUOUS
10
6.300132125984252
20
-3.7079946850393699
11
6.300132125984252
21
-3.7038836614173229
0
LINE
8
BLACK
6
CONTINUOUS
10
6.300132125984252
20
-3.7038836614173229
11
6.3011961417322837
21
-3.6999126771653543
0
LINE
8
BLACK
6
CONTINUOUS
10
6.3011961417322837
20
-3.6999126771653543
11
6.3032516929133857
21
-3.6963523622047245
0
LINE
8
BLACK
6
CONTINUOUS
10
6.3032516929133857
20
-3.6963523622047245
11
6.3061586220472439
21
-3.6934454330708659
0
LINE
8
BLACK
6
CONTINUOUS
10
6.3061586220472439
20
-3.6934454330708659
11
6.3097189370078741
21
-3.6913898818897639
0
LINE
8
BLACK
6
CONTINUOUS
10
6.3097189370078741
20
-3.6913898818897639
11
6.3136899212598427
21
-3.6903258661417322
0
LINE
8
BLACK
6
CONTINUOUS
10
6.3136899212598427
20
-3.6903258661417322
11
6.3178009448818893
21
-3.6903258661417322
0
LINE
8
BLACK
6
CONTINUOUS
10
6.3178009448818893
20
-3.6903258661417322
11
6.3217719291338579
21
-3.6913898818897639
0
LINE
8
BLACK
6
CONTINUOUS
10
6.2851488976377947
20
-3.6769412598425197
11
6.288709212598425
21
-3.6789968110236217
0
LINE
8
BLACK
6
CONTINUOUS
10
6.288709212598425
20
-3.6789968110236217
11
6.2916161417322831
21
-3.6819037401574803
0
LINE
8
BLACK
6
CONTINUOUS
10
6.2916161417322831
20
-3.6819037401574803
11
6.293671692913386
21
-3.6854640551181101
0
LINE
8
BLACK
6
CONTINUOUS
10
6.293671692913386
20
-3.6854640551181101
11
6.2947357086614169
21
-3.6894350393700788
0
LINE
8
BLACK
6
CONTINUOUS
10
6.2947357086614169
20
-3.6894350393700788
11
6.2947357086614169
21
-3.6935460629921257
0
LINE
8
BLACK
6
CONTINUOUS
10
6.2947357086614169
20
-3.6935460629921257
11
6.293671692913386
21
-3.6975170472440944
0
LINE
8
BLACK
6
CONTINUOUS
10
6.293671692913386
20
-3.6975170472440944
11
6.2916161417322831
21
-3.7010773622047242
0
LINE
8
BLACK
6
CONTINUOUS
10
6.2916161417322831
20
-3.7010773622047242
11
6.288709212598425
21
-3.7039842913385828
0
LINE
8
BLACK
6
CONTINUOUS
10
6.288709212598425
20
-3.7039842913385828
11
6.2851488976377947
21
-3.7060398425196848
0
LINE
8
BLACK
6
CONTINUOUS
10
6.2851488976377947
20
-3.7060398425196848
11
6.281177913385827
21
-3.7071038582677165
0
LINE
8
BLACK
6
CONTINUOUS
10
6.281177913385827
20
-3.7071038582677165
11
6.2770668897637796
21
-3.7071038582677165
0
LINE
8
BLACK
6
CONTINUOUS
10
6.2770668897637796
20
-3.7071038582677165
11
6.273095905511811
21
-3.7060398425196848
0
LINE
8
BLACK
6
CONTINUOUS
10
6.273095905511811
20
-3.7060398425196848
11
6.2695355905511807
21
-3.7039842913385828
0
LINE
8
BLACK
6
CONTINUOUS
10
6.2695355905511807
20
-3.7039842913385828
11
6.2666286614173226
21
-3.7010773622047242
0
LINE
8
BLACK
6
CONTINUOUS
10
6.2666286614173226
20
-3.7010773622047242
11
6.2645731102362205
21
-3.6975170472440944
0
LINE
8
BLACK
6
CONTINUOUS
10
6.2645731102362205
20
-3.6975170472440944
11
6.2635090944881888
21
-3.6935460629921257
0
LINE
8
BLACK
6
CONTINUOUS
10
6.2635090944881888
20
-3.6935460629921257
11
6.2635090944881888
21
-3.6894350393700788
0
LINE
8
BLACK
6
CONTINUOUS
10
6.2635090944881888
20
-3.6894350393700788
11
6.2645731102362205
21
-3.6854640551181101
0
LINE
8
BLACK
6
CONTINUOUS
10
6.2645731102362205
20
-3.6854640551181101
11
6.2666286614173226
21
-3.6819037401574803
0
LINE
8
BLACK
6
CONTINUOUS
10
6.2666286614173226
20
-3.6819037401574803
11
6.2695355905511807
21
-3.6789968110236217
0
LINE
8
BLACK
6
CONTINUOUS
10
6.2695355905511807
20
-3.6789968110236217
11
6.273095905511811
21
-3.6769412598425197
0
LINE
8
BLACK
6
CONTINUOUS
10
6.273095905511811
20
-3.6769412598425197
11
6.2770668897637796
21
-3.675877244094488
0
LINE
8
BLACK
6
CONTINUOUS
10
6.2770668897637796
20
-3.675877244094488
11
6.281177913385827
21
-3.675877244094488
0
LINE
8
BLACK
6
CONTINUOUS
10
6.281177913385827
20
-3.675877244094488
11
6.2851488976377947
21
-3.6769412598425197
0
LINE
8
BLACK
6
CONTINUOUS
10
7.3427013385826774
20
-3.2589675196850392
11
7.3462616535433067
21
-3.2610230708661416
0
LINE
8
BLACK
6
CONTINUOUS
10
7.3462616535433067
20
-3.2610230708661416
11
7.3491685826771649
21
-3.2639299999999998
0
LINE
8
BLACK
6
CONTINUOUS
10
7.3491685826771649
20
-3.2639299999999998
11
7.3512241338582678
21
-3.26749031496063
0
LINE
8
BLACK
6
CONTINUOUS
10
7.3512241338582678
20
-3.26749031496063
11
7.3522881496062986
21
-3.2714612992125982
0
LINE
8
BLACK
6
CONTINUOUS
10
7.3522881496062986
20
-3.2714612992125982
11
7.3522881496062986
21
-3.2755723228346456
0
LINE
8
BLACK
6
CONTINUOUS
10
7.3522881496062986
20
-3.2755723228346456
11
7.3512241338582678
21
-3.2795433070866142
0
LINE
8
BLACK
6
CONTINUOUS
10
7.3512241338582678
20
-3.2795433070866142
11
7.3491685826771649
21
-3.283103622047244
0
LINE
8
BLACK
6
CONTINUOUS
10
7.3491685826771649
20
-3.283103622047244
11
7.3462616535433067
21
-3.2860105511811022
0
LINE
8
BLACK
6
CONTINUOUS
10
7.3462616535433067
20
-3.2860105511811022
11
7.3427013385826774
21
-3.2880661023622046
0
LINE
8
BLACK
6
CONTINUOUS
10
7.3427013385826774
20
-3.2880661023622046
11
7.3387303543307087
21
-3.2891301181102364
0
LINE
8
BLACK
6
CONTINUOUS
10
7.3387303543307087
20
-3.2891301181102364
11
7.3346193307086613
21
-3.2891301181102364
0
LINE
8
BLACK
6
CONTINUOUS
10
7.3346193307086613
20
-3.2891301181102364
11
7.3306483464566927
21
-3.2880661023622046
0
LINE
8
BLACK
6
CONTINUOUS
10
7.3306483464566927
20
-3.2880661023622046
11
7.3270880314960625
21
-3.2860105511811022
0
LINE
8
BLACK
6
CONTINUOUS
10
7.3270880314960625
20
-3.2860105511811022
11
7.3241811023622043
21
-3.283103622047244
0
LINE
8
BLACK
6
CONTINUOUS
10
7.3241811023622043
20
-3.283103622047244
11
7.3231922047244096
21
-3.2813908267716534
0
LINE
8
BLACK
6
CONTINUOUS
10
7.3231922047244096
20
-3.2813908267716534
11
7.1119363779527554
21
-3.2813908267716534
0
LINE
8
BLACK
6
CONTINUOUS
10
7.1119363779527554
20
-3.2813908267716534
11
6.7005257086614174
21
-3.6928014566929135
0
LINE
8
BLACK
6
CONTINUOUS
10
6.7005257086614174
20
-3.6928014566929135
11
6.6993325196850391
21
-3.6937807086614174
0
LINE
8
BLACK
6
CONTINUOUS
10
6.6993325196850391
20
-3.6937807086614174
11
6.6964940944881892
21
-3.6949564173228344
0
LINE
8
BLACK
6
CONTINUOUS
10
6.6964940944881892
20
-3.6949564173228344
11
6.6949579527559058
21
-3.6951077165354329
0
LINE
8
BLACK
6
CONTINUOUS
10
6.6949579527559058
20
-3.6951077165354329
11
6.6486324015748028
21
-3.6951077165354329
0
LINE
8
BLACK
6
CONTINUOUS
10
6.6486324015748028
20
-3.6951077165354329
11
6.6476435039370081
21
-3.6968205118110236
0
LINE
8
BLACK
6
CONTINUOUS
10
6.6476435039370081
20
-3.6968205118110236
11
6.6447365748031491
21
-3.6997274409448817
0
LINE
8
BLACK
6
CONTINUOUS
10
6.6447365748031491
20
-3.6997274409448817
11
6.6411762598425197
21
-3.7017829921259842
0
LINE
8
BLACK
6
CONTINUOUS
10
6.6411762598425197
20
-3.7017829921259842
11
6.6372052755905511
21
-3.7028470078740159
0
LINE
8
BLACK
6
CONTINUOUS
10
6.6372052755905511
20
-3.7028470078740159
11
6.6330942519685037
21
-3.7028470078740159
0
LINE
8
BLACK
6
CONTINUOUS
10
6.6330942519685037
20
-3.7028470078740159
11
6.629123267716535
21
-3.7017829921259842
0
LINE
8
BLACK
6
CONTINUOUS
10
6.629123267716535
20
-3.7017829921259842
11
6.6255629527559057
21
-3.6997274409448817
0
LINE
8
BLACK
6
CONTINUOUS
10
6.6255629527559057
20
-3.6997274409448817
11
6.6226560236220475
21
-3.6968205118110236
0
LINE
8
BLACK
6
CONTINUOUS
10
6.6226560236220475
20
-3.6968205118110236
11
6.6206004724409446
21
-3.6932601968503938
0
LINE
8
BLACK
6
CONTINUOUS
10
6.6206004724409446
20
-3.6932601968503938
11
6.6195364566929129
21
-3.6892892125984251
0
LINE
8
BLACK
6
CONTINUOUS
10
6.6195364566929129
20
-3.6892892125984251
11
6.6195364566929129
21
-3.6851781889763777
0
LINE
8
BLACK
6
CONTINUOUS
10
6.6195364566929129
20
-3.6851781889763777
11
6.6206004724409446
21
-3.6812072047244095
0
LINE
8
BLACK
6
CONTINUOUS
10
6.6206004724409446
20
-3.6812072047244095
11
6.6226560236220475
21
-3.6776468897637793
0
LINE
8
BLACK
6
CONTINUOUS
10
6.6226560236220475
20
-3.6776468897637793
11
6.6255629527559057
21
-3.6747399606299211
0
LINE
8
BLACK
6
CONTINUOUS
10
6.6255629527559057
20
-3.6747399606299211
11
6.629123267716535
21
-3.6726844094488187
0
LINE
8
BLACK
6
CONTINUOUS
10
6.629123267716535
20
-3.6726844094488187
11
6.6330942519685037
21
-3.6716203937007874
0
LINE
8
BLACK
6
CONTINUOUS
10
6.6330942519685037
20
-3.6716203937007874
11
6.6372052755905511
21
-3.6716203937007874
0
LINE
8
BLACK
6
CONTINUOUS
10
6.6372052755905511
20
-3.6716203937007874
11
6.6411762598425197
21
-3.6726844094488187
0
LINE
8
BLACK
6
CONTINUOUS
10
6.6411762598425197
20
-3.6726844094488187
11
6.6447365748031491
21
-3.6747399606299211
0
LINE
8
BLACK
6
CONTINUOUS
10
6.6447365748031491
20
-3.6747399606299211
11
6.6476435039370081
21
-3.6776468897637793
0
LINE
8
BLACK
6
CONTINUOUS
10
6.6476435039370081
20
-3.6776468897637793
11
6.6486324015748028
21
-3.6793596850393699
0
LINE
8
BLACK
6
CONTINUOUS
10
6.6486324015748028
20
-3.6793596850393699
11
6.6916964566929131
21
-3.6793596850393699
0
LINE
8
BLACK
6
CONTINUOUS
10
6.6916964566929131
20
-3.6793596850393699
11
7.1031070866141732
21
-3.2679490157480315
0
LINE
8
BLACK
6
CONTINUOUS
10
7.1031070866141732
20
-3.2679490157480315
11
7.1043002755905507
21
-3.2669698031496064
0
LINE
8
BLACK
6
CONTINUOUS
10
7.1043002755905507
20
-3.2669698031496064
11
7.1071387007874014
21
-3.2657940944881889
0
LINE
8
BLACK
6
CONTINUOUS
10
7.1071387007874014
20
-3.2657940944881889
11
7.1086748425196848
21
-3.2656427952755904
0
LINE
8
BLACK
6
CONTINUOUS
10
7.1086748425196848
20
-3.2656427952755904
11
7.3231922047244096
21
-3.2656427952755904
0
LINE
8
BLACK
6
CONTINUOUS
10
7.3231922047244096
20
-3.2656427952755904
11
7.3241811023622043
21
-3.2639299999999998
0
LINE
8
BLACK
6
CONTINUOUS
10
7.3241811023622043
20
-3.2639299999999998
11
7.3270880314960625
21
-3.2610230708661416
0
LINE
8
BLACK
6
CONTINUOUS
10
7.3270880314960625
20
-3.2610230708661416
11
7.3306483464566927
21
-3.2589675196850392
0
LINE
8
BLACK
6
CONTINUOUS
10
7.3306483464566927
20
-3.2589675196850392
11
7.3346193307086613
21
-3.2579035039370079
0
LINE
8
BLACK
6
CONTINUOUS
10
7.3346193307086613
20
-3.2579035039370079
11
7.3387303543307087
21
-3.2579035039370079
0
LINE
8
BLACK
6
CONTINUOUS
10
7.3387303543307087
20
-3.2579035039370079
11
7.3427013385826774
21
-3.2589675196850392
0
LINE
8
BLACK
6
CONTINUOUS
10
5.0247013385826769
20
-3.6639675196850394
11
5.0282616535433071
21
-3.6660230708661414
0
LINE
8
BLACK
6
CONTINUOUS
10
5.0282616535433071
20
-3.6660230708661414
11
5.0311685826771653
21
-3.66893
0
LINE
8
BLACK
6
CONTINUOUS
10
5.0311685826771653
20
-3.66893
11
5.0332241338582673
21
-3.6724903149606298
0
LINE
8
BLACK
6
CONTINUOUS
10
5.0332241338582673
20
-3.6724903149606298
11
5.034288149606299
21
-3.6764612992125985
0
LINE
8
BLACK
6
CONTINUOUS
10
5.034288149606299
20
-3.6764612992125985
11
5.034288149606299
21
-3.6805723228346454
0
LINE
8
BLACK
6
CONTINUOUS
10
5.034288149606299
20
-3.6805723228346454
11
5.0332241338582673
21
-3.684543307086614
0
LINE
8
BLACK
6
CONTINUOUS
10
5.0332241338582673
20
-3.684543307086614
11
5.0311685826771653
21
-3.6881036220472438
0
LINE
8
BLACK
6
CONTINUOUS
10
5.0311685826771653
20
-3.6881036220472438
11
5.0282616535433071
21
-3.6910105511811024
0
LINE
8
BLACK
6
CONTINUOUS
10
5.0282616535433071
20
-3.6910105511811024
11
5.0247013385826769
21
-3.6930661023622045
0
LINE
8
BLACK
6
CONTINUOUS
10
5.0247013385826769
20
-3.6930661023622045
11
5.0207303543307082
21
-3.6941301181102362
0
LINE
8
BLACK
6
CONTINUOUS
10
5.0207303543307082
20
-3.6941301181102362
11
5.0166193307086617
21
-3.6941301181102362
0
LINE
8
BLACK
6
CONTINUOUS
10
5.0166193307086617
20
-3.6941301181102362
11
5.0126483464566931
21
-3.6930661023622045
0
LINE
8
BLACK
6
CONTINUOUS
10
5.0126483464566931
20
-3.6930661023622045
11
5.0090880314960629
21
-3.6910105511811024
0
LINE
8
BLACK
6
CONTINUOUS
10
5.0090880314960629
20
-3.6910105511811024
11
5.0061811023622047
21
-3.6881036220472438
0
LINE
8
BLACK
6
CONTINUOUS
10
5.0061811023622047
20
-3.6881036220472438
11
5.0041255511811018
21
-3.684543307086614
0
LINE
8
BLACK
6
CONTINUOUS
10
5.0041255511811018
20
-3.684543307086614
11
5.003061535433071
21
-3.6805723228346454
0
LINE
8
BLACK
6
CONTINUOUS
10
5.003061535433071
20
-3.6805723228346454
11
5.003061535433071
21
-3.6764612992125985
0
LINE
8
BLACK
6
CONTINUOUS
10
5.003061535433071
20
-3.6764612992125985
11
5.0041255511811018
21
-3.6724903149606298
0
LINE
8
BLACK
6
CONTINUOUS
10
5.0041255511811018
20
-3.6724903149606298
11
5.0061811023622047
21
-3.66893
0
LINE
8
BLACK
6
CONTINUOUS
10
5.0061811023622047
20
-3.66893
11
5.0090880314960629
21
-3.6660230708661414
0
LINE
8
BLACK
6
CONTINUOUS
10
5.0090880314960629
20
-3.6660230708661414
11
5.0126483464566931
21
-3.6639675196850394
0
LINE
8
BLACK
6
CONTINUOUS
10
5.0126483464566931
20
-3.6639675196850394
11
5.0166193307086617
21
-3.6629035039370077
0
LINE
8
BLACK
6
CONTINUOUS
10
5.0166193307086617
20
-3.6629035039370077
11
5.0207303543307082
21
-3.6629035039370077
0
LINE
8
BLACK
6
CONTINUOUS
10
5.0207303543307082
20
-3.6629035039370077
11
5.0247013385826769
21
-3.6639675196850394
0
LINE
8
BLACK
6
CONTINUOUS
10
4.3502601968503933
20
-3.6604086614173226
11
4.3538205118110236
21
-3.662464212598425
0
LINE
8
BLACK
6
CONTINUOUS
10
4.3538205118110236
20
-3.662464212598425
11
4.3567274409448817
21
-3.6653711417322832
0
LINE
8
BLACK
6
CONTINUOUS
10
4.3567274409448817
20
-3.6653711417322832
11
4.3587829921259837
21
-3.6689314566929134
0
LINE
8
BLACK
6
CONTINUOUS
10
4.3587829921259837
20
-3.6689314566929134
11
4.3598470078740155
21
-3.6729024409448816
0
LINE
8
BLACK
6
CONTINUOUS
10
4.3598470078740155
20
-3.6729024409448816
11
4.3598470078740155
21
-3.677013464566929
0
LINE
8
BLACK
6
CONTINUOUS
10
4.3598470078740155
20
-3.677013464566929
11
4.3587829921259837
21
-3.6809844488188976
0
LINE
8
BLACK
6
CONTINUOUS
10
4.3587829921259837
20
-3.6809844488188976
11
4.3567274409448817
21
-3.6845447637795274
0
LINE
8
BLACK
6
CONTINUOUS
10
4.3567274409448817
20
-3.6845447637795274
11
4.3538205118110236
21
-3.6874516929133856
0
LINE
8
BLACK
6
CONTINUOUS
10
4.3538205118110236
20
-3.6874516929133856
11
4.3502601968503933
21
-3.689507244094488
0
LINE
8
BLACK
6
CONTINUOUS
10
4.3502601968503933
20
-3.689507244094488
11
4.3462892125984247
21
-3.6905712598425198
0
LINE
8
BLACK
6
CONTINUOUS
10
4.3462892125984247
20
-3.6905712598425198
11
4.3421781889763782
21
-3.6905712598425198
0
LINE
8
BLACK
6
CONTINUOUS
10
4.3421781889763782
20
-3.6905712598425198
11
4.3382072047244096
21
-3.689507244094488
0
LINE
8
BLACK
6
CONTINUOUS
10
4.3382072047244096
20
-3.689507244094488
11
4.3346468897637793
21
-3.6874516929133856
0
LINE
8
BLACK
6
CONTINUOUS
10
4.3346468897637793
20
-3.6874516929133856
11
4.3317399606299212
21
-3.6845447637795274
0
LINE
8
BLACK
6
CONTINUOUS
10
4.3317399606299212
20
-3.6845447637795274
11
4.3296844094488192
21
-3.6809844488188976
0
LINE
8
BLACK
6
CONTINUOUS
10
4.3296844094488192
20
-3.6809844488188976
11
4.3286203937007874
21
-3.677013464566929
0
LINE
8
BLACK
6
CONTINUOUS
10
4.3286203937007874
20
-3.677013464566929
11
4.3286203937007874
21
-3.6729024409448816
0
LINE
8
BLACK
6
CONTINUOUS
10
4.3286203937007874
20
-3.6729024409448816
11
4.3296844094488192
21
-3.6689314566929134
0
LINE
8
BLACK
6
CONTINUOUS
10
4.3296844094488192
20
-3.6689314566929134
11
4.3317399606299212
21
-3.6653711417322832
0
LINE
8
BLACK
6
CONTINUOUS
10
4.3317399606299212
20
-3.6653711417322832
11
4.3346468897637793
21
-3.662464212598425
0
LINE
8
BLACK
6
CONTINUOUS
10
4.3346468897637793
20
-3.662464212598425
11
4.3382072047244096
21
-3.6604086614173226
0
LINE
8
BLACK
6
CONTINUOUS
10
4.3382072047244096
20
-3.6604086614173226
11
4.3421781889763782
21
-3.6593446456692913
0
LINE
8
BLACK
6
CONTINUOUS
10
4.3421781889763782
20
-3.6593446456692913
11
4.3462892125984247
21
-3.6593446456692913
0
LINE
8
BLACK
6
CONTINUOUS
10
4.3462892125984247
20
-3.6593446456692913
11
4.3502601968503933
21
-3.6604086614173226
0
LINE
8
BLACK
6
CONTINUOUS
10
4.926701338582677
20
-3.6369675196850393
11
4.9302616535433073
21
-3.6390230708661417
0
LINE
8
BLACK
6
CONTINUOUS
10
4.9302616535433073
20
-3.6390230708661417
11
4.9331685826771654
21
-3.6419299999999999
0
LINE
8
BLACK
6
CONTINUOUS
10
4.9331685826771654
20
-3.6419299999999999
11
4.9352241338582674
21
-3.6454903149606297
0
LINE
8
BLACK
6
CONTINUOUS
10
4.9352241338582674
20
-3.6454903149606297
11
4.9362881496062991
21
-3.6494612992125983
0
LINE
8
BLACK
6
CONTINUOUS
10
4.9362881496062991
20
-3.6494612992125983
11
4.9362881496062991
21
-3.6535723228346457
0
LINE
8
BLACK
6
CONTINUOUS
10
4.9362881496062991
20
-3.6535723228346457
11
4.9352241338582674
21
-3.6575433070866139
0
LINE
8
BLACK
6
CONTINUOUS
10
4.9352241338582674
20
-3.6575433070866139
11
4.9331685826771654
21
-3.6611036220472442
0
LINE
8
BLACK
6
CONTINUOUS
10
4.9331685826771654
20
-3.6611036220472442
11
4.9302616535433073
21
-3.6640105511811023
0
LINE
8
BLACK
6
CONTINUOUS
10
4.9302616535433073
20
-3.6640105511811023
11
4.926701338582677
21
-3.6660661023622048
0
LINE
8
BLACK
6
CONTINUOUS
10
4.926701338582677
20
-3.6660661023622048
11
4.9227303543307084
21
-3.667130118110236
0
LINE
8
BLACK
6
CONTINUOUS
10
4.9227303543307084
20
-3.667130118110236
11
4.918619330708661
21
-3.667130118110236
0
LINE
8
BLACK
6
CONTINUOUS
10
4.918619330708661
20
-3.667130118110236
11
4.9146483464566932
21
-3.6660661023622048
0
LINE
8
BLACK
6
CONTINUOUS
10
4.9146483464566932
20
-3.6660661023622048
11
4.911088031496063
21
-3.6640105511811023
0
LINE
8
BLACK
6
CONTINUOUS
10
4.911088031496063
20
-3.6640105511811023
11
4.9081811023622048
21
-3.6611036220472442
0
LINE
8
BLACK
6
CONTINUOUS
10
4.9081811023622048
20
-3.6611036220472442
11
4.9061255511811019
21
-3.6575433070866139
0
LINE
8
BLACK
6
CONTINUOUS
10
4.9061255511811019
20
-3.6575433070866139
11
4.9050615354330711
21
-3.6535723228346457
0
LINE
8
BLACK
6
CONTINUOUS
10
4.9050615354330711
20
-3.6535723228346457
11
4.9050615354330711
21
-3.6494612992125983
0
LINE
8
BLACK
6
CONTINUOUS
10
4.9050615354330711
20
-3.6494612992125983
11
4.9061255511811019
21
-3.6454903149606297
0
LINE
8
BLACK
6
CONTINUOUS
10
4.9061255511811019
20
-3.6454903149606297
11
4.9081811023622048
21
-3.6419299999999999
0
LINE
8
BLACK
6
CONTINUOUS
10
4.9081811023622048
20
-3.6419299999999999
11
4.911088031496063
21
-3.6390230708661417
0
LINE
8
BLACK
6
CONTINUOUS
10
4.911088031496063
20
-3.6390230708661417
11
4.9146483464566932
21
-3.6369675196850393
0
LINE
8
BLACK
6
CONTINUOUS
10
4.9146483464566932
20
-3.6369675196850393
11
4.918619330708661
21
-3.635903503937008
0
LINE
8
BLACK
6
CONTINUOUS
10
4.918619330708661
20
-3.635903503937008
11
4.9227303543307084
21
-3.635903503937008
0
LINE
8
BLACK
6
CONTINUOUS
10
4.9227303543307084
20
-3.635903503937008
11
4.926701338582677
21
-3.6369675196850393
0
LINE
8
BLACK
6
CONTINUOUS
10
4.974701338582677
20
-3.6329675196850393
11
4.9782616535433073
21
-3.6350230708661417
0
LINE
8
BLACK
6
CONTINUOUS
10
4.9782616535433073
20
-3.6350230708661417
11
4.9811685826771654
21
-3.6379299999999999
0
LINE
8
BLACK
6
CONTINUOUS
10
4.9811685826771654
20
-3.6379299999999999
11
4.9832241338582675
21
-3.6414903149606297
0
LINE
8
BLACK
6
CONTINUOUS
10
4.9832241338582675
20
-3.6414903149606297
11
4.9842881496062992
21
-3.6454612992125983
0
LINE
8
BLACK
6
CONTINUOUS
10
4.9842881496062992
20
-3.6454612992125983
11
4.9842881496062992
21
-3.6495723228346457
0
LINE
8
BLACK
6
CONTINUOUS
10
4.9842881496062992
20
-3.6495723228346457
11
4.9832241338582675
21
-3.6535433070866139
0
LINE
8
BLACK
6
CONTINUOUS
10
4.9832241338582675
20
-3.6535433070866139
11
4.9811685826771654
21
-3.6571036220472442
0
LINE
8
BLACK
6
CONTINUOUS
10
4.9811685826771654
20
-3.6571036220472442
11
4.9782616535433073
21
-3.6600105511811023
0
LINE
8
BLACK
6
CONTINUOUS
10
4.9782616535433073
20
-3.6600105511811023
11
4.974701338582677
21
-3.6620661023622048
0
LINE
8
BLACK
6
CONTINUOUS
10
4.974701338582677
20
-3.6620661023622048
11
4.9707303543307084
21
-3.663130118110236
0
LINE
8
BLACK
6
CONTINUOUS
10
4.9707303543307084
20
-3.663130118110236
11
4.966619330708661
21
-3.663130118110236
0
LINE
8
BLACK
6
CONTINUOUS
10
4.966619330708661
20
-3.663130118110236
11
4.9626483464566924
21
-3.6620661023622048
0
LINE
8
BLACK
6
CONTINUOUS
10
4.9626483464566924
20
-3.6620661023622048
11
4.959088031496063
21
-3.6600105511811023
0
LINE
8
BLACK
6
CONTINUOUS
10
4.959088031496063
20
-3.6600105511811023
11
4.9561811023622049
21
-3.6571036220472442
0
LINE
8
BLACK
6
CONTINUOUS
10
4.9561811023622049
20
-3.6571036220472442
11
4.954125551181102
21
-3.6535433070866139
0
LINE
8
BLACK
6
CONTINUOUS
10
4.954125551181102
20
-3.6535433070866139
11
4.9530615354330711
21
-3.6495723228346457
0
LINE
8
BLACK
6
CONTINUOUS
10
4.9530615354330711
20
-3.6495723228346457
11
4.9530615354330711
21
-3.6454612992125983
0
LINE
8
BLACK
6
CONTINUOUS
10
4.9530615354330711
20
-3.6454612992125983
11
4.954125551181102
21
-3.6414903149606297
0
LINE
8
BLACK
6
CONTINUOUS
10
4.954125551181102
20
-3.6414903149606297
11
4.9561811023622049
21
-3.6379299999999999
0
LINE
8
BLACK
6
CONTINUOUS
10
4.9561811023622049
20
-3.6379299999999999
11
4.959088031496063
21
-3.6350230708661417
0
LINE
8
BLACK
6
CONTINUOUS
10
4.959088031496063
20
-3.6350230708661417
11
4.9626483464566924
21
-3.6329675196850393
0
LINE
8
BLACK
6
CONTINUOUS
10
4.9626483464566924
20
-3.6329675196850393
11
4.966619330708661
21
-3.631903503937008
0
LINE
8
BLACK
6
CONTINUOUS
10
4.966619330708661
20
-3.631903503937008
11
4.9707303543307084
21
-3.631903503937008
0
LINE
8
BLACK
6
CONTINUOUS
10
4.9707303543307084
20
-3.631903503937008
11
4.974701338582677
21
-3.6329675196850393
0
LINE
8
BLACK
6
CONTINUOUS
10
5.1877013385826771
20
-3.6119675196850394
11
5.1912616535433074
21
-3.6140230708661418
0
LINE
8
BLACK
6
CONTINUOUS
10
5.1912616535433074
20
-3.6140230708661418
11
5.1941685826771655
21
-3.61693
0
LINE
8
BLACK
6
CONTINUOUS
10
5.1941685826771655
20
-3.61693
11
5.1962241338582675
21
-3.6204903149606298
0
LINE
8
BLACK
6
CONTINUOUS
10
5.1962241338582675
20
-3.6204903149606298
11
5.1972881496062993
21
-3.6244612992125984
0
LINE
8
BLACK
6
CONTINUOUS
10
5.1972881496062993
20
-3.6244612992125984
11
5.1972881496062993
21
-3.6285723228346454
0
LINE
8
BLACK
6
CONTINUOUS
10
5.1972881496062993
20
-3.6285723228346454
11
5.1962241338582675
21
-3.632543307086614
0
LINE
8
BLACK
6
CONTINUOUS
10
5.1962241338582675
20
-3.632543307086614
11
5.1941685826771655
21
-3.6361036220472438
0
LINE
8
BLACK
6
CONTINUOUS
10
5.1941685826771655
20
-3.6361036220472438
11
5.1912616535433074
21
-3.6390105511811024
0
LINE
8
BLACK
6
CONTINUOUS
10
5.1912616535433074
20
-3.6390105511811024
11
5.1877013385826771
21
-3.6410661023622048
0
LINE
8
BLACK
6
CONTINUOUS
10
5.1877013385826771
20
-3.6410661023622048
11
5.1837303543307085
21
-3.6421301181102361
0
LINE
8
BLACK
6
CONTINUOUS
10
5.1837303543307085
20
-3.6421301181102361
11
5.1796193307086611
21
-3.6421301181102361
0
LINE
8
BLACK
6
CONTINUOUS
10
5.1796193307086611
20
-3.6421301181102361
11
5.1756483464566925
21
-3.6410661023622048
0
LINE
8
BLACK
6
CONTINUOUS
10
5.1756483464566925
20
-3.6410661023622048
11
5.1720880314960631
21
-3.6390105511811024
0
LINE
8
BLACK
6
CONTINUOUS
10
5.1720880314960631
20
-3.6390105511811024
11
5.169181102362205
21
-3.6361036220472438
0
LINE
8
BLACK
6
CONTINUOUS
10
5.169181102362205
20
-3.6361036220472438
11
5.1671255511811021
21
-3.632543307086614
0
LINE
8
BLACK
6
CONTINUOUS
10
5.1671255511811021
20
-3.632543307086614
11
5.1660615354330703
21
-3.6285723228346454
0
LINE
8
BLACK
6
CONTINUOUS
10
5.1660615354330703
20
-3.6285723228346454
11
5.1660615354330703
21
-3.6244612992125984
0
LINE
8
BLACK
6
CONTINUOUS
10
5.1660615354330703
20
-3.6244612992125984
11
5.1671255511811021
21
-3.6204903149606298
0
LINE
8
BLACK
6
CONTINUOUS
10
5.1671255511811021
20
-3.6204903149606298
11
5.169181102362205
21
-3.61693
0
LINE
8
BLACK
6
CONTINUOUS
10
5.169181102362205
20
-3.61693
11
5.1720880314960631
21
-3.6140230708661418
0
LINE
8
BLACK
6
CONTINUOUS
10
5.1720880314960631
20
-3.6140230708661418
11
5.1756483464566925
21
-3.6119675196850394
0
LINE
8
BLACK
6
CONTINUOUS
10
5.1756483464566925
20
-3.6119675196850394
11
5.1796193307086611
21
-3.6109035039370077
0
LINE
8
BLACK
6
CONTINUOUS
10
5.1796193307086611
20
-3.6109035039370077
11
5.1837303543307085
21
-3.6109035039370077
0
LINE
8
BLACK
6
CONTINUOUS
10
5.1837303543307085
20
-3.6109035039370077
11
5.1877013385826771
21
-3.6119675196850394
0
LINE
8
BLACK
6
CONTINUOUS
10
4.0647013385826769
20
-3.5829675196850395
11
4.0682616535433072
21
-3.5850230708661415
0
LINE
8
BLACK
6
CONTINUOUS
10
4.0682616535433072
20
-3.5850230708661415
11
4.0711685826771653
21
-3.5879300000000001
0
LINE
8
BLACK
6
CONTINUOUS
10
4.0711685826771653
20
-3.5879300000000001
11
4.0732241338582673
21
-3.5914903149606299
0
LINE
8
BLACK
6
CONTINUOUS
10
4.0732241338582673
20
-3.5914903149606299
11
4.074288149606299
21
-3.5954612992125985
0
LINE
8
BLACK
6
CONTINUOUS
10
4.074288149606299
20
-3.5954612992125985
11
4.074288149606299
21
-3.5995723228346455
0
LINE
8
BLACK
6
CONTINUOUS
10
4.074288149606299
20
-3.5995723228346455
11
4.0732241338582673
21
-3.6035433070866141
0
LINE
8
BLACK
6
CONTINUOUS
10
4.0732241338582673
20
-3.6035433070866141
11
4.0711685826771653
21
-3.6071036220472439
0
LINE
8
BLACK
6
CONTINUOUS
10
4.0711685826771653
20
-3.6071036220472439
11
4.0682616535433072
21
-3.6100105511811025
0
LINE
8
BLACK
6
CONTINUOUS
10
4.0682616535433072
20
-3.6100105511811025
11
4.0647013385826769
21
-3.6120661023622045
0
LINE
8
BLACK
6
CONTINUOUS
10
4.0647013385826769
20
-3.6120661023622045
11
4.0607303543307083
21
-3.6131301181102362
0
LINE
8
BLACK
6
CONTINUOUS
10
4.0607303543307083
20
-3.6131301181102362
11
4.0566193307086618
21
-3.6131301181102362
0
LINE
8
BLACK
6
CONTINUOUS
10
4.0566193307086618
20
-3.6131301181102362
11
4.0526483464566931
21
-3.6120661023622045
0
LINE
8
BLACK
6
CONTINUOUS
10
4.0526483464566931
20
-3.6120661023622045
11
4.0490880314960629
21
-3.6100105511811025
0
LINE
8
BLACK
6
CONTINUOUS
10
4.0490880314960629
20
-3.6100105511811025
11
4.0461811023622047
21
-3.6071036220472439
0
LINE
8
BLACK
6
CONTINUOUS
10
4.0461811023622047
20
-3.6071036220472439
11
4.0441255511811018
21
-3.6035433070866141
0
LINE
8
BLACK
6
CONTINUOUS
10
4.0441255511811018
20
-3.6035433070866141
11
4.043061535433071
21
-3.5995723228346455
0
LINE
8
BLACK
6
CONTINUOUS
10
4.043061535433071
20
-3.5995723228346455
11
4.043061535433071
21
-3.5954612992125985
0
LINE
8
BLACK
6
CONTINUOUS
10
4.043061535433071
20
-3.5954612992125985
11
4.0441255511811018
21
-3.5914903149606299
0
LINE
8
BLACK
6
CONTINUOUS
10
4.0441255511811018
20
-3.5914903149606299
11
4.0461811023622047
21
-3.5879300000000001
0
LINE
8
BLACK
6
CONTINUOUS
10
4.0461811023622047
20
-3.5879300000000001
11
4.0490880314960629
21
-3.5850230708661415
0
LINE
8
BLACK
6
CONTINUOUS
10
4.0490880314960629
20
-3.5850230708661415
11
4.0526483464566931
21
-3.5829675196850395
0
LINE
8
BLACK
6
CONTINUOUS
10
4.0526483464566931
20
-3.5829675196850395
11
4.0566193307086618
21
-3.5819035039370077
0
LINE
8
BLACK
6
CONTINUOUS
10
4.0566193307086618
20
-3.5819035039370077
11
4.0607303543307083
21
-3.5819035039370077
0
LINE
8
BLACK
6
CONTINUOUS
10
4.0607303543307083
20
-3.5819035039370077
11
4.0647013385826769
21
-3.5829675196850395
0
LINE
8
BLACK
6
CONTINUOUS
10
5.1069848031496061
20
-3.5529675196850392
11
5.1105451181102364
21
-3.5550230708661417
0
LINE
8
BLACK
6
CONTINUOUS
10
5.1105451181102364
20
-3.5550230708661417
11
5.1134520472440945
21
-3.5579299999999998
0
LINE
8
BLACK
6
CONTINUOUS
10
5.1134520472440945
20
-3.5579299999999998
11
5.1155075984251965
21
-3.5614903149606296
0
LINE
8
BLACK
6
CONTINUOUS
10
5.1155075984251965
20
-3.5614903149606296
11
5.1165716141732283
21
-3.5654612992125982
0
LINE
8
BLACK
6
CONTINUOUS
10
5.1165716141732283
20
-3.5654612992125982
11
5.1165716141732283
21
-3.5695723228346457
0
LINE
8
BLACK
6
CONTINUOUS
10
5.1165716141732283
20
-3.5695723228346457
11
5.1155075984251965
21
-3.5735433070866143
0
LINE
8
BLACK
6
CONTINUOUS
10
5.1155075984251965
20
-3.5735433070866143
11
5.1134520472440945
21
-3.5771036220472441
0
LINE
8
BLACK
6
CONTINUOUS
10
5.1134520472440945
20
-3.5771036220472441
11
5.1105451181102364
21
-3.5800105511811022
0
LINE
8
BLACK
6
CONTINUOUS
10
5.1105451181102364
20
-3.5800105511811022
11
5.1069848031496061
21
-3.5820661023622047
0
LINE
8
BLACK
6
CONTINUOUS
10
5.1069848031496061
20
-3.5820661023622047
11
5.1030138188976375
21
-3.583130118110236
0
LINE
8
BLACK
6
CONTINUOUS
10
5.1030138188976375
20
-3.583130118110236
11
5.0989027952755901
21
-3.583130118110236
0
LINE
8
BLACK
6
CONTINUOUS
10
5.0989027952755901
20
-3.583130118110236
11
5.0949318110236224
21
-3.5820661023622047
0
LINE
8
BLACK
6
CONTINUOUS
10
5.0949318110236224
20
-3.5820661023622047
11
5.0913714960629921
21
-3.5800105511811022
0
LINE
8
BLACK
6
CONTINUOUS
10
5.0913714960629921
20
-3.5800105511811022
11
5.088464566929134
21
-3.5771036220472441
0
LINE
8
BLACK
6
CONTINUOUS
10
5.088464566929134
20
-3.5771036220472441
11
5.0864090157480311
21
-3.5735433070866143
0
LINE
8
BLACK
6
CONTINUOUS
10
5.0864090157480311
20
-3.5735433070866143
11
5.0853450000000002
21
-3.5695723228346457
0
LINE
8
BLACK
6
CONTINUOUS
10
5.0853450000000002
20
-3.5695723228346457
11
5.0853450000000002
21
-3.5654612992125982
0
LINE
8
BLACK
6
CONTINUOUS
10
5.0853450000000002
20
-3.5654612992125982
11
5.0864090157480311
21
-3.5614903149606296
0
LINE
8
BLACK
6
CONTINUOUS
10
5.0864090157480311
20
-3.5614903149606296
11
5.088464566929134
21
-3.5579299999999998
0
LINE
8
BLACK
6
CONTINUOUS
10
5.088464566929134
20
-3.5579299999999998
11
5.0913714960629921
21
-3.5550230708661417
0
LINE
8
BLACK
6
CONTINUOUS
10
5.0913714960629921
20
-3.5550230708661417
11
5.0949318110236224
21
-3.5529675196850392
0
LINE
8
BLACK
6
CONTINUOUS
10
5.0949318110236224
20
-3.5529675196850392
11
5.0989027952755901
21
-3.5519035039370079
0
LINE
8
BLACK
6
CONTINUOUS
10
5.0989027952755901
20
-3.5519035039370079
11
5.1030138188976375
21
-3.5519035039370079
0
LINE
8
BLACK
6
CONTINUOUS
10
5.1030138188976375
20
-3.5519035039370079
11
5.1069848031496061
21
-3.5529675196850392
0
LINE
8
BLACK
6
CONTINUOUS
10
6.3347788188976377
20
-3.5170935039370077
11
6.338339133858268
21
-3.5191490551181102
0
LINE
8
BLACK
6
CONTINUOUS
10
6.338339133858268
20
-3.5191490551181102
11
6.3412460629921261
21
-3.5220559842519683
0
LINE
8
BLACK
6
CONTINUOUS
10
6.3412460629921261
20
-3.5220559842519683
11
6.3433016141732281
21
-3.5256162992125986
0
LINE
8
BLACK
6
CONTINUOUS
10
6.3433016141732281
20
-3.5256162992125986
11
6.3443656299212599
21
-3.5295872834645667
0
LINE
8
BLACK
6
CONTINUOUS
10
6.3443656299212599
20
-3.5295872834645667
11
6.3443656299212599
21
-3.5336983070866141
0
LINE
8
BLACK
6
CONTINUOUS
10
6.3443656299212599
20
-3.5336983070866141
11
6.3433016141732281
21
-3.5376692913385828
0
LINE
8
BLACK
6
CONTINUOUS
10
6.3433016141732281
20
-3.5376692913385828
11
6.3412460629921261
21
-3.5412296062992126
0
LINE
8
BLACK
6
CONTINUOUS
10
6.3412460629921261
20
-3.5412296062992126
11
6.338339133858268
21
-3.5441365354330707
0
LINE
8
BLACK
6
CONTINUOUS
10
6.338339133858268
20
-3.5441365354330707
11
6.3347788188976377
21
-3.5461920866141732
0
LINE
8
BLACK
6
CONTINUOUS
10
6.3347788188976377
20
-3.5461920866141732
11
6.3308078346456691
21
-3.5472561023622045
0
LINE
8
BLACK
6
CONTINUOUS
10
6.3308078346456691
20
-3.5472561023622045
11
6.3266968110236217
21
-3.5472561023622045
0
LINE
8
BLACK
6
CONTINUOUS
10
6.3266968110236217
20
-3.5472561023622045
11
6.3227258267716531
21
-3.5461920866141732
0
LINE
8
BLACK
6
CONTINUOUS
10
6.3227258267716531
20
-3.5461920866141732
11
6.3191655118110237
21
-3.5441365354330707
0
LINE
8
BLACK
6
CONTINUOUS
10
6.3191655118110237
20
-3.5441365354330707
11
6.3162585826771656
21
-3.5412296062992126
0
LINE
8
BLACK
6
CONTINUOUS
10
6.3162585826771656
20
-3.5412296062992126
11
6.3142030314960627
21
-3.5376692913385828
0
LINE
8
BLACK
6
CONTINUOUS
10
6.3142030314960627
20
-3.5376692913385828
11
6.3131390157480309
21
-3.5336983070866141
0
LINE
8
BLACK
6
CONTINUOUS
10
6.3131390157480309
20
-3.5336983070866141
11
6.3131390157480309
21
-3.5295872834645667
0
LINE
8
BLACK
6
CONTINUOUS
10
6.3131390157480309
20
-3.5295872834645667
11
6.3142030314960627
21
-3.5256162992125986
0
LINE
8
BLACK
6
CONTINUOUS
10
6.3142030314960627
20
-3.5256162992125986
11
6.3162585826771656
21
-3.5220559842519683
0
LINE
8
BLACK
6
CONTINUOUS
10
6.3162585826771656
20
-3.5220559842519683
11
6.3191655118110237
21
-3.5191490551181102
0
LINE
8
BLACK
6
CONTINUOUS
10
6.3191655118110237
20
-3.5191490551181102
11
6.3227258267716531
21
-3.5170935039370077
0
LINE
8
BLACK
6
CONTINUOUS
10
6.3227258267716531
20
-3.5170935039370077
11
6.3266968110236217
21
-3.5160294881889764
0
LINE
8
BLACK
6
CONTINUOUS
10
6.3266968110236217
20
-3.5160294881889764
11
6.3308078346456691
21
-3.5160294881889764
0
LINE
8
BLACK
6
CONTINUOUS
10
6.3308078346456691
20
-3.5160294881889764
11
6.3347788188976377
21
-3.5170935039370077
0
LINE
8
BLACK
6
CONTINUOUS
10
6.191024488188976
20
-3.4777633858267714
11
6.1945848031496062
21
-3.4798189370078738
0
LINE
8
BLACK
6
CONTINUOUS
10
6.1945848031496062
20
-3.4798189370078738
11
6.1974917322834644
21
-3.4827258661417324
0
LINE
8
BLACK
6
CONTINUOUS
10
6.1974917322834644
20
-3.4827258661417324
11
6.1995472834645664
21
-3.4862861811023622
0
LINE
8
BLACK
6
CONTINUOUS
10
6.1995472834645664
20
-3.4862861811023622
11
6.2006112992125981
21
-3.4902571653543308
0
LINE
8
BLACK
6
CONTINUOUS
10
6.2006112992125981
20
-3.4902571653543308
11
6.2006112992125981
21
-3.4943681889763778
0
LINE
8
BLACK
6
CONTINUOUS
10
6.2006112992125981
20
-3.4943681889763778
11
6.1995472834645664
21
-3.4983391732283464
0
LINE
8
BLACK
6
CONTINUOUS
10
6.1995472834645664
20
-3.4983391732283464
11
6.1974917322834644
21
-3.5018994881889762
0
LINE
8
BLACK
6
CONTINUOUS
10
6.1974917322834644
20
-3.5018994881889762
11
6.1945848031496062
21
-3.5048064173228344
0
LINE
8
BLACK
6
CONTINUOUS
10
6.1945848031496062
20
-3.5048064173228344
11
6.191024488188976
21
-3.5068619685039368
0
LINE
8
BLACK
6
CONTINUOUS
10
6.191024488188976
20
-3.5068619685039368
11
6.1870535039370074
21
-3.5079259842519686
0
LINE
8
BLACK
6
CONTINUOUS
10
6.1870535039370074
20
-3.5079259842519686
11
6.1829424803149609
21
-3.5079259842519686
0
LINE
8
BLACK
6
CONTINUOUS
10
6.1829424803149609
20
-3.5079259842519686
11
6.1789714960629922
21
-3.5068619685039368
0
LINE
8
BLACK
6
CONTINUOUS
10
6.1789714960629922
20
-3.5068619685039368
11
6.175411181102362
21
-3.5048064173228344
0
LINE
8
BLACK
6
CONTINUOUS
10
6.175411181102362
20
-3.5048064173228344
11
6.1725042519685038
21
-3.5018994881889762
0
LINE
8
BLACK
6
CONTINUOUS
10
6.1725042519685038
20
-3.5018994881889762
11
6.1704487007874018
21
-3.4983391732283464
0
LINE
8
BLACK
6
CONTINUOUS
10
6.1704487007874018
20
-3.4983391732283464
11
6.1693846850393701
21
-3.4943681889763778
0
LINE
8
BLACK
6
CONTINUOUS
10
6.1693846850393701
20
-3.4943681889763778
11
6.1693846850393701
21
-3.4902571653543308
0
LINE
8
BLACK
6
CONTINUOUS
10
6.1693846850393701
20
-3.4902571653543308
11
6.1704487007874018
21
-3.4862861811023622
0
LINE
8
BLACK
6
CONTINUOUS
10
6.1704487007874018
20
-3.4862861811023622
11
6.1725042519685038
21
-3.4827258661417324
0
LINE
8
BLACK
6
CONTINUOUS
10
6.1725042519685038
20
-3.4827258661417324
11
6.175411181102362
21
-3.4798189370078738
0
LINE
8
BLACK
6
CONTINUOUS
10
6.175411181102362
20
-3.4798189370078738
11
6.1789714960629922
21
-3.4777633858267714
0
LINE
8
BLACK
6
CONTINUOUS
10
6.1789714960629922
20
-3.4777633858267714
11
6.1829424803149609
21
-3.4766993700787401
0
LINE
8
BLACK
6
CONTINUOUS
10
6.1829424803149609
20
-3.4766993700787401
11
6.1870535039370074
21
-3.4766993700787401
0
LINE
8
BLACK
6
CONTINUOUS
10
6.1870535039370074
20
-3.4766993700787401
11
6.191024488188976
21
-3.4777633858267714
0
LINE
8
BLACK
6
CONTINUOUS
10
6.3090289370078736
20
-3.4774834251968505
11
6.3125892519685038
21
-3.4795389763779525
0
LINE
8
BLACK
6
CONTINUOUS
10
6.3125892519685038
20
-3.4795389763779525
11
6.315496181102362
21
-3.4824459055118111
0
LINE
8
BLACK
6
CONTINUOUS
10
6.315496181102362
20
-3.4824459055118111
11
6.317551732283464
21
-3.4860062204724409
0
LINE
8
BLACK
6
CONTINUOUS
10
6.317551732283464
20
-3.4860062204724409
11
6.3186157480314957
21
-3.4899772047244095
0
LINE
8
BLACK
6
CONTINUOUS
10
6.3186157480314957
20
-3.4899772047244095
11
6.3186157480314957
21
-3.4940882283464565
0
LINE
8
BLACK
6
CONTINUOUS
10
6.3186157480314957
20
-3.4940882283464565
11
6.317551732283464
21
-3.4980592125984251
0
LINE
8
BLACK
6
CONTINUOUS
10
6.317551732283464
20
-3.4980592125984251
11
6.315496181102362
21
-3.5016195275590549
0
LINE
8
BLACK
6
CONTINUOUS
10
6.315496181102362
20
-3.5016195275590549
11
6.3125892519685038
21
-3.5045264566929135
0
LINE
8
BLACK
6
CONTINUOUS
10
6.3125892519685038
20
-3.5045264566929135
11
6.3090289370078736
21
-3.5065820078740155
0
LINE
8
BLACK
6
CONTINUOUS
10
6.3090289370078736
20
-3.5065820078740155
11
6.305057952755905
21
-3.5076460236220472
0
LINE
8
BLACK
6
CONTINUOUS
10
6.305057952755905
20
-3.5076460236220472
11
6.3009469291338585
21
-3.5076460236220472
0
LINE
8
BLACK
6
CONTINUOUS
10
6.3009469291338585
20
-3.5076460236220472
11
6.2969759448818898
21
-3.5065820078740155
0
LINE
8
BLACK
6
CONTINUOUS
10
6.2969759448818898
20
-3.5065820078740155
11
6.2934156299212596
21
-3.5045264566929135
0
LINE
8
BLACK
6
CONTINUOUS
10
6.2934156299212596
20
-3.5045264566929135
11
6.2905087007874014
21
-3.5016195275590549
0
LINE
8
BLACK
6
CONTINUOUS
10
6.2905087007874014
20
-3.5016195275590549
11
6.2884531496062994
21
-3.4980592125984251
0
LINE
8
BLACK
6
CONTINUOUS
10
6.2884531496062994
20
-3.4980592125984251
11
6.2873891338582677
21
-3.4940882283464565
0
LINE
8
BLACK
6
CONTINUOUS
10
6.2873891338582677
20
-3.4940882283464565
11
6.2873891338582677
21
-3.4899772047244095
0
LINE
8
BLACK
6
CONTINUOUS
10
6.2873891338582677
20
-3.4899772047244095
11
6.2884531496062994
21
-3.4860062204724409
0
LINE
8
BLACK
6
CONTINUOUS
10
6.2884531496062994
20
-3.4860062204724409
11
6.2905087007874014
21
-3.4824459055118111
0
LINE
8
BLACK
6
CONTINUOUS
10
6.2905087007874014
20
-3.4824459055118111
11
6.2934156299212596
21
-3.4795389763779525
0
LINE
8
BLACK
6
CONTINUOUS
10
6.2934156299212596
20
-3.4795389763779525
11
6.2969759448818898
21
-3.4774834251968505
0
LINE
8
BLACK
6
CONTINUOUS
10
6.2969759448818898
20
-3.4774834251968505
11
6.3009469291338585
21
-3.4764194094488188
0
LINE
8
BLACK
6
CONTINUOUS
10
6.3009469291338585
20
-3.4764194094488188
11
6.305057952755905
21
-3.4764194094488188
0
LINE
8
BLACK
6
CONTINUOUS
10
6.305057952755905
20
-3.4764194094488188
11
6.3090289370078736
21
-3.4774834251968505
0
LINE
8
BLACK
6
CONTINUOUS
10
6.3501974015748033
20
-3.4119674803149604
11
6.3537577165354326
21
-3.4140230314960629
0
LINE
8
BLACK
6
CONTINUOUS
10
6.3537577165354326
20
-3.4140230314960629
11
6.3566646456692908
21
-3.416929960629921
0
LINE
8
BLACK
6
CONTINUOUS
10
6.3566646456692908
20
-3.416929960629921
11
6.3587201968503937
21
-3.4204902755905513
0
LINE
8
BLACK
6
CONTINUOUS
10
6.3587201968503937
20
-3.4204902755905513
11
6.3597842125984254
21
-3.4244612598425195
0
LINE
8
BLACK
6
CONTINUOUS
10
6.3597842125984254
20
-3.4244612598425195
11
6.3597842125984254
21
-3.4285722834645669
0
LINE
8
BLACK
6
CONTINUOUS
10
6.3597842125984254
20
-3.4285722834645669
11
6.3587201968503937
21
-3.4325432677165355
0
LINE
8
BLACK
6
CONTINUOUS
10
6.3587201968503937
20
-3.4325432677165355
11
6.3566646456692908
21
-3.4361035826771653
0
LINE
8
BLACK
6
CONTINUOUS
10
6.3566646456692908
20
-3.4361035826771653
11
6.3537577165354326
21
-3.4390105118110235
0
LINE
8
BLACK
6
CONTINUOUS
10
6.3537577165354326
20
-3.4390105118110235
11
6.3501974015748033
21
-3.4410660629921259
0
LINE
8
BLACK
6
CONTINUOUS
10
6.3501974015748033
20
-3.4410660629921259
11
6.3462264173228347
21
-3.4421300787401572
0
LINE
8
BLACK
6
CONTINUOUS
10
6.3462264173228347
20
-3.4421300787401572
11
6.3421153937007873
21
-3.4421300787401572
0
LINE
8
BLACK
6
CONTINUOUS
10
6.3421153937007873
20
-3.4421300787401572
11
6.3381444094488186
21
-3.4410660629921259
0
LINE
8
BLACK
6
CONTINUOUS
10
6.3381444094488186
20
-3.4410660629921259
11
6.3345840944881893
21
-3.4390105118110235
0
LINE
8
BLACK
6
CONTINUOUS
10
6.3345840944881893
20
-3.4390105118110235
11
6.3316771653543302
21
-3.4361035826771653
0
LINE
8
BLACK
6
CONTINUOUS
10
6.3316771653543302
20
-3.4361035826771653
11
6.3296216141732282
21
-3.4325432677165355
0
LINE
8
BLACK
6
CONTINUOUS
10
6.3296216141732282
20
-3.4325432677165355
11
6.3285575984251965
21
-3.4285722834645669
0
LINE
8
BLACK
6
CONTINUOUS
10
6.3285575984251965
20
-3.4285722834645669
11
6.3285575984251965
21
-3.4244612598425195
0
LINE
8
BLACK
6
CONTINUOUS
10
6.3285575984251965
20
-3.4244612598425195
11
6.3296216141732282
21
-3.4204902755905513
0
LINE
8
BLACK
6
CONTINUOUS
10
6.3296216141732282
20
-3.4204902755905513
11
6.3316771653543302
21
-3.416929960629921
0
LINE
8
BLACK
6
CONTINUOUS
10
6.3316771653543302
20
-3.416929960629921
11
6.3345840944881893
21
-3.4140230314960629
0
LINE
8
BLACK
6
CONTINUOUS
10
6.3345840944881893
20
-3.4140230314960629
11
6.3381444094488186
21
-3.4119674803149604
0
LINE
8
BLACK
6
CONTINUOUS
10
6.3381444094488186
20
-3.4119674803149604
11
6.3421153937007873
21
-3.4109034645669292
0
LINE
8
BLACK
6
CONTINUOUS
10
6.3421153937007873
20
-3.4109034645669292
11
6.3462264173228347
21
-3.4109034645669292
0
LINE
8
BLACK
6
CONTINUOUS
10
6.3462264173228347
20
-3.4109034645669292
11
6.3501974015748033
21
-3.4119674803149604
0
LINE
8
BLACK
6
CONTINUOUS
10
6.0723804330708662
20
-3.3842447244094487
11
6.0759407480314955
21
-3.3863002755905511
0
LINE
8
BLACK
6
CONTINUOUS
10
6.0759407480314955
20
-3.3863002755905511
11
6.0788476771653546
21
-3.3892072047244093
0
LINE
8
BLACK
6
CONTINUOUS
10
6.0788476771653546
20
-3.3892072047244093
11
6.0809032283464566
21
-3.3927675196850391
0
LINE
8
BLACK
6
CONTINUOUS
10
6.0809032283464566
20
-3.3927675196850391
11
6.0819672440944883
21
-3.3967385039370077
0
LINE
8
BLACK
6
CONTINUOUS
10
6.0819672440944883
20
-3.3967385039370077
11
6.0819672440944883
21
-3.4008495275590551
0
LINE
8
BLACK
6
CONTINUOUS
10
6.0819672440944883
20
-3.4008495275590551
11
6.0809032283464566
21
-3.4048205118110237
0
LINE
8
BLACK
6
CONTINUOUS
10
6.0809032283464566
20
-3.4048205118110237
11
6.0788476771653546
21
-3.4083808267716535
0
LINE
8
BLACK
6
CONTINUOUS
10
6.0788476771653546
20
-3.4083808267716535
11
6.0759407480314955
21
-3.4112877559055117
0
LINE
8
BLACK
6
CONTINUOUS
10
6.0759407480314955
20
-3.4112877559055117
11
6.0723804330708662
21
-3.4133433070866142
0
LINE
8
BLACK
6
CONTINUOUS
10
6.0723804330708662
20
-3.4133433070866142
11
6.0684094488188975
21
-3.4144073228346454
0
LINE
8
BLACK
6
CONTINUOUS
10
6.0684094488188975
20
-3.4144073228346454
11
6.0642984251968501
21
-3.4144073228346454
0
LINE
8
BLACK
6
CONTINUOUS
10
6.0642984251968501
20
-3.4144073228346454
11
6.0603274409448815
21
-3.4133433070866142
0
LINE
8
BLACK
6
CONTINUOUS
10
6.0603274409448815
20
-3.4133433070866142
11
6.0567671259842522
21
-3.4112877559055117
0
LINE
8
BLACK
6
CONTINUOUS
10
6.0567671259842522
20
-3.4112877559055117
11
6.053860196850394
21
-3.4083808267716535
0
LINE
8
BLACK
6
CONTINUOUS
10
6.053860196850394
20
-3.4083808267716535
11
6.0518046456692911
21
-3.4048205118110237
0
LINE
8
BLACK
6
CONTINUOUS
10
6.0518046456692911
20
-3.4048205118110237
11
6.0507406299212594
21
-3.4008495275590551
0
LINE
8
BLACK
6
CONTINUOUS
10
6.0507406299212594
20
-3.4008495275590551
11
6.0507406299212594
21
-3.3967385039370077
0
LINE
8
BLACK
6
CONTINUOUS
10
6.0507406299212594
20
-3.3967385039370077
11
6.0518046456692911
21
-3.3927675196850391
0
LINE
8
BLACK
6
CONTINUOUS
10
6.0518046456692911
20
-3.3927675196850391
11
6.053860196850394
21
-3.3892072047244093
0
LINE
8
BLACK
6
CONTINUOUS
10
6.053860196850394
20
-3.3892072047244093
11
6.0567671259842522
21
-3.3863002755905511
0
LINE
8
BLACK
6
CONTINUOUS
10
6.0567671259842522
20
-3.3863002755905511
11
6.0603274409448815
21
-3.3842447244094487
0
LINE
8
BLACK
6
CONTINUOUS
10
6.0603274409448815
20
-3.3842447244094487
11
6.0642984251968501
21
-3.3831807086614174
0
LINE
8
BLACK
6
CONTINUOUS
10
6.0642984251968501
20
-3.3831807086614174
11
6.0684094488188975
21
-3.3831807086614174
0
LINE
8
BLACK
6
CONTINUOUS
10
6.0684094488188975
20
-3.3831807086614174
11
6.0723804330708662
21
-3.3842447244094487
0
LINE
8
BLACK
6
CONTINUOUS
10
6.0334481102362201
20
-3.3783893307086612
11
6.0370084251968503
21
-3.3804448818897637
0
LINE
8
BLACK
6
CONTINUOUS
10
6.0370084251968503
20
-3.3804448818897637
11
6.0399153543307085
21
-3.3833518110236218
0
LINE
8
BLACK
6
CONTINUOUS
10
6.0399153543307085
20
-3.3833518110236218
11
6.0419709055118105
21
-3.3869121259842521
0
LINE
8
BLACK
6
CONTINUOUS
10
6.0419709055118105
20
-3.3869121259842521
11
6.0430349212598422
21
-3.3908831102362202
0
LINE
8
BLACK
6
CONTINUOUS
10
6.0430349212598422
20
-3.3908831102362202
11
6.0430349212598422
21
-3.3949941338582676
0
LINE
8
BLACK
6
CONTINUOUS
10
6.0430349212598422
20
-3.3949941338582676
11
6.0419709055118105
21
-3.3989651181102363
0
LINE
8
BLACK
6
CONTINUOUS
10
6.0419709055118105
20
-3.3989651181102363
11
6.0399153543307085
21
-3.4025254330708661
0
LINE
8
BLACK
6
CONTINUOUS
10
6.0399153543307085
20
-3.4025254330708661
11
6.0370084251968503
21
-3.4054323622047242
0
LINE
8
BLACK
6
CONTINUOUS
10
6.0370084251968503
20
-3.4054323622047242
11
6.0334481102362201
21
-3.4074879133858267
0
LINE
8
BLACK
6
CONTINUOUS
10
6.0334481102362201
20
-3.4074879133858267
11
6.0294771259842515
21
-3.4085519291338584
0
LINE
8
BLACK
6
CONTINUOUS
10
6.0294771259842515
20
-3.4085519291338584
11
6.0253661023622049
21
-3.4085519291338584
0
LINE
8
BLACK
6
CONTINUOUS
10
6.0253661023622049
20
-3.4085519291338584
11
6.0213951181102363
21
-3.4074879133858267
0
LINE
8
BLACK
6
CONTINUOUS
10
6.0213951181102363
20
-3.4074879133858267
11
6.0178348031496061
21
-3.4054323622047242
0
LINE
8
BLACK
6
CONTINUOUS
10
6.0178348031496061
20
-3.4054323622047242
11
6.0149278740157479
21
-3.4025254330708661
0
LINE
8
BLACK
6
CONTINUOUS
10
6.0149278740157479
20
-3.4025254330708661
11
6.0128723228346459
21
-3.3989651181102363
0
LINE
8
BLACK
6
CONTINUOUS
10
6.0128723228346459
20
-3.3989651181102363
11
6.0118083070866142
21
-3.3949941338582676
0
LINE
8
BLACK
6
CONTINUOUS
10
6.0118083070866142
20
-3.3949941338582676
11
6.0118083070866142
21
-3.3908831102362202
0
LINE
8
BLACK
6
CONTINUOUS
10
6.0118083070866142
20
-3.3908831102362202
11
6.0128723228346459
21
-3.3869121259842521
0
LINE
8
BLACK
6
CONTINUOUS
10
6.0128723228346459
20
-3.3869121259842521
11
6.0149278740157479
21
-3.3833518110236218
0
LINE
8
BLACK
6
CONTINUOUS
10
6.0149278740157479
20
-3.3833518110236218
11
6.0178348031496061
21
-3.3804448818897637
0
LINE
8
BLACK
6
CONTINUOUS
10
6.0178348031496061
20
-3.3804448818897637
11
6.0213951181102363
21
-3.3783893307086612
0
LINE
8
BLACK
6
CONTINUOUS
10
6.0213951181102363
20
-3.3783893307086612
11
6.0253661023622049
21
-3.3773253149606299
0
LINE
8
BLACK
6
CONTINUOUS
10
6.0253661023622049
20
-3.3773253149606299
11
6.0294771259842515
21
-3.3773253149606299
0
LINE
8
BLACK
6
CONTINUOUS
10
6.0294771259842515
20
-3.3773253149606299
11
6.0334481102362201
21
-3.3783893307086612
0
LINE
8
BLACK
6
CONTINUOUS
10
6.31670094488189
20
-3.3729675196850395
11
6.3202612598425194
21
-3.3750230708661415
0
LINE
8
BLACK
6
CONTINUOUS
10
6.3202612598425194
20
-3.3750230708661415
11
6.3231681889763776
21
-3.3779300000000001
0
LINE
8
BLACK
6
CONTINUOUS
10
6.3231681889763776
20
-3.3779300000000001
11
6.3252237401574805
21
-3.3814903149606299
0
LINE
8
BLACK
6
CONTINUOUS
10
6.3252237401574805
20
-3.3814903149606299
11
6.3262877559055113
21
-3.3854612992125985
0
LINE
8
BLACK
6
CONTINUOUS
10
6.3262877559055113
20
-3.3854612992125985
11
6.3262877559055113
21
-3.3895723228346455
0
LINE
8
BLACK
6
CONTINUOUS
10
6.3262877559055113
20
-3.3895723228346455
11
6.3252237401574805
21
-3.3935433070866141
0
LINE
8
BLACK
6
CONTINUOUS
10
6.3252237401574805
20
-3.3935433070866141
11
6.3231681889763776
21
-3.3971036220472439
0
LINE
8
BLACK
6
CONTINUOUS
10
6.3231681889763776
20
-3.3971036220472439
11
6.3202612598425194
21
-3.4000105511811021
0
LINE
8
BLACK
6
CONTINUOUS
10
6.3202612598425194
20
-3.4000105511811021
11
6.31670094488189
21
-3.4020661023622045
0
LINE
8
BLACK
6
CONTINUOUS
10
6.31670094488189
20
-3.4020661023622045
11
6.3127299606299214
21
-3.4031301181102362
0
LINE
8
BLACK
6
CONTINUOUS
10
6.3127299606299214
20
-3.4031301181102362
11
6.308618937007874
21
-3.4031301181102362
0
LINE
8
BLACK
6
CONTINUOUS
10
6.308618937007874
20
-3.4031301181102362
11
6.3046479527559054
21
-3.4020661023622045
0
LINE
8
BLACK
6
CONTINUOUS
10
6.3046479527559054
20
-3.4020661023622045
11
6.3010876377952751
21
-3.4000105511811021
0
LINE
8
BLACK
6
CONTINUOUS
10
6.3010876377952751
20
-3.4000105511811021
11
6.298180708661417
21
-3.3971036220472439
0
LINE
8
BLACK
6
CONTINUOUS
10
6.298180708661417
20
-3.3971036220472439
11
6.296125157480315
21
-3.3935433070866141
0
LINE
8
BLACK
6
CONTINUOUS
10
6.296125157480315
20
-3.3935433070866141
11
6.2950611417322833
21
-3.3895723228346455
0
LINE
8
BLACK
6
CONTINUOUS
10
6.2950611417322833
20
-3.3895723228346455
11
6.2950611417322833
21
-3.3854612992125985
0
LINE
8
BLACK
6
CONTINUOUS
10
6.2950611417322833
20
-3.3854612992125985
11
6.296125157480315
21
-3.3814903149606299
0
LINE
8
BLACK
6
CONTINUOUS
10
6.296125157480315
20
-3.3814903149606299
11
6.298180708661417
21
-3.3779300000000001
0
LINE
8
BLACK
6
CONTINUOUS
10
6.298180708661417
20
-3.3779300000000001
11
6.3010876377952751
21
-3.3750230708661415
0
LINE
8
BLACK
6
CONTINUOUS
10
6.3010876377952751
20
-3.3750230708661415
11
6.3046479527559054
21
-3.3729675196850395
0
LINE
8
BLACK
6
CONTINUOUS
10
6.3046479527559054
20
-3.3729675196850395
11
6.308618937007874
21
-3.3719035039370078
0
LINE
8
BLACK
6
CONTINUOUS
10
6.308618937007874
20
-3.3719035039370078
11
6.3127299606299214
21
-3.3719035039370078
0
LINE
8
BLACK
6
CONTINUOUS
10
6.3127299606299214
20
-3.3719035039370078
11
6.31670094488189
21
-3.3729675196850395
0
LINE
8
BLACK
6
CONTINUOUS
10
7.0687013385826774
20
-3.3529675196850395
11
7.0722616535433067
21
-3.3550230708661415
0
LINE
8
BLACK
6
CONTINUOUS
10
7.0722616535433067
20
-3.3550230708661415
11
7.0751685826771649
21
-3.3579300000000001
0
LINE
8
BLACK
6
CONTINUOUS
10
7.0751685826771649
20
-3.3579300000000001
11
7.0772241338582678
21
-3.3614903149606299
0
LINE
8
BLACK
6
CONTINUOUS
10
7.0772241338582678
20
-3.3614903149606299
11
7.0782881496062995
21
-3.3654612992125985
0
LINE
8
BLACK
6
CONTINUOUS
10
7.0782881496062995
20
-3.3654612992125985
11
7.0782881496062995
21
-3.3695723228346455
0
LINE
8
BLACK
6
CONTINUOUS
10
7.0782881496062995
20
-3.3695723228346455
11
7.0772241338582678
21
-3.3735433070866141
0
LINE
8
BLACK
6
CONTINUOUS
10
7.0772241338582678
20
-3.3735433070866141
11
7.0751685826771649
21
-3.3771036220472439
0
LINE
8
BLACK
6
CONTINUOUS
10
7.0751685826771649
20
-3.3771036220472439
11
7.0722616535433067
21
-3.3800105511811025
0
LINE
8
BLACK
6
CONTINUOUS
10
7.0722616535433067
20
-3.3800105511811025
11
7.0687013385826774
21
-3.3820661023622045
0
LINE
8
BLACK
6
CONTINUOUS
10
7.0687013385826774
20
-3.3820661023622045
11
7.0647303543307087
21
-3.3831301181102362
0
LINE
8
BLACK
6
CONTINUOUS
10
7.0647303543307087
20
-3.3831301181102362
11
7.0606193307086613
21
-3.3831301181102362
0
LINE
8
BLACK
6
CONTINUOUS
10
7.0606193307086613
20
-3.3831301181102362
11
7.0566483464566927
21
-3.3820661023622045
0
LINE
8
BLACK
6
CONTINUOUS
10
7.0566483464566927
20
-3.3820661023622045
11
7.0530880314960624
21
-3.3800105511811025
0
LINE
8
BLACK
6
CONTINUOUS
10
7.0530880314960624
20
-3.3800105511811025
11
7.0501811023622043
21
-3.3771036220472439
0
LINE
8
BLACK
6
CONTINUOUS
10
7.0501811023622043
20
-3.3771036220472439
11
7.0481255511811023
21
-3.3735433070866141
0
LINE
8
BLACK
6
CONTINUOUS
10
7.0481255511811023
20
-3.3735433070866141
11
7.0470615354330706
21
-3.3695723228346455
0
LINE
8
BLACK
6
CONTINUOUS
10
7.0470615354330706
20
-3.3695723228346455
11
7.0470615354330706
21
-3.3654612992125985
0
LINE
8
BLACK
6
CONTINUOUS
10
7.0470615354330706
20
-3.3654612992125985
11
7.0481255511811023
21
-3.3614903149606299
0
LINE
8
BLACK
6
CONTINUOUS
10
7.0481255511811023
20
-3.3614903149606299
11
7.0501811023622043
21
-3.3579300000000001
0
LINE
8
BLACK
6
CONTINUOUS
10
7.0501811023622043
20
-3.3579300000000001
11
7.0530880314960624
21
-3.3550230708661415
0
LINE
8
BLACK
6
CONTINUOUS
10
7.0530880314960624
20
-3.3550230708661415
11
7.0566483464566927
21
-3.3529675196850395
0
LINE
8
BLACK
6
CONTINUOUS
10
7.0566483464566927
20
-3.3529675196850395
11
7.0606193307086613
21
-3.3519035039370078
0
LINE
8
BLACK
6
CONTINUOUS
10
7.0606193307086613
20
-3.3519035039370078
11
7.0647303543307087
21
-3.3519035039370078
0
LINE
8
BLACK
6
CONTINUOUS
10
7.0647303543307087
20
-3.3519035039370078
11
7.0687013385826774
21
-3.3529675196850395
0
LINE
8
BLACK
6
CONTINUOUS
10
4.3347013385826774
20
-3.3229675196850392
11
4.3382616535433067
21
-3.3250230708661417
0
LINE
8
BLACK
6
CONTINUOUS
10
4.3382616535433067
20
-3.3250230708661417
11
4.3411685826771649
21
-3.3279299999999998
0
LINE
8
BLACK
6
CONTINUOUS
10
4.3411685826771649
20
-3.3279299999999998
11
4.3432241338582678
21
-3.3314903149606296
0
LINE
8
BLACK
6
CONTINUOUS
10
4.3432241338582678
20
-3.3314903149606296
11
4.3442881496062995
21
-3.3354612992125983
0
LINE
8
BLACK
6
CONTINUOUS
10
4.3442881496062995
20
-3.3354612992125983
11
4.3442881496062995
21
-3.3395723228346457
0
LINE
8
BLACK
6
CONTINUOUS
10
4.3442881496062995
20
-3.3395723228346457
11
4.3432241338582678
21
-3.3435433070866143
0
LINE
8
BLACK
6
CONTINUOUS
10
4.3432241338582678
20
-3.3435433070866143
11
4.3411685826771649
21
-3.3471036220472441
0
LINE
8
BLACK
6
CONTINUOUS
10
4.3411685826771649
20
-3.3471036220472441
11
4.3382616535433067
21
-3.3500105511811022
0
LINE
8
BLACK
6
CONTINUOUS
10
4.3382616535433067
20
-3.3500105511811022
11
4.3347013385826774
21
-3.3520661023622047
0
LINE
8
BLACK
6
CONTINUOUS
10
4.3347013385826774
20
-3.3520661023622047
11
4.3307303543307087
21
-3.353130118110236
0
LINE
8
BLACK
6
CONTINUOUS
10
4.3307303543307087
20
-3.353130118110236
11
4.3266193307086613
21
-3.353130118110236
0
LINE
8
BLACK
6
CONTINUOUS
10
4.3266193307086613
20
-3.353130118110236
11
4.3226483464566927
21
-3.3520661023622047
0
LINE
8
BLACK
6
CONTINUOUS
10
4.3226483464566927
20
-3.3520661023622047
11
4.3190880314960625
21
-3.3500105511811022
0
LINE
8
BLACK
6
CONTINUOUS
10
4.3190880314960625
20
-3.3500105511811022
11
4.3161811023622043
21
-3.3471036220472441
0
LINE
8
BLACK
6
CONTINUOUS
10
4.3161811023622043
20
-3.3471036220472441
11
4.3141255511811023
21
-3.3435433070866143
0
LINE
8
BLACK
6
CONTINUOUS
10
4.3141255511811023
20
-3.3435433070866143
11
4.3130615354330706
21
-3.3395723228346457
0
LINE
8
BLACK
6
CONTINUOUS
10
4.3130615354330706
20
-3.3395723228346457
11
4.3130615354330706
21
-3.3354612992125983
0
LINE
8
BLACK
6
CONTINUOUS
10
4.3130615354330706
20
-3.3354612992125983
11
4.3141255511811023
21
-3.3314903149606296
0
LINE
8
BLACK
6
CONTINUOUS
10
4.3141255511811023
20
-3.3314903149606296
11
4.3161811023622043
21
-3.3279299999999998
0
LINE
8
BLACK
6
CONTINUOUS
10
4.3161811023622043
20
-3.3279299999999998
11
4.3190880314960625
21
-3.3250230708661417
0
LINE
8
BLACK
6
CONTINUOUS
10
4.3190880314960625
20
-3.3250230708661417
11
4.3226483464566927
21
-3.3229675196850392
0
LINE
8
BLACK
6
CONTINUOUS
10
4.3226483464566927
20
-3.3229675196850392
11
4.3266193307086613
21
-3.321903503937008
0
LINE
8
BLACK
6
CONTINUOUS
10
4.3266193307086613
20
-3.321903503937008
11
4.3307303543307087
21
-3.321903503937008
0
LINE
8
BLACK
6
CONTINUOUS
10
4.3307303543307087
20
-3.321903503937008
11
4.3347013385826774
21
-3.3229675196850392
0
LINE
8
BLACK
6
CONTINUOUS
10
4.6547013385826768
20
-3.3179675196850393
11
4.658261653543307
21
-3.3200230708661418
0
LINE
8
BLACK
6
CONTINUOUS
10
4.658261653543307
20
-3.3200230708661418
11
4.6611685826771652
21
-3.3229299999999999
0
LINE
8
BLACK
6
CONTINUOUS
10
4.6611685826771652
20
-3.3229299999999999
11
4.6632241338582672
21
-3.3264903149606297
0
LINE
8
BLACK
6
CONTINUOUS
10
4.6632241338582672
20
-3.3264903149606297
11
4.6642881496062989
21
-3.3304612992125984
0
LINE
8
BLACK
6
CONTINUOUS
10
4.6642881496062989
20
-3.3304612992125984
11
4.6642881496062989
21
-3.3345723228346458
0
LINE
8
BLACK
6
CONTINUOUS
10
4.6642881496062989
20
-3.3345723228346458
11
4.6632241338582672
21
-3.338543307086614
0
LINE
8
BLACK
6
CONTINUOUS
10
4.6632241338582672
20
-3.338543307086614
11
4.6611685826771652
21
-3.3421036220472442
0
LINE
8
BLACK
6
CONTINUOUS
10
4.6611685826771652
20
-3.3421036220472442
11
4.658261653543307
21
-3.3450105511811024
0
LINE
8
BLACK
6
CONTINUOUS
10
4.658261653543307
20
-3.3450105511811024
11
4.6547013385826768
21
-3.3470661023622048
0
LINE
8
BLACK
6
CONTINUOUS
10
4.6547013385826768
20
-3.3470661023622048
11
4.6507303543307081
21
-3.3481301181102361
0
LINE
8
BLACK
6
CONTINUOUS
10
4.6507303543307081
20
-3.3481301181102361
11
4.6466193307086616
21
-3.3481301181102361
0
LINE
8
BLACK
6
CONTINUOUS
10
4.6466193307086616
20
-3.3481301181102361
11
4.642648346456693
21
-3.3470661023622048
0
LINE
8
BLACK
6
CONTINUOUS
10
4.642648346456693
20
-3.3470661023622048
11
4.6390880314960627
21
-3.3450105511811024
0
LINE
8
BLACK
6
CONTINUOUS
10
4.6390880314960627
20
-3.3450105511811024
11
4.6361811023622046
21
-3.3421036220472442
0
LINE
8
BLACK
6
CONTINUOUS
10
4.6361811023622046
20
-3.3421036220472442
11
4.6341255511811026
21
-3.338543307086614
0
LINE
8
BLACK
6
CONTINUOUS
10
4.6341255511811026
20
-3.338543307086614
11
4.6330615354330709
21
-3.3345723228346458
0
LINE
8
BLACK
6
CONTINUOUS
10
4.6330615354330709
20
-3.3345723228346458
11
4.6330615354330709
21
-3.3304612992125984
0
LINE
8
BLACK
6
CONTINUOUS
10
4.6330615354330709
20
-3.3304612992125984
11
4.6341255511811026
21
-3.3264903149606297
0
LINE
8
BLACK
6
CONTINUOUS
10
4.6341255511811026
20
-3.3264903149606297
11
4.6361811023622046
21
-3.3229299999999999
0
LINE
8
BLACK
6
CONTINUOUS
10
4.6361811023622046
20
-3.3229299999999999
11
4.6390880314960627
21
-3.3200230708661418
0
LINE
8
BLACK
6
CONTINUOUS
10
4.6390880314960627
20
-3.3200230708661418
11
4.642648346456693
21
-3.3179675196850393
0
LINE
8
BLACK
6
CONTINUOUS
10
4.642648346456693
20
-3.3179675196850393
11
4.6466193307086616
21
-3.3169035039370076
0
LINE
8
BLACK
6
CONTINUOUS
10
4.6466193307086616
20
-3.3169035039370076
11
4.6507303543307081
21
-3.3169035039370076
0
LINE
8
BLACK
6
CONTINUOUS
10
4.6507303543307081
20
-3.3169035039370076
11
4.6547013385826768
21
-3.3179675196850393
0
LINE
8
BLACK
6
CONTINUOUS
10
7.1247013385826774
20
-4.7129675196850389
11
7.1282616535433068
21
-4.7150230708661418
0
LINE
8
BLACK
6
CONTINUOUS
10
7.1282616535433068
20
-4.7150230708661418
11
7.1311685826771649
21
-4.71793
0
LINE
8
BLACK
6
CONTINUOUS
10
7.1311685826771649
20
-4.71793
11
7.1332241338582678
21
-4.7214903149606302
0
LINE
8
BLACK
6
CONTINUOUS
10
7.1332241338582678
20
-4.7214903149606302
11
7.1342881496062986
21
-4.7254612992125979
0
LINE
8
BLACK
6
CONTINUOUS
10
7.1342881496062986
20
-4.7254612992125979
11
7.1342881496062986
21
-4.7295723228346453
0
LINE
8
BLACK
6
CONTINUOUS
10
7.1342881496062986
20
-4.7295723228346453
11
7.1332241338582678
21
-4.733543307086614
0
LINE
8
BLACK
6
CONTINUOUS
10
7.1332241338582678
20
-4.733543307086614
11
7.1311685826771649
21
-4.7371036220472442
0
LINE
8
BLACK
6
CONTINUOUS
10
7.1311685826771649
20
-4.7371036220472442
11
7.1282616535433068
21
-4.7400105511811024
0
LINE
8
BLACK
6
CONTINUOUS
10
7.1282616535433068
20
-4.7400105511811024
11
7.1247013385826774
21
-4.7420661023622044
0
LINE
8
BLACK
6
CONTINUOUS
10
7.1247013385826774
20
-4.7420661023622044
11
7.1207303543307088
21
-4.7431301181102361
0
LINE
8
BLACK
6
CONTINUOUS
10
7.1207303543307088
20
-4.7431301181102361
11
7.1166193307086614
21
-4.7431301181102361
0
LINE
8
BLACK
6
CONTINUOUS
10
7.1166193307086614
20
-4.7431301181102361
11
7.1126483464566927
21
-4.7420661023622044
0
LINE
8
BLACK
6
CONTINUOUS
10
7.1126483464566927
20
-4.7420661023622044
11
7.1090880314960625
21
-4.7400105511811024
0
LINE
8
BLACK
6
CONTINUOUS
10
7.1090880314960625
20
-4.7400105511811024
11
7.1061811023622043
21
-4.7371036220472442
0
LINE
8
BLACK
6
CONTINUOUS
10
7.1061811023622043
20
-4.7371036220472442
11
7.1041255511811023
21
-4.733543307086614
0
LINE
8
BLACK
6
CONTINUOUS
10
7.1041255511811023
20
-4.733543307086614
11
7.1030615354330706
21
-4.7295723228346453
0
LINE
8
BLACK
6
CONTINUOUS
10
7.1030615354330706
20
-4.7295723228346453
11
7.1030615354330706
21
-4.7254612992125979
0
LINE
8
BLACK
6
CONTINUOUS
10
7.1030615354330706
20
-4.7254612992125979
11
7.1041255511811023
21
-4.7214903149606302
0
LINE
8
BLACK
6
CONTINUOUS
10
7.1041255511811023
20
-4.7214903149606302
11
7.1061811023622043
21
-4.71793
0
LINE
8
BLACK
6
CONTINUOUS
10
7.1061811023622043
20
-4.71793
11
7.1090880314960625
21
-4.7150230708661418
0
LINE
8
BLACK
6
CONTINUOUS
10
7.1090880314960625
20
-4.7150230708661418
11
7.1126483464566927
21
-4.7129675196850389
0
LINE
8
BLACK
6
CONTINUOUS
10
7.1126483464566927
20
-4.7129675196850389
11
7.1166193307086614
21
-4.7119035039370081
0
LINE
8
BLACK
6
CONTINUOUS
10
7.1166193307086614
20
-4.7119035039370081
11
7.1207303543307088
21
-4.7119035039370081
0
LINE
8
BLACK
6
CONTINUOUS
10
7.1207303543307088
20
-4.7119035039370081
11
7.1247013385826774
21
-4.7129675196850389
0
LINE
8
BLACK
6
CONTINUOUS
10
7.1147013385826767
20
-4.5779675196850391
11
7.118261653543307
21
-4.580023070866142
0
LINE
8
BLACK
6
CONTINUOUS
10
7.118261653543307
20
-4.580023070866142
11
7.1211685826771651
21
-4.5829300000000002
0
LINE
8
BLACK
6
CONTINUOUS
10
7.1211685826771651
20
-4.5829300000000002
11
7.1232241338582671
21
-4.5864903149606295
0
LINE
8
BLACK
6
CONTINUOUS
10
7.1232241338582671
20
-4.5864903149606295
11
7.1242881496062989
21
-4.5904612992125982
0
LINE
8
BLACK
6
CONTINUOUS
10
7.1242881496062989
20
-4.5904612992125982
11
7.1242881496062989
21
-4.5945723228346456
0
LINE
8
BLACK
6
CONTINUOUS
10
7.1242881496062989
20
-4.5945723228346456
11
7.1232241338582671
21
-4.5985433070866142
0
LINE
8
BLACK
6
CONTINUOUS
10
7.1232241338582671
20
-4.5985433070866142
11
7.1211685826771651
21
-4.6021036220472435
0
LINE
8
BLACK
6
CONTINUOUS
10
7.1211685826771651
20
-4.6021036220472435
11
7.118261653543307
21
-4.6050105511811026
0
LINE
8
BLACK
6
CONTINUOUS
10
7.118261653543307
20
-4.6050105511811026
11
7.1147013385826767
21
-4.6070661023622046
0
LINE
8
BLACK
6
CONTINUOUS
10
7.1147013385826767
20
-4.6070661023622046
11
7.1107303543307081
21
-4.6081301181102363
0
LINE
8
BLACK
6
CONTINUOUS
10
7.1107303543307081
20
-4.6081301181102363
11
7.1066193307086616
21
-4.6081301181102363
0
LINE
8
BLACK
6
CONTINUOUS
10
7.1066193307086616
20
-4.6081301181102363
11
7.102648346456693
21
-4.6070661023622046
0
LINE
8
BLACK
6
CONTINUOUS
10
7.102648346456693
20
-4.6070661023622046
11
7.0990880314960627
21
-4.6050105511811026
0
LINE
8
BLACK
6
CONTINUOUS
10
7.0990880314960627
20
-4.6050105511811026
11
7.0961811023622046
21
-4.6021036220472435
0
LINE
8
BLACK
6
CONTINUOUS
10
7.0961811023622046
20
-4.6021036220472435
11
7.0941255511811026
21
-4.5985433070866142
0
LINE
8
BLACK
6
CONTINUOUS
10
7.0941255511811026
20
-4.5985433070866142
11
7.0930615354330708
21
-4.5945723228346456
0
LINE
8
BLACK
6
CONTINUOUS
10
7.0930615354330708
20
-4.5945723228346456
11
7.0930615354330708
21
-4.5904612992125982
0
LINE
8
BLACK
6
CONTINUOUS
10
7.0930615354330708
20
-4.5904612992125982
11
7.0941255511811026
21
-4.5864903149606295
0
LINE
8
BLACK
6
CONTINUOUS
10
7.0941255511811026
20
-4.5864903149606295
11
7.0961811023622046
21
-4.5829300000000002
0
LINE
8
BLACK
6
CONTINUOUS
10
7.0961811023622046
20
-4.5829300000000002
11
7.0990880314960627
21
-4.580023070866142
0
LINE
8
BLACK
6
CONTINUOUS
10
7.0990880314960627
20
-4.580023070866142
11
7.102648346456693
21
-4.5779675196850391
0
LINE
8
BLACK
6
CONTINUOUS
10
7.102648346456693
20
-4.5779675196850391
11
7.1066193307086616
21
-4.5769035039370074
0
LINE
8
BLACK
6
CONTINUOUS
10
7.1066193307086616
20
-4.5769035039370074
11
7.1107303543307081
21
-4.5769035039370074
0
LINE
8
BLACK
6
CONTINUOUS
10
7.1107303543307081
20
-4.5769035039370074
11
7.1147013385826767
21
-4.5779675196850391
0
LINE
8
BLACK
6
CONTINUOUS
10
6.4247013385826772
20
-4.5809675196850392
11
6.4282616535433066
21
-4.5830230708661412
0
LINE
8
BLACK
6
CONTINUOUS
10
6.4282616535433066
20
-4.5830230708661412
11
6.4311685826771656
21
-4.5859300000000003
0
LINE
8
BLACK
6
CONTINUOUS
10
6.4311685826771656
20
-4.5859300000000003
11
6.4332241338582676
21
-4.5894903149606296
0
LINE
8
BLACK
6
CONTINUOUS
10
6.4332241338582676
20
-4.5894903149606296
11
6.4342881496062994
21
-4.5934612992125983
0
LINE
8
BLACK
6
CONTINUOUS
10
6.4342881496062994
20
-4.5934612992125983
11
6.4342881496062994
21
-4.5975723228346457
0
LINE
8
BLACK
6
CONTINUOUS
10
6.4342881496062994
20
-4.5975723228346457
11
6.4332241338582676
21
-4.6015433070866143
0
LINE
8
BLACK
6
CONTINUOUS
10
6.4332241338582676
20
-4.6015433070866143
11
6.4311685826771656
21
-4.6051036220472437
0
LINE
8
BLACK
6
CONTINUOUS
10
6.4311685826771656
20
-4.6051036220472437
11
6.4282616535433066
21
-4.6080105511811027
0
LINE
8
BLACK
6
CONTINUOUS
10
6.4282616535433066
20
-4.6080105511811027
11
6.4247013385826772
21
-4.6100661023622047
0
LINE
8
BLACK
6
CONTINUOUS
10
6.4247013385826772
20
-4.6100661023622047
11
6.4207303543307086
21
-4.6111301181102364
0
LINE
8
BLACK
6
CONTINUOUS
10
6.4207303543307086
20
-4.6111301181102364
11
6.4166193307086612
21
-4.6111301181102364
0
LINE
8
BLACK
6
CONTINUOUS
10
6.4166193307086612
20
-4.6111301181102364
11
6.4126483464566926
21
-4.6100661023622047
0
LINE
8
BLACK
6
CONTINUOUS
10
6.4126483464566926
20
-4.6100661023622047
11
6.4090880314960632
21
-4.6080105511811027
0
LINE
8
BLACK
6
CONTINUOUS
10
6.4090880314960632
20
-4.6080105511811027
11
6.4061811023622042
21
-4.6051036220472437
0
LINE
8
BLACK
6
CONTINUOUS
10
6.4061811023622042
20
-4.6051036220472437
11
6.4041255511811022
21
-4.6015433070866143
0
LINE
8
BLACK
6
CONTINUOUS
10
6.4041255511811022
20
-4.6015433070866143
11
6.4030615354330704
21
-4.5975723228346457
0
LINE
8
BLACK
6
CONTINUOUS
10
6.4030615354330704
20
-4.5975723228346457
11
6.4030615354330704
21
-4.5934612992125983
0
LINE
8
BLACK
6
CONTINUOUS
10
6.4030615354330704
20
-4.5934612992125983
11
6.4041255511811022
21
-4.5894903149606296
0
LINE
8
BLACK
6
CONTINUOUS
10
6.4041255511811022
20
-4.5894903149606296
11
6.4061811023622042
21
-4.5859300000000003
0
LINE
8
BLACK
6
CONTINUOUS
10
6.4061811023622042
20
-4.5859300000000003
11
6.4090880314960632
21
-4.5830230708661412
0
LINE
8
BLACK
6
CONTINUOUS
10
6.4090880314960632
20
-4.5830230708661412
11
6.4126483464566926
21
-4.5809675196850392
0
LINE
8
BLACK
6
CONTINUOUS
10
6.4126483464566926
20
-4.5809675196850392
11
6.4166193307086612
21
-4.5799035039370075
0
LINE
8
BLACK
6
CONTINUOUS
10
6.4166193307086612
20
-4.5799035039370075
11
6.4207303543307086
21
-4.5799035039370075
0
LINE
8
BLACK
6
CONTINUOUS
10
6.4207303543307086
20
-4.5799035039370075
11
6.4247013385826772
21
-4.5809675196850392
0
LINE
8
BLACK
6
CONTINUOUS
10
6.6227012598425192
20
-4.5809675196850392
11
6.6262615748031495
21
-4.5830230708661412
0
LINE
8
BLACK
6
CONTINUOUS
10
6.6262615748031495
20
-4.5830230708661412
11
6.6291685039370076
21
-4.5859300000000003
0
LINE
8
BLACK
6
CONTINUOUS
10
6.6291685039370076
20
-4.5859300000000003
11
6.6312240551181105
21
-4.5894903149606296
0
LINE
8
BLACK
6
CONTINUOUS
10
6.6312240551181105
20
-4.5894903149606296
11
6.6322880708661414
21
-4.5934612992125983
0
LINE
8
BLACK
6
CONTINUOUS
10
6.6322880708661414
20
-4.5934612992125983
11
6.6322880708661414
21
-4.5975723228346457
0
LINE
8
BLACK
6
CONTINUOUS
10
6.6322880708661414
20
-4.5975723228346457
11
6.6312240551181105
21
-4.6015433070866143
0
LINE
8
BLACK
6
CONTINUOUS
10
6.6312240551181105
20
-4.6015433070866143
11
6.6291685039370076
21
-4.6051036220472437
0
LINE
8
BLACK
6
CONTINUOUS
10
6.6291685039370076
20
-4.6051036220472437
11
6.6262615748031495
21
-4.6080105511811027
0
LINE
8
BLACK
6
CONTINUOUS
10
6.6262615748031495
20
-4.6080105511811027
11
6.6227012598425192
21
-4.6100661023622047
0
LINE
8
BLACK
6
CONTINUOUS
10
6.6227012598425192
20
-4.6100661023622047
11
6.6187302755905506
21
-4.6111301181102364
0
LINE
8
BLACK
6
CONTINUOUS
10
6.6187302755905506
20
-4.6111301181102364
11
6.6146192519685041
21
-4.6111301181102364
0
LINE
8
BLACK
6
CONTINUOUS
10
6.6146192519685041
20
-4.6111301181102364
11
6.6106482677165355
21
-4.6100661023622047
0
LINE
8
BLACK
6
CONTINUOUS
10
6.6106482677165355
20
-4.6100661023622047
11
6.6070879527559052
21
-4.6080105511811027
0
LINE
8
BLACK
6
CONTINUOUS
10
6.6070879527559052
20
-4.6080105511811027
11
6.6041810236220471
21
-4.6051036220472437
0
LINE
8
BLACK
6
CONTINUOUS
10
6.6041810236220471
20
-4.6051036220472437
11
6.6021254724409451
21
-4.6015433070866143
0
LINE
8
BLACK
6
CONTINUOUS
10
6.6021254724409451
20
-4.6015433070866143
11
6.6010614566929133
21
-4.5975723228346457
0
LINE
8
BLACK
6
CONTINUOUS
10
6.6010614566929133
20
-4.5975723228346457
11
6.6010614566929133
21
-4.5934612992125983
0
LINE
8
BLACK
6
CONTINUOUS
10
6.6010614566929133
20
-4.5934612992125983
11
6.6021254724409451
21
-4.5894903149606296
0
LINE
8
BLACK
6
CONTINUOUS
10
6.6021254724409451
20
-4.5894903149606296
11
6.6041810236220471
21
-4.5859300000000003
0
LINE
8
BLACK
6
CONTINUOUS
10
6.6041810236220471
20
-4.5859300000000003
11
6.6070879527559052
21
-4.5830230708661412
0
LINE
8
BLACK
6
CONTINUOUS
10
6.6070879527559052
20
-4.5830230708661412
11
6.6106482677165355
21
-4.5809675196850392
0
LINE
8
BLACK
6
CONTINUOUS
10
6.6106482677165355
20
-4.5809675196850392
11
6.6146192519685041
21
-4.5799035039370075
0
LINE
8
BLACK
6
CONTINUOUS
10
6.6146192519685041
20
-4.5799035039370075
11
6.6187302755905506
21
-4.5799035039370075
0
LINE
8
BLACK
6
CONTINUOUS
10
6.6187302755905506
20
-4.5799035039370075
11
6.6227012598425192
21
-4.5809675196850392
0
LINE
8
BLACK
6
CONTINUOUS
10
5.995701338582677
20
-4.5319675196850389
11
5.9992616535433072
21
-4.5340230708661418
0
LINE
8
BLACK
6
CONTINUOUS
10
5.9992616535433072
20
-4.5340230708661418
11
6.0021685826771654
21
-4.5369299999999999
0
LINE
8
BLACK
6
CONTINUOUS
10
6.0021685826771654
20
-4.5369299999999999
11
6.0042241338582674
21
-4.5404903149606302
0
LINE
8
BLACK
6
CONTINUOUS
10
6.0042241338582674
20
-4.5404903149606302
11
6.0052881496062991
21
-4.5444612992125979
0
LINE
8
BLACK
6
CONTINUOUS
10
6.0052881496062991
20
-4.5444612992125979
11
6.0052881496062991
21
-4.5485723228346453
0
LINE
8
BLACK
6
CONTINUOUS
10
6.0052881496062991
20
-4.5485723228346453
11
6.0042241338582674
21
-4.5525433070866139
0
LINE
8
BLACK
6
CONTINUOUS
10
6.0042241338582674
20
-4.5525433070866139
11
6.0021685826771654
21
-4.5561036220472442
0
LINE
8
BLACK
6
CONTINUOUS
10
6.0021685826771654
20
-4.5561036220472442
11
5.9992616535433072
21
-4.5590105511811023
0
LINE
8
BLACK
6
CONTINUOUS
10
5.9992616535433072
20
-4.5590105511811023
11
5.995701338582677
21
-4.5610661023622043
0
LINE
8
BLACK
6
CONTINUOUS
10
5.995701338582677
20
-4.5610661023622043
11
5.9917303543307083
21
-4.5621301181102361
0
LINE
8
BLACK
6
CONTINUOUS
10
5.9917303543307083
20
-4.5621301181102361
11
5.9876193307086609
21
-4.5621301181102361
0
LINE
8
BLACK
6
CONTINUOUS
10
5.9876193307086609
20
-4.5621301181102361
11
5.9836483464566932
21
-4.5610661023622043
0
LINE
8
BLACK
6
CONTINUOUS
10
5.9836483464566932
20
-4.5610661023622043
11
5.9800880314960629
21
-4.5590105511811023
0
LINE
8
BLACK
6
CONTINUOUS
10
5.9800880314960629
20
-4.5590105511811023
11
5.9771811023622048
21
-4.5561036220472442
0
LINE
8
BLACK
6
CONTINUOUS
10
5.9771811023622048
20
-4.5561036220472442
11
5.9751255511811019
21
-4.5525433070866139
0
LINE
8
BLACK
6
CONTINUOUS
10
5.9751255511811019
20
-4.5525433070866139
11
5.9740615354330711
21
-4.5485723228346453
0
LINE
8
BLACK
6
CONTINUOUS
10
5.9740615354330711
20
-4.5485723228346453
11
5.9740615354330711
21
-4.5444612992125979
0
LINE
8
BLACK
6
CONTINUOUS
10
5.9740615354330711
20
-4.5444612992125979
11
5.9751255511811019
21
-4.5404903149606302
0
LINE
8
BLACK
6
CONTINUOUS
10
5.9751255511811019
20
-4.5404903149606302
11
5.9771811023622048
21
-4.5369299999999999
0
LINE
8
BLACK
6
CONTINUOUS
10
5.9771811023622048
20
-4.5369299999999999
11
5.9800880314960629
21
-4.5340230708661418
0
LINE
8
BLACK
6
CONTINUOUS
10
5.9800880314960629
20
-4.5340230708661418
11
5.9836483464566932
21
-4.5319675196850389
0
LINE
8
BLACK
6
CONTINUOUS
10
5.9836483464566932
20
-4.5319675196850389
11
5.9876193307086609
21
-4.530903503937008
0
LINE
8
BLACK
6
CONTINUOUS
10
5.9876193307086609
20
-4.530903503937008
11
5.9917303543307083
21
-4.530903503937008
0
LINE
8
BLACK
6
CONTINUOUS
10
5.9917303543307083
20
-4.530903503937008
11
5.995701338582677
21
-4.5319675196850389
0
LINE
8
BLACK
6
CONTINUOUS
10
5.7937012598425195
20
-4.5309675196850394
11
5.7972615748031497
21
-4.5330230708661414
0
LINE
8
BLACK
6
CONTINUOUS
10
5.7972615748031497
20
-4.5330230708661414
11
5.8001685039370079
21
-4.5359299999999996
0
LINE
8
BLACK
6
CONTINUOUS
10
5.8001685039370079
20
-4.5359299999999996
11
5.8022240551181099
21
-4.5394903149606298
0
LINE
8
BLACK
6
CONTINUOUS
10
5.8022240551181099
20
-4.5394903149606298
11
5.8032880708661416
21
-4.5434612992125984
0
LINE
8
BLACK
6
CONTINUOUS
10
5.8032880708661416
20
-4.5434612992125984
11
5.8032880708661416
21
-4.5475723228346459
0
LINE
8
BLACK
6
CONTINUOUS
10
5.8032880708661416
20
-4.5475723228346459
11
5.8022240551181099
21
-4.5515433070866145
0
LINE
8
BLACK
6
CONTINUOUS
10
5.8022240551181099
20
-4.5515433070866145
11
5.8001685039370079
21
-4.5551036220472438
0
LINE
8
BLACK
6
CONTINUOUS
10
5.8001685039370079
20
-4.5551036220472438
11
5.7972615748031497
21
-4.558010551181102
0
LINE
8
BLACK
6
CONTINUOUS
10
5.7972615748031497
20
-4.558010551181102
11
5.7937012598425195
21
-4.5600661023622049
0
LINE
8
BLACK
6
CONTINUOUS
10
5.7937012598425195
20
-4.5600661023622049
11
5.7897302755905509
21
-4.5611301181102357
0
LINE
8
BLACK
6
CONTINUOUS
10
5.7897302755905509
20
-4.5611301181102357
11
5.7856192519685035
21
-4.5611301181102357
0
LINE
8
BLACK
6
CONTINUOUS
10
5.7856192519685035
20
-4.5611301181102357
11
5.7816482677165357
21
-4.5600661023622049
0
LINE
8
BLACK
6
CONTINUOUS
10
5.7816482677165357
20
-4.5600661023622049
11
5.7780879527559055
21
-4.558010551181102
0
LINE
8
BLACK
6
CONTINUOUS
10
5.7780879527559055
20
-4.558010551181102
11
5.7751810236220473
21
-4.5551036220472438
0
LINE
8
BLACK
6
CONTINUOUS
10
5.7751810236220473
20
-4.5551036220472438
11
5.7731254724409444
21
-4.5515433070866145
0
LINE
8
BLACK
6
CONTINUOUS
10
5.7731254724409444
20
-4.5515433070866145
11
5.7720614566929136
21
-4.5475723228346459
0
LINE
8
BLACK
6
CONTINUOUS
10
5.7720614566929136
20
-4.5475723228346459
11
5.7720614566929136
21
-4.5434612992125984
0
LINE
8
BLACK
6
CONTINUOUS
10
5.7720614566929136
20
-4.5434612992125984
11
5.7731254724409444
21
-4.5394903149606298
0
LINE
8
BLACK
6
CONTINUOUS
10
5.7731254724409444
20
-4.5394903149606298
11
5.7751810236220473
21
-4.5359299999999996
0
LINE
8
BLACK
6
CONTINUOUS
10
5.7751810236220473
20
-4.5359299999999996
11
5.7780879527559055
21
-4.5330230708661414
0
LINE
8
BLACK
6
CONTINUOUS
10
5.7780879527559055
20
-4.5330230708661414
11
5.7816482677165357
21
-4.5309675196850394
0
LINE
8
BLACK
6
CONTINUOUS
10
5.7816482677165357
20
-4.5309675196850394
11
5.7856192519685035
21
-4.5299035039370077
0
LINE
8
BLACK
6
CONTINUOUS
10
5.7856192519685035
20
-4.5299035039370077
11
5.7897302755905509
21
-4.5299035039370077
0
LINE
8
BLACK
6
CONTINUOUS
10
5.7897302755905509
20
-4.5299035039370077
11
5.7937012598425195
21
-4.5309675196850394
0
LINE
8
BLACK
6
CONTINUOUS
10
6.1897013385826769
20
-4.5279675196850393
11
6.1932616535433072
21
-4.5300230708661413
0
LINE
8
BLACK
6
CONTINUOUS
10
6.1932616535433072
20
-4.5300230708661413
11
6.1961685826771653
21
-4.5329299999999995
0
LINE
8
BLACK
6
CONTINUOUS
10
6.1961685826771653
20
-4.5329299999999995
11
6.1982241338582673
21
-4.5364903149606297
0
LINE
8
BLACK
6
CONTINUOUS
10
6.1982241338582673
20
-4.5364903149606297
11
6.199288149606299
21
-4.5404612992125983
0
LINE
8
BLACK
6
CONTINUOUS
10
6.199288149606299
20
-4.5404612992125983
11
6.199288149606299
21
-4.5445723228346457
0
LINE
8
BLACK
6
CONTINUOUS
10
6.199288149606299
20
-4.5445723228346457
11
6.1982241338582673
21
-4.5485433070866144
0
LINE
8
BLACK
6
CONTINUOUS
10
6.1982241338582673
20
-4.5485433070866144
11
6.1961685826771653
21
-4.5521036220472437
0
LINE
8
BLACK
6
CONTINUOUS
10
6.1961685826771653
20
-4.5521036220472437
11
6.1932616535433072
21
-4.5550105511811019
0
LINE
8
BLACK
6
CONTINUOUS
10
6.1932616535433072
20
-4.5550105511811019
11
6.1897013385826769
21
-4.5570661023622048
0
LINE
8
BLACK
6
CONTINUOUS
10
6.1897013385826769
20
-4.5570661023622048
11
6.1857303543307083
21
-4.5581301181102365
0
LINE
8
BLACK
6
CONTINUOUS
10
6.1857303543307083
20
-4.5581301181102365
11
6.1816193307086609
21
-4.5581301181102365
0
LINE
8
BLACK
6
CONTINUOUS
10
6.1816193307086609
20
-4.5581301181102365
11
6.1776483464566931
21
-4.5570661023622048
0
LINE
8
BLACK
6
CONTINUOUS
10
6.1776483464566931
20
-4.5570661023622048
11
6.1740880314960629
21
-4.5550105511811019
0
LINE
8
BLACK
6
CONTINUOUS
10
6.1740880314960629
20
-4.5550105511811019
11
6.1711811023622047
21
-4.5521036220472437
0
LINE
8
BLACK
6
CONTINUOUS
10
6.1711811023622047
20
-4.5521036220472437
11
6.1691255511811018
21
-4.5485433070866144
0
LINE
8
BLACK
6
CONTINUOUS
10
6.1691255511811018
20
-4.5485433070866144
11
6.168061535433071
21
-4.5445723228346457
0
LINE
8
BLACK
6
CONTINUOUS
10
6.168061535433071
20
-4.5445723228346457
11
6.168061535433071
21
-4.5404612992125983
0
LINE
8
BLACK
6
CONTINUOUS
10
6.168061535433071
20
-4.5404612992125983
11
6.1691255511811018
21
-4.5364903149606297
0
LINE
8
BLACK
6
CONTINUOUS
10
6.1691255511811018
20
-4.5364903149606297
11
6.1711811023622047
21
-4.5329299999999995
0
LINE
8
BLACK
6
CONTINUOUS
10
6.1711811023622047
20
-4.5329299999999995
11
6.1740880314960629
21
-4.5300230708661413
0
LINE
8
BLACK
6
CONTINUOUS
10
6.1740880314960629
20
-4.5300230708661413
11
6.1776483464566931
21
-4.5279675196850393
0
LINE
8
BLACK
6
CONTINUOUS
10
6.1776483464566931
20
-4.5279675196850393
11
6.1816193307086609
21
-4.5269035039370076
0
LINE
8
BLACK
6
CONTINUOUS
10
6.1816193307086609
20
-4.5269035039370076
11
6.1857303543307083
21
-4.5269035039370076
0
LINE
8
BLACK
6
CONTINUOUS
10
6.1857303543307083
20
-4.5269035039370076
11
6.1897013385826769
21
-4.5279675196850393
0
LINE
8
BLACK
6
CONTINUOUS
10
6.7809934251968507
20
-4.5114922440944882
11
6.78455374015748
21
-4.5135477952755902
0
LINE
8
BLACK
6
CONTINUOUS
10
6.78455374015748
20
-4.5135477952755902
11
6.7874606692913382
21
-4.5164547244094484
0
LINE
8
BLACK
6
CONTINUOUS
10
6.7874606692913382
20
-4.5164547244094484
11
6.7895162204724411
21
-4.5200150393700786
0
LINE
8
BLACK
6
CONTINUOUS
10
6.7895162204724411
20
-4.5200150393700786
11
6.7905802362204719
21
-4.5239860236220473
0
LINE
8
BLACK
6
CONTINUOUS
10
6.7905802362204719
20
-4.5239860236220473
11
6.7905802362204719
21
-4.5280970472440947
0
LINE
8
BLACK
6
CONTINUOUS
10
6.7905802362204719
20
-4.5280970472440947
11
6.7895162204724411
21
-4.5320680314960633
0
LINE
8
BLACK
6
CONTINUOUS
10
6.7895162204724411
20
-4.5320680314960633
11
6.7874606692913382
21
-4.5356283464566927
0
LINE
8
BLACK
6
CONTINUOUS
10
6.7874606692913382
20
-4.5356283464566927
11
6.78455374015748
21
-4.5385352755905508
0
LINE
8
BLACK
6
CONTINUOUS
10
6.78455374015748
20
-4.5385352755905508
11
6.7809934251968507
21
-4.5405908267716537
0
LINE
8
BLACK
6
CONTINUOUS
10
6.7809934251968507
20
-4.5405908267716537
11
6.777022440944882
21
-4.5416548425196845
0
LINE
8
BLACK
6
CONTINUOUS
10
6.777022440944882
20
-4.5416548425196845
11
6.7729114173228346
21
-4.5416548425196845
0
LINE
8
BLACK
6
CONTINUOUS
10
6.7729114173228346
20
-4.5416548425196845
11
6.768940433070866
21
-4.5405908267716537
0
LINE
8
BLACK
6
CONTINUOUS
10
6.768940433070866
20
-4.5405908267716537
11
6.7653801181102358
21
-4.5385352755905508
0
LINE
8
BLACK
6
CONTINUOUS
10
6.7653801181102358
20
-4.5385352755905508
11
6.7624731889763776
21
-4.5356283464566927
0
LINE
8
BLACK
6
CONTINUOUS
10
6.7624731889763776
20
-4.5356283464566927
11
6.7604176377952756
21
-4.5320680314960633
0
LINE
8
BLACK
6
CONTINUOUS
10
6.7604176377952756
20
-4.5320680314960633
11
6.7593536220472439
21
-4.5280970472440947
0
LINE
8
BLACK
6
CONTINUOUS
10
6.7593536220472439
20
-4.5280970472440947
11
6.7593536220472439
21
-4.5239860236220473
0
LINE
8
BLACK
6
CONTINUOUS
10
6.7593536220472439
20
-4.5239860236220473
11
6.7604176377952756
21
-4.5200150393700786
0
LINE
8
BLACK
6
CONTINUOUS
10
6.7604176377952756
20
-4.5200150393700786
11
6.7624731889763776
21
-4.5164547244094484
0
LINE
8
BLACK
6
CONTINUOUS
10
6.7624731889763776
20
-4.5164547244094484
11
6.7653801181102358
21
-4.5135477952755902
0
LINE
8
BLACK
6
CONTINUOUS
10
6.7653801181102358
20
-4.5135477952755902
11
6.768940433070866
21
-4.5114922440944882
0
LINE
8
BLACK
6
CONTINUOUS
10
6.768940433070866
20
-4.5114922440944882
11
6.7729114173228346
21
-4.5104282283464565
0
LINE
8
BLACK
6
CONTINUOUS
10
6.7729114173228346
20
-4.5104282283464565
11
6.777022440944882
21
-4.5104282283464565
0
LINE
8
BLACK
6
CONTINUOUS
10
6.777022440944882
20
-4.5104282283464565
11
6.7809934251968507
21
-4.5114922440944882
0
LINE
8
BLACK
6
CONTINUOUS
10
6.7708430708661416
20
-4.4587942913385827
11
6.7744033858267718
21
-4.4608498425196847
0
LINE
8
BLACK
6
CONTINUOUS
10
6.7744033858267718
20
-4.4608498425196847
11
6.77731031496063
21
-4.4637567716535429
0
LINE
8
BLACK
6
CONTINUOUS
10
6.77731031496063
20
-4.4637567716535429
11
6.779365866141732
21
-4.4673170866141731
0
LINE
8
BLACK
6
CONTINUOUS
10
6.779365866141732
20
-4.4673170866141731
11
6.7804298818897637
21
-4.4712880708661418
0
LINE
8
BLACK
6
CONTINUOUS
10
6.7804298818897637
20
-4.4712880708661418
11
6.7804298818897637
21
-4.4753990944881892
0
LINE
8
BLACK
6
CONTINUOUS
10
6.7804298818897637
20
-4.4753990944881892
11
6.779365866141732
21
-4.4793700787401578
0
LINE
8
BLACK
6
CONTINUOUS
10
6.779365866141732
20
-4.4793700787401578
11
6.77731031496063
21
-4.4829303937007872
0
LINE
8
BLACK
6
CONTINUOUS
10
6.77731031496063
20
-4.4829303937007872
11
6.7744033858267718
21
-4.4858373228346453
0
LINE
8
BLACK
6
CONTINUOUS
10
6.7744033858267718
20
-4.4858373228346453
11
6.7708430708661416
21
-4.4878928740157482
0
LINE
8
BLACK
6
CONTINUOUS
10
6.7708430708661416
20
-4.4878928740157482
11
6.7668720866141729
21
-4.488956889763779
0
LINE
8
BLACK
6
CONTINUOUS
10
6.7668720866141729
20
-4.488956889763779
11
6.7627610629921255
21
-4.488956889763779
0
LINE
8
BLACK
6
CONTINUOUS
10
6.7627610629921255
20
-4.488956889763779
11
6.7587900787401569
21
-4.4878928740157482
0
LINE
8
BLACK
6
CONTINUOUS
10
6.7587900787401569
20
-4.4878928740157482
11
6.7552297637795276
21
-4.4858373228346453
0
LINE
8
BLACK
6
CONTINUOUS
10
6.7552297637795276
20
-4.4858373228346453
11
6.7523228346456694
21
-4.4829303937007872
0
LINE
8
BLACK
6
CONTINUOUS
10
6.7523228346456694
20
-4.4829303937007872
11
6.7502672834645665
21
-4.4793700787401578
0
LINE
8
BLACK
6
CONTINUOUS
10
6.7502672834645665
20
-4.4793700787401578
11
6.7492032677165357
21
-4.4753990944881892
0
LINE
8
BLACK
6
CONTINUOUS
10
6.7492032677165357
20
-4.4753990944881892
11
6.7492032677165357
21
-4.4712880708661418
0
LINE
8
BLACK
6
CONTINUOUS
10
6.7492032677165357
20
-4.4712880708661418
11
6.7502672834645665
21
-4.4673170866141731
0
LINE
8
BLACK
6
CONTINUOUS
10
6.7502672834645665
20
-4.4673170866141731
11
6.7523228346456694
21
-4.4637567716535429
0
LINE
8
BLACK
6
CONTINUOUS
10
6.7523228346456694
20
-4.4637567716535429
11
6.7552297637795276
21
-4.4608498425196847
0
LINE
8
BLACK
6
CONTINUOUS
10
6.7552297637795276
20
-4.4608498425196847
11
6.7587900787401569
21
-4.4587942913385827
0
LINE
8
BLACK
6
CONTINUOUS
10
6.7587900787401569
20
-4.4587942913385827
11
6.7627610629921255
21
-4.457730275590551
0
LINE
8
BLACK
6
CONTINUOUS
10
6.7627610629921255
20
-4.457730275590551
11
6.7668720866141729
21
-4.457730275590551
0
LINE
8
BLACK
6
CONTINUOUS
10
6.7668720866141729
20
-4.457730275590551
11
6.7708430708661416
21
-4.4587942913385827
0
LINE
8
BLACK
6
CONTINUOUS
10
6.2967013385826771
20
-4.5069675196850394
11
6.3002616535433074
21
-4.5090230708661414
0
LINE
8
BLACK
6
CONTINUOUS
10
6.3002616535433074
20
-4.5090230708661414
11
6.3031685826771655
21
-4.5119299999999996
0
LINE
8
BLACK
6
CONTINUOUS
10
6.3031685826771655
20
-4.5119299999999996
11
6.3052241338582675
21
-4.5154903149606298
0
LINE
8
BLACK
6
CONTINUOUS
10
6.3052241338582675
20
-4.5154903149606298
11
6.3062881496062992
21
-4.5194612992125984
0
LINE
8
BLACK
6
CONTINUOUS
10
6.3062881496062992
20
-4.5194612992125984
11
6.3062881496062992
21
-4.5235723228346458
0
LINE
8
BLACK
6
CONTINUOUS
10
6.3062881496062992
20
-4.5235723228346458
11
6.3052241338582675
21
-4.5275433070866145
0
LINE
8
BLACK
6
CONTINUOUS
10
6.3052241338582675
20
-4.5275433070866145
11
6.3031685826771655
21
-4.5311036220472438
0
LINE
8
BLACK
6
CONTINUOUS
10
6.3031685826771655
20
-4.5311036220472438
11
6.3002616535433074
21
-4.534010551181102
0
LINE
8
BLACK
6
CONTINUOUS
10
6.3002616535433074
20
-4.534010551181102
11
6.2967013385826771
21
-4.5360661023622049
0
LINE
8
BLACK
6
CONTINUOUS
10
6.2967013385826771
20
-4.5360661023622049
11
6.2927303543307085
21
-4.5371301181102357
0
LINE
8
BLACK
6
CONTINUOUS
10
6.2927303543307085
20
-4.5371301181102357
11
6.2886193307086611
21
-4.5371301181102357
0
LINE
8
BLACK
6
CONTINUOUS
10
6.2886193307086611
20
-4.5371301181102357
11
6.2846483464566925
21
-4.5360661023622049
0
LINE
8
BLACK
6
CONTINUOUS
10
6.2846483464566925
20
-4.5360661023622049
11
6.2810880314960631
21
-4.534010551181102
0
LINE
8
BLACK
6
CONTINUOUS
10
6.2810880314960631
20
-4.534010551181102
11
6.2781811023622049
21
-4.5311036220472438
0
LINE
8
BLACK
6
CONTINUOUS
10
6.2781811023622049
20
-4.5311036220472438
11
6.276125551181102
21
-4.5275433070866145
0
LINE
8
BLACK
6
CONTINUOUS
10
6.276125551181102
20
-4.5275433070866145
11
6.2750615354330703
21
-4.5235723228346458
0
LINE
8
BLACK
6
CONTINUOUS
10
6.2750615354330703
20
-4.5235723228346458
11
6.2750615354330703
21
-4.5194612992125984
0
LINE
8
BLACK
6
CONTINUOUS
10
6.2750615354330703
20
-4.5194612992125984
11
6.276125551181102
21
-4.5154903149606298
0
LINE
8
BLACK
6
CONTINUOUS
10
6.276125551181102
20
-4.5154903149606298
11
6.2781811023622049
21
-4.5119299999999996
0
LINE
8
BLACK
6
CONTINUOUS
10
6.2781811023622049
20
-4.5119299999999996
11
6.2810880314960631
21
-4.5090230708661414
0
LINE
8
BLACK
6
CONTINUOUS
10
6.2810880314960631
20
-4.5090230708661414
11
6.2846483464566925
21
-4.5069675196850394
0
LINE
8
BLACK
6
CONTINUOUS
10
6.2846483464566925
20
-4.5069675196850394
11
6.2886193307086611
21
-4.5059035039370077
0
LINE
8
BLACK
6
CONTINUOUS
10
6.2886193307086611
20
-4.5059035039370077
11
6.2927303543307085
21
-4.5059035039370077
0
LINE
8
BLACK
6
CONTINUOUS
10
6.2927303543307085
20
-4.5059035039370077
11
6.2967013385826771
21
-4.5069675196850394
0
LINE
8
BLACK
6
CONTINUOUS
10
7.0707018897637797
20
-4.4829669685039368
11
7.074262204724409
21
-4.4850225196850388
0
LINE
8
BLACK
6
CONTINUOUS
10
7.074262204724409
20
-4.4850225196850388
11
7.0771691338582672
21
-4.4879294488188979
0
LINE
8
BLACK
6
CONTINUOUS
10
7.0771691338582672
20
-4.4879294488188979
11
7.0792246850393701
21
-4.4914897637795272
0
LINE
8
BLACK
6
CONTINUOUS
10
7.0792246850393701
20
-4.4914897637795272
11
7.0802887007874018
21
-4.4954607480314959
0
LINE
8
BLACK
6
CONTINUOUS
10
7.0802887007874018
20
-4.4954607480314959
11
7.0802887007874018
21
-4.4995717716535433
0
LINE
8
BLACK
6
CONTINUOUS
10
7.0802887007874018
20
-4.4995717716535433
11
7.0792246850393701
21
-4.5035427559055119
0
LINE
8
BLACK
6
CONTINUOUS
10
7.0792246850393701
20
-4.5035427559055119
11
7.0771691338582672
21
-4.5071030708661413
0
LINE
8
BLACK
6
CONTINUOUS
10
7.0771691338582672
20
-4.5071030708661413
11
7.074262204724409
21
-4.5100100000000003
0
LINE
8
BLACK
6
CONTINUOUS
10
7.074262204724409
20
-4.5100100000000003
11
7.0707018897637797
21
-4.5120655511811023
0
LINE
8
BLACK
6
CONTINUOUS
10
7.0707018897637797
20
-4.5120655511811023
11
7.066730905511811
21
-4.513129566929134
0
LINE
8
BLACK
6
CONTINUOUS
10
7.066730905511811
20
-4.513129566929134
11
7.0626198818897636
21
-4.513129566929134
0
LINE
8
BLACK
6
CONTINUOUS
10
7.0626198818897636
20
-4.513129566929134
11
7.058648897637795
21
-4.5120655511811023
0
LINE
8
BLACK
6
CONTINUOUS
10
7.058648897637795
20
-4.5120655511811023
11
7.0550885826771648
21
-4.5100100000000003
0
LINE
8
BLACK
6
CONTINUOUS
10
7.0550885826771648
20
-4.5100100000000003
11
7.0521816535433066
21
-4.5071030708661413
0
LINE
8
BLACK
6
CONTINUOUS
10
7.0521816535433066
20
-4.5071030708661413
11
7.0501261023622046
21
-4.5035427559055119
0
LINE
8
BLACK
6
CONTINUOUS
10
7.0501261023622046
20
-4.5035427559055119
11
7.0490620866141729
21
-4.4995717716535433
0
LINE
8
BLACK
6
CONTINUOUS
10
7.0490620866141729
20
-4.4995717716535433
11
7.0490620866141729
21
-4.4954607480314959
0
LINE
8
BLACK
6
CONTINUOUS
10
7.0490620866141729
20
-4.4954607480314959
11
7.0501261023622046
21
-4.4914897637795272
0
LINE
8
BLACK
6
CONTINUOUS
10
7.0501261023622046
20
-4.4914897637795272
11
7.0521816535433066
21
-4.4879294488188979
0
LINE
8
BLACK
6
CONTINUOUS
10
7.0521816535433066
20
-4.4879294488188979
11
7.0550885826771648
21
-4.4850225196850388
0
LINE
8
BLACK
6
CONTINUOUS
10
7.0550885826771648
20
-4.4850225196850388
11
7.058648897637795
21
-4.4829669685039368
0
LINE
8
BLACK
6
CONTINUOUS
10
7.058648897637795
20
-4.4829669685039368
11
7.0626198818897636
21
-4.4819029527559051
0
LINE
8
BLACK
6
CONTINUOUS
10
7.0626198818897636
20
-4.4819029527559051
11
7.066730905511811
21
-4.4819029527559051
0
LINE
8
BLACK
6
CONTINUOUS
10
7.066730905511811
20
-4.4819029527559051
11
7.0707018897637797
21
-4.4829669685039368
0
LINE
8
BLACK
6
CONTINUOUS
10
7.1160720078740152
20
-4.4827001181102357
11
7.1196323228346454
21
-4.4847556692913386
0
LINE
8
BLACK
6
CONTINUOUS
10
7.1196323228346454
20
-4.4847556692913386
11
7.1225392519685036
21
-4.4876625984251968
0
LINE
8
BLACK
6
CONTINUOUS
10
7.1225392519685036
20
-4.4876625984251968
11
7.1245948031496065
21
-4.491222913385827
0
LINE
8
BLACK
6
CONTINUOUS
10
7.1245948031496065
20
-4.491222913385827
11
7.1256588188976373
21
-4.4951938976377948
0
LINE
8
BLACK
6
CONTINUOUS
10
7.1256588188976373
20
-4.4951938976377948
11
7.1256588188976373
21
-4.4993049212598422
0
LINE
8
BLACK
6
CONTINUOUS
10
7.1256588188976373
20
-4.4993049212598422
11
7.1245948031496065
21
-4.5032759055118108
0
LINE
8
BLACK
6
CONTINUOUS
10
7.1245948031496065
20
-4.5032759055118108
11
7.1225392519685036
21
-4.506836220472441
0
LINE
8
BLACK
6
CONTINUOUS
10
7.1225392519685036
20
-4.506836220472441
11
7.1196323228346454
21
-4.5097431496062992
0
LINE
8
BLACK
6
CONTINUOUS
10
7.1196323228346454
20
-4.5097431496062992
11
7.1160720078740152
21
-4.5117987007874012
0
LINE
8
BLACK
6
CONTINUOUS
10
7.1160720078740152
20
-4.5117987007874012
11
7.1121010236220474
21
-4.5128627165354329
0
LINE
8
BLACK
6
CONTINUOUS
10
7.1121010236220474
20
-4.5128627165354329
11
7.10799
21
-4.5128627165354329
0
LINE
8
BLACK
6
CONTINUOUS
10
7.10799
20
-4.5128627165354329
11
7.1040190157480314
21
-4.5117987007874012
0
LINE
8
BLACK
6
CONTINUOUS
10
7.1040190157480314
20
-4.5117987007874012
11
7.1004587007874012
21
-4.5097431496062992
0
LINE
8
BLACK
6
CONTINUOUS
10
7.1004587007874012
20
-4.5097431496062992
11
7.097551771653543
21
-4.506836220472441
0
LINE
8
BLACK
6
CONTINUOUS
10
7.097551771653543
20
-4.506836220472441
11
7.095496220472441
21
-4.5032759055118108
0
LINE
8
BLACK
6
CONTINUOUS
10
7.095496220472441
20
-4.5032759055118108
11
7.0944322047244093
21
-4.4993049212598422
0
LINE
8
BLACK
6
CONTINUOUS
10
7.0944322047244093
20
-4.4993049212598422
11
7.0944322047244093
21
-4.4951938976377948
0
LINE
8
BLACK
6
CONTINUOUS
10
7.0944322047244093
20
-4.4951938976377948
11
7.095496220472441
21
-4.491222913385827
0
LINE
8
BLACK
6
CONTINUOUS
10
7.095496220472441
20
-4.491222913385827
11
7.097551771653543
21
-4.4876625984251968
0
LINE
8
BLACK
6
CONTINUOUS
10
7.097551771653543
20
-4.4876625984251968
11
7.1004587007874012
21
-4.4847556692913386
0
LINE
8
BLACK
6
CONTINUOUS
10
7.1004587007874012
20
-4.4847556692913386
11
7.1040190157480314
21
-4.4827001181102357
0
LINE
8
BLACK
6
CONTINUOUS
10
7.1040190157480314
20
-4.4827001181102357
11
7.10799
21
-4.4816361023622049
0
LINE
8
BLACK
6
CONTINUOUS
10
7.10799
20
-4.4816361023622049
11
7.1121010236220474
21
-4.4816361023622049
0
LINE
8
BLACK
6
CONTINUOUS
10
7.1121010236220474
20
-4.4816361023622049
11
7.1160720078740152
21
-4.4827001181102357
0
LINE
8
BLACK
6
CONTINUOUS
10
5.894701338582677
20
-4.4329675196850395
11
5.8982616535433072
21
-4.4350230708661416
0
LINE
8
BLACK
6
CONTINUOUS
10
5.8982616535433072
20
-4.4350230708661416
11
5.9011685826771654
21
-4.4379299999999997
0
LINE
8
BLACK
6
CONTINUOUS
10
5.9011685826771654
20
-4.4379299999999997
11
5.9032241338582674
21
-4.44149031496063
0
LINE
8
BLACK
6
CONTINUOUS
10
5.9032241338582674
20
-4.44149031496063
11
5.9042881496062991
21
-4.4454612992125986
0
LINE
8
BLACK
6
CONTINUOUS
10
5.9042881496062991
20
-4.4454612992125986
11
5.9042881496062991
21
-4.449572322834646
0
LINE
8
BLACK
6
CONTINUOUS
10
5.9042881496062991
20
-4.449572322834646
11
5.9032241338582674
21
-4.4535433070866137
0
LINE
8
BLACK
6
CONTINUOUS
10
5.9032241338582674
20
-4.4535433070866137
11
5.9011685826771654
21
-4.457103622047244
0
LINE
8
BLACK
6
CONTINUOUS
10
5.9011685826771654
20
-4.457103622047244
11
5.8982616535433072
21
-4.4600105511811021
0
LINE
8
BLACK
6
CONTINUOUS
10
5.8982616535433072
20
-4.4600105511811021
11
5.894701338582677
21
-4.462066102362205
0
LINE
8
BLACK
6
CONTINUOUS
10
5.894701338582677
20
-4.462066102362205
11
5.8907303543307084
21
-4.4631301181102359
0
LINE
8
BLACK
6
CONTINUOUS
10
5.8907303543307084
20
-4.4631301181102359
11
5.8866193307086609
21
-4.4631301181102359
0
LINE
8
BLACK
6
CONTINUOUS
10
5.8866193307086609
20
-4.4631301181102359
11
5.8826483464566932
21
-4.462066102362205
0
LINE
8
BLACK
6
CONTINUOUS
10
5.8826483464566932
20
-4.462066102362205
11
5.879088031496063
21
-4.4600105511811021
0
LINE
8
BLACK
6
CONTINUOUS
10
5.879088031496063
20
-4.4600105511811021
11
5.8761811023622048
21
-4.457103622047244
0
LINE
8
BLACK
6
CONTINUOUS
10
5.8761811023622048
20
-4.457103622047244
11
5.8741255511811019
21
-4.4535433070866137
0
LINE
8
BLACK
6
CONTINUOUS
10
5.8741255511811019
20
-4.4535433070866137
11
5.8730615354330711
21
-4.449572322834646
0
LINE
8
BLACK
6
CONTINUOUS
10
5.8730615354330711
20
-4.449572322834646
11
5.8730615354330711
21
-4.4454612992125986
0
LINE
8
BLACK
6
CONTINUOUS
10
5.8730615354330711
20
-4.4454612992125986
11
5.8741255511811019
21
-4.44149031496063
0
LINE
8
BLACK
6
CONTINUOUS
10
5.8741255511811019
20
-4.44149031496063
11
5.8761811023622048
21
-4.4379299999999997
0
LINE
8
BLACK
6
CONTINUOUS
10
5.8761811023622048
20
-4.4379299999999997
11
5.879088031496063
21
-4.4350230708661416
0
LINE
8
BLACK
6
CONTINUOUS
10
5.879088031496063
20
-4.4350230708661416
11
5.8826483464566932
21
-4.4329675196850395
0
LINE
8
BLACK
6
CONTINUOUS
10
5.8826483464566932
20
-4.4329675196850395
11
5.8866193307086609
21
-4.4319035039370078
0
LINE
8
BLACK
6
CONTINUOUS
10
5.8866193307086609
20
-4.4319035039370078
11
5.8907303543307084
21
-4.4319035039370078
0
LINE
8
BLACK
6
CONTINUOUS
10
5.8907303543307084
20
-4.4319035039370078
11
5.894701338582677
21
-4.4329675196850395
0
LINE
8
BLACK
6
CONTINUOUS
10
6.6322603937007871
20
-4.4107627952755903
11
6.6358207086614174
21
-4.4128183464566932
0
LINE
8
BLACK
6
CONTINUOUS
10
6.6358207086614174
20
-4.4128183464566932
11
6.6387276377952755
21
-4.4157252755905514
0
LINE
8
BLACK
6
CONTINUOUS
10
6.6387276377952755
20
-4.4157252755905514
11
6.6407831889763775
21
-4.4192855905511808
0
LINE
8
BLACK
6
CONTINUOUS
10
6.6407831889763775
20
-4.4192855905511808
11
6.6418472047244093
21
-4.4232565748031494
0
LINE
8
BLACK
6
CONTINUOUS
10
6.6418472047244093
20
-4.4232565748031494
11
6.6418472047244093
21
-4.4273675984251968
0
LINE
8
BLACK
6
CONTINUOUS
10
6.6418472047244093
20
-4.4273675984251968
11
6.6407831889763775
21
-4.4313385826771654
0
LINE
8
BLACK
6
CONTINUOUS
10
6.6407831889763775
20
-4.4313385826771654
11
6.6387276377952755
21
-4.4348988976377948
0
LINE
8
BLACK
6
CONTINUOUS
10
6.6387276377952755
20
-4.4348988976377948
11
6.6358207086614174
21
-4.4378058267716538
0
LINE
8
BLACK
6
CONTINUOUS
10
6.6358207086614174
20
-4.4378058267716538
11
6.6322603937007871
21
-4.4398613779527558
0
LINE
8
BLACK
6
CONTINUOUS
10
6.6322603937007871
20
-4.4398613779527558
11
6.6282894094488185
21
-4.4409253937007875
0
LINE
8
BLACK
6
CONTINUOUS
10
6.6282894094488185
20
-4.4409253937007875
11
6.6241783858267711
21
-4.4409253937007875
0
LINE
8
BLACK
6
CONTINUOUS
10
6.6241783858267711
20
-4.4409253937007875
11
6.6202074015748034
21
-4.4398613779527558
0
LINE
8
BLACK
6
CONTINUOUS
10
6.6202074015748034
20
-4.4398613779527558
11
6.6166470866141731
21
-4.4378058267716538
0
LINE
8
BLACK
6
CONTINUOUS
10
6.6166470866141731
20
-4.4378058267716538
11
6.613740157480315
21
-4.4348988976377948
0
LINE
8
BLACK
6
CONTINUOUS
10
6.613740157480315
20
-4.4348988976377948
11
6.6116846062992121
21
-4.4313385826771654
0
LINE
8
BLACK
6
CONTINUOUS
10
6.6116846062992121
20
-4.4313385826771654
11
6.6106205905511812
21
-4.4273675984251968
0
LINE
8
BLACK
6
CONTINUOUS
10
6.6106205905511812
20
-4.4273675984251968
11
6.6106205905511812
21
-4.4232565748031494
0
LINE
8
BLACK
6
CONTINUOUS
10
6.6106205905511812
20
-4.4232565748031494
11
6.6116846062992121
21
-4.4192855905511808
0
LINE
8
BLACK
6
CONTINUOUS
10
6.6116846062992121
20
-4.4192855905511808
11
6.613740157480315
21
-4.4157252755905514
0
LINE
8
BLACK
6
CONTINUOUS
10
6.613740157480315
20
-4.4157252755905514
11
6.6166470866141731
21
-4.4128183464566932
0
LINE
8
BLACK
6
CONTINUOUS
10
6.6166470866141731
20
-4.4128183464566932
11
6.6202074015748034
21
-4.4107627952755903
0
LINE
8
BLACK
6
CONTINUOUS
10
6.6202074015748034
20
-4.4107627952755903
11
6.6241783858267711
21
-4.4096987795275586
0
LINE
8
BLACK
6
CONTINUOUS
10
6.6241783858267711
20
-4.4096987795275586
11
6.6282894094488185
21
-4.4096987795275586
0
LINE
8
BLACK
6
CONTINUOUS
10
6.6282894094488185
20
-4.4096987795275586
11
6.6322603937007871
21
-4.4107627952755903
0
LINE
8
BLACK
6
CONTINUOUS
10
6.7708430708661416
20
-4.3544635826771652
11
6.7744033858267718
21
-4.3565191338582681
0
LINE
8
BLACK
6
CONTINUOUS
10
6.7744033858267718
20
-4.3565191338582681
11
6.77731031496063
21
-4.3594260629921262
0
LINE
8
BLACK
6
CONTINUOUS
10
6.77731031496063
20
-4.3594260629921262
11
6.779365866141732
21
-4.3629863779527556
0
LINE
8
BLACK
6
CONTINUOUS
10
6.779365866141732
20
-4.3629863779527556
11
6.7804298818897637
21
-4.3669573622047242
0
LINE
8
BLACK
6
CONTINUOUS
10
6.7804298818897637
20
-4.3669573622047242
11
6.7804298818897637
21
-4.3710683858267716
0
LINE
8
BLACK
6
CONTINUOUS
10
6.7804298818897637
20
-4.3710683858267716
11
6.779365866141732
21
-4.3750393700787402
0
LINE
8
BLACK
6
CONTINUOUS
10
6.779365866141732
20
-4.3750393700787402
11
6.77731031496063
21
-4.3785996850393696
0
LINE
8
BLACK
6
CONTINUOUS
10
6.77731031496063
20
-4.3785996850393696
11
6.7744033858267718
21
-4.3815066141732286
0
LINE
8
BLACK
6
CONTINUOUS
10
6.7744033858267718
20
-4.3815066141732286
11
6.7708430708661416
21
-4.3835621653543306
0
LINE
8
BLACK
6
CONTINUOUS
10
6.7708430708661416
20
-4.3835621653543306
11
6.7668720866141729
21
-4.3846261811023624
0
LINE
8
BLACK
6
CONTINUOUS
10
6.7668720866141729
20
-4.3846261811023624
11
6.7627610629921255
21
-4.3846261811023624
0
LINE
8
BLACK
6
CONTINUOUS
10
6.7627610629921255
20
-4.3846261811023624
11
6.7587900787401569
21
-4.3835621653543306
0
LINE
8
BLACK
6
CONTINUOUS
10
6.7587900787401569
20
-4.3835621653543306
11
6.7552297637795276
21
-4.3815066141732286
0
LINE
8
BLACK
6
CONTINUOUS
10
6.7552297637795276
20
-4.3815066141732286
11
6.7523228346456694
21
-4.3785996850393696
0
LINE
8
BLACK
6
CONTINUOUS
10
6.7523228346456694
20
-4.3785996850393696
11
6.7502672834645665
21
-4.3750393700787402
0
LINE
8
BLACK
6
CONTINUOUS
10
6.7502672834645665
20
-4.3750393700787402
11
6.7492032677165357
21
-4.3710683858267716
0
LINE
8
BLACK
6
CONTINUOUS
10
6.7492032677165357
20
-4.3710683858267716
11
6.7492032677165357
21
-4.3669573622047242
0
LINE
8
BLACK
6
CONTINUOUS
10
6.7492032677165357
20
-4.3669573622047242
11
6.7502672834645665
21
-4.3629863779527556
0
LINE
8
BLACK
6
CONTINUOUS
10
6.7502672834645665
20
-4.3629863779527556
11
6.7523228346456694
21
-4.3594260629921262
0
LINE
8
BLACK
6
CONTINUOUS
10
6.7523228346456694
20
-4.3594260629921262
11
6.7552297637795276
21
-4.3565191338582681
0
LINE
8
BLACK
6
CONTINUOUS
10
6.7552297637795276
20
-4.3565191338582681
11
6.7587900787401569
21
-4.3544635826771652
0
LINE
8
BLACK
6
CONTINUOUS
10
6.7587900787401569
20
-4.3544635826771652
11
6.7627610629921255
21
-4.3533995669291334
0
LINE
8
BLACK
6
CONTINUOUS
10
6.7627610629921255
20
-4.3533995669291334
11
6.7668720866141729
21
-4.3533995669291334
0
LINE
8
BLACK
6
CONTINUOUS
10
6.7668720866141729
20
-4.3533995669291334
11
6.7708430708661416
21
-4.3544635826771652
0
LINE
8
BLACK
6
CONTINUOUS
10
6.9854099999999999
20
-4.2973769685039365
11
6.9889703149606301
21
-4.2994325196850394
0
LINE
8
BLACK
6
CONTINUOUS
10
6.9889703149606301
20
-4.2994325196850394
11
6.9918772440944883
21
-4.3023394488188975
0
LINE
8
BLACK
6
CONTINUOUS
10
6.9918772440944883
20
-4.3023394488188975
11
6.9939327952755903
21
-4.3058997637795278
0
LINE
8
BLACK
6
CONTINUOUS
10
6.9939327952755903
20
-4.3058997637795278
11
6.994996811023622
21
-4.3098707480314964
0
LINE
8
BLACK
6
CONTINUOUS
10
6.994996811023622
20
-4.3098707480314964
11
6.994996811023622
21
-4.3139817716535429
0
LINE
8
BLACK
6
CONTINUOUS
10
6.994996811023622
20
-4.3139817716535429
11
6.9939327952755903
21
-4.3179527559055115
0
LINE
8
BLACK
6
CONTINUOUS
10
6.9939327952755903
20
-4.3179527559055115
11
6.9918772440944883
21
-4.3215130708661418
0
LINE
8
BLACK
6
CONTINUOUS
10
6.9918772440944883
20
-4.3215130708661418
11
6.9889703149606301
21
-4.3244199999999999
0
LINE
8
BLACK
6
CONTINUOUS
10
6.9889703149606301
20
-4.3244199999999999
11
6.9854099999999999
21
-4.3264755511811019
0
LINE
8
BLACK
6
CONTINUOUS
10
6.9854099999999999
20
-4.3264755511811019
11
6.9814390157480313
21
-4.3275395669291337
0
LINE
8
BLACK
6
CONTINUOUS
10
6.9814390157480313
20
-4.3275395669291337
11
6.9773279921259839
21
-4.3275395669291337
0
LINE
8
BLACK
6
CONTINUOUS
10
6.9773279921259839
20
-4.3275395669291337
11
6.9733570078740152
21
-4.3264755511811019
0
LINE
8
BLACK
6
CONTINUOUS
10
6.9733570078740152
20
-4.3264755511811019
11
6.9697966929133859
21
-4.3244199999999999
0
LINE
8
BLACK
6
CONTINUOUS
10
6.9697966929133859
20
-4.3244199999999999
11
6.9668897637795277
21
-4.3215130708661418
0
LINE
8
BLACK
6
CONTINUOUS
10
6.9668897637795277
20
-4.3215130708661418
11
6.9648342125984248
21
-4.3179527559055115
0
LINE
8
BLACK
6
CONTINUOUS
10
6.9648342125984248
20
-4.3179527559055115
11
6.9637701968503931
21
-4.3139817716535429
0
LINE
8
BLACK
6
CONTINUOUS
10
6.9637701968503931
20
-4.3139817716535429
11
6.9637701968503931
21
-4.3098707480314964
0
LINE
8
BLACK
6
CONTINUOUS
10
6.9637701968503931
20
-4.3098707480314964
11
6.9648342125984248
21
-4.3058997637795278
0
LINE
8
BLACK
6
CONTINUOUS
10
6.9648342125984248
20
-4.3058997637795278
11
6.9668897637795277
21
-4.3023394488188975
0
LINE
8
BLACK
6
CONTINUOUS
10
6.9668897637795277
20
-4.3023394488188975
11
6.9697966929133859
21
-4.2994325196850394
0
LINE
8
BLACK
6
CONTINUOUS
10
6.9697966929133859
20
-4.2994325196850394
11
6.9733570078740152
21
-4.2973769685039365
0
LINE
8
BLACK
6
CONTINUOUS
10
6.9733570078740152
20
-4.2973769685039365
11
6.9773279921259839
21
-4.2963129527559056
0
LINE
8
BLACK
6
CONTINUOUS
10
6.9773279921259839
20
-4.2963129527559056
11
6.9814390157480313
21
-4.2963129527559056
0
LINE
8
BLACK
6
CONTINUOUS
10
6.9814390157480313
20
-4.2963129527559056
11
6.9854099999999999
21
-4.2973769685039365
0
LINE
8
BLACK
6
CONTINUOUS
10
6.1957013385826771
20
-4.2979675196850389
11
6.1992616535433074
21
-4.3000230708661418
0
LINE
8
BLACK
6
CONTINUOUS
10
6.1992616535433074
20
-4.3000230708661418
11
6.2021685826771655
21
-4.3029299999999999
0
LINE
8
BLACK
6
CONTINUOUS
10
6.2021685826771655
20
-4.3029299999999999
11
6.2042241338582675
21
-4.3064903149606302
0
LINE
8
BLACK
6
CONTINUOUS
10
6.2042241338582675
20
-4.3064903149606302
11
6.2052881496062993
21
-4.3104612992125979
0
LINE
8
BLACK
6
CONTINUOUS
10
6.2052881496062993
20
-4.3104612992125979
11
6.2052881496062993
21
-4.3145723228346453
0
LINE
8
BLACK
6
CONTINUOUS
10
6.2052881496062993
20
-4.3145723228346453
11
6.2042241338582675
21
-4.3185433070866139
0
LINE
8
BLACK
6
CONTINUOUS
10
6.2042241338582675
20
-4.3185433070866139
11
6.2021685826771655
21
-4.3221036220472442
0
LINE
8
BLACK
6
CONTINUOUS
10
6.2021685826771655
20
-4.3221036220472442
11
6.1992616535433074
21
-4.3250105511811023
0
LINE
8
BLACK
6
CONTINUOUS
10
6.1992616535433074
20
-4.3250105511811023
11
6.1957013385826771
21
-4.3270661023622043
0
LINE
8
BLACK
6
CONTINUOUS
10
6.1957013385826771
20
-4.3270661023622043
11
6.1917303543307085
21
-4.3281301181102361
0
LINE
8
BLACK
6
CONTINUOUS
10
6.1917303543307085
20
-4.3281301181102361
11
6.1876193307086611
21
-4.3281301181102361
0
LINE
8
BLACK
6
CONTINUOUS
10
6.1876193307086611
20
-4.3281301181102361
11
6.1836483464566925
21
-4.3270661023622043
0
LINE
8
BLACK
6
CONTINUOUS
10
6.1836483464566925
20
-4.3270661023622043
11
6.1800880314960631
21
-4.3250105511811023
0
LINE
8
BLACK
6
CONTINUOUS
10
6.1800880314960631
20
-4.3250105511811023
11
6.177181102362205
21
-4.3221036220472442
0
LINE
8
BLACK
6
CONTINUOUS
10
6.177181102362205
20
-4.3221036220472442
11
6.1751255511811021
21
-4.3185433070866139
0
LINE
8
BLACK
6
CONTINUOUS
10
6.1751255511811021
20
-4.3185433070866139
11
6.1740615354330703
21
-4.3145723228346453
0
LINE
8
BLACK
6
CONTINUOUS
10
6.1740615354330703
20
-4.3145723228346453
11
6.1740615354330703
21
-4.3104612992125979
0
LINE
8
BLACK
6
CONTINUOUS
10
6.1740615354330703
20
-4.3104612992125979
11
6.1751255511811021
21
-4.3064903149606302
0
LINE
8
BLACK
6
CONTINUOUS
10
6.1751255511811021
20
-4.3064903149606302
11
6.177181102362205
21
-4.3029299999999999
0
LINE
8
BLACK
6
CONTINUOUS
10
6.177181102362205
20
-4.3029299999999999
11
6.1800880314960631
21
-4.3000230708661418
0
LINE
8
BLACK
6
CONTINUOUS
10
6.1800880314960631
20
-4.3000230708661418
11
6.1836483464566925
21
-4.2979675196850389
0
LINE
8
BLACK
6
CONTINUOUS
10
6.1836483464566925
20
-4.2979675196850389
11
6.1876193307086611
21
-4.296903503937008
0
LINE
8
BLACK
6
CONTINUOUS
10
6.1876193307086611
20
-4.296903503937008
11
6.1917303543307085
21
-4.296903503937008
0
LINE
8
BLACK
6
CONTINUOUS
10
6.1917303543307085
20
-4.296903503937008
11
6.1957013385826771
21
-4.2979675196850389
0
LINE
8
BLACK
6
CONTINUOUS
10
7.0207013385826773
20
-3.7909675196850392
11
7.0242616535433067
21
-3.7930230708661417
0
LINE
8
BLACK
6
CONTINUOUS
10
7.0242616535433067
20
-3.7930230708661417
11
7.0271685826771648
21
-3.7959299999999998
0
LINE
8
BLACK
6
CONTINUOUS
10
7.0271685826771648
20
-3.7959299999999998
11
7.0292241338582677
21
-3.7994903149606301
0
LINE
8
BLACK
6
CONTINUOUS
10
7.0292241338582677
20
-3.7994903149606301
11
7.0302881496062994
21
-3.8034612992125982
0
LINE
8
BLACK
6
CONTINUOUS
10
7.0302881496062994
20
-3.8034612992125982
11
7.0302881496062994
21
-3.8075723228346456
0
LINE
8
BLACK
6
CONTINUOUS
10
7.0302881496062994
20
-3.8075723228346456
11
7.0292241338582677
21
-3.8115433070866143
0
LINE
8
BLACK
6
CONTINUOUS
10
7.0292241338582677
20
-3.8115433070866143
11
7.0271685826771648
21
-3.8151036220472441
0
LINE
8
BLACK
6
CONTINUOUS
10
7.0271685826771648
20
-3.8151036220472441
11
7.0242616535433067
21
-3.8180105511811022
0
LINE
8
BLACK
6
CONTINUOUS
10
7.0242616535433067
20
-3.8180105511811022
11
7.022548858267716
21
-3.8189994094488187
0
LINE
8
BLACK
6
CONTINUOUS
10
7.022548858267716
20
-3.8189994094488187
11
7.022548858267716
21
-3.8412018503937007
0
LINE
8
BLACK
6
CONTINUOUS
10
7.022548858267716
20
-3.8412018503937007
11
7.0223975590551175
21
-3.8427379921259841
0
LINE
8
BLACK
6
CONTINUOUS
10
7.0223975590551175
20
-3.8427379921259841
11
7.0212218503937009
21
-3.8455764173228344
0
LINE
8
BLACK
6
CONTINUOUS
10
7.0212218503937009
20
-3.8455764173228344
11
7.0202426377952758
21
-3.8467696062992127
0
LINE
8
BLACK
6
CONTINUOUS
10
7.0202426377952758
20
-3.8467696062992127
11
6.7332042519685036
21
-4.1338079527559053
0
LINE
8
BLACK
6
CONTINUOUS
10
6.7332042519685036
20
-4.1338079527559053
11
6.7332042519685036
21
-4.2006785826771651
0
LINE
8
BLACK
6
CONTINUOUS
10
6.7332042519685036
20
-4.2006785826771651
11
6.7345546062992128
21
-4.2020289370078743
0
LINE
8
BLACK
6
CONTINUOUS
10
6.7345546062992128
20
-4.2020289370078743
11
6.7364649999999999
21
-4.2015170866141736
0
LINE
8
BLACK
6
CONTINUOUS
10
6.7364649999999999
20
-4.2015170866141736
11
6.7405760236220473
21
-4.2015170866141736
0
LINE
8
BLACK
6
CONTINUOUS
10
6.7405760236220473
20
-4.2015170866141736
11
6.744547007874016
21
-4.2025811023622044
0
LINE
8
BLACK
6
CONTINUOUS
10
6.744547007874016
20
-4.2025811023622044
11
6.7481073228346453
21
-4.2046366535433073
0
LINE
8
BLACK
6
CONTINUOUS
10
6.7481073228346453
20
-4.2046366535433073
11
6.7510142519685035
21
-4.2075435826771654
0
LINE
8
BLACK
6
CONTINUOUS
10
6.7510142519685035
20
-4.2075435826771654
11
6.7530698031496064
21
-4.2111038976377948
0
LINE
8
BLACK
6
CONTINUOUS
10
6.7530698031496064
20
-4.2111038976377948
11
6.7541338188976372
21
-4.2150748818897634
0
LINE
8
BLACK
6
CONTINUOUS
10
6.7541338188976372
20
-4.2150748818897634
11
6.7541338188976372
21
-4.2191859055118108
0
LINE
8
BLACK
6
CONTINUOUS
10
6.7541338188976372
20
-4.2191859055118108
11
6.7530698031496064
21
-4.2231568897637795
0
LINE
8
BLACK
6
CONTINUOUS
10
6.7530698031496064
20
-4.2231568897637795
11
6.7510142519685035
21
-4.2267172047244097
0
LINE
8
BLACK
6
CONTINUOUS
10
6.7510142519685035
20
-4.2267172047244097
11
6.7481073228346453
21
-4.2296241338582679
0
LINE
8
BLACK
6
CONTINUOUS
10
6.7481073228346453
20
-4.2296241338582679
11
6.744547007874016
21
-4.2316796850393699
0
LINE
8
BLACK
6
CONTINUOUS
10
6.744547007874016
20
-4.2316796850393699
11
6.7405760236220473
21
-4.2327437007874016
0
LINE
8
BLACK
6
CONTINUOUS
10
6.7405760236220473
20
-4.2327437007874016
11
6.7364649999999999
21
-4.2327437007874016
0
LINE
8
BLACK
6
CONTINUOUS
10
6.7364649999999999
20
-4.2327437007874016
11
6.7324940157480313
21
-4.2316796850393699
0
LINE
8
BLACK
6
CONTINUOUS
10
6.7324940157480313
20
-4.2316796850393699
11
6.7289337007874011
21
-4.2296241338582679
0
LINE
8
BLACK
6
CONTINUOUS
10
6.7289337007874011
20
-4.2296241338582679
11
6.7260267716535429
21
-4.2267172047244097
0
LINE
8
BLACK
6
CONTINUOUS
10
6.7260267716535429
20
-4.2267172047244097
11
6.7239712204724409
21
-4.2231568897637795
0
LINE
8
BLACK
6
CONTINUOUS
10
6.7239712204724409
20
-4.2231568897637795
11
6.7229072047244092
21
-4.2191859055118108
0
LINE
8
BLACK
6
CONTINUOUS
10
6.7229072047244092
20
-4.2191859055118108
11
6.7229072047244092
21
-4.2150748818897634
0
LINE
8
BLACK
6
CONTINUOUS
10
6.7229072047244092
20
-4.2150748818897634
11
6.7234190551181099
21
-4.2131644881889763
0
LINE
8
BLACK
6
CONTINUOUS
10
6.7234190551181099
20
-4.2131644881889763
11
6.7197624803149605
21
-4.2095078740157481
0
LINE
8
BLACK
6
CONTINUOUS
10
6.7197624803149605
20
-4.2095078740157481
11
6.7187832283464566
21
-4.2083146850393698
0
LINE
8
BLACK
6
CONTINUOUS
10
6.7187832283464566
20
-4.2083146850393698
11
6.7176075196850391
21
-4.2054762598425199
0
LINE
8
BLACK
6
CONTINUOUS
10
6.7176075196850391
20
-4.2054762598425199
11
6.7174562204724406
21
-4.2039401181102365
0
LINE
8
BLACK
6
CONTINUOUS
10
6.7174562204724406
20
-4.2039401181102365
11
6.7174562204724406
21
-4.1305464566929135
0
LINE
8
BLACK
6
CONTINUOUS
10
6.7174562204724406
20
-4.1305464566929135
11
6.7176075196850391
21
-4.1290103149606301
0
LINE
8
BLACK
6
CONTINUOUS
10
6.7176075196850391
20
-4.1290103149606301
11
6.7187832283464566
21
-4.1261718897637794
0
LINE
8
BLACK
6
CONTINUOUS
10
6.7187832283464566
20
-4.1261718897637794
11
6.7197624803149605
21
-4.1249787007874019
0
LINE
8
BLACK
6
CONTINUOUS
10
6.7197624803149605
20
-4.1249787007874019
11
7.0068008267716531
21
-3.8379403149606297
0
LINE
8
BLACK
6
CONTINUOUS
10
7.0068008267716531
20
-3.8379403149606297
11
7.0068008267716531
21
-3.8189994094488187
0
LINE
8
BLACK
6
CONTINUOUS
10
7.0068008267716531
20
-3.8189994094488187
11
7.0050880314960624
21
-3.8180105511811022
0
LINE
8
BLACK
6
CONTINUOUS
10
7.0050880314960624
20
-3.8180105511811022
11
7.0021811023622043
21
-3.8151036220472441
0
LINE
8
BLACK
6
CONTINUOUS
10
7.0021811023622043
20
-3.8151036220472441
11
7.0001255511811022
21
-3.8115433070866143
0
LINE
8
BLACK
6
CONTINUOUS
10
7.0001255511811022
20
-3.8115433070866143
11
6.9990615354330705
21
-3.8075723228346456
0
LINE
8
BLACK
6
CONTINUOUS
10
6.9990615354330705
20
-3.8075723228346456
11
6.9990615354330705
21
-3.8034612992125982
0
LINE
8
BLACK
6
CONTINUOUS
10
6.9990615354330705
20
-3.8034612992125982
11
7.0001255511811022
21
-3.7994903149606301
0
LINE
8
BLACK
6
CONTINUOUS
10
7.0001255511811022
20
-3.7994903149606301
11
7.0021811023622043
21
-3.7959299999999998
0
LINE
8
BLACK
6
CONTINUOUS
10
7.0021811023622043
20
-3.7959299999999998
11
7.0050880314960624
21
-3.7930230708661417
0
LINE
8
BLACK
6
CONTINUOUS
10
7.0050880314960624
20
-3.7930230708661417
11
7.0086483464566927
21
-3.7909675196850392
0
LINE
8
BLACK
6
CONTINUOUS
10
7.0086483464566927
20
-3.7909675196850392
11
7.0126193307086613
21
-3.7899035039370079
0
LINE
8
BLACK
6
CONTINUOUS
10
7.0126193307086613
20
-3.7899035039370079
11
7.0167303543307087
21
-3.7899035039370079
0
LINE
8
BLACK
6
CONTINUOUS
10
7.0167303543307087
20
-3.7899035039370079
11
7.0207013385826773
21
-3.7909675196850392
0
LINE
8
BLACK
6
CONTINUOUS
10
6.7743920078740159
20
-4.1769045275590546
11
6.7779523228346452
21
-4.1789600787401575
0
LINE
8
BLACK
6
CONTINUOUS
10
6.7779523228346452
20
-4.1789600787401575
11
6.7808592519685034
21
-4.1818670078740157
0
LINE
8
BLACK
6
CONTINUOUS
10
6.7808592519685034
20
-4.1818670078740157
11
6.7829148031496063
21
-4.1854273228346459
0
LINE
8
BLACK
6
CONTINUOUS
10
6.7829148031496063
20
-4.1854273228346459
11
6.783978818897638
21
-4.1893983070866136
0
LINE
8
BLACK
6
CONTINUOUS
10
6.783978818897638
20
-4.1893983070866136
11
6.783978818897638
21
-4.1935093307086611
0
LINE
8
BLACK
6
CONTINUOUS
10
6.783978818897638
20
-4.1935093307086611
11
6.7829148031496063
21
-4.1974803149606297
0
LINE
8
BLACK
6
CONTINUOUS
10
6.7829148031496063
20
-4.1974803149606297
11
6.7808592519685034
21
-4.2010406299212599
0
LINE
8
BLACK
6
CONTINUOUS
10
6.7808592519685034
20
-4.2010406299212599
11
6.7779523228346452
21
-4.2039475590551181
0
LINE
8
BLACK
6
CONTINUOUS
10
6.7779523228346452
20
-4.2039475590551181
11
6.7743920078740159
21
-4.2060031102362201
0
LINE
8
BLACK
6
CONTINUOUS
10
6.7743920078740159
20
-4.2060031102362201
11
6.7704210236220472
21
-4.2070671259842518
0
LINE
8
BLACK
6
CONTINUOUS
10
6.7704210236220472
20
-4.2070671259842518
11
6.7663099999999998
21
-4.2070671259842518
0
LINE
8
BLACK
6
CONTINUOUS
10
6.7663099999999998
20
-4.2070671259842518
11
6.7623390157480312
21
-4.2060031102362201
0
LINE
8
BLACK
6
CONTINUOUS
10
6.7623390157480312
20
-4.2060031102362201
11
6.7587787007874018
21
-4.2039475590551181
0
LINE
8
BLACK
6
CONTINUOUS
10
6.7587787007874018
20
-4.2039475590551181
11
6.7558717716535428
21
-4.2010406299212599
0
LINE
8
BLACK
6
CONTINUOUS
10
6.7558717716535428
20
-4.2010406299212599
11
6.7538162204724408
21
-4.1974803149606297
0
LINE
8
BLACK
6
CONTINUOUS
10
6.7538162204724408
20
-4.1974803149606297
11
6.7527522047244091
21
-4.1935093307086611
0
LINE
8
BLACK
6
CONTINUOUS
10
6.7527522047244091
20
-4.1935093307086611
11
6.7527522047244091
21
-4.1893983070866136
0
LINE
8
BLACK
6
CONTINUOUS
10
6.7527522047244091
20
-4.1893983070866136
11
6.7538162204724408
21
-4.1854273228346459
0
LINE
8
BLACK
6
CONTINUOUS
10
6.7538162204724408
20
-4.1854273228346459
11
6.7558717716535428
21
-4.1818670078740157
0
LINE
8
BLACK
6
CONTINUOUS
10
6.7558717716535428
20
-4.1818670078740157
11
6.7587787007874018
21
-4.1789600787401575
0
LINE
8
BLACK
6
CONTINUOUS
10
6.7587787007874018
20
-4.1789600787401575
11
6.7623390157480312
21
-4.1769045275590546
0
LINE
8
BLACK
6
CONTINUOUS
10
6.7623390157480312
20
-4.1769045275590546
11
6.7663099999999998
21
-4.1758405118110238
0
LINE
8
BLACK
6
CONTINUOUS
10
6.7663099999999998
20
-4.1758405118110238
11
6.7704210236220472
21
-4.1758405118110238
0
LINE
8
BLACK
6
CONTINUOUS
10
6.7704210236220472
20
-4.1758405118110238
11
6.7743920078740159
21
-4.1769045275590546
0
LINE
8
BLACK
6
CONTINUOUS
10
7.0219645275590548
20
-3.8762307874015747
11
7.025524842519685
21
-3.8782863385826771
0
LINE
8
BLACK
6
CONTINUOUS
10
7.025524842519685
20
-3.8782863385826771
11
7.0284317716535432
21
-3.8811932677165353
0
LINE
8
BLACK
6
CONTINUOUS
10
7.0284317716535432
20
-3.8811932677165353
11
7.0304873228346452
21
-3.8847535826771651
0
LINE
8
BLACK
6
CONTINUOUS
10
7.0304873228346452
20
-3.8847535826771651
11
7.0315513385826769
21
-3.8887245669291337
0
LINE
8
BLACK
6
CONTINUOUS
10
7.0315513385826769
20
-3.8887245669291337
11
7.0315513385826769
21
-3.8928355905511811
0
LINE
8
BLACK
6
CONTINUOUS
10
7.0315513385826769
20
-3.8928355905511811
11
7.0304873228346452
21
-3.8968065748031497
0
LINE
8
BLACK
6
CONTINUOUS
10
7.0304873228346452
20
-3.8968065748031497
11
7.0284317716535432
21
-3.9003668897637795
0
LINE
8
BLACK
6
CONTINUOUS
10
7.0284317716535432
20
-3.9003668897637795
11
7.025524842519685
21
-3.9032738188976377
0
LINE
8
BLACK
6
CONTINUOUS
10
7.025524842519685
20
-3.9032738188976377
11
7.0219645275590548
21
-3.9053293700787401
0
LINE
8
BLACK
6
CONTINUOUS
10
7.0219645275590548
20
-3.9053293700787401
11
7.0179935433070861
21
-3.9063933858267714
0
LINE
8
BLACK
6
CONTINUOUS
10
7.0179935433070861
20
-3.9063933858267714
11
7.0138825196850396
21
-3.9063933858267714
0
LINE
8
BLACK
6
CONTINUOUS
10
7.0138825196850396
20
-3.9063933858267714
11
7.009911535433071
21
-3.9053293700787401
0
LINE
8
BLACK
6
CONTINUOUS
10
7.009911535433071
20
-3.9053293700787401
11
7.0063512204724407
21
-3.9032738188976377
0
LINE
8
BLACK
6
CONTINUOUS
10
7.0063512204724407
20
-3.9032738188976377
11
7.0034442913385826
21
-3.9003668897637795
0
LINE
8
BLACK
6
CONTINUOUS
10
7.0034442913385826
20
-3.9003668897637795
11
7.0013887401574806
21
-3.8968065748031497
0
LINE
8
BLACK
6
CONTINUOUS
10
7.0013887401574806
20
-3.8968065748031497
11
7.0003247244094489
21
-3.8928355905511811
0
LINE
8
BLACK
6
CONTINUOUS
10
7.0003247244094489
20
-3.8928355905511811
11
7.0003247244094489
21
-3.8887245669291337
0
LINE
8
BLACK
6
CONTINUOUS
10
7.0003247244094489
20
-3.8887245669291337
11
7.0013887401574806
21
-3.8847535826771651
0
LINE
8
BLACK
6
CONTINUOUS
10
7.0013887401574806
20
-3.8847535826771651
11
7.0034442913385826
21
-3.8811932677165353
0
LINE
8
BLACK
6
CONTINUOUS
10
7.0034442913385826
20
-3.8811932677165353
11
7.0063512204724407
21
-3.8782863385826771
0
LINE
8
BLACK
6
CONTINUOUS
10
7.0063512204724407
20
-3.8782863385826771
11
7.009911535433071
21
-3.8762307874015747
0
LINE
8
BLACK
6
CONTINUOUS
10
7.009911535433071
20
-3.8762307874015747
11
7.0138825196850396
21
-3.8751667716535434
0
LINE
8
BLACK
6
CONTINUOUS
10
7.0138825196850396
20
-3.8751667716535434
11
7.0179935433070861
21
-3.8751667716535434
0
LINE
8
BLACK
6
CONTINUOUS
10
7.0179935433070861
20
-3.8751667716535434
11
7.0219645275590548
21
-3.8762307874015747
0
LINE
8
BLACK
6
CONTINUOUS
10
6.9647013385826773
20
-4.1489675196850389
11
6.9682616535433066
21
-4.1510230708661418
0
LINE
8
BLACK
6
CONTINUOUS
10
6.9682616535433066
20
-4.1510230708661418
11
6.9711685826771648
21
-4.1539299999999999
0
LINE
8
BLACK
6
CONTINUOUS
10
6.9711685826771648
20
-4.1539299999999999
11
6.9732241338582677
21
-4.1574903149606302
0
LINE
8
BLACK
6
CONTINUOUS
10
6.9732241338582677
20
-4.1574903149606302
11
6.9742881496062994
21
-4.1614612992125988
0
LINE
8
BLACK
6
CONTINUOUS
10
6.9742881496062994
20
-4.1614612992125988
11
6.9742881496062994
21
-4.1655723228346453
0
LINE
8
BLACK
6
CONTINUOUS
10
6.9742881496062994
20
-4.1655723228346453
11
6.9732241338582677
21
-4.1695433070866139
0
LINE
8
BLACK
6
CONTINUOUS
10
6.9732241338582677
20
-4.1695433070866139
11
6.9711685826771648
21
-4.1731036220472442
0
LINE
8
BLACK
6
CONTINUOUS
10
6.9711685826771648
20
-4.1731036220472442
11
6.9682616535433066
21
-4.1760105511811023
0
LINE
8
BLACK
6
CONTINUOUS
10
6.9682616535433066
20
-4.1760105511811023
11
6.9647013385826773
21
-4.1780661023622043
0
LINE
8
BLACK
6
CONTINUOUS
10
6.9647013385826773
20
-4.1780661023622043
11
6.9607303543307086
21
-4.179130118110236
0
LINE
8
BLACK
6
CONTINUOUS
10
6.9607303543307086
20
-4.179130118110236
11
6.9566193307086612
21
-4.179130118110236
0
LINE
8
BLACK
6
CONTINUOUS
10
6.9566193307086612
20
-4.179130118110236
11
6.9526483464566926
21
-4.1780661023622043
0
LINE
8
BLACK
6
CONTINUOUS
10
6.9526483464566926
20
-4.1780661023622043
11
6.9490880314960632
21
-4.1760105511811023
0
LINE
8
BLACK
6
CONTINUOUS
10
6.9490880314960632
20
-4.1760105511811023
11
6.9461811023622042
21
-4.1731036220472442
0
LINE
8
BLACK
6
CONTINUOUS
10
6.9461811023622042
20
-4.1731036220472442
11
6.9441255511811022
21
-4.1695433070866139
0
LINE
8
BLACK
6
CONTINUOUS
10
6.9441255511811022
20
-4.1695433070866139
11
6.9430615354330705
21
-4.1655723228346453
0
LINE
8
BLACK
6
CONTINUOUS
10
6.9430615354330705
20
-4.1655723228346453
11
6.9430615354330705
21
-4.1614612992125988
0
LINE
8
BLACK
6
CONTINUOUS
10
6.9430615354330705
20
-4.1614612992125988
11
6.9441255511811022
21
-4.1574903149606302
0
LINE
8
BLACK
6
CONTINUOUS
10
6.9441255511811022
20
-4.1574903149606302
11
6.9461811023622042
21
-4.1539299999999999
0
LINE
8
BLACK
6
CONTINUOUS
10
6.9461811023622042
20
-4.1539299999999999
11
6.9490880314960632
21
-4.1510230708661418
0
LINE
8
BLACK
6
CONTINUOUS
10
6.9490880314960632
20
-4.1510230708661418
11
6.9526483464566926
21
-4.1489675196850389
0
LINE
8
BLACK
6
CONTINUOUS
10
6.9526483464566926
20
-4.1489675196850389
11
6.9566193307086612
21
-4.147903503937008
0
LINE
8
BLACK
6
CONTINUOUS
10
6.9566193307086612
20
-4.147903503937008
11
6.9607303543307086
21
-4.147903503937008
0
LINE
8
BLACK
6
CONTINUOUS
10
6.9607303543307086
20
-4.147903503937008
11
6.9647013385826773
21
-4.1489675196850389
0
LINE
8
BLACK
6
CONTINUOUS
10
6.9097013385826767
20
-4.1379675196850396
11
6.9132616535433069
21
-4.1400230708661416
0
LINE
8
BLACK
6
CONTINUOUS
10
6.9132616535433069
20
-4.1400230708661416
11
6.9161685826771651
21
-4.1429299999999998
0
LINE
8
BLACK
6
CONTINUOUS
10
6.9161685826771651
20
-4.1429299999999998
11
6.918224133858268
21
-4.14649031496063
0
LINE
8
BLACK
6
CONTINUOUS
10
6.918224133858268
20
-4.14649031496063
11
6.9192881496062988
21
-4.1504612992125987
0
LINE
8
BLACK
6
CONTINUOUS
10
6.9192881496062988
20
-4.1504612992125987
11
6.9192881496062988
21
-4.1545723228346452
0
LINE
8
BLACK
6
CONTINUOUS
10
6.9192881496062988
20
-4.1545723228346452
11
6.918224133858268
21
-4.1585433070866138
0
LINE
8
BLACK
6
CONTINUOUS
10
6.918224133858268
20
-4.1585433070866138
11
6.9161685826771651
21
-4.162103622047244
0
LINE
8
BLACK
6
CONTINUOUS
10
6.9161685826771651
20
-4.162103622047244
11
6.9132616535433069
21
-4.1650105511811022
0
LINE
8
BLACK
6
CONTINUOUS
10
6.9132616535433069
20
-4.1650105511811022
11
6.9097013385826767
21
-4.1670661023622042
0
LINE
8
BLACK
6
CONTINUOUS
10
6.9097013385826767
20
-4.1670661023622042
11
6.9057303543307089
21
-4.1681301181102359
0
LINE
8
BLACK
6
CONTINUOUS
10
6.9057303543307089
20
-4.1681301181102359
11
6.9016193307086615
21
-4.1681301181102359
0
LINE
8
BLACK
6
CONTINUOUS
10
6.9016193307086615
20
-4.1681301181102359
11
6.8976483464566929
21
-4.1670661023622042
0
LINE
8
BLACK
6
CONTINUOUS
10
6.8976483464566929
20
-4.1670661023622042
11
6.8940880314960626
21
-4.1650105511811022
0
LINE
8
BLACK
6
CONTINUOUS
10
6.8940880314960626
20
-4.1650105511811022
11
6.8911811023622045
21
-4.162103622047244
0
LINE
8
BLACK
6
CONTINUOUS
10
6.8911811023622045
20
-4.162103622047244
11
6.8891255511811025
21
-4.1585433070866138
0
LINE
8
BLACK
6
CONTINUOUS
10
6.8891255511811025
20
-4.1585433070866138
11
6.8880615354330708
21
-4.1545723228346452
0
LINE
8
BLACK
6
CONTINUOUS
10
6.8880615354330708
20
-4.1545723228346452
11
6.8880615354330708
21
-4.1504612992125987
0
LINE
8
BLACK
6
CONTINUOUS
10
6.8880615354330708
20
-4.1504612992125987
11
6.8891255511811025
21
-4.14649031496063
0
LINE
8
BLACK
6
CONTINUOUS
10
6.8891255511811025
20
-4.14649031496063
11
6.8911811023622045
21
-4.1429299999999998
0
LINE
8
BLACK
6
CONTINUOUS
10
6.8911811023622045
20
-4.1429299999999998
11
6.8940880314960626
21
-4.1400230708661416
0
LINE
8
BLACK
6
CONTINUOUS
10
6.8940880314960626
20
-4.1400230708661416
11
6.8976483464566929
21
-4.1379675196850396
0
LINE
8
BLACK
6
CONTINUOUS
10
6.8976483464566929
20
-4.1379675196850396
11
6.9016193307086615
21
-4.1369035039370079
0
LINE
8
BLACK
6
CONTINUOUS
10
6.9016193307086615
20
-4.1369035039370079
11
6.9057303543307089
21
-4.1369035039370079
0
LINE
8
BLACK
6
CONTINUOUS
10
6.9057303543307089
20
-4.1369035039370079
11
6.9097013385826767
21
-4.1379675196850396
0
LINE
8
BLACK
6
CONTINUOUS
10
6.8247013385826767
20
-4.1259675196850392
11
6.8282616535433069
21
-4.1280230708661421
0
LINE
8
BLACK
6
CONTINUOUS
10
6.8282616535433069
20
-4.1280230708661421
11
6.8311685826771651
21
-4.1309300000000002
0
LINE
8
BLACK
6
CONTINUOUS
10
6.8311685826771651
20
-4.1309300000000002
11
6.833224133858268
21
-4.1344903149606296
0
LINE
8
BLACK
6
CONTINUOUS
10
6.833224133858268
20
-4.1344903149606296
11
6.8342881496062988
21
-4.1384612992125982
0
LINE
8
BLACK
6
CONTINUOUS
10
6.8342881496062988
20
-4.1384612992125982
11
6.8342881496062988
21
-4.1425723228346456
0
LINE
8
BLACK
6
CONTINUOUS
10
6.8342881496062988
20
-4.1425723228346456
11
6.833224133858268
21
-4.1465433070866142
0
LINE
8
BLACK
6
CONTINUOUS
10
6.833224133858268
20
-4.1465433070866142
11
6.8311685826771651
21
-4.1501036220472436
0
LINE
8
BLACK
6
CONTINUOUS
10
6.8311685826771651
20
-4.1501036220472436
11
6.8282616535433069
21
-4.1530105511811026
0
LINE
8
BLACK
6
CONTINUOUS
10
6.8282616535433069
20
-4.1530105511811026
11
6.8247013385826767
21
-4.1550661023622046
0
LINE
8
BLACK
6
CONTINUOUS
10
6.8247013385826767
20
-4.1550661023622046
11
6.8207303543307081
21
-4.1561301181102364
0
LINE
8
BLACK
6
CONTINUOUS
10
6.8207303543307081
20
-4.1561301181102364
11
6.8166193307086616
21
-4.1561301181102364
0
LINE
8
BLACK
6
CONTINUOUS
10
6.8166193307086616
20
-4.1561301181102364
11
6.8126483464566929
21
-4.1550661023622046
0
LINE
8
BLACK
6
CONTINUOUS
10
6.8126483464566929
20
-4.1550661023622046
11
6.8090880314960627
21
-4.1530105511811026
0
LINE
8
BLACK
6
CONTINUOUS
10
6.8090880314960627
20
-4.1530105511811026
11
6.8061811023622045
21
-4.1501036220472436
0
LINE
8
BLACK
6
CONTINUOUS
10
6.8061811023622045
20
-4.1501036220472436
11
6.8041255511811025
21
-4.1465433070866142
0
LINE
8
BLACK
6
CONTINUOUS
10
6.8041255511811025
20
-4.1465433070866142
11
6.8030615354330708
21
-4.1425723228346456
0
LINE
8
BLACK
6
CONTINUOUS
10
6.8030615354330708
20
-4.1425723228346456
11
6.8030615354330708
21
-4.1384612992125982
0
LINE
8
BLACK
6
CONTINUOUS
10
6.8030615354330708
20
-4.1384612992125982
11
6.8041255511811025
21
-4.1344903149606296
0
LINE
8
BLACK
6
CONTINUOUS
10
6.8041255511811025
20
-4.1344903149606296
11
6.8061811023622045
21
-4.1309300000000002
0
LINE
8
BLACK
6
CONTINUOUS
10
6.8061811023622045
20
-4.1309300000000002
11
6.8090880314960627
21
-4.1280230708661421
0
LINE
8
BLACK
6
CONTINUOUS
10
6.8090880314960627
20
-4.1280230708661421
11
6.8126483464566929
21
-4.1259675196850392
0
LINE
8
BLACK
6
CONTINUOUS
10
6.8126483464566929
20
-4.1259675196850392
11
6.8166193307086616
21
-4.1249035039370074
0
LINE
8
BLACK
6
CONTINUOUS
10
6.8166193307086616
20
-4.1249035039370074
11
6.8207303543307081
21
-4.1249035039370074
0
LINE
8
BLACK
6
CONTINUOUS
10
6.8207303543307081
20
-4.1249035039370074
11
6.8247013385826767
21
-4.1259675196850392
0
LINE
8
BLACK
6
CONTINUOUS
10
7.0980084251968503
20
-4.0702116141732283
11
7.1015687401574805
21
-4.0722671653543303
0
LINE
8
BLACK
6
CONTINUOUS
10
7.1015687401574805
20
-4.0722671653543303
11
7.1044756692913387
21
-4.0751740944881885
0
LINE
8
BLACK
6
CONTINUOUS
10
7.1044756692913387
20
-4.0751740944881885
11
7.1065312204724407
21
-4.0787344094488187
0
LINE
8
BLACK
6
CONTINUOUS
10
7.1065312204724407
20
-4.0787344094488187
11
7.1075952362204724
21
-4.0827053937007873
0
LINE
8
BLACK
6
CONTINUOUS
10
7.1075952362204724
20
-4.0827053937007873
11
7.1075952362204724
21
-4.0868164173228347
0
LINE
8
BLACK
6
CONTINUOUS
10
7.1075952362204724
20
-4.0868164173228347
11
7.1065312204724407
21
-4.0907874015748034
0
LINE
8
BLACK
6
CONTINUOUS
10
7.1065312204724407
20
-4.0907874015748034
11
7.1044756692913387
21
-4.0943477165354327
0
LINE
8
BLACK
6
CONTINUOUS
10
7.1044756692913387
20
-4.0943477165354327
11
7.1015687401574805
21
-4.0972546456692909
0
LINE
8
BLACK
6
CONTINUOUS
10
7.1015687401574805
20
-4.0972546456692909
11
7.0980084251968503
21
-4.0993101968503938
0
LINE
8
BLACK
6
CONTINUOUS
10
7.0980084251968503
20
-4.0993101968503938
11
7.0940374409448816
21
-4.1003742125984255
0
LINE
8
BLACK
6
CONTINUOUS
10
7.0940374409448816
20
-4.1003742125984255
11
7.0899264173228342
21
-4.1003742125984255
0
LINE
8
BLACK
6
CONTINUOUS
10
7.0899264173228342
20
-4.1003742125984255
11
7.0859554330708656
21
-4.0993101968503938
0
LINE
8
BLACK
6
CONTINUOUS
10
7.0859554330708656
20
-4.0993101968503938
11
7.0823951181102363
21
-4.0972546456692909
0
LINE
8
BLACK
6
CONTINUOUS
10
7.0823951181102363
20
-4.0972546456692909
11
7.0794881889763781
21
-4.0943477165354327
0
LINE
8
BLACK
6
CONTINUOUS
10
7.0794881889763781
20
-4.0943477165354327
11
7.0774326377952752
21
-4.0907874015748034
0
LINE
8
BLACK
6
CONTINUOUS
10
7.0774326377952752
20
-4.0907874015748034
11
7.0763686220472444
21
-4.0868164173228347
0
LINE
8
BLACK
6
CONTINUOUS
10
7.0763686220472444
20
-4.0868164173228347
11
7.0763686220472444
21
-4.0827053937007873
0
LINE
8
BLACK
6
CONTINUOUS
10
7.0763686220472444
20
-4.0827053937007873
11
7.0774326377952752
21
-4.0787344094488187
0
LINE
8
BLACK
6
CONTINUOUS
10
7.0774326377952752
20
-4.0787344094488187
11
7.0794881889763781
21
-4.0751740944881885
0
LINE
8
BLACK
6
CONTINUOUS
10
7.0794881889763781
20
-4.0751740944881885
11
7.0823951181102363
21
-4.0722671653543303
0
LINE
8
BLACK
6
CONTINUOUS
10
7.0823951181102363
20
-4.0722671653543303
11
7.0859554330708656
21
-4.0702116141732283
0
LINE
8
BLACK
6
CONTINUOUS
10
7.0859554330708656
20
-4.0702116141732283
11
7.0899264173228342
21
-4.0691475984251966
0
LINE
8
BLACK
6
CONTINUOUS
10
7.0899264173228342
20
-4.0691475984251966
11
7.0940374409448816
21
-4.0691475984251966
0
LINE
8
BLACK
6
CONTINUOUS
10
7.0940374409448816
20
-4.0691475984251966
11
7.0980084251968503
21
-4.0702116141732283
0
LINE
8
BLACK
6
CONTINUOUS
10
6.8067013385826769
20
-3.8875659448818896
11
6.8102616535433071
21
-3.889621496062992
0
LINE
8
BLACK
6
CONTINUOUS
10
6.8102616535433071
20
-3.889621496062992
11
6.8131685826771653
21
-3.8925284251968502
0
LINE
8
BLACK
6
CONTINUOUS
10
6.8131685826771653
20
-3.8925284251968502
11
6.8152241338582673
21
-3.8960887401574804
0
LINE
8
BLACK
6
CONTINUOUS
10
6.8152241338582673
20
-3.8960887401574804
11
6.816288149606299
21
-3.9000597244094486
0
LINE
8
BLACK
6
CONTINUOUS
10
6.816288149606299
20
-3.9000597244094486
11
6.816288149606299
21
-3.904170748031496
0
LINE
8
BLACK
6
CONTINUOUS
10
6.816288149606299
20
-3.904170748031496
11
6.8152241338582673
21
-3.9081417322834646
0
LINE
8
BLACK
6
CONTINUOUS
10
6.8152241338582673
20
-3.9081417322834646
11
6.8131685826771653
21
-3.9117020472440944
0
LINE
8
BLACK
6
CONTINUOUS
10
6.8131685826771653
20
-3.9117020472440944
11
6.8102616535433071
21
-3.9146089763779526
0
LINE
8
BLACK
6
CONTINUOUS
10
6.8102616535433071
20
-3.9146089763779526
11
6.8067013385826769
21
-3.916664527559055
0
LINE
8
BLACK
6
CONTINUOUS
10
6.8067013385826769
20
-3.916664527559055
11
6.8027303543307083
21
-3.9177285433070863
0
LINE
8
BLACK
6
CONTINUOUS
10
6.8027303543307083
20
-3.9177285433070863
11
6.7986193307086609
21
-3.9177285433070863
0
LINE
8
BLACK
6
CONTINUOUS
10
6.7986193307086609
20
-3.9177285433070863
11
6.7946483464566931
21
-3.916664527559055
0
LINE
8
BLACK
6
CONTINUOUS
10
6.7946483464566931
20
-3.916664527559055
11
6.7910880314960629
21
-3.9146089763779526
0
LINE
8
BLACK
6
CONTINUOUS
10
6.7910880314960629
20
-3.9146089763779526
11
6.7881811023622047
21
-3.9117020472440944
0
LINE
8
BLACK
6
CONTINUOUS
10
6.7881811023622047
20
-3.9117020472440944
11
6.7861255511811018
21
-3.9081417322834646
0
LINE
8
BLACK
6
CONTINUOUS
10
6.7861255511811018
20
-3.9081417322834646
11
6.785061535433071
21
-3.904170748031496
0
LINE
8
BLACK
6
CONTINUOUS
10
6.785061535433071
20
-3.904170748031496
11
6.785061535433071
21
-3.9000597244094486
0
LINE
8
BLACK
6
CONTINUOUS
10
6.785061535433071
20
-3.9000597244094486
11
6.7861255511811018
21
-3.8960887401574804
0
LINE
8
BLACK
6
CONTINUOUS
10
6.7861255511811018
20
-3.8960887401574804
11
6.7881811023622047
21
-3.8925284251968502
0
LINE
8
BLACK
6
CONTINUOUS
10
6.7881811023622047
20
-3.8925284251968502
11
6.7910880314960629
21
-3.889621496062992
0
LINE
8
BLACK
6
CONTINUOUS
10
6.7910880314960629
20
-3.889621496062992
11
6.7946483464566931
21
-3.8875659448818896
0
LINE
8
BLACK
6
CONTINUOUS
10
6.7946483464566931
20
-3.8875659448818896
11
6.7986193307086609
21
-3.8865019291338583
0
LINE
8
BLACK
6
CONTINUOUS
10
6.7986193307086609
20
-3.8865019291338583
11
6.8027303543307083
21
-3.8865019291338583
0
LINE
8
BLACK
6
CONTINUOUS
10
6.8027303543307083
20
-3.8865019291338583
11
6.8067013385826769
21
-3.8875659448818896
0
LINE
8
BLACK
6
CONTINUOUS
10
7.1807013385826766
20
-3.6889675196850393
11
7.1842616535433068
21
-3.6910230708661418
0
LINE
8
BLACK
6
CONTINUOUS
10
7.1842616535433068
20
-3.6910230708661418
11
7.187168582677165
21
-3.6939299999999999
0
LINE
8
BLACK
6
CONTINUOUS
10
7.187168582677165
20
-3.6939299999999999
11
7.1892241338582679
21
-3.6974903149606297
0
LINE
8
BLACK
6
CONTINUOUS
10
7.1892241338582679
20
-3.6974903149606297
11
7.1902881496062987
21
-3.7014612992125984
0
LINE
8
BLACK
6
CONTINUOUS
10
7.1902881496062987
20
-3.7014612992125984
11
7.1902881496062987
21
-3.7055723228346458
0
LINE
8
BLACK
6
CONTINUOUS
10
7.1902881496062987
20
-3.7055723228346458
11
7.1892241338582679
21
-3.709543307086614
0
LINE
8
BLACK
6
CONTINUOUS
10
7.1892241338582679
20
-3.709543307086614
11
7.187168582677165
21
-3.7131036220472442
0
LINE
8
BLACK
6
CONTINUOUS
10
7.187168582677165
20
-3.7131036220472442
11
7.1842616535433068
21
-3.7160105511811024
0
LINE
8
BLACK
6
CONTINUOUS
10
7.1842616535433068
20
-3.7160105511811024
11
7.1807013385826766
21
-3.7180661023622048
0
LINE
8
BLACK
6
CONTINUOUS
10
7.1807013385826766
20
-3.7180661023622048
11
7.1767303543307088
21
-3.7191301181102361
0
LINE
8
BLACK
6
CONTINUOUS
10
7.1767303543307088
20
-3.7191301181102361
11
7.1726193307086614
21
-3.7191301181102361
0
LINE
8
BLACK
6
CONTINUOUS
10
7.1726193307086614
20
-3.7191301181102361
11
7.1686483464566928
21
-3.7180661023622048
0
LINE
8
BLACK
6
CONTINUOUS
10
7.1686483464566928
20
-3.7180661023622048
11
7.1650880314960625
21
-3.7160105511811024
0
LINE
8
BLACK
6
CONTINUOUS
10
7.1650880314960625
20
-3.7160105511811024
11
7.1621811023622044
21
-3.7131036220472442
0
LINE
8
BLACK
6
CONTINUOUS
10
7.1621811023622044
20
-3.7131036220472442
11
7.1601255511811024
21
-3.709543307086614
0
LINE
8
BLACK
6
CONTINUOUS
10
7.1601255511811024
20
-3.709543307086614
11
7.1590615354330707
21
-3.7055723228346458
0
LINE
8
BLACK
6
CONTINUOUS
10
7.1590615354330707
20
-3.7055723228346458
11
7.1590615354330707
21
-3.7014612992125984
0
LINE
8
BLACK
6
CONTINUOUS
10
7.1590615354330707
20
-3.7014612992125984
11
7.1601255511811024
21
-3.6974903149606297
0
LINE
8
BLACK
6
CONTINUOUS
10
7.1601255511811024
20
-3.6974903149606297
11
7.1621811023622044
21
-3.6939299999999999
0
LINE
8
BLACK
6
CONTINUOUS
10
7.1621811023622044
20
-3.6939299999999999
11
7.1650880314960625
21
-3.6910230708661418
0
LINE
8
BLACK
6
CONTINUOUS
10
7.1650880314960625
20
-3.6910230708661418
11
7.1686483464566928
21
-3.6889675196850393
0
LINE
8
BLACK
6
CONTINUOUS
10
7.1686483464566928
20
-3.6889675196850393
11
7.1726193307086614
21
-3.6879035039370076
0
LINE
8
BLACK
6
CONTINUOUS
10
7.1726193307086614
20
-3.6879035039370076
11
7.1767303543307088
21
-3.6879035039370076
0
LINE
8
BLACK
6
CONTINUOUS
10
7.1767303543307088
20
-3.6879035039370076
11
7.1807013385826766
21
-3.6889675196850393
0
LINE
8
BLACK
6
CONTINUOUS
10
6.560402165354331
20
-3.5544635826771653
11
6.5639624803149603
21
-3.5565191338582678
0
LINE
8
BLACK
6
CONTINUOUS
10
6.5639624803149603
20
-3.5565191338582678
11
6.5668694094488185
21
-3.5594260629921259
0
LINE
8
BLACK
6
CONTINUOUS
10
6.5668694094488185
20
-3.5594260629921259
11
6.5689249606299214
21
-3.5629863779527557
0
LINE
8
BLACK
6
CONTINUOUS
10
6.5689249606299214
20
-3.5629863779527557
11
6.5699889763779522
21
-3.5669573622047244
0
LINE
8
BLACK
6
CONTINUOUS
10
6.5699889763779522
20
-3.5669573622047244
11
6.5699889763779522
21
-3.5710683858267718
0
LINE
8
BLACK
6
CONTINUOUS
10
6.5699889763779522
20
-3.5710683858267718
11
6.5689249606299214
21
-3.57503937007874
0
LINE
8
BLACK
6
CONTINUOUS
10
6.5689249606299214
20
-3.57503937007874
11
6.5668694094488185
21
-3.5785996850393702
0
LINE
8
BLACK
6
CONTINUOUS
10
6.5668694094488185
20
-3.5785996850393702
11
6.5639624803149603
21
-3.5815066141732284
0
LINE
8
BLACK
6
CONTINUOUS
10
6.5639624803149603
20
-3.5815066141732284
11
6.560402165354331
21
-3.5835621653543308
0
LINE
8
BLACK
6
CONTINUOUS
10
6.560402165354331
20
-3.5835621653543308
11
6.5564311811023623
21
-3.5846261811023621
0
LINE
8
BLACK
6
CONTINUOUS
10
6.5564311811023623
20
-3.5846261811023621
11
6.5523201574803149
21
-3.5846261811023621
0
LINE
8
BLACK
6
CONTINUOUS
10
6.5523201574803149
20
-3.5846261811023621
11
6.5483491732283463
21
-3.5835621653543308
0
LINE
8
BLACK
6
CONTINUOUS
10
6.5483491732283463
20
-3.5835621653543308
11
6.5447888582677161
21
-3.5815066141732284
0
LINE
8
BLACK
6
CONTINUOUS
10
6.5447888582677161
20
-3.5815066141732284
11
6.5418819291338579
21
-3.5785996850393702
0
LINE
8
BLACK
6
CONTINUOUS
10
6.5418819291338579
20
-3.5785996850393702
11
6.5398263779527559
21
-3.57503937007874
0
LINE
8
BLACK
6
CONTINUOUS
10
6.5398263779527559
20
-3.57503937007874
11
6.5387623622047242
21
-3.5710683858267718
0
LINE
8
BLACK
6
CONTINUOUS
10
6.5387623622047242
20
-3.5710683858267718
11
6.5387623622047242
21
-3.5669573622047244
0
LINE
8
BLACK
6
CONTINUOUS
10
6.5387623622047242
20
-3.5669573622047244
11
6.5398263779527559
21
-3.5629863779527557
0
LINE
8
BLACK
6
CONTINUOUS
10
6.5398263779527559
20
-3.5629863779527557
11
6.5418819291338579
21
-3.5594260629921259
0
LINE
8
BLACK
6
CONTINUOUS
10
6.5418819291338579
20
-3.5594260629921259
11
6.5447888582677161
21
-3.5565191338582678
0
LINE
8
BLACK
6
CONTINUOUS
10
6.5447888582677161
20
-3.5565191338582678
11
6.5483491732283463
21
-3.5544635826771653
0
LINE
8
BLACK
6
CONTINUOUS
10
6.5483491732283463
20
-3.5544635826771653
11
6.5523201574803149
21
-3.5533995669291336
0
LINE
8
BLACK
6
CONTINUOUS
10
6.5523201574803149
20
-3.5533995669291336
11
6.5564311811023623
21
-3.5533995669291336
0
LINE
8
BLACK
6
CONTINUOUS
10
6.5564311811023623
20
-3.5533995669291336
11
6.560402165354331
21
-3.5544635826771653
0
LINE
8
BLACK
6
CONTINUOUS
10
6.0637980314960629
20
-3.4713448031496061
11
6.0673583464566931
21
-3.4734003543307086
0
LINE
8
BLACK
6
CONTINUOUS
10
6.0673583464566931
20
-3.4734003543307086
11
6.0702652755905513
21
-3.4763072834645667
0
LINE
8
BLACK
6
CONTINUOUS
10
6.0702652755905513
20
-3.4763072834645667
11
6.0723208267716533
21
-3.4798675984251966
0
LINE
8
BLACK
6
CONTINUOUS
10
6.0723208267716533
20
-3.4798675984251966
11
6.073384842519685
21
-3.4838385826771652
0
LINE
8
BLACK
6
CONTINUOUS
10
6.073384842519685
20
-3.4838385826771652
11
6.073384842519685
21
-3.4879496062992126
0
LINE
8
BLACK
6
CONTINUOUS
10
6.073384842519685
20
-3.4879496062992126
11
6.0723208267716533
21
-3.4919205905511812
0
LINE
8
BLACK
6
CONTINUOUS
10
6.0723208267716533
20
-3.4919205905511812
11
6.0702652755905513
21
-3.495480905511811
0
LINE
8
BLACK
6
CONTINUOUS
10
6.0702652755905513
20
-3.495480905511811
11
6.0673583464566931
21
-3.4983878346456692
0
LINE
8
BLACK
6
CONTINUOUS
10
6.0673583464566931
20
-3.4983878346456692
11
6.0637980314960629
21
-3.5004433858267716
0
LINE
8
BLACK
6
CONTINUOUS
10
6.0637980314960629
20
-3.5004433858267716
11
6.0598270472440943
21
-3.5015074015748029
0
LINE
8
BLACK
6
CONTINUOUS
10
6.0598270472440943
20
-3.5015074015748029
11
6.0557160236220469
21
-3.5015074015748029
0
LINE
8
BLACK
6
CONTINUOUS
10
6.0557160236220469
20
-3.5015074015748029
11
6.0517450393700782
21
-3.5004433858267716
0
LINE
8
BLACK
6
CONTINUOUS
10
6.0517450393700782
20
-3.5004433858267716
11
6.0481847244094489
21
-3.4983878346456692
0
LINE
8
BLACK
6
CONTINUOUS
10
6.0481847244094489
20
-3.4983878346456692
11
6.0452777952755907
21
-3.495480905511811
0
LINE
8
BLACK
6
CONTINUOUS
10
6.0452777952755907
20
-3.495480905511811
11
6.0432222440944878
21
-3.4919205905511812
0
LINE
8
BLACK
6
CONTINUOUS
10
6.0432222440944878
20
-3.4919205905511812
11
6.042158228346457
21
-3.4879496062992126
0
LINE
8
BLACK
6
CONTINUOUS
10
6.042158228346457
20
-3.4879496062992126
11
6.042158228346457
21
-3.4838385826771652
0
LINE
8
BLACK
6
CONTINUOUS
10
6.042158228346457
20
-3.4838385826771652
11
6.0432222440944878
21
-3.4798675984251966
0
LINE
8
BLACK
6
CONTINUOUS
10
6.0432222440944878
20
-3.4798675984251966
11
6.0452777952755907
21
-3.4763072834645667
0
LINE
8
BLACK
6
CONTINUOUS
10
6.0452777952755907
20
-3.4763072834645667
11
6.0481847244094489
21
-3.4734003543307086
0
LINE
8
BLACK
6
CONTINUOUS
10
6.0481847244094489
20
-3.4734003543307086
11
6.0517450393700782
21
-3.4713448031496061
0
LINE
8
BLACK
6
CONTINUOUS
10
6.0517450393700782
20
-3.4713448031496061
11
6.0557160236220469
21
-3.4702807874015749
0
LINE
8
BLACK
6
CONTINUOUS
10
6.0557160236220469
20
-3.4702807874015749
11
6.0598270472440943
21
-3.4702807874015749
0
LINE
8
BLACK
6
CONTINUOUS
10
6.0598270472440943
20
-3.4702807874015749
11
6.0637980314960629
21
-3.4713448031496061
0
LINE
8
BLACK
6
CONTINUOUS
10
6.0337631102362206
20
-3.4429596456692915
11
6.0373234251968499
21
-3.4450151968503935
0
LINE
8
BLACK
6
CONTINUOUS
10
6.0373234251968499
20
-3.4450151968503935
11
6.0402303543307081
21
-3.4479221259842521
0
LINE
8
BLACK
6
CONTINUOUS
10
6.0402303543307081
20
-3.4479221259842521
11
6.042285905511811
21
-3.4514824409448819
0
LINE
8
BLACK
6
CONTINUOUS
10
6.042285905511811
20
-3.4514824409448819
11
6.0433499212598427
21
-3.4554534251968505
0
LINE
8
BLACK
6
CONTINUOUS
10
6.0433499212598427
20
-3.4554534251968505
11
6.0433499212598427
21
-3.4595644488188975
0
LINE
8
BLACK
6
CONTINUOUS
10
6.0433499212598427
20
-3.4595644488188975
11
6.042285905511811
21
-3.4635354330708661
0
LINE
8
BLACK
6
CONTINUOUS
10
6.042285905511811
20
-3.4635354330708661
11
6.0402303543307081
21
-3.4670957480314959
0
LINE
8
BLACK
6
CONTINUOUS
10
6.0402303543307081
20
-3.4670957480314959
11
6.0373234251968499
21
-3.470002677165354
0
LINE
8
BLACK
6
CONTINUOUS
10
6.0373234251968499
20
-3.470002677165354
11
6.0337631102362206
21
-3.4720582283464565
0
LINE
8
BLACK
6
CONTINUOUS
10
6.0337631102362206
20
-3.4720582283464565
11
6.029792125984252
21
-3.4731222440944882
0
LINE
8
BLACK
6
CONTINUOUS
10
6.029792125984252
20
-3.4731222440944882
11
6.0256811023622046
21
-3.4731222440944882
0
LINE
8
BLACK
6
CONTINUOUS
10
6.0256811023622046
20
-3.4731222440944882
11
6.0217101181102359
21
-3.4720582283464565
0
LINE
8
BLACK
6
CONTINUOUS
10
6.0217101181102359
20
-3.4720582283464565
11
6.0181498031496066
21
-3.470002677165354
0
LINE
8
BLACK
6
CONTINUOUS
10
6.0181498031496066
20
-3.470002677165354
11
6.0152428740157475
21
-3.4670957480314959
0
LINE
8
BLACK
6
CONTINUOUS
10
6.0152428740157475
20
-3.4670957480314959
11
6.0131873228346455
21
-3.4635354330708661
0
LINE
8
BLACK
6
CONTINUOUS
10
6.0131873228346455
20
-3.4635354330708661
11
6.0121233070866138
21
-3.4595644488188975
0
LINE
8
BLACK
6
CONTINUOUS
10
6.0121233070866138
20
-3.4595644488188975
11
6.0121233070866138
21
-3.4554534251968505
0
LINE
8
BLACK
6
CONTINUOUS
10
6.0121233070866138
20
-3.4554534251968505
11
6.0131873228346455
21
-3.4514824409448819
0
LINE
8
BLACK
6
CONTINUOUS
10
6.0131873228346455
20
-3.4514824409448819
11
6.0152428740157475
21
-3.4479221259842521
0
LINE
8
BLACK
6
CONTINUOUS
10
6.0152428740157475
20
-3.4479221259842521
11
6.0181498031496066
21
-3.4450151968503935
0
LINE
8
BLACK
6
CONTINUOUS
10
6.0181498031496066
20
-3.4450151968503935
11
6.0217101181102359
21
-3.4429596456692915
0
LINE
8
BLACK
6
CONTINUOUS
10
6.0217101181102359
20
-3.4429596456692915
11
6.0256811023622046
21
-3.4418956299212597
0
LINE
8
BLACK
6
CONTINUOUS
10
6.0256811023622046
20
-3.4418956299212597
11
6.029792125984252
21
-3.4418956299212597
0
LINE
8
BLACK
6
CONTINUOUS
10
6.029792125984252
20
-3.4418956299212597
11
6.0337631102362206
21
-3.4429596456692915
0
LINE
8
BLACK
6
CONTINUOUS
10
5.8387013385826769
20
-3.4169675196850391
11
5.8422616535433072
21
-3.4190230708661415
0
LINE
8
BLACK
6
CONTINUOUS
10
5.8422616535433072
20
-3.4190230708661415
11
5.8451685826771653
21
-3.4219300000000001
0
LINE
8
BLACK
6
CONTINUOUS
10
5.8451685826771653
20
-3.4219300000000001
11
5.8472241338582673
21
-3.4254903149606299
0
LINE
8
BLACK
6
CONTINUOUS
10
5.8472241338582673
20
-3.4254903149606299
11
5.8482881496062991
21
-3.4294612992125986
0
LINE
8
BLACK
6
CONTINUOUS
10
5.8482881496062991
20
-3.4294612992125986
11
5.8482881496062991
21
-3.4335723228346455
0
LINE
8
BLACK
6
CONTINUOUS
10
5.8482881496062991
20
-3.4335723228346455
11
5.8472241338582673
21
-3.4375433070866142
0
LINE
8
BLACK
6
CONTINUOUS
10
5.8472241338582673
20
-3.4375433070866142
11
5.8451685826771653
21
-3.441103622047244
0
LINE
8
BLACK
6
CONTINUOUS
10
5.8451685826771653
20
-3.441103622047244
11
5.8422616535433072
21
-3.4440105511811021
0
LINE
8
BLACK
6
CONTINUOUS
10
5.8422616535433072
20
-3.4440105511811021
11
5.8387013385826769
21
-3.4460661023622046
0
LINE
8
BLACK
6
CONTINUOUS
10
5.8387013385826769
20
-3.4460661023622046
11
5.8347303543307083
21
-3.4471301181102363
0
LINE
8
BLACK
6
CONTINUOUS
10
5.8347303543307083
20
-3.4471301181102363
11
5.8306193307086609
21
-3.4471301181102363
0
LINE
8
BLACK
6
CONTINUOUS
10
5.8306193307086609
20
-3.4471301181102363
11
5.8266483464566932
21
-3.4460661023622046
0
LINE
8
BLACK
6
CONTINUOUS
10
5.8266483464566932
20
-3.4460661023622046
11
5.8230880314960629
21
-3.4440105511811021
0
LINE
8
BLACK
6
CONTINUOUS
10
5.8230880314960629
20
-3.4440105511811021
11
5.8201811023622048
21
-3.441103622047244
0
LINE
8
BLACK
6
CONTINUOUS
10
5.8201811023622048
20
-3.441103622047244
11
5.8181255511811019
21
-3.4375433070866142
0
LINE
8
BLACK
6
CONTINUOUS
10
5.8181255511811019
20
-3.4375433070866142
11
5.817061535433071
21
-3.4335723228346455
0
LINE
8
BLACK
6
CONTINUOUS
10
5.817061535433071
20
-3.4335723228346455
11
5.817061535433071
21
-3.4294612992125986
0
LINE
8
BLACK
6
CONTINUOUS
10
5.817061535433071
20
-3.4294612992125986
11
5.8181255511811019
21
-3.4254903149606299
0
LINE
8
BLACK
6
CONTINUOUS
10
5.8181255511811019
20
-3.4254903149606299
11
5.8201811023622048
21
-3.4219300000000001
0
LINE
8
BLACK
6
CONTINUOUS
10
5.8201811023622048
20
-3.4219300000000001
11
5.8230880314960629
21
-3.4190230708661415
0
LINE
8
BLACK
6
CONTINUOUS
10
5.8230880314960629
20
-3.4190230708661415
11
5.8266483464566932
21
-3.4169675196850391
0
LINE
8
BLACK
6
CONTINUOUS
10
5.8266483464566932
20
-3.4169675196850391
11
5.8306193307086609
21
-3.4159035039370078
0
LINE
8
BLACK
6
CONTINUOUS
10
5.8306193307086609
20
-3.4159035039370078
11
5.8347303543307083
21
-3.4159035039370078
0
LINE
8
BLACK
6
CONTINUOUS
10
5.8347303543307083
20
-3.4159035039370078
11
5.8387013385826769
21
-3.4169675196850391
0
LINE
8
BLACK
6
CONTINUOUS
10
7.0667013385826767
20
-3.4129675196850391
11
7.0702616535433069
21
-3.4150230708661415
0
LINE
8
BLACK
6
CONTINUOUS
10
7.0702616535433069
20
-3.4150230708661415
11
7.0731685826771651
21
-3.4179300000000001
0
LINE
8
BLACK
6
CONTINUOUS
10
7.0731685826771651
20
-3.4179300000000001
11
7.075224133858268
21
-3.4214903149606299
0
LINE
8
BLACK
6
CONTINUOUS
10
7.075224133858268
20
-3.4214903149606299
11
7.0762881496062988
21
-3.4254612992125986
0
LINE
8
BLACK
6
CONTINUOUS
10
7.0762881496062988
20
-3.4254612992125986
11
7.0762881496062988
21
-3.4295723228346455
0
LINE
8
BLACK
6
CONTINUOUS
10
7.0762881496062988
20
-3.4295723228346455
11
7.075224133858268
21
-3.4335433070866141
0
LINE
8
BLACK
6
CONTINUOUS
10
7.075224133858268
20
-3.4335433070866141
11
7.0731685826771651
21
-3.437103622047244
0
LINE
8
BLACK
6
CONTINUOUS
10
7.0731685826771651
20
-3.437103622047244
11
7.0702616535433069
21
-3.4400105511811021
0
LINE
8
BLACK
6
CONTINUOUS
10
7.0702616535433069
20
-3.4400105511811021
11
7.0667013385826767
21
-3.4420661023622046
0
LINE
8
BLACK
6
CONTINUOUS
10
7.0667013385826767
20
-3.4420661023622046
11
7.0627303543307081
21
-3.4431301181102363
0
LINE
8
BLACK
6
CONTINUOUS
10
7.0627303543307081
20
-3.4431301181102363
11
7.0586193307086615
21
-3.4431301181102363
0
LINE
8
BLACK
6
CONTINUOUS
10
7.0586193307086615
20
-3.4431301181102363
11
7.0546483464566929
21
-3.4420661023622046
0
LINE
8
BLACK
6
CONTINUOUS
10
7.0546483464566929
20
-3.4420661023622046
11
7.0510880314960627
21
-3.4400105511811021
0
LINE
8
BLACK
6
CONTINUOUS
10
7.0510880314960627
20
-3.4400105511811021
11
7.0481811023622045
21
-3.437103622047244
0
LINE
8
BLACK
6
CONTINUOUS
10
7.0481811023622045
20
-3.437103622047244
11
7.0461255511811025
21
-3.4335433070866141
0
LINE
8
BLACK
6
CONTINUOUS
10
7.0461255511811025
20
-3.4335433070866141
11
7.0450615354330708
21
-3.4295723228346455
0
LINE
8
BLACK
6
CONTINUOUS
10
7.0450615354330708
20
-3.4295723228346455
11
7.0450615354330708
21
-3.4254612992125986
0
LINE
8
BLACK
6
CONTINUOUS
10
7.0450615354330708
20
-3.4254612992125986
11
7.0461255511811025
21
-3.4214903149606299
0
LINE
8
BLACK
6
CONTINUOUS
10
7.0461255511811025
20
-3.4214903149606299
11
7.0481811023622045
21
-3.4179300000000001
0
LINE
8
BLACK
6
CONTINUOUS
10
7.0481811023622045
20
-3.4179300000000001
11
7.0510880314960627
21
-3.4150230708661415
0
LINE
8
BLACK
6
CONTINUOUS
10
7.0510880314960627
20
-3.4150230708661415
11
7.0546483464566929
21
-3.4129675196850391
0
LINE
8
BLACK
6
CONTINUOUS
10
7.0546483464566929
20
-3.4129675196850391
11
7.0586193307086615
21
-3.4119035039370078
0
LINE
8
BLACK
6
CONTINUOUS
10
7.0586193307086615
20
-3.4119035039370078
11
7.0627303543307081
21
-3.4119035039370078
0
LINE
8
BLACK
6
CONTINUOUS
10
7.0627303543307081
20
-3.4119035039370078
11
7.0667013385826767
21
-3.4129675196850391
0
LINE
8
BLACK
6
CONTINUOUS
10
5.9047013385826768
20
-3.3659675196850394
11
5.908261653543307
21
-3.3680230708661418
0
LINE
8
BLACK
6
CONTINUOUS
10
5.908261653543307
20
-3.3680230708661418
11
5.9111685826771652
21
-3.37093
0
LINE
8
BLACK
6
CONTINUOUS
10
5.9111685826771652
20
-3.37093
11
5.9132241338582672
21
-3.3744903149606298
0
LINE
8
BLACK
6
CONTINUOUS
10
5.9132241338582672
20
-3.3744903149606298
11
5.9142881496062989
21
-3.3784612992125984
0
LINE
8
BLACK
6
CONTINUOUS
10
5.9142881496062989
20
-3.3784612992125984
11
5.9142881496062989
21
-3.3825723228346454
0
LINE
8
BLACK
6
CONTINUOUS
10
5.9142881496062989
20
-3.3825723228346454
11
5.9132241338582672
21
-3.386543307086614
0
LINE
8
BLACK
6
CONTINUOUS
10
5.9132241338582672
20
-3.386543307086614
11
5.9111685826771652
21
-3.3901036220472438
0
LINE
8
BLACK
6
CONTINUOUS
10
5.9111685826771652
20
-3.3901036220472438
11
5.908261653543307
21
-3.3930105511811024
0
LINE
8
BLACK
6
CONTINUOUS
10
5.908261653543307
20
-3.3930105511811024
11
5.9047013385826768
21
-3.3950661023622049
0
LINE
8
BLACK
6
CONTINUOUS
10
5.9047013385826768
20
-3.3950661023622049
11
5.9007303543307081
21
-3.3961301181102361
0
LINE
8
BLACK
6
CONTINUOUS
10
5.9007303543307081
20
-3.3961301181102361
11
5.8966193307086616
21
-3.3961301181102361
0
LINE
8
BLACK
6
CONTINUOUS
10
5.8966193307086616
20
-3.3961301181102361
11
5.892648346456693
21
-3.3950661023622049
0
LINE
8
BLACK
6
CONTINUOUS
10
5.892648346456693
20
-3.3950661023622049
11
5.8890880314960627
21
-3.3930105511811024
0
LINE
8
BLACK
6
CONTINUOUS
10
5.8890880314960627
20
-3.3930105511811024
11
5.8861811023622046
21
-3.3901036220472438
0
LINE
8
BLACK
6
CONTINUOUS
10
5.8861811023622046
20
-3.3901036220472438
11
5.8841255511811026
21
-3.386543307086614
0
LINE
8
BLACK
6
CONTINUOUS
10
5.8841255511811026
20
-3.386543307086614
11
5.8830615354330709
21
-3.3825723228346454
0
LINE
8
BLACK
6
CONTINUOUS
10
5.8830615354330709
20
-3.3825723228346454
11
5.8830615354330709
21
-3.3784612992125984
0
LINE
8
BLACK
6
CONTINUOUS
10
5.8830615354330709
20
-3.3784612992125984
11
5.8841255511811026
21
-3.3744903149606298
0
LINE
8
BLACK
6
CONTINUOUS
10
5.8841255511811026
20
-3.3744903149606298
11
5.8861811023622046
21
-3.37093
0
LINE
8
BLACK
6
CONTINUOUS
10
5.8861811023622046
20
-3.37093
11
5.8890880314960627
21
-3.3680230708661418
0
LINE
8
BLACK
6
CONTINUOUS
10
5.8890880314960627
20
-3.3680230708661418
11
5.892648346456693
21
-3.3659675196850394
0
LINE
8
BLACK
6
CONTINUOUS
10
5.892648346456693
20
-3.3659675196850394
11
5.8966193307086616
21
-3.3649035039370077
0
LINE
8
BLACK
6
CONTINUOUS
10
5.8966193307086616
20
-3.3649035039370077
11
5.9007303543307081
21
-3.3649035039370077
0
LINE
8
BLACK
6
CONTINUOUS
10
5.9007303543307081
20
-3.3649035039370077
11
5.9047013385826768
21
-3.3659675196850394
0
LINE
8
BLACK
6
CONTINUOUS
10
5.9767013385826768
20
-3.2989675196850392
11
5.9802616535433071
21
-3.3010230708661417
0
LINE
8
BLACK
6
CONTINUOUS
10
5.9802616535433071
20
-3.3010230708661417
11
5.9831685826771652
21
-3.3039299999999998
0
LINE
8
BLACK
6
CONTINUOUS
10
5.9831685826771652
20
-3.3039299999999998
11
5.9852241338582672
21
-3.3074903149606301
0
LINE
8
BLACK
6
CONTINUOUS
10
5.9852241338582672
20
-3.3074903149606301
11
5.986288149606299
21
-3.3114612992125982
0
LINE
8
BLACK
6
CONTINUOUS
10
5.986288149606299
20
-3.3114612992125982
11
5.986288149606299
21
-3.3155723228346456
0
LINE
8
BLACK
6
CONTINUOUS
10
5.986288149606299
20
-3.3155723228346456
11
5.9852241338582672
21
-3.3195433070866143
0
LINE
8
BLACK
6
CONTINUOUS
10
5.9852241338582672
20
-3.3195433070866143
11
5.9831685826771652
21
-3.3231036220472441
0
LINE
8
BLACK
6
CONTINUOUS
10
5.9831685826771652
20
-3.3231036220472441
11
5.9802616535433071
21
-3.3260105511811022
0
LINE
8
BLACK
6
CONTINUOUS
10
5.9802616535433071
20
-3.3260105511811022
11
5.9767013385826768
21
-3.3280661023622047
0
LINE
8
BLACK
6
CONTINUOUS
10
5.9767013385826768
20
-3.3280661023622047
11
5.9727303543307082
21
-3.329130118110236
0
LINE
8
BLACK
6
CONTINUOUS
10
5.9727303543307082
20
-3.329130118110236
11
5.9686193307086617
21
-3.329130118110236
0
LINE
8
BLACK
6
CONTINUOUS
10
5.9686193307086617
20
-3.329130118110236
11
5.9646483464566931
21
-3.3280661023622047
0
LINE
8
BLACK
6
CONTINUOUS
10
5.9646483464566931
20
-3.3280661023622047
11
5.9610880314960628
21
-3.3260105511811022
0
LINE
8
BLACK
6
CONTINUOUS
10
5.9610880314960628
20
-3.3260105511811022
11
5.9581811023622047
21
-3.3231036220472441
0
LINE
8
BLACK
6
CONTINUOUS
10
5.9581811023622047
20
-3.3231036220472441
11
5.9561255511811027
21
-3.3195433070866143
0
LINE
8
BLACK
6
CONTINUOUS
10
5.9561255511811027
20
-3.3195433070866143
11
5.9550615354330709
21
-3.3155723228346456
0
LINE
8
BLACK
6
CONTINUOUS
10
5.9550615354330709
20
-3.3155723228346456
11
5.9550615354330709
21
-3.3114612992125982
0
LINE
8
BLACK
6
CONTINUOUS
10
5.9550615354330709
20
-3.3114612992125982
11
5.9561255511811027
21
-3.3074903149606301
0
LINE
8
BLACK
6
CONTINUOUS
10
5.9561255511811027
20
-3.3074903149606301
11
5.9581811023622047
21
-3.3039299999999998
0
LINE
8
BLACK
6
CONTINUOUS
10
5.9581811023622047
20
-3.3039299999999998
11
5.9610880314960628
21
-3.3010230708661417
0
LINE
8
BLACK
6
CONTINUOUS
10
5.9610880314960628
20
-3.3010230708661417
11
5.9646483464566931
21
-3.2989675196850392
0
LINE
8
BLACK
6
CONTINUOUS
10
5.9646483464566931
20
-3.2989675196850392
11
5.9686193307086617
21
-3.2979035039370079
0
LINE
8
BLACK
6
CONTINUOUS
10
5.9686193307086617
20
-3.2979035039370079
11
5.9727303543307082
21
-3.2979035039370079
0
LINE
8
BLACK
6
CONTINUOUS
10
5.9727303543307082
20
-3.2979035039370079
11
5.9767013385826768
21
-3.2989675196850392
0
LINE
8
BLACK
6
CONTINUOUS
10
6.5427013385826767
20
-3.3129674409448819
11
6.5462616535433069
21
-3.3150229921259844
0
LINE
8
BLACK
6
CONTINUOUS
10
6.5462616535433069
20
-3.3150229921259844
11
6.5491685826771651
21
-3.3179299212598425
0
LINE
8
BLACK
6
CONTINUOUS
10
6.5491685826771651
20
-3.3179299212598425
11
6.551224133858268
21
-3.3214902362204723
0
LINE
8
BLACK
6
CONTINUOUS
10
6.551224133858268
20
-3.3214902362204723
11
6.5522881496062988
21
-3.325461220472441
0
LINE
8
BLACK
6
CONTINUOUS
10
6.5522881496062988
20
-3.325461220472441
11
6.5522881496062988
21
-3.3295722440944879
0
LINE
8
BLACK
6
CONTINUOUS
10
6.5522881496062988
20
-3.3295722440944879
11
6.551224133858268
21
-3.3335432283464566
0
LINE
8
BLACK
6
CONTINUOUS
10
6.551224133858268
20
-3.3335432283464566
11
6.5491685826771651
21
-3.3371035433070864
0
LINE
8
BLACK
6
CONTINUOUS
10
6.5491685826771651
20
-3.3371035433070864
11
6.5462616535433069
21
-3.340010472440945
0
LINE
8
BLACK
6
CONTINUOUS
10
6.5462616535433069
20
-3.340010472440945
11
6.5427013385826767
21
-3.342066023622047
0
LINE
8
BLACK
6
CONTINUOUS
10
6.5427013385826767
20
-3.342066023622047
11
6.5387303543307089
21
-3.3431300393700787
0
LINE
8
BLACK
6
CONTINUOUS
10
6.5387303543307089
20
-3.3431300393700787
11
6.5346193307086615
21
-3.3431300393700787
0
LINE
8
BLACK
6
CONTINUOUS
10
6.5346193307086615
20
-3.3431300393700787
11
6.5306483464566929
21
-3.342066023622047
0
LINE
8
BLACK
6
CONTINUOUS
10
6.5306483464566929
20
-3.342066023622047
11
6.5270880314960626
21
-3.340010472440945
0
LINE
8
BLACK
6
CONTINUOUS
10
6.5270880314960626
20
-3.340010472440945
11
6.5241811023622045
21
-3.3371035433070864
0
LINE
8
BLACK
6
CONTINUOUS
10
6.5241811023622045
20
-3.3371035433070864
11
6.5221255511811025
21
-3.3335432283464566
0
LINE
8
BLACK
6
CONTINUOUS
10
6.5221255511811025
20
-3.3335432283464566
11
6.5210615354330708
21
-3.3295722440944879
0
LINE
8
BLACK
6
CONTINUOUS
10
6.5210615354330708
20
-3.3295722440944879
11
6.5210615354330708
21
-3.325461220472441
0
LINE
8
BLACK
6
CONTINUOUS
10
6.5210615354330708
20
-3.325461220472441
11
6.5221255511811025
21
-3.3214902362204723
0
LINE
8
BLACK
6
CONTINUOUS
10
6.5221255511811025
20
-3.3214902362204723
11
6.5241811023622045
21
-3.3179299212598425
0
LINE
8
BLACK
6
CONTINUOUS
10
6.5241811023622045
20
-3.3179299212598425
11
6.5270880314960626
21
-3.3150229921259844
0
LINE
8
BLACK
6
CONTINUOUS
10
6.5270880314960626
20
-3.3150229921259844
11
6.5306483464566929
21
-3.3129674409448819
0
LINE
8
BLACK
6
CONTINUOUS
10
6.5306483464566929
20
-3.3129674409448819
11
6.5346193307086615
21
-3.3119034251968502
0
LINE
8
BLACK
6
CONTINUOUS
10
6.5346193307086615
20
-3.3119034251968502
11
6.5387303543307089
21
-3.3119034251968502
0
LINE
8
BLACK
6
CONTINUOUS
10
6.5387303543307089
20
-3.3119034251968502
11
6.5427013385826767
21
-3.3129674409448819
0
LINE
8
BLACK
6
CONTINUOUS
10
6.3847013385826772
20
-3.2969675196850394
11
6.3882616535433066
21
-3.2990230708661414
0
LINE
8
BLACK
6
CONTINUOUS
10
6.3882616535433066
20
-3.2990230708661414
11
6.3911685826771656
21
-3.30193
0
LINE
8
BLACK
6
CONTINUOUS
10
6.3911685826771656
20
-3.30193
11
6.3932241338582676
21
-3.3054903149606298
0
LINE
8
BLACK
6
CONTINUOUS
10
6.3932241338582676
20
-3.3054903149606298
11
6.3942881496062993
21
-3.3094612992125985
0
LINE
8
BLACK
6
CONTINUOUS
10
6.3942881496062993
20
-3.3094612992125985
11
6.3942881496062993
21
-3.3135723228346454
0
LINE
8
BLACK
6
CONTINUOUS
10
6.3942881496062993
20
-3.3135723228346454
11
6.3932241338582676
21
-3.317543307086614
0
LINE
8
BLACK
6
CONTINUOUS
10
6.3932241338582676
20
-3.317543307086614
11
6.3911685826771656
21
-3.3211036220472439
0
LINE
8
BLACK
6
CONTINUOUS
10
6.3911685826771656
20
-3.3211036220472439
11
6.3882616535433066
21
-3.3240105511811024
0
LINE
8
BLACK
6
CONTINUOUS
10
6.3882616535433066
20
-3.3240105511811024
11
6.3847013385826772
21
-3.3260661023622045
0
LINE
8
BLACK
6
CONTINUOUS
10
6.3847013385826772
20
-3.3260661023622045
11
6.3807303543307086
21
-3.3271301181102362
0
LINE
8
BLACK
6
CONTINUOUS
10
6.3807303543307086
20
-3.3271301181102362
11
6.3766193307086612
21
-3.3271301181102362
0
LINE
8
BLACK
6
CONTINUOUS
10
6.3766193307086612
20
-3.3271301181102362
11
6.3726483464566925
21
-3.3260661023622045
0
LINE
8
BLACK
6
CONTINUOUS
10
6.3726483464566925
20
-3.3260661023622045
11
6.3690880314960632
21
-3.3240105511811024
0
LINE
8
BLACK
6
CONTINUOUS
10
6.3690880314960632
20
-3.3240105511811024
11
6.3661811023622041
21
-3.3211036220472439
0
LINE
8
BLACK
6
CONTINUOUS
10
6.3661811023622041
20
-3.3211036220472439
11
6.3641255511811021
21
-3.317543307086614
0
LINE
8
BLACK
6
CONTINUOUS
10
6.3641255511811021
20
-3.317543307086614
11
6.3630615354330704
21
-3.3135723228346454
0
LINE
8
BLACK
6
CONTINUOUS
10
6.3630615354330704
20
-3.3135723228346454
11
6.3630615354330704
21
-3.3094612992125985
0
LINE
8
BLACK
6
CONTINUOUS
10
6.3630615354330704
20
-3.3094612992125985
11
6.3641255511811021
21
-3.3054903149606298
0
LINE
8
BLACK
6
CONTINUOUS
10
6.3641255511811021
20
-3.3054903149606298
11
6.3661811023622041
21
-3.30193
0
LINE
8
BLACK
6
CONTINUOUS
10
6.3661811023622041
20
-3.30193
11
6.3690880314960632
21
-3.2990230708661414
0
LINE
8
BLACK
6
CONTINUOUS
10
6.3690880314960632
20
-3.2990230708661414
11
6.3726483464566925
21
-3.2969675196850394
0
LINE
8
BLACK
6
CONTINUOUS
10
6.3726483464566925
20
-3.2969675196850394
11
6.3766193307086612
21
-3.2959035039370077
0
LINE
8
BLACK
6
CONTINUOUS
10
6.3766193307086612
20
-3.2959035039370077
11
6.3807303543307086
21
-3.2959035039370077
0
LINE
8
BLACK
6
CONTINUOUS
10
6.3807303543307086
20
-3.2959035039370077
11
6.3847013385826772
21
-3.2969675196850394
0
LINE
8
BLACK
6
CONTINUOUS
10
6.133789566929134
20
-3.0412607086614174
11
6.1391373622047238
21
-3.0434758267716533
0
LINE
8
BLACK
6
CONTINUOUS
10
6.1391373622047238
20
-3.0434758267716533
11
6.1439502362204719
21
-3.0466916929133858
0
LINE
8
BLACK
6
CONTINUOUS
10
6.1439502362204719
20
-3.0466916929133858
11
6.1480432677165355
21
-3.0507847244094486
0
LINE
8
BLACK
6
CONTINUOUS
10
6.1480432677165355
20
-3.0507847244094486
11
6.1512591338582672
21
-3.0555975984251966
0
LINE
8
BLACK
6
CONTINUOUS
10
6.1512591338582672
20
-3.0555975984251966
11
6.1534742519685039
21
-3.0609453937007873
0
LINE
8
BLACK
6
CONTINUOUS
10
6.1534742519685039
20
-3.0609453937007873
11
6.1546035433070863
21
-3.0666225984251967
0
LINE
8
BLACK
6
CONTINUOUS
10
6.1546035433070863
20
-3.0666225984251967
11
6.1546035433070863
21
-3.0724110236220472
0
LINE
8
BLACK
6
CONTINUOUS
10
6.1546035433070863
20
-3.0724110236220472
11
6.1534742519685039
21
-3.0780882283464566
0
LINE
8
BLACK
6
CONTINUOUS
10
6.1534742519685039
20
-3.0780882283464566
11
6.1512591338582672
21
-3.0834360236220473
0
LINE
8
BLACK
6
CONTINUOUS
10
6.1512591338582672
20
-3.0834360236220473
11
6.1480432677165355
21
-3.0882488976377953
0
LINE
8
BLACK
6
CONTINUOUS
10
6.1480432677165355
20
-3.0882488976377953
11
6.1439502362204719
21
-3.0923419291338581
0
LINE
8
BLACK
6
CONTINUOUS
10
6.1439502362204719
20
-3.0923419291338581
11
6.1391373622047238
21
-3.0955577952755906
0
LINE
8
BLACK
6
CONTINUOUS
10
6.1391373622047238
20
-3.0955577952755906
11
6.133789566929134
21
-3.0977729133858265
0
LINE
8
BLACK
6
CONTINUOUS
10
6.133789566929134
20
-3.0977729133858265
11
6.1281123622047247
21
-3.0989022047244092
0
LINE
8
BLACK
6
CONTINUOUS
10
6.1281123622047247
20
-3.0989022047244092
11
6.1223239370078737
21
-3.0989022047244092
0
LINE
8
BLACK
6
CONTINUOUS
10
6.1223239370078737
20
-3.0989022047244092
11
6.1166467322834643
21
-3.0977729133858265
0
LINE
8
BLACK
6
CONTINUOUS
10
6.1166467322834643
20
-3.0977729133858265
11
6.1112989370078736
21
-3.0955577952755906
0
LINE
8
BLACK
6
CONTINUOUS
10
6.1112989370078736
20
-3.0955577952755906
11
6.1064860629921256
21
-3.0923419291338581
0
LINE
8
BLACK
6
CONTINUOUS
10
6.1064860629921256
20
-3.0923419291338581
11
6.1023930314960628
21
-3.0882488976377953
0
LINE
8
BLACK
6
CONTINUOUS
10
6.1023930314960628
20
-3.0882488976377953
11
6.0991771653543303
21
-3.0834360236220473
0
LINE
8
BLACK
6
CONTINUOUS
10
6.0991771653543303
20
-3.0834360236220473
11
6.0969620472440944
21
-3.0780882283464566
0
LINE
8
BLACK
6
CONTINUOUS
10
6.0969620472440944
20
-3.0780882283464566
11
6.0958327559055121
21
-3.0724110236220472
0
LINE
8
BLACK
6
CONTINUOUS
10
6.0958327559055121
20
-3.0724110236220472
11
6.0958327559055121
21
-3.0666225984251967
0
LINE
8
BLACK
6
CONTINUOUS
10
6.0958327559055121
20
-3.0666225984251967
11
6.0969620472440944
21
-3.0609453937007873
0
LINE
8
BLACK
6
CONTINUOUS
10
6.0969620472440944
20
-3.0609453937007873
11
6.0991771653543303
21
-3.0555975984251966
0
LINE
8
BLACK
6
CONTINUOUS
10
6.0991771653543303
20
-3.0555975984251966
11
6.1023930314960628
21
-3.0507847244094486
0
LINE
8
BLACK
6
CONTINUOUS
10
6.1023930314960628
20
-3.0507847244094486
11
6.1064860629921256
21
-3.0466916929133858
0
LINE
8
BLACK
6
CONTINUOUS
10
6.1064860629921256
20
-3.0466916929133858
11
6.1112989370078736
21
-3.0434758267716533
0
LINE
8
BLACK
6
CONTINUOUS
10
6.1112989370078736
20
-3.0434758267716533
11
6.1166467322834643
21
-3.0412607086614174
0
LINE
8
BLACK
6
CONTINUOUS
10
6.1166467322834643
20
-3.0412607086614174
11
6.1223239370078737
21
-3.0401314173228347
0
LINE
8
BLACK
6
CONTINUOUS
10
6.1223239370078737
20
-3.0401314173228347
11
6.1281123622047247
21
-3.0401314173228347
0
LINE
8
BLACK
6
CONTINUOUS
10
6.1281123622047247
20
-3.0401314173228347
11
6.133789566929134
21
-3.0412607086614174
0
LINE
8
BLACK
6
CONTINUOUS
10
6.3259155511811018
20
-3.0412607086614174
11
6.3312633464566925
21
-3.0434758267716533
0
LINE
8
BLACK
6
CONTINUOUS
10
6.3312633464566925
20
-3.0434758267716533
11
6.3360762204724406
21
-3.0466916929133858
0
LINE
8
BLACK
6
CONTINUOUS
10
6.3360762204724406
20
-3.0466916929133858
11
6.3401692519685042
21
-3.0507847244094486
0
LINE
8
BLACK
6
CONTINUOUS
10
6.3401692519685042
20
-3.0507847244094486
11
6.3433851181102359
21
-3.0555975984251966
0
LINE
8
BLACK
6
CONTINUOUS
10
6.3433851181102359
20
-3.0555975984251966
11
6.3456002362204726
21
-3.0609453937007873
0
LINE
8
BLACK
6
CONTINUOUS
10
6.3456002362204726
20
-3.0609453937007873
11
6.346729527559055
21
-3.0666225984251967
0
LINE
8
BLACK
6
CONTINUOUS
10
6.346729527559055
20
-3.0666225984251967
11
6.346729527559055
21
-3.0724110236220472
0
LINE
8
BLACK
6
CONTINUOUS
10
6.346729527559055
20
-3.0724110236220472
11
6.3456002362204726
21
-3.0780882283464566
0
LINE
8
BLACK
6
CONTINUOUS
10
6.3456002362204726
20
-3.0780882283464566
11
6.3433851181102359
21
-3.0834360236220473
0
LINE
8
BLACK
6
CONTINUOUS
10
6.3433851181102359
20
-3.0834360236220473
11
6.3401692519685042
21
-3.0882488976377953
0
LINE
8
BLACK
6
CONTINUOUS
10
6.3401692519685042
20
-3.0882488976377953
11
6.3360762204724406
21
-3.0923419291338581
0
LINE
8
BLACK
6
CONTINUOUS
10
6.3360762204724406
20
-3.0923419291338581
11
6.3312633464566925
21
-3.0955577952755906
0
LINE
8
BLACK
6
CONTINUOUS
10
6.3312633464566925
20
-3.0955577952755906
11
6.3259155511811018
21
-3.0977729133858265
0
LINE
8
BLACK
6
CONTINUOUS
10
6.3259155511811018
20
-3.0977729133858265
11
6.3202383464566925
21
-3.0989022047244092
0
LINE
8
BLACK
6
CONTINUOUS
10
6.3202383464566925
20
-3.0989022047244092
11
6.3144499212598424
21
-3.0989022047244092
0
LINE
8
BLACK
6
CONTINUOUS
10
6.3144499212598424
20
-3.0989022047244092
11
6.308772716535433
21
-3.0977729133858265
0
LINE
8
BLACK
6
CONTINUOUS
10
6.308772716535433
20
-3.0977729133858265
11
6.3034249212598423
21
-3.0955577952755906
0
LINE
8
BLACK
6
CONTINUOUS
10
6.3034249212598423
20
-3.0955577952755906
11
6.2986120472440943
21
-3.0923419291338581
0
LINE
8
BLACK
6
CONTINUOUS
10
6.2986120472440943
20
-3.0923419291338581
11
6.2945190157480315
21
-3.0882488976377953
0
LINE
8
BLACK
6
CONTINUOUS
10
6.2945190157480315
20
-3.0882488976377953
11
6.291303149606299
21
-3.0834360236220473
0
LINE
8
BLACK
6
CONTINUOUS
10
6.291303149606299
20
-3.0834360236220473
11
6.2890880314960631
21
-3.0780882283464566
0
LINE
8
BLACK
6
CONTINUOUS
10
6.2890880314960631
20
-3.0780882283464566
11
6.2879587401574799
21
-3.0724110236220472
0
LINE
8
BLACK
6
CONTINUOUS
10
6.2879587401574799
20
-3.0724110236220472
11
6.2879587401574799
21
-3.0666225984251967
0
LINE
8
BLACK
6
CONTINUOUS
10
6.2879587401574799
20
-3.0666225984251967
11
6.2890880314960631
21
-3.0609453937007873
0
LINE
8
BLACK
6
CONTINUOUS
10
6.2890880314960631
20
-3.0609453937007873
11
6.291303149606299
21
-3.0555975984251966
0
LINE
8
BLACK
6
CONTINUOUS
10
6.291303149606299
20
-3.0555975984251966
11
6.2945190157480315
21
-3.0507847244094486
0
LINE
8
BLACK
6
CONTINUOUS
10
6.2945190157480315
20
-3.0507847244094486
11
6.2986120472440943
21
-3.0466916929133858
0
LINE
8
BLACK
6
CONTINUOUS
10
6.2986120472440943
20
-3.0466916929133858
11
6.3034249212598423
21
-3.0434758267716533
0
LINE
8
BLACK
6
CONTINUOUS
10
6.3034249212598423
20
-3.0434758267716533
11
6.308772716535433
21
-3.0412607086614174
0
LINE
8
BLACK
6
CONTINUOUS
10
6.308772716535433
20
-3.0412607086614174
11
6.3144499212598424
21
-3.0401314173228347
0
LINE
8
BLACK
6
CONTINUOUS
10
6.3144499212598424
20
-3.0401314173228347
11
6.3202383464566925
21
-3.0401314173228347
0
LINE
8
BLACK
6
CONTINUOUS
10
6.3202383464566925
20
-3.0401314173228347
11
6.3259155511811018
21
-3.0412607086614174
0
LINE
8
BLACK
6
CONTINUOUS
10
6.620701338582677
20
-2.9749675196850394
11
6.6242616535433072
21
-2.9770230708661418
0
LINE
8
BLACK
6
CONTINUOUS
10
6.6242616535433072
20
-2.9770230708661418
11
6.6271685826771654
21
-2.97993
0
LINE
8
BLACK
6
CONTINUOUS
10
6.6271685826771654
20
-2.97993
11
6.6292241338582674
21
-2.9834903149606298
0
LINE
8
BLACK
6
CONTINUOUS
10
6.6292241338582674
20
-2.9834903149606298
11
6.6302881496062991
21
-2.9874612992125984
0
LINE
8
BLACK
6
CONTINUOUS
10
6.6302881496062991
20
-2.9874612992125984
11
6.6302881496062991
21
-2.9915723228346458
0
LINE
8
BLACK
6
CONTINUOUS
10
6.6302881496062991
20
-2.9915723228346458
11
6.6292241338582674
21
-2.995543307086614
0
LINE
8
BLACK
6
CONTINUOUS
10
6.6292241338582674
20
-2.995543307086614
11
6.6271685826771654
21
-2.9991036220472442
0
LINE
8
BLACK
6
CONTINUOUS
10
6.6271685826771654
20
-2.9991036220472442
11
6.6242616535433072
21
-3.0020105511811024
0
LINE
8
BLACK
6
CONTINUOUS
10
6.6242616535433072
20
-3.0020105511811024
11
6.620701338582677
21
-3.0040661023622048
0
LINE
8
BLACK
6
CONTINUOUS
10
6.620701338582677
20
-3.0040661023622048
11
6.6167303543307083
21
-3.0051301181102361
0
LINE
8
BLACK
6
CONTINUOUS
10
6.6167303543307083
20
-3.0051301181102361
11
6.6126193307086609
21
-3.0051301181102361
0
LINE
8
BLACK
6
CONTINUOUS
10
6.6126193307086609
20
-3.0051301181102361
11
6.6086483464566932
21
-3.0040661023622048
0
LINE
8
BLACK
6
CONTINUOUS
10
6.6086483464566932
20
-3.0040661023622048
11
6.6050880314960629
21
-3.0020105511811024
0
LINE
8
BLACK
6
CONTINUOUS
10
6.6050880314960629
20
-3.0020105511811024
11
6.6021811023622048
21
-2.9991036220472442
0
LINE
8
BLACK
6
CONTINUOUS
10
6.6021811023622048
20
-2.9991036220472442
11
6.6001255511811019
21
-2.995543307086614
0
LINE
8
BLACK
6
CONTINUOUS
10
6.6001255511811019
20
-2.995543307086614
11
6.5990615354330711
21
-2.9915723228346458
0
LINE
8
BLACK
6
CONTINUOUS
10
6.5990615354330711
20
-2.9915723228346458
11
6.5990615354330711
21
-2.9874612992125984
0
LINE
8
BLACK
6
CONTINUOUS
10
6.5990615354330711
20
-2.9874612992125984
11
6.6001255511811019
21
-2.9834903149606298
0
LINE
8
BLACK
6
CONTINUOUS
10
6.6001255511811019
20
-2.9834903149606298
11
6.6021811023622048
21
-2.97993
0
LINE
8
BLACK
6
CONTINUOUS
10
6.6021811023622048
20
-2.97993
11
6.6050880314960629
21
-2.9770230708661418
0
LINE
8
BLACK
6
CONTINUOUS
10
6.6050880314960629
20
-2.9770230708661418
11
6.6086483464566932
21
-2.9749675196850394
0
LINE
8
BLACK
6
CONTINUOUS
10
6.6086483464566932
20
-2.9749675196850394
11
6.6126193307086609
21
-2.9739035039370076
0
LINE
8
BLACK
6
CONTINUOUS
10
6.6126193307086609
20
-2.9739035039370076
11
6.6167303543307083
21
-2.9739035039370076
0
LINE
8
BLACK
6
CONTINUOUS
10
6.6167303543307083
20
-2.9739035039370076
11
6.620701338582677
21
-2.9749675196850394
0
LINE
8
BLACK
6
CONTINUOUS
10
7.4766548031496063
20
-2.9086745669291338
11
7.4780707086614173
21
-2.9106233858267716
0
LINE
8
BLACK
6
CONTINUOUS
10
7.4780707086614173
20
-2.9106233858267716
11
7.4782614566929135
21
-2.9118278346456692
0
LINE
8
BLACK
6
CONTINUOUS
10
7.4782614566929135
20
-2.9118278346456692
11
7.4782614566929135
21
-4.8832057874015744
0
LINE
8
BLACK
6
CONTINUOUS
10
7.4782614566929135
20
-4.8832057874015744
11
7.4775170866141734
21
-4.8854967716535436
0
LINE
8
BLACK
6
CONTINUOUS
10
7.4775170866141734
20
-4.8854967716535436
11
7.4755682677165352
21
-4.8869126771653546
0
LINE
8
BLACK
6
CONTINUOUS
10
7.4755682677165352
20
-4.8869126771653546
11
7.474363818897638
21
-4.8871034251968499
0
LINE
8
BLACK
6
CONTINUOUS
10
7.474363818897638
20
-4.8871034251968499
11
3.9029858661417323
21
-4.8871034251968499
0
LINE
8
BLACK
6
CONTINUOUS
10
3.9029858661417323
20
-4.8871034251968499
11
3.9006948818897635
21
-4.8863590551181098
0
LINE
8
BLACK
6
CONTINUOUS
10
3.9006948818897635
20
-4.8863590551181098
11
3.8992789763779525
21
-4.8844102362204724
0
LINE
8
BLACK
6
CONTINUOUS
10
3.8992789763779525
20
-4.8844102362204724
11
3.8990882283464567
21
-4.8832057874015744
0
LINE
8
BLACK
6
CONTINUOUS
10
3.8990882283464567
20
-4.8832057874015744
11
3.8990882283464567
21
-4.830686102362205
0
LINE
8
BLACK
6
CONTINUOUS
10
3.8990882283464567
20
-4.830686102362205
11
3.8990882283464567
21
-4.8038137401574801
0
LINE
8
BLACK
6
CONTINUOUS
10
3.8990882283464567
20
-4.8038137401574801
11
3.8990882283464567
21
-4.4975168110236217
0
LINE
8
BLACK
6
CONTINUOUS
10
3.8990882283464567
20
-4.4975168110236217
11
3.8990882283464567
21
-3.0695169685039367
0
LINE
8
BLACK
6
CONTINUOUS
10
3.8990882283464567
20
-3.0695169685039367
11
3.8990882283464567
21
-2.9895168110236221
0
LINE
8
BLACK
6
CONTINUOUS
10
3.8990882283464567
20
-2.9895168110236221
11
3.8990882283464567
21
-2.9118278346456692
0
LINE
8
BLACK
6
CONTINUOUS
10
3.8990882283464567
20
-2.9118278346456692
11
3.8998325984251969
21
-2.9095368503937009
0
LINE
8
BLACK
6
CONTINUOUS
10
3.8998325984251969
20
-2.9095368503937009
11
3.9017814173228347
21
-2.9081209448818899
0
LINE
8
BLACK
6
CONTINUOUS
10
3.9017814173228347
20
-2.9081209448818899
11
3.9029858661417323
21
-2.9079301968503937
0
LINE
8
BLACK
6
CONTINUOUS
10
3.9029858661417323
20
-2.9079301968503937
11
7.474363818897638
21
-2.9079301968503937
0
LINE
8
BLACK
6
CONTINUOUS
10
7.474363818897638
20
-2.9079301968503937
11
7.4766548031496063
21
-2.9086745669291338
0
LINE
8
BLACK
6
CONTINUOUS
10
7.3096474015748027
20
-4.8121427952755909
11
7.3113440944881889
21
-4.8177361417322837
0
LINE
8
BLACK
6
CONTINUOUS
10
7.3113440944881889
20
-4.8177361417322837
11
7.3151095275590547
21
-4.8247807874015747
0
LINE
8
BLACK
6
CONTINUOUS
10
7.3151095275590547
20
-4.8247807874015747
11
7.3201768503937004
21
-4.8309553543307082
0
LINE
8
BLACK
6
CONTINUOUS
10
7.3201768503937004
20
-4.8309553543307082
11
7.3201772047244091
21
-4.830955708661417
0
LINE
8
BLACK
6
CONTINUOUS
10
7.3201772047244091
20
-4.830955708661417
11
7.3263517716535436
21
-4.8360230314960626
0
LINE
8
BLACK
6
CONTINUOUS
10
7.3263517716535436
20
-4.8360230314960626
11
7.3333964173228345
21
-4.8397884645669293
0
LINE
8
BLACK
6
CONTINUOUS
10
7.3333964173228345
20
-4.8397884645669293
11
7.3410403543307083
21
-4.8421072440944881
0
LINE
8
BLACK
6
CONTINUOUS
10
7.3410403543307083
20
-4.8421072440944881
11
7.3410405905511809
21
-4.8421072834645669
0
LINE
8
BLACK
6
CONTINUOUS
10
7.3410405905511809
20
-4.8421072834645669
11
7.3469975984251965
21
-4.8426939763779524
0
LINE
8
BLACK
6
CONTINUOUS
10
7.3469975984251965
20
-4.8426939763779524
11
7.3586748031496061
21
-4.8426939763779524
0
LINE
8
BLACK
6
CONTINUOUS
10
7.3586748031496061
20
-4.8426939763779524
11
7.3586748425196848
21
-4.8426939370078737
0
LINE
8
BLACK
6
CONTINUOUS
10
7.3586748425196848
20
-4.8426939370078737
11
7.3586748425196848
21
-4.8218278346456689
0
LINE
8
BLACK
6
CONTINUOUS
10
7.3586748425196848
20
-4.8218278346456689
11
7.3489898031496059
21
-4.8218278346456689
0
LINE
8
BLACK
6
CONTINUOUS
10
7.3489898031496059
20
-4.8218278346456689
11
7.3464203937007868
21
-4.8216594094488192
0
LINE
8
BLACK
6
CONTINUOUS
10
7.3464203937007868
20
-4.8216594094488192
11
7.3414566535433066
21
-4.8203294094488189
0
LINE
8
BLACK
6
CONTINUOUS
10
7.3414566535433066
20
-4.8203294094488189
11
7.3370062992125984
21
-4.8177599999999998
0
LINE
8
BLACK
6
CONTINUOUS
10
7.3370062992125984
20
-4.8177599999999998
11
7.3333725984251963
21
-4.8141262992125986
0
LINE
8
BLACK
6
CONTINUOUS
10
7.3333725984251963
20
-4.8141262992125986
11
7.332227440944882
21
-4.8121427952755909
0
LINE
8
BLACK
6
CONTINUOUS
10
7.332227440944882
20
-4.8121427952755909
11
7.3096474015748027
21
-4.8121427952755909
0
LINE
8
BLACK
6
CONTINUOUS
10
7.403977086614173
20
-4.8141262992125986
11
7.4003433858267718
21
-4.8177599999999998
0
LINE
8
BLACK
6
CONTINUOUS
10
7.4003433858267718
20
-4.8177599999999998
11
7.3958930314960627
21
-4.8203294094488189
0
LINE
8
BLACK
6
CONTINUOUS
10
7.3958930314960627
20
-4.8203294094488189
11
7.3909292913385825
21
-4.8216594094488192
0
LINE
8
BLACK
6
CONTINUOUS
10
7.3909292913385825
20
-4.8216594094488192
11
7.3883598818897633
21
-4.8218278346456689
0
LINE
8
BLACK
6
CONTINUOUS
10
7.3883598818897633
20
-4.8218278346456689
11
7.3786748425196853
21
-4.8218278346456689
0
LINE
8
BLACK
6
CONTINUOUS
10
7.3786748425196853
20
-4.8218278346456689
11
7.3786748425196853
21
-4.8426939370078737
0
LINE
8
BLACK
6
CONTINUOUS
10
7.3786748425196853
20
-4.8426939370078737
11
7.3786748818897632
21
-4.8426939763779524
0
LINE
8
BLACK
6
CONTINUOUS
10
7.3786748818897632
20
-4.8426939763779524
11
7.3903520866141728
21
-4.8426939763779524
0
LINE
8
BLACK
6
CONTINUOUS
10
7.3903520866141728
20
-4.8426939763779524
11
7.3963090551181097
21
-4.8421072834645669
0
LINE
8
BLACK
6
CONTINUOUS
10
7.3963090551181097
20
-4.8421072834645669
11
7.3963092913385822
21
-4.8421072440944881
0
LINE
8
BLACK
6
CONTINUOUS
10
7.3963092913385822
20
-4.8421072440944881
11
7.4039532283464569
21
-4.8397884645669293
0
LINE
8
BLACK
6
CONTINUOUS
10
7.4039532283464569
20
-4.8397884645669293
11
7.4109978740157478
21
-4.8360230314960626
0
LINE
8
BLACK
6
CONTINUOUS
10
7.4109978740157478
20
-4.8360230314960626
11
7.4171724409448814
21
-4.830955708661417
0
LINE
8
BLACK
6
CONTINUOUS
10
7.4171724409448814
20
-4.830955708661417
11
7.4171727952755901
21
-4.8309553543307082
0
LINE
8
BLACK
6
CONTINUOUS
10
7.4171727952755901
20
-4.8309553543307082
11
7.4222401181102358
21
-4.8247807874015747
0
LINE
8
BLACK
6
CONTINUOUS
10
7.4222401181102358
20
-4.8247807874015747
11
7.4260055511811025
21
-4.8177361417322837
0
LINE
8
BLACK
6
CONTINUOUS
10
7.4260055511811025
20
-4.8177361417322837
11
7.4277022834645665
21
-4.8121427952755909
0
LINE
8
BLACK
6
CONTINUOUS
10
7.4277022834645665
20
-4.8121427952755909
11
7.4051222440944882
21
-4.8121427952755909
0
LINE
8
BLACK
6
CONTINUOUS
10
7.4051222440944882
20
-4.8121427952755909
11
7.403977086614173
21
-4.8141262992125986
0
LINE
8
BLACK
6
CONTINUOUS
10
7.1973580708661418
20
-4.8228120866141735
11
7.1894840551181103
21
-4.830686102362205
0
LINE
8
BLACK
6
CONTINUOUS
10
7.1894840551181103
20
-4.830686102362205
11
7.2187317716535429
21
-4.830686102362205
0
LINE
8
BLACK
6
CONTINUOUS
10
7.2187317716535429
20
-4.830686102362205
11
7.2108577559055114
21
-4.8228120866141735
0
LINE
8
BLACK
6
CONTINUOUS
10
7.2108577559055114
20
-4.8228120866141735
11
7.1973580708661418
21
-4.8228120866141735
0
LINE
8
BLACK
6
CONTINUOUS
10
7.1649664566929134
20
-4.7801284251968506
11
7.1603875196850391
21
-4.784981771653543
0
LINE
8
BLACK
6
CONTINUOUS
10
7.1603875196850391
20
-4.784981771653543
11
7.1603874803149603
21
-4.784981771653543
0
LINE
8
BLACK
6
CONTINUOUS
10
7.1603874803149603
20
-4.784981771653543
11
7.1570512598425191
21
-4.7907603543307085
0
LINE
8
BLACK
6
CONTINUOUS
10
7.1570512598425191
20
-4.7907603543307085
11
7.1551375590551176
21
-4.7971524015748033
0
LINE
8
BLACK
6
CONTINUOUS
10
7.1551375590551176
20
-4.7971524015748033
11
7.1547496062992124
21
-4.8038137401574801
0
LINE
8
BLACK
6
CONTINUOUS
10
7.1547496062992124
20
-4.8038137401574801
11
7.1559081889763778
21
-4.8103846062992126
0
LINE
8
BLACK
6
CONTINUOUS
10
7.1559081889763778
20
-4.8103846062992126
11
7.1585511023622042
21
-4.816511614173228
0
LINE
8
BLACK
6
CONTINUOUS
10
7.1585511023622042
20
-4.816511614173228
11
7.1625355905511805
21
-4.8218637007874019
0
LINE
8
BLACK
6
CONTINUOUS
10
7.1625355905511805
20
-4.8218637007874019
11
7.162535669291338
21
-4.8218637795275585
0
LINE
8
BLACK
6
CONTINUOUS
10
7.162535669291338
20
-4.8218637795275585
11
7.1668485039370076
21
-4.8254827165354328
0
LINE
8
BLACK
6
CONTINUOUS
10
7.1668485039370076
20
-4.8254827165354328
11
7.1727162598425194
21
-4.8196149212598423
0
LINE
8
BLACK
6
CONTINUOUS
10
7.1727162598425194
20
-4.8196149212598423
11
7.1708559448818896
21
-4.8185408661417322
0
LINE
8
BLACK
6
CONTINUOUS
10
7.1708559448818896
20
-4.8185408661417322
11
7.1670405511811026
21
-4.8147254724409452
0
LINE
8
BLACK
6
CONTINUOUS
10
7.1670405511811026
20
-4.8147254724409452
11
7.1643426771653544
21
-4.8100525984251972
0
LINE
8
BLACK
6
CONTINUOUS
10
7.1643426771653544
20
-4.8100525984251972
11
7.1629461417322835
21
-4.8048406692913384
0
LINE
8
BLACK
6
CONTINUOUS
10
7.1629461417322835
20
-4.8048406692913384
11
7.1629461417322835
21
-4.799444921259842
0
LINE
8
BLACK
6
CONTINUOUS
10
7.1629461417322835
20
-4.799444921259842
11
7.1643426771653544
21
-4.7942329921259841
0
LINE
8
BLACK
6
CONTINUOUS
10
7.1643426771653544
20
-4.7942329921259841
11
7.1670405511811026
21
-4.7895601181102361
0
LINE
8
BLACK
6
CONTINUOUS
10
7.1670405511811026
20
-4.7895601181102361
11
7.1708559448818896
21
-4.7857447244094491
0
LINE
8
BLACK
6
CONTINUOUS
10
7.1708559448818896
20
-4.7857447244094491
11
7.1727162992125981
21
-4.7846706299212594
0
LINE
8
BLACK
6
CONTINUOUS
10
7.1727162992125981
20
-4.7846706299212594
11
7.1669014173228343
21
-4.7788557480314964
0
LINE
8
BLACK
6
CONTINUOUS
10
7.1669014173228343
20
-4.7788557480314964
11
7.1649664566929134
21
-4.7801284251968506
0
LINE
8
BLACK
6
CONTINUOUS
10
7.2496646850393702
20
-4.7877739370078736
11
7.2456801968503939
21
-4.7824218503937006
0
LINE
8
BLACK
6
CONTINUOUS
10
7.2456801968503939
20
-4.7824218503937006
11
7.2456801181102364
21
-4.7824217716535431
0
LINE
8
BLACK
6
CONTINUOUS
10
7.2456801181102364
20
-4.7824217716535431
11
7.2413672440944881
21
-4.77880279527559
0
LINE
8
BLACK
6
CONTINUOUS
10
7.2413672440944881
20
-4.77880279527559
11
7.2413672047244093
21
-4.7788028346456688
0
LINE
8
BLACK
6
CONTINUOUS
10
7.2413672047244093
20
-4.7788028346456688
11
7.2354994094488188
21
-4.7846705905511806
0
LINE
8
BLACK
6
CONTINUOUS
10
7.2354994094488188
20
-4.7846705905511806
11
7.2373598818897635
21
-4.7857447244094491
0
LINE
8
BLACK
6
CONTINUOUS
10
7.2373598818897635
20
-4.7857447244094491
11
7.2411752755905514
21
-4.7895601181102361
0
LINE
8
BLACK
6
CONTINUOUS
10
7.2411752755905514
20
-4.7895601181102361
11
7.2438731496062987
21
-4.7942329921259841
0
LINE
8
BLACK
6
CONTINUOUS
10
7.2438731496062987
20
-4.7942329921259841
11
7.2452696850393696
21
-4.799444921259842
0
LINE
8
BLACK
6
CONTINUOUS
10
7.2452696850393696
20
-4.799444921259842
11
7.2452696850393696
21
-4.8048406692913384
0
LINE
8
BLACK
6
CONTINUOUS
10
7.2452696850393696
20
-4.8048406692913384
11
7.2438731496062987
21
-4.8100525984251972
0
LINE
8
BLACK
6
CONTINUOUS
10
7.2438731496062987
20
-4.8100525984251972
11
7.2411752755905514
21
-4.8147254724409452
0
LINE
8
BLACK
6
CONTINUOUS
10
7.2411752755905514
20
-4.8147254724409452
11
7.2373598818897635
21
-4.8185408661417322
0
LINE
8
BLACK
6
CONTINUOUS
10
7.2373598818897635
20
-4.8185408661417322
11
7.2354994881889763
21
-4.8196149212598423
0
LINE
8
BLACK
6
CONTINUOUS
10
7.2354994881889763
20
-4.8196149212598423
11
7.2413143307086614
21
-4.8254297637795274
0
LINE
8
BLACK
6
CONTINUOUS
10
7.2413143307086614
20
-4.8254297637795274
11
7.2432494094488185
21
-4.8241570472440944
0
LINE
8
BLACK
6
CONTINUOUS
10
7.2432494094488185
20
-4.8241570472440944
11
7.2478282677165353
21
-4.8193037795275586
0
LINE
8
BLACK
6
CONTINUOUS
10
7.2478282677165353
20
-4.8193037795275586
11
7.2478283070866141
21
-4.8193037795275586
0
LINE
8
BLACK
6
CONTINUOUS
10
7.2478283070866141
20
-4.8193037795275586
11
7.2511645275590553
21
-4.8135251968503932
0
LINE
8
BLACK
6
CONTINUOUS
10
7.2511645275590553
20
-4.8135251968503932
11
7.2530782283464568
21
-4.8071331496062992
0
LINE
8
BLACK
6
CONTINUOUS
10
7.2530782283464568
20
-4.8071331496062992
11
7.253466181102362
21
-4.8004718110236215
0
LINE
8
BLACK
6
CONTINUOUS
10
7.253466181102362
20
-4.8004718110236215
11
7.2523075984251966
21
-4.7939009448818899
0
LINE
8
BLACK
6
CONTINUOUS
10
7.2523075984251966
20
-4.7939009448818899
11
7.2515492125984249
21
-4.7921427559055116
0
LINE
8
BLACK
6
CONTINUOUS
10
7.2515492125984249
20
-4.7921427559055116
11
7.2496646850393702
21
-4.7877739370078736
0
LINE
8
BLACK
6
CONTINUOUS
10
7.3786748425196853
20
-4.7615916535433067
11
7.3786748425196853
21
-4.7824577559055115
0
LINE
8
BLACK
6
CONTINUOUS
10
7.3786748425196853
20
-4.7824577559055115
11
7.3883598818897633
21
-4.7824577559055115
0
LINE
8
BLACK
6
CONTINUOUS
10
7.3883598818897633
20
-4.7824577559055115
11
7.3909292913385825
21
-4.782626181102362
0
LINE
8
BLACK
6
CONTINUOUS
10
7.3909292913385825
20
-4.782626181102362
11
7.3958930314960627
21
-4.7839561811023623
0
LINE
8
BLACK
6
CONTINUOUS
10
7.3958930314960627
20
-4.7839561811023623
11
7.4003433858267718
21
-4.7865255905511814
0
LINE
8
BLACK
6
CONTINUOUS
10
7.4003433858267718
20
-4.7865255905511814
11
7.403977086614173
21
-4.7901592913385826
0
LINE
8
BLACK
6
CONTINUOUS
10
7.403977086614173
20
-4.7901592913385826
11
7.4051222440944882
21
-4.7921427952755904
0
LINE
8
BLACK
6
CONTINUOUS
10
7.4051222440944882
20
-4.7921427952755904
11
7.4277022834645665
21
-4.7921427952755904
0
LINE
8
BLACK
6
CONTINUOUS
10
7.4277022834645665
20
-4.7921427952755904
11
7.4277022834645665
21
-4.7921427559055116
0
LINE
8
BLACK
6
CONTINUOUS
10
7.4277022834645665
20
-4.7921427559055116
11
7.4260055511811025
21
-4.7865494094488188
0
LINE
8
BLACK
6
CONTINUOUS
10
7.4260055511811025
20
-4.7865494094488188
11
7.4222401181102358
21
-4.7795047637795278
0
LINE
8
BLACK
6
CONTINUOUS
10
7.4222401181102358
20
-4.7795047637795278
11
7.4171727952755901
21
-4.7733301968503934
0
LINE
8
BLACK
6
CONTINUOUS
10
7.4171727952755901
20
-4.7733301968503934
11
7.4171724409448814
21
-4.7733298425196846
0
LINE
8
BLACK
6
CONTINUOUS
10
7.4171724409448814
20
-4.7733298425196846
11
7.4109978740157478
21
-4.768262519685039
0
LINE
8
BLACK
6
CONTINUOUS
10
7.4109978740157478
20
-4.768262519685039
11
7.4039532283464569
21
-4.7644970866141731
0
LINE
8
BLACK
6
CONTINUOUS
10
7.4039532283464569
20
-4.7644970866141731
11
7.3963092913385822
21
-4.7621783070866144
0
LINE
8
BLACK
6
CONTINUOUS
10
7.3963092913385822
20
-4.7621783070866144
11
7.3963090551181097
21
-4.7621782677165356
0
LINE
8
BLACK
6
CONTINUOUS
10
7.3963090551181097
20
-4.7621782677165356
11
7.3903520866141728
21
-4.761591614173228
0
LINE
8
BLACK
6
CONTINUOUS
10
7.3903520866141728
20
-4.761591614173228
11
7.3786748818897632
21
-4.761591614173228
0
LINE
8
BLACK
6
CONTINUOUS
10
7.3786748818897632
20
-4.761591614173228
11
7.3786748425196853
21
-4.7615916535433067
0
LINE
8
BLACK
6
CONTINUOUS
10
4.3007614566929133
20
-4.4975168110236217
11
4.3030524409448816
21
-4.4982611811023618
0
LINE
8
BLACK
6
CONTINUOUS
10
4.3030524409448816
20
-4.4982611811023618
11
4.3035175196850393
21
-4.4986583858267712
0
LINE
8
BLACK
6
CONTINUOUS
10
4.3035175196850393
20
-4.4986583858267712
11
4.6004029527559052
21
-4.795543818897638
0
LINE
8
BLACK
6
CONTINUOUS
10
4.6004029527559052
20
-4.795543818897638
11
4.6012912598425197
21
-4.796432086614173
0
LINE
8
BLACK
6
CONTINUOUS
10
4.6012912598425197
20
-4.796432086614173
11
4.6012913385826772
21
-4.7964321653543305
0
LINE
8
BLACK
6
CONTINUOUS
10
4.6012913385826772
20
-4.7964321653543305
11
4.6021372834645664
21
-4.7968631889763778
0
LINE
8
BLACK
6
CONTINUOUS
10
4.6021372834645664
20
-4.7968631889763778
11
4.6026585826771651
21
-4.7971826377952755
0
LINE
8
BLACK
6
CONTINUOUS
10
4.6026585826771651
20
-4.7971826377952755
11
4.6034271653543302
21
-4.797740984251968
0
LINE
8
BLACK
6
CONTINUOUS
10
4.6034271653543302
20
-4.797740984251968
11
4.6034272047244089
21
-4.797740984251968
0
LINE
8
BLACK
6
CONTINUOUS
10
4.6034272047244089
20
-4.797740984251968
11
4.6034272834645664
21
-4.7977410629921255
0
LINE
8
BLACK
6
CONTINUOUS
10
4.6034272834645664
20
-4.7977410629921255
11
4.6043308267716538
21
-4.7980346062992121
0
LINE
8
BLACK
6
CONTINUOUS
10
4.6043308267716538
20
-4.7980346062992121
11
4.6048953937007875
21
-4.7982685039370079
0
LINE
8
BLACK
6
CONTINUOUS
10
4.6048953937007875
20
-4.7982685039370079
11
4.6057416535433067
21
-4.7986997244094489
0
LINE
8
BLACK
6
CONTINUOUS
10
4.6057416535433067
20
-4.7986997244094489
11
4.6066801574803149
21
-4.7988483464566931
0
LINE
8
BLACK
6
CONTINUOUS
10
4.6066801574803149
20
-4.7988483464566931
11
4.6072737401574804
21
-4.7989908661417324
0
LINE
8
BLACK
6
CONTINUOUS
10
4.6072737401574804
20
-4.7989908661417324
11
4.6081775196850394
21
-4.7992845275590552
0
LINE
8
BLACK
6
CONTINUOUS
10
4.6081775196850394
20
-4.7992845275590552
11
4.6081776377952757
21
-4.7992845275590552
0
LINE
8
BLACK
6
CONTINUOUS
10
4.6081776377952757
20
-4.7992845275590552
11
5.4435384645669291
21
-4.7992845275590552
0
LINE
8
BLACK
6
CONTINUOUS
10
5.4435384645669291
20
-4.7992845275590552
11
5.4435385039370079
21
-4.7992845275590552
0
LINE
8
BLACK
6
CONTINUOUS
10
5.4435385039370079
20
-4.7992845275590552
11
5.4444420078740157
21
-4.7989909448818899
0
LINE
8
BLACK
6
CONTINUOUS
10
5.4444420078740157
20
-4.7989909448818899
11
5.4450358267716537
21
-4.7988483464566931
0
LINE
8
BLACK
6
CONTINUOUS
10
5.4450358267716537
20
-4.7988483464566931
11
5.4459743700787397
21
-4.7986997244094489
0
LINE
8
BLACK
6
CONTINUOUS
10
5.4459743700787397
20
-4.7986997244094489
11
5.4468207480314961
21
-4.7982683858267716
0
LINE
8
BLACK
6
CONTINUOUS
10
5.4468207480314961
20
-4.7982683858267716
11
5.4473856692913385
21
-4.798034448818898
0
LINE
8
BLACK
6
CONTINUOUS
10
5.4473856692913385
20
-4.798034448818898
11
5.4482887795275587
21
-4.7977410629921255
0
LINE
8
BLACK
6
CONTINUOUS
10
5.4482887795275587
20
-4.7977410629921255
11
5.4490573622047247
21
-4.7971825984251968
0
LINE
8
BLACK
6
CONTINUOUS
10
5.4490573622047247
20
-4.7971825984251968
11
5.4495785039370075
21
-4.7968632677165353
0
LINE
8
BLACK
6
CONTINUOUS
10
5.4495785039370075
20
-4.7968632677165353
11
5.4504246850393701
21
-4.7964321653543305
0
LINE
8
BLACK
6
CONTINUOUS
10
5.4504246850393701
20
-4.7964321653543305
11
5.4510907874015748
21
-4.7957659842519682
0
LINE
8
BLACK
6
CONTINUOUS
10
5.4510907874015748
20
-4.7957659842519682
11
5.4510910236220473
21
-4.7957658267716532
0
LINE
8
BLACK
6
CONTINUOUS
10
5.4510910236220473
20
-4.7957658267716532
11
5.4513130314960625
21
-4.7955437795275593
0
LINE
8
BLACK
6
CONTINUOUS
10
5.4513130314960625
20
-4.7955437795275593
11
5.4513131496062988
21
-4.7955437401574805
0
LINE
8
BLACK
6
CONTINUOUS
10
5.4513131496062988
20
-4.7955437401574805
11
5.4732573622047243
21
-4.7735994881889763
0
LINE
8
BLACK
6
CONTINUOUS
10
5.4732573622047243
20
-4.7735994881889763
11
5.5116695275590546
21
-4.7351872440944884
0
LINE
8
BLACK
6
CONTINUOUS
10
5.5116695275590546
20
-4.7351872440944884
11
5.5138158661417318
21
-4.7340937007874011
0
LINE
8
BLACK
6
CONTINUOUS
10
5.5138158661417318
20
-4.7340937007874011
11
5.5142575196850396
21
-4.7340588976377953
0
LINE
8
BLACK
6
CONTINUOUS
10
5.5142575196850396
20
-4.7340588976377953
11
5.5143578346456694
21
-4.7340456692913389
0
LINE
8
BLACK
6
CONTINUOUS
10
5.5143578346456694
20
-4.7340456692913389
11
5.5143579921259844
21
-4.7340457086614176
0
LINE
8
BLACK
6
CONTINUOUS
10
5.5143579921259844
20
-4.7340457086614176
11
5.5205297244094487
21
-4.7332331889763779
0
LINE
8
BLACK
6
CONTINUOUS
10
5.5205297244094487
20
-4.7332331889763779
11
5.5262808661417324
21
-4.7308509842519681
0
LINE
8
BLACK
6
CONTINUOUS
10
5.5262808661417324
20
-4.7308509842519681
11
5.530626062992126
21
-4.7275168110236221
0
LINE
8
BLACK
6
CONTINUOUS
10
5.530626062992126
20
-4.7275168110236221
11
5.5312194881889765
21
-4.7270614566929137
0
LINE
8
BLACK
6
CONTINUOUS
10
5.5312194881889765
20
-4.7270614566929137
11
5.5350090157480309
21
-4.7221228346456696
0
LINE
8
BLACK
6
CONTINUOUS
10
5.5350090157480309
20
-4.7221228346456696
11
5.5373912204724407
21
-4.7163716929133859
0
LINE
8
BLACK
6
CONTINUOUS
10
5.5373912204724407
20
-4.7163716929133859
11
5.5382037401574804
21
-4.7101999606299207
0
LINE
8
BLACK
6
CONTINUOUS
10
5.5382037401574804
20
-4.7101999606299207
11
5.5373912204724407
21
-4.7040282283464565
0
LINE
8
BLACK
6
CONTINUOUS
10
5.5373912204724407
20
-4.7040282283464565
11
5.5350090551181097
21
-4.6982771653543303
0
LINE
8
BLACK
6
CONTINUOUS
10
5.5350090551181097
20
-4.6982771653543303
11
5.5350090551181097
21
-4.6982771259842515
0
LINE
8
BLACK
6
CONTINUOUS
10
5.5350090551181097
20
-4.6982771259842515
11
5.5312196456692915
21
-4.6933386614173225
0
LINE
8
BLACK
6
CONTINUOUS
10
5.5312196456692915
20
-4.6933386614173225
11
5.5312196062992127
21
-4.6933386220472437
0
LINE
8
BLACK
6
CONTINUOUS
10
5.5312196062992127
20
-4.6933386220472437
11
5.5312194881889765
21
-4.6933384645669287
0
LINE
8
BLACK
6
CONTINUOUS
10
5.5312194881889765
20
-4.6933384645669287
11
5.5312192913385827
21
-4.6933383070866137
0
LINE
8
BLACK
6
CONTINUOUS
10
5.5312192913385827
20
-4.6933383070866137
11
5.5312192519685039
21
-4.693338267716535
0
LINE
8
BLACK
6
CONTINUOUS
10
5.5312192519685039
20
-4.693338267716535
11
5.5262807480314962
21
-4.6895488582677167
0
LINE
8
BLACK
6
CONTINUOUS
10
5.5262807480314962
20
-4.6895488582677167
11
5.5205298818897637
21
-4.6871667716535432
0
LINE
8
BLACK
6
CONTINUOUS
10
5.5205298818897637
20
-4.6871667716535432
11
5.5205295669291337
21
-4.6871666929133857
0
LINE
8
BLACK
6
CONTINUOUS
10
5.5205295669291337
20
-4.6871666929133857
11
5.5180560629921258
21
-4.6868410629921256
0
LINE
8
BLACK
6
CONTINUOUS
10
5.5180560629921258
20
-4.6868410629921256
11
5.5158818503937006
21
-4.6858040157480314
0
LINE
8
BLACK
6
CONTINUOUS
10
5.5158818503937006
20
-4.6858040157480314
11
5.5147324409448819
21
-4.6836870472440948
0
LINE
8
BLACK
6
CONTINUOUS
10
5.5147324409448819
20
-4.6836870472440948
11
5.5149638582677163
21
-4.6814851968503932
0
LINE
8
BLACK
6
CONTINUOUS
10
5.5149638582677163
20
-4.6814851968503932
11
5.5150324409448821
21
-4.6813196456692916
0
LINE
8
BLACK
6
CONTINUOUS
10
5.5150324409448821
20
-4.6813196456692916
11
5.5157080708661415
21
-4.6796885433070869
0
LINE
8
BLACK
6
CONTINUOUS
10
5.5157080708661415
20
-4.6796885433070869
11
5.5165205905511812
21
-4.6735168110236218
0
LINE
8
BLACK
6
CONTINUOUS
10
5.5165205905511812
20
-4.6735168110236218
11
5.5157080708661415
21
-4.6673450787401576
0
LINE
8
BLACK
6
CONTINUOUS
10
5.5157080708661415
20
-4.6673450787401576
11
5.5133259055118105
21
-4.6615940157480313
0
LINE
8
BLACK
6
CONTINUOUS
10
5.5133259055118105
20
-4.6615940157480313
11
5.5133259055118105
21
-4.6615939763779526
0
LINE
8
BLACK
6
CONTINUOUS
10
5.5133259055118105
20
-4.6615939763779526
11
5.5095364960629922
21
-4.6566555118110236
0
LINE
8
BLACK
6
CONTINUOUS
10
5.5095364960629922
20
-4.6566555118110236
11
5.5095364566929135
21
-4.6566554724409448
0
LINE
8
BLACK
6
CONTINUOUS
10
5.5095364566929135
20
-4.6566554724409448
11
5.5095363385826772
21
-4.6566553149606298
0
LINE
8
BLACK
6
CONTINUOUS
10
5.5095363385826772
20
-4.6566553149606298
11
5.5095361417322835
21
-4.6566551574803148
0
LINE
8
BLACK
6
CONTINUOUS
10
5.5095361417322835
20
-4.6566551574803148
11
5.5095361023622047
21
-4.656655118110236
0
LINE
8
BLACK
6
CONTINUOUS
10
5.5095361023622047
20
-4.656655118110236
11
5.5045975984251969
21
-4.6528657086614169
0
LINE
8
BLACK
6
CONTINUOUS
10
5.5045975984251969
20
-4.6528657086614169
11
5.4988467322834644
21
-4.6504836220472443
0
LINE
8
BLACK
6
CONTINUOUS
10
5.4988467322834644
20
-4.6504836220472443
11
5.4988464173228344
21
-4.6504835433070868
0
LINE
8
BLACK
6
CONTINUOUS
10
5.4988464173228344
20
-4.6504835433070868
11
5.4924215748031493
21
-4.649637716535433
0
LINE
8
BLACK
6
CONTINUOUS
10
5.4924215748031493
20
-4.649637716535433
11
5.4924305118110235
21
-4.6495696850393697
0
LINE
8
BLACK
6
CONTINUOUS
10
5.4924305118110235
20
-4.6495696850393697
11
5.4904514960629918
21
-4.6489266929133857
0
LINE
8
BLACK
6
CONTINUOUS
10
5.4904514960629918
20
-4.6489266929133857
11
5.4899866535433066
21
-4.64852968503937
0
LINE
8
BLACK
6
CONTINUOUS
10
5.4899866535433066
20
-4.64852968503937
11
5.4898798818897641
21
-4.6484229133858266
0
LINE
8
BLACK
6
CONTINUOUS
10
5.4898798818897641
20
-4.6484229133858266
11
5.4898798031496066
21
-4.6484228346456691
0
LINE
8
BLACK
6
CONTINUOUS
10
5.4898798031496066
20
-4.6484228346456691
11
5.4897820472440948
21
-4.6483250787401573
0
LINE
8
BLACK
6
CONTINUOUS
10
5.4897820472440948
20
-4.6483250787401573
11
5.4889914566929132
21
-4.6475345275590554
0
LINE
8
BLACK
6
CONTINUOUS
10
5.4889914566929132
20
-4.6475345275590554
11
5.4889914173228345
21
-4.6475344881889766
0
LINE
8
BLACK
6
CONTINUOUS
10
5.4889914173228345
20
-4.6475344881889766
11
5.4881451574803144
21
-4.6471032677165356
0
LINE
8
BLACK
6
CONTINUOUS
10
5.4881451574803144
20
-4.6471032677165356
11
5.4876239370078741
21
-4.6467838582677166
0
LINE
8
BLACK
6
CONTINUOUS
10
5.4876239370078741
20
-4.6467838582677166
11
5.4873866535433073
21
-4.6466114566929129
0
LINE
8
BLACK
6
CONTINUOUS
10
5.4873866535433073
20
-4.6466114566929129
11
5.4868555118110232
21
-4.6462255905511807
0
LINE
8
BLACK
6
CONTINUOUS
10
5.4868555118110232
20
-4.6462255905511807
11
5.4868554330708657
21
-4.6462255511811019
0
LINE
8
BLACK
6
CONTINUOUS
10
5.4868554330708657
20
-4.6462255511811019
11
5.4859520472440941
21
-4.6459320078740154
0
LINE
8
BLACK
6
CONTINUOUS
10
5.4859520472440941
20
-4.6459320078740154
11
5.4853869291338579
21
-4.6456979133858267
0
LINE
8
BLACK
6
CONTINUOUS
10
5.4853869291338579
20
-4.6456979133858267
11
5.4845411811023617
21
-4.6452669291338582
0
LINE
8
BLACK
6
CONTINUOUS
10
5.4845411811023617
20
-4.6452669291338582
11
5.4836029133858268
21
-4.645118307086614
0
LINE
8
BLACK
6
CONTINUOUS
10
5.4836029133858268
20
-4.645118307086614
11
5.4830084251968501
21
-4.6449755511811022
0
LINE
8
BLACK
6
CONTINUOUS
10
5.4830084251968501
20
-4.6449755511811022
11
5.4821053937007873
21
-4.6446821259842519
0
LINE
8
BLACK
6
CONTINUOUS
10
5.4821053937007873
20
-4.6446821259842519
11
5.4821052362204723
21
-4.6446821259842519
0
LINE
8
BLACK
6
CONTINUOUS
10
5.4821052362204723
20
-4.6446821259842519
11
5.4808487795275589
21
-4.6446821259842519
0
LINE
8
BLACK
6
CONTINUOUS
10
5.4808487795275589
20
-4.6446821259842519
11
5.3338766929133854
21
-4.6446821259842519
0
LINE
8
BLACK
6
CONTINUOUS
10
5.3338766929133854
20
-4.6446821259842519
11
5.3315857086614171
21
-4.6439377559055117
0
LINE
8
BLACK
6
CONTINUOUS
10
5.3315857086614171
20
-4.6439377559055117
11
5.3301698031496061
21
-4.6419889370078735
0
LINE
8
BLACK
6
CONTINUOUS
10
5.3301698031496061
20
-4.6419889370078735
11
5.3301698031496061
21
-4.6395800393700783
0
LINE
8
BLACK
6
CONTINUOUS
10
5.3301698031496061
20
-4.6395800393700783
11
5.3315857086614171
21
-4.637631220472441
0
LINE
8
BLACK
6
CONTINUOUS
10
5.3315857086614171
20
-4.637631220472441
11
5.3318030314960625
21
-4.6374842519685036
0
LINE
8
BLACK
6
CONTINUOUS
10
5.3318030314960625
20
-4.6374842519685036
11
5.3322385433070867
21
-4.6372105511811021
0
LINE
8
BLACK
6
CONTINUOUS
10
5.3322385433070867
20
-4.6372105511811021
11
5.3330158661417322
21
-4.6367221653543309
0
LINE
8
BLACK
6
CONTINUOUS
10
5.3330158661417322
20
-4.6367221653543309
11
5.3380376771653539
21
-4.6317003543307083
0
LINE
8
BLACK
6
CONTINUOUS
10
5.3380376771653539
20
-4.6317003543307083
11
5.3418161417322834
21
-4.6256869685039366
0
LINE
8
BLACK
6
CONTINUOUS
10
5.3418161417322834
20
-4.6256869685039366
11
5.3441617716535434
21
-4.6189835433070865
0
LINE
8
BLACK
6
CONTINUOUS
10
5.3441617716535434
20
-4.6189835433070865
11
5.3449569291338586
21
-4.6119262598425195
0
LINE
8
BLACK
6
CONTINUOUS
10
5.3449569291338586
20
-4.6119262598425195
11
5.3441617716535434
21
-4.6048689763779524
0
LINE
8
BLACK
6
CONTINUOUS
10
5.3441617716535434
20
-4.6048689763779524
11
5.3440114960629916
21
-4.604439566929134
0
LINE
8
BLACK
6
CONTINUOUS
10
5.3440114960629916
20
-4.604439566929134
11
5.3430488188976373
21
-4.6016883858267716
0
LINE
8
BLACK
6
CONTINUOUS
10
5.3430488188976373
20
-4.6016883858267716
11
5.3418161417322834
21
-4.5981655511811024
0
LINE
8
BLACK
6
CONTINUOUS
10
5.3418161417322834
20
-4.5981655511811024
11
5.3401518110236221
21
-4.5955168110236215
0
LINE
8
BLACK
6
CONTINUOUS
10
5.3401518110236221
20
-4.5955168110236215
11
5.3380377559055114
21
-4.5921522834645669
0
LINE
8
BLACK
6
CONTINUOUS
10
5.3380377559055114
20
-4.5921522834645669
11
5.3380377165354327
21
-4.5921522440944882
0
LINE
8
BLACK
6
CONTINUOUS
10
5.3380377165354327
20
-4.5921522440944882
11
5.3380376771653539
21
-4.5921521653543307
0
LINE
8
BLACK
6
CONTINUOUS
10
5.3380376771653539
20
-4.5921521653543307
11
5.3330158661417322
21
-4.5871303543307089
0
LINE
8
BLACK
6
CONTINUOUS
10
5.3330158661417322
20
-4.5871303543307089
11
5.3330157480314959
21
-4.5871302755905514
0
LINE
8
BLACK
6
CONTINUOUS
10
5.3330157480314959
20
-4.5871302755905514
11
5.3330157086614172
21
-4.5871302362204727
0
LINE
8
BLACK
6
CONTINUOUS
10
5.3330157086614172
20
-4.5871302362204727
11
5.3270025196850392
21
-4.5833518897637795
0
LINE
8
BLACK
6
CONTINUOUS
10
5.3270025196850392
20
-4.5833518897637795
11
5.3202992913385829
21
-4.5810062992125982
0
LINE
8
BLACK
6
CONTINUOUS
10
5.3202992913385829
20
-4.5810062992125982
11
5.3202991338582679
21
-4.5810062598425194
0
LINE
8
BLACK
6
CONTINUOUS
10
5.3202991338582679
20
-4.5810062598425194
11
5.3132417716535434
21
-4.5802111023622043
0
LINE
8
BLACK
6
CONTINUOUS
10
5.3132417716535434
20
-4.5802111023622043
11
5.3061843700787401
21
-4.5810062598425194
0
LINE
8
BLACK
6
CONTINUOUS
10
5.3061843700787401
20
-4.5810062598425194
11
5.3061842125984251
21
-4.5810062992125982
0
LINE
8
BLACK
6
CONTINUOUS
10
5.3061842125984251
20
-4.5810062992125982
11
5.2994810236220475
21
-4.5833518897637795
0
LINE
8
BLACK
6
CONTINUOUS
10
5.2994810236220475
20
-4.5833518897637795
11
5.2994809842519688
21
-4.5833518897637795
0
LINE
8
BLACK
6
CONTINUOUS
10
5.2994809842519688
20
-4.5833518897637795
11
5.2934677952755909
21
-4.5871302362204727
0
LINE
8
BLACK
6
CONTINUOUS
10
5.2934677952755909
20
-4.5871302362204727
11
5.2884457480314957
21
-4.5921522834645669
0
LINE
8
BLACK
6
CONTINUOUS
10
5.2884457480314957
20
-4.5921522834645669
11
5.2846674015748034
21
-4.5981654724409449
0
LINE
8
BLACK
6
CONTINUOUS
10
5.2846674015748034
20
-4.5981654724409449
11
5.2846674015748034
21
-4.5981655118110236
0
LINE
8
BLACK
6
CONTINUOUS
10
5.2846674015748034
20
-4.5981655118110236
11
5.2823218110236221
21
-4.6048687007874012
0
LINE
8
BLACK
6
CONTINUOUS
10
5.2823218110236221
20
-4.6048687007874012
11
5.2823217716535433
21
-4.6048688582677162
0
LINE
8
BLACK
6
CONTINUOUS
10
5.2823217716535433
20
-4.6048688582677162
11
5.2815266141732282
21
-4.6119262598425195
0
LINE
8
BLACK
6
CONTINUOUS
10
5.2815266141732282
20
-4.6119262598425195
11
5.2823217716535433
21
-4.618983622047244
0
LINE
8
BLACK
6
CONTINUOUS
10
5.2823217716535433
20
-4.618983622047244
11
5.2823218110236221
21
-4.618983779527559
0
LINE
8
BLACK
6
CONTINUOUS
10
5.2823218110236221
20
-4.618983779527559
11
5.2846674015748034
21
-4.6256869685039366
0
LINE
8
BLACK
6
CONTINUOUS
10
5.2846674015748034
20
-4.6256869685039366
11
5.2846674015748034
21
-4.6256870078740153
0
LINE
8
BLACK
6
CONTINUOUS
10
5.2846674015748034
20
-4.6256870078740153
11
5.2884457480314957
21
-4.6317001968503932
0
LINE
8
BLACK
6
CONTINUOUS
10
5.2884457480314957
20
-4.6317001968503932
11
5.288445866141732
21
-4.6317003543307083
0
LINE
8
BLACK
6
CONTINUOUS
10
5.288445866141732
20
-4.6317003543307083
11
5.2934676771653546
21
-4.6367221653543309
0
LINE
8
BLACK
6
CONTINUOUS
10
5.2934676771653546
20
-4.6367221653543309
11
5.2934677559055121
21
-4.6367222047244097
0
LINE
8
BLACK
6
CONTINUOUS
10
5.2934677559055121
20
-4.6367222047244097
11
5.2934677952755909
21
-4.6367222440944884
0
LINE
8
BLACK
6
CONTINUOUS
10
5.2934677952755909
20
-4.6367222440944884
11
5.2946805118110234
21
-4.6374842519685036
0
LINE
8
BLACK
6
CONTINUOUS
10
5.2946805118110234
20
-4.6374842519685036
11
5.2962242913385822
21
-4.6393334251968499
0
LINE
8
BLACK
6
CONTINUOUS
10
5.2962242913385822
20
-4.6393334251968499
11
5.2963863385826775
21
-4.6417368503937011
0
LINE
8
BLACK
6
CONTINUOUS
10
5.2963863385826775
20
-4.6417368503937011
11
5.2951047637795279
21
-4.6437764960629924
0
LINE
8
BLACK
6
CONTINUOUS
10
5.2951047637795279
20
-4.6437764960629924
11
5.2928690157480318
21
-4.644673307086614
0
LINE
8
BLACK
6
CONTINUOUS
10
5.2928690157480318
20
-4.644673307086614
11
5.2926068503937005
21
-4.6446821259842519
0
LINE
8
BLACK
6
CONTINUOUS
10
5.2926068503937005
20
-4.6446821259842519
11
4.6202559448818894
21
-4.6446821259842519
0
LINE
8
BLACK
6
CONTINUOUS
10
4.6202559448818894
20
-4.6446821259842519
11
4.6179649606299211
21
-4.6439377559055117
0
LINE
8
BLACK
6
CONTINUOUS
10
4.6179649606299211
20
-4.6439377559055117
11
4.6174998818897635
21
-4.6435405511811023
0
LINE
8
BLACK
6
CONTINUOUS
10
4.6174998818897635
20
-4.6435405511811023
11
4.5194761417322837
21
-4.5455168110236217
0
LINE
8
BLACK
6
CONTINUOUS
10
4.5194761417322837
20
-4.5455168110236217
11
4.4781298425196852
21
-4.5041705118110231
0
LINE
8
BLACK
6
CONTINUOUS
10
4.4781298425196852
20
-4.5041705118110231
11
4.47703625984252
21
-4.5020241732283459
0
LINE
8
BLACK
6
CONTINUOUS
10
4.47703625984252
20
-4.5020241732283459
11
4.4774130708661417
21
-4.4996449606299214
0
LINE
8
BLACK
6
CONTINUOUS
10
4.4774130708661417
20
-4.4996449606299214
11
4.4791164173228344
21
-4.4979416141732287
0
LINE
8
BLACK
6
CONTINUOUS
10
4.4791164173228344
20
-4.4979416141732287
11
4.4808859055118111
21
-4.4975168110236217
0
LINE
8
BLACK
6
CONTINUOUS
10
4.4808859055118111
20
-4.4975168110236217
11
4.6713847244094486
21
-4.4975168110236217
0
LINE
8
BLACK
6
CONTINUOUS
10
4.6713847244094486
20
-4.4975168110236217
11
4.6734583858267715
21
-4.4981142125984253
0
LINE
8
BLACK
6
CONTINUOUS
10
4.6734583858267715
20
-4.4981142125984253
11
4.6779026377952757
21
-4.5009067322834646
0
LINE
8
BLACK
6
CONTINUOUS
10
4.6779026377952757
20
-4.5009067322834646
11
4.6779141338582679
21
-4.5009139370078737
0
LINE
8
BLACK
6
CONTINUOUS
10
4.6779141338582679
20
-4.5009139370078737
11
4.6805983464566925
21
-4.5018531889763782
0
LINE
8
BLACK
6
CONTINUOUS
10
4.6805983464566925
20
-4.5018531889763782
11
4.6846172834645667
21
-4.5032594881889763
0
LINE
8
BLACK
6
CONTINUOUS
10
4.6846172834645667
20
-4.5032594881889763
11
4.6846174409448817
21
-4.503259527559055
0
LINE
8
BLACK
6
CONTINUOUS
10
4.6846174409448817
20
-4.503259527559055
11
4.684617559055118
21
-4.5032595669291338
0
LINE
8
BLACK
6
CONTINUOUS
10
4.684617559055118
20
-4.5032595669291338
11
4.691674842519685
21
-4.5040547244094489
0
LINE
8
BLACK
6
CONTINUOUS
10
4.691674842519685
20
-4.5040547244094489
11
4.6987321259842521
21
-4.5032595669291338
0
LINE
8
BLACK
6
CONTINUOUS
10
4.6987321259842521
20
-4.5032595669291338
11
4.6987322834645671
21
-4.5032594881889763
0
LINE
8
BLACK
6
CONTINUOUS
10
4.6987322834645671
20
-4.5032594881889763
11
4.6989456692913381
21
-4.5032108267716531
0
LINE
8
BLACK
6
CONTINUOUS
10
4.6989456692913381
20
-4.5032108267716531
11
4.6989510236220475
21
-4.5032343307086613
0
LINE
8
BLACK
6
CONTINUOUS
10
4.6989510236220475
20
-4.5032343307086613
11
4.69995311023622
21
-4.5030640551181103
0
LINE
8
BLACK
6
CONTINUOUS
10
4.69995311023622
20
-4.5030640551181103
11
4.8542384645669294
21
-4.5030640551181103
0
LINE
8
BLACK
6
CONTINUOUS
10
4.8542384645669294
20
-4.5030640551181103
11
4.8548033070866143
21
-4.5031051968503935
0
LINE
8
BLACK
6
CONTINUOUS
10
4.8548033070866143
20
-4.5031051968503935
11
4.8558096062992124
21
-4.5032525984251963
0
LINE
8
BLACK
6
CONTINUOUS
10
4.8558096062992124
20
-4.5032525984251963
11
4.8578805118110235
21
-4.5030714173228343
0
LINE
8
BLACK
6
CONTINUOUS
10
4.8578805118110235
20
-4.5030714173228343
11
4.858049763779527
21
-4.5030640551181103
0
LINE
8
BLACK
6
CONTINUOUS
10
4.858049763779527
20
-4.5030640551181103
11
4.8583953543307086
21
-4.5030640551181103
0
LINE
8
BLACK
6
CONTINUOUS
10
4.8583953543307086
20
-4.5030640551181103
11
4.8583956692913386
21
-4.5030640551181103
0
LINE
8
BLACK
6
CONTINUOUS
10
4.8583956692913386
20
-4.5030640551181103
11
4.8596777952755907
21
-4.502914173228346
0
LINE
8
BLACK
6
CONTINUOUS
10
4.8596777952755907
20
-4.502914173228346
11
4.8626901574803147
21
-4.5026506692913388
0
LINE
8
BLACK
6
CONTINUOUS
10
4.8626901574803147
20
-4.5026506692913388
11
4.8626901574803147
21
-4.5026506299212601
0
LINE
8
BLACK
6
CONTINUOUS
10
4.8626901574803147
20
-4.5026506299212601
11
4.8626904724409448
21
-4.5026506299212601
0
LINE
8
BLACK
6
CONTINUOUS
10
4.8626904724409448
20
-4.5026506299212601
11
4.8627255118110231
21
-4.5026389763779529
0
LINE
8
BLACK
6
CONTINUOUS
10
4.8627255118110231
20
-4.5026389763779529
11
4.8634989370078738
21
-4.5024675196850392
0
LINE
8
BLACK
6
CONTINUOUS
10
4.8634989370078738
20
-4.5024675196850392
11
4.863535275590551
21
-4.5024633070866145
0
LINE
8
BLACK
6
CONTINUOUS
10
4.863535275590551
20
-4.5024633070866145
11
4.866376535433071
21
-4.5014291732283462
0
LINE
8
BLACK
6
CONTINUOUS
10
4.866376535433071
20
-4.5014291732283462
11
4.8692470472440945
21
-4.5004779921259841
0
LINE
8
BLACK
6
CONTINUOUS
10
4.8692470472440945
20
-4.5004779921259841
11
4.8692778740157481
21
-4.500458937007874
0
LINE
8
BLACK
6
CONTINUOUS
10
4.8692778740157481
20
-4.500458937007874
11
4.8699915748031497
21
-4.50011342519685
0
LINE
8
BLACK
6
CONTINUOUS
10
4.8699915748031497
20
-4.50011342519685
11
4.8700259055118105
21
-4.5001009448818898
0
LINE
8
BLACK
6
CONTINUOUS
10
4.8700259055118105
20
-4.5001009448818898
11
4.8721844881889762
21
-4.4986812204724407
0
LINE
8
BLACK
6
CONTINUOUS
10
4.8721844881889762
20
-4.4986812204724407
11
4.8725520866141734
21
-4.4984394488188979
0
LINE
8
BLACK
6
CONTINUOUS
10
4.8725520866141734
20
-4.4984394488188979
11
4.8731070866141728
21
-4.4980971259842519
0
LINE
8
BLACK
6
CONTINUOUS
10
4.8731070866141728
20
-4.4980971259842519
11
4.8751532677165352
21
-4.4975168110236217
0
LINE
8
BLACK
6
CONTINUOUS
10
4.8751532677165352
20
-4.4975168110236217
11
5.2086748031496066
21
-4.4975168110236217
0
LINE
8
BLACK
6
CONTINUOUS
10
5.2086748031496066
20
-4.4975168110236217
11
5.2086748425196845
21
-4.4975168110236217
0
LINE
8
BLACK
6
CONTINUOUS
10
5.2086748425196845
20
-4.4975168110236217
11
5.2086748425196845
21
-4.473343582677165
0
LINE
8
BLACK
6
CONTINUOUS
10
5.2086748425196845
20
-4.473343582677165
11
5.2086748425196845
21
-4.4475168110236218
0
LINE
8
BLACK
6
CONTINUOUS
10
5.2086748425196845
20
-4.4475168110236218
11
5.2086748425196845
21
-4.3690128740157483
0
LINE
8
BLACK
6
CONTINUOUS
10
5.2086748425196845
20
-4.3690128740157483
11
5.2086748425196845
21
-4.3474927952755902
0
LINE
8
BLACK
6
CONTINUOUS
10
5.2086748425196845
20
-4.3474927952755902
11
5.2094192125984247
21
-4.3452018110236219
0
LINE
8
BLACK
6
CONTINUOUS
10
5.2094192125984247
20
-4.3452018110236219
11
5.2108027559055117
21
-4.3440201181102358
0
LINE
8
BLACK
6
CONTINUOUS
10
5.2108027559055117
20
-4.3440201181102358
11
5.2114280314960633
21
-4.3437014960629918
0
LINE
8
BLACK
6
CONTINUOUS
10
5.2114280314960633
20
-4.3437014960629918
11
5.2119928740157482
21
-4.3434675590551182
0
LINE
8
BLACK
6
CONTINUOUS
10
5.2119928740157482
20
-4.3434675590551182
11
5.2128959842519684
21
-4.3431741732283466
0
LINE
8
BLACK
6
CONTINUOUS
10
5.2128959842519684
20
-4.3431741732283466
11
5.2136645669291335
21
-4.342615708661417
0
LINE
8
BLACK
6
CONTINUOUS
10
5.2136645669291335
20
-4.342615708661417
11
5.2141857086614172
21
-4.3422963779527555
0
LINE
8
BLACK
6
CONTINUOUS
10
5.2141857086614172
20
-4.3422963779527555
11
5.2150318897637797
21
-4.3418652755905507
0
LINE
8
BLACK
6
CONTINUOUS
10
5.2150318897637797
20
-4.3418652755905507
11
5.2156979921259845
21
-4.3411990944881893
0
LINE
8
BLACK
6
CONTINUOUS
10
5.2156979921259845
20
-4.3411990944881893
11
5.2156981496062995
21
-4.3411990157480318
0
LINE
8
BLACK
6
CONTINUOUS
10
5.2156981496062995
20
-4.3411990157480318
11
5.2159202362204722
21
-4.3409768897637795
0
LINE
8
BLACK
6
CONTINUOUS
10
5.2159202362204722
20
-4.3409768897637795
11
5.2159203543307084
21
-4.3409768503937007
0
LINE
8
BLACK
6
CONTINUOUS
10
5.2159203543307084
20
-4.3409768503937007
11
5.2443803937007871
21
-4.3125168110236221
0
LINE
8
BLACK
6
CONTINUOUS
10
5.2443803937007871
20
-4.3125168110236221
11
5.7927367716535434
21
-3.7641603543307087
0
LINE
8
BLACK
6
CONTINUOUS
10
5.7927367716535434
20
-3.7641603543307087
11
5.7948830314960631
21
-3.7630668503937006
0
LINE
8
BLACK
6
CONTINUOUS
10
5.7948830314960631
20
-3.7630668503937006
11
5.7972622440944876
21
-3.7634436614173228
0
LINE
8
BLACK
6
CONTINUOUS
10
5.7972622440944876
20
-3.7634436614173228
11
5.7989655905511812
21
-3.7651470078740155
0
LINE
8
BLACK
6
CONTINUOUS
10
5.7989655905511812
20
-3.7651470078740155
11
5.7990937007874015
21
-3.7654249212598425
0
LINE
8
BLACK
6
CONTINUOUS
10
5.7990937007874015
20
-3.7654249212598425
11
5.8013018897637796
21
-3.7707559842519682
0
LINE
8
BLACK
6
CONTINUOUS
10
5.8013018897637796
20
-3.7707559842519682
11
5.8015985826771654
21
-3.7722477952755904
0
LINE
8
BLACK
6
CONTINUOUS
10
5.8015985826771654
20
-3.7722477952755904
11
5.8015935826771656
21
-3.8524972047244095
0
LINE
8
BLACK
6
CONTINUOUS
10
5.8015935826771656
20
-3.8524972047244095
11
5.8016250787401571
21
-3.8530014173228344
0
LINE
8
BLACK
6
CONTINUOUS
10
5.8016250787401571
20
-3.8530014173228344
11
5.8016250787401571
21
-3.8530014960629919
0
LINE
8
BLACK
6
CONTINUOUS
10
5.8016250787401571
20
-3.8530014960629919
11
5.8018081496062992
21
-3.8544596062992125
0
LINE
8
BLACK
6
CONTINUOUS
10
5.8018081496062992
20
-3.8544596062992125
11
5.8028776771653545
21
-3.8575799606299213
0
LINE
8
BLACK
6
CONTINUOUS
10
5.8028776771653545
20
-3.8575799606299213
11
5.8042815354330708
21
-3.8599461023622048
0
LINE
8
BLACK
6
CONTINUOUS
10
5.8042815354330708
20
-3.8599461023622048
11
5.804837362204724
21
-3.8607643700787402
0
LINE
8
BLACK
6
CONTINUOUS
10
5.804837362204724
20
-3.8607643700787402
11
5.8050252755905509
21
-3.8609703937007871
0
LINE
8
BLACK
6
CONTINUOUS
10
5.8050252755905509
20
-3.8609703937007871
11
5.8049737401574806
21
-3.8610173622047244
0
LINE
8
BLACK
6
CONTINUOUS
10
5.8049737401574806
20
-3.8610173622047244
11
5.806080590551181
21
-3.8627512992125985
0
LINE
8
BLACK
6
CONTINUOUS
10
5.806080590551181
20
-3.8627512992125985
11
5.8059357086614174
21
-3.8651558267716535
0
LINE
8
BLACK
6
CONTINUOUS
10
5.8059357086614174
20
-3.8651558267716535
11
5.8054003149606297
21
-3.8661031496062992
0
LINE
8
BLACK
6
CONTINUOUS
10
5.8054003149606297
20
-3.8661031496062992
11
5.8050238976377955
21
-3.8665937401574801
0
LINE
8
BLACK
6
CONTINUOUS
10
5.8050238976377955
20
-3.8665937401574801
11
5.802641653543307
21
-3.8723449999999997
0
LINE
8
BLACK
6
CONTINUOUS
10
5.802641653543307
20
-3.8723449999999997
11
5.8026415748031495
21
-3.8723451968503935
0
LINE
8
BLACK
6
CONTINUOUS
10
5.8026415748031495
20
-3.8723451968503935
11
5.8018290944881885
21
-3.8785167716535431
0
LINE
8
BLACK
6
CONTINUOUS
10
5.8018290944881885
20
-3.8785167716535431
11
5.8018290944881885
21
-3.8785168110236219
0
LINE
8
BLACK
6
CONTINUOUS
10
5.8018290944881885
20
-3.8785168110236219
11
5.8026415748031495
21
-3.8846883858267716
0
LINE
8
BLACK
6
CONTINUOUS
10
5.8026415748031495
20
-3.8846883858267716
11
5.802641653543307
21
-3.8846887007874016
0
LINE
8
BLACK
6
CONTINUOUS
10
5.802641653543307
20
-3.8846887007874016
11
5.8050237401574805
21
-3.8904395669291336
0
LINE
8
BLACK
6
CONTINUOUS
10
5.8050237401574805
20
-3.8904395669291336
11
5.8050237401574805
21
-3.8904396062992124
0
LINE
8
BLACK
6
CONTINUOUS
10
5.8050237401574805
20
-3.8904396062992124
11
5.8071457086614169
21
-3.893205
0
LINE
8
BLACK
6
CONTINUOUS
10
5.8071457086614169
20
-3.893205
11
5.8088133464566925
21
-3.8953783070866139
0
LINE
8
BLACK
6
CONTINUOUS
10
5.8088133464566925
20
-3.8953783070866139
11
5.8088135039370075
21
-3.8953784251968502
0
LINE
8
BLACK
6
CONTINUOUS
10
5.8088135039370075
20
-3.8953784251968502
11
5.8088135433070862
21
-3.8953784645669289
0
LINE
8
BLACK
6
CONTINUOUS
10
5.8088135433070862
20
-3.8953784645669289
11
5.8125174015748033
21
-3.8982205118110236
0
LINE
8
BLACK
6
CONTINUOUS
10
5.8125174015748033
20
-3.8982205118110236
11
5.8138818110236219
21
-3.9002057086614172
0
LINE
8
BLACK
6
CONTINUOUS
10
5.8138818110236219
20
-3.9002057086614172
11
5.8138187795275593
21
-3.9026137795275591
0
LINE
8
BLACK
6
CONTINUOUS
10
5.8138187795275593
20
-3.9026137795275591
11
5.8123523622047246
21
-3.904524842519685
0
LINE
8
BLACK
6
CONTINUOUS
10
5.8123523622047246
20
-3.904524842519685
11
5.8119701574803146
21
-3.9047324409448816
0
LINE
8
BLACK
6
CONTINUOUS
10
5.8119701574803146
20
-3.9047324409448816
11
5.8119733464566927
21
-3.9047379527559056
0
LINE
8
BLACK
6
CONTINUOUS
10
5.8119733464566927
20
-3.9047379527559056
11
5.8117520078740155
21
-3.9048657086614171
0
LINE
8
BLACK
6
CONTINUOUS
10
5.8117520078740155
20
-3.9048657086614171
11
5.8068135433070864
21
-3.9086551181102362
0
LINE
8
BLACK
6
CONTINUOUS
10
5.8068135433070864
20
-3.9086551181102362
11
5.8068131496062989
21
-3.9086555118110233
0
LINE
8
BLACK
6
CONTINUOUS
10
5.8068131496062989
20
-3.9086555118110233
11
5.8030237401574798
21
-3.9135939763779528
0
LINE
8
BLACK
6
CONTINUOUS
10
5.8030237401574798
20
-3.9135939763779528
11
5.8030237401574798
21
-3.9135940157480316
0
LINE
8
BLACK
6
CONTINUOUS
10
5.8030237401574798
20
-3.9135940157480316
11
5.8006416535433072
21
-3.9193448818897636
0
LINE
8
BLACK
6
CONTINUOUS
10
5.8006416535433072
20
-3.9193448818897636
11
5.8006415748031497
21
-3.9193451968503936
0
LINE
8
BLACK
6
CONTINUOUS
10
5.8006415748031497
20
-3.9193451968503936
11
5.7998290944881887
21
-3.9255167716535433
0
LINE
8
BLACK
6
CONTINUOUS
10
5.7998290944881887
20
-3.9255167716535433
11
5.7998290944881887
21
-3.925516811023622
0
LINE
8
BLACK
6
CONTINUOUS
10
5.7998290944881887
20
-3.925516811023622
11
5.8006415748031497
21
-3.9316883858267717
0
LINE
8
BLACK
6
CONTINUOUS
10
5.8006415748031497
20
-3.9316883858267717
11
5.8006416535433072
21
-3.9316887007874013
0
LINE
8
BLACK
6
CONTINUOUS
10
5.8006416535433072
20
-3.9316887007874013
11
5.8030237401574798
21
-3.9374395669291338
0
LINE
8
BLACK
6
CONTINUOUS
10
5.8030237401574798
20
-3.9374395669291338
11
5.8030237401574798
21
-3.9374396062992125
0
LINE
8
BLACK
6
CONTINUOUS
10
5.8030237401574798
20
-3.9374396062992125
11
5.8046486220472442
21
-3.9395571653543304
0
LINE
8
BLACK
6
CONTINUOUS
10
5.8046486220472442
20
-3.9395571653543304
11
5.8054527165354326
21
-3.9418278740157477
0
LINE
8
BLACK
6
CONTINUOUS
10
5.8054527165354326
20
-3.9418278740157477
11
5.8047685433070866
21
-3.9441375196850395
0
LINE
8
BLACK
6
CONTINUOUS
10
5.8047685433070866
20
-3.9441375196850395
11
5.8046101181102365
21
-3.9443261023622047
0
LINE
8
BLACK
6
CONTINUOUS
10
5.8046101181102365
20
-3.9443261023622047
11
5.8046175590551181
21
-3.9443318110236221
0
LINE
8
BLACK
6
CONTINUOUS
10
5.8046175590551181
20
-3.9443318110236221
11
5.8044483858267713
21
-3.9445529921259843
0
LINE
8
BLACK
6
CONTINUOUS
10
5.8044483858267713
20
-3.9445529921259843
11
5.8026903543307089
21
-3.9476954330708662
0
LINE
8
BLACK
6
CONTINUOUS
10
5.8026903543307089
20
-3.9476954330708662
11
5.8019151181102364
21
-3.9503349606299212
0
LINE
8
BLACK
6
CONTINUOUS
10
5.8019151181102364
20
-3.9503349606299212
11
5.801587283464567
21
-3.9526140157480314
0
LINE
8
BLACK
6
CONTINUOUS
10
5.801587283464567
20
-3.9526140157480314
11
5.8015846062992127
21
-3.9964767322834645
0
LINE
8
BLACK
6
CONTINUOUS
10
5.8015846062992127
20
-3.9964767322834645
11
5.8015846062992127
21
-3.9964770472440945
0
LINE
8
BLACK
6
CONTINUOUS
10
5.8015846062992127
20
-3.9964770472440945
11
5.801769409448819
21
-3.9981966141732284
0
LINE
8
BLACK
6
CONTINUOUS
10
5.801769409448819
20
-3.9981966141732284
11
5.8022106299212597
21
-4.0002249999999995
0
LINE
8
BLACK
6
CONTINUOUS
10
5.8022106299212597
20
-4.0002249999999995
11
5.8023085433070865
21
-4.0006258267716532
0
LINE
8
BLACK
6
CONTINUOUS
10
5.8023085433070865
20
-4.0006258267716532
11
5.802308622047244
21
-4.000626023622047
0
LINE
8
BLACK
6
CONTINUOUS
10
5.802308622047244
20
-4.000626023622047
11
5.8038158661417318
21
-4.0034544488188972
0
LINE
8
BLACK
6
CONTINUOUS
10
5.8038158661417318
20
-4.0034544488188972
11
5.8040019291338583
21
-4.0038036220472444
0
LINE
8
BLACK
6
CONTINUOUS
10
5.8040019291338583
20
-4.0038036220472444
11
5.805803307086614
21
-4.0058825196850396
0
LINE
8
BLACK
6
CONTINUOUS
10
5.805803307086614
20
-4.0058825196850396
11
5.8058033858267715
21
-4.0058825984251971
0
LINE
8
BLACK
6
CONTINUOUS
10
5.8058033858267715
20
-4.0058825984251971
11
5.8064959055118113
21
-4.0065894094488188
0
LINE
8
BLACK
6
CONTINUOUS
10
5.8064959055118113
20
-4.0065894094488188
11
5.8064959842519688
21
-4.0065894881889763
0
LINE
8
BLACK
6
CONTINUOUS
10
5.8064959842519688
20
-4.0065894881889763
11
5.8096380708661419
21
-4.0083470472440945
0
LINE
8
BLACK
6
CONTINUOUS
10
5.8096380708661419
20
-4.0083470472440945
11
5.8096382283464569
21
-4.008347125984252
0
LINE
8
BLACK
6
CONTINUOUS
10
5.8096382283464569
20
-4.008347125984252
11
5.8122773228346452
21
-4.0091220472440945
0
LINE
8
BLACK
6
CONTINUOUS
10
5.8122773228346452
20
-4.0091220472440945
11
5.8122775984251964
21
-4.009122125984252
0
LINE
8
BLACK
6
CONTINUOUS
10
5.8122775984251964
20
-4.009122125984252
11
5.8145570472440946
21
-4.0094498818897639
0
LINE
8
BLACK
6
CONTINUOUS
10
5.8145570472440946
20
-4.0094498818897639
11
6.083409960629921
21
-4.0094498818897639
0
LINE
8
BLACK
6
CONTINUOUS
10
6.083409960629921
20
-4.0094498818897639
11
6.0857009448818893
21
-4.0101942519685041
0
LINE
8
BLACK
6
CONTINUOUS
10
6.0857009448818893
20
-4.0101942519685041
11
6.0861660236220469
21
-4.0105914566929135
0
LINE
8
BLACK
6
CONTINUOUS
10
6.0861660236220469
20
-4.0105914566929135
11
6.1313781102362199
21
-4.0558035433070865
0
LINE
8
BLACK
6
CONTINUOUS
10
6.1313781102362199
20
-4.0558035433070865
11
6.1317005118110233
21
-4.0560931889763783
0
LINE
8
BLACK
6
CONTINUOUS
10
6.1317005118110233
20
-4.0560931889763783
11
6.131700708661417
21
-4.0560933464566924
0
LINE
8
BLACK
6
CONTINUOUS
10
6.131700708661417
20
-4.0560933464566924
11
6.1326817322834648
21
-4.0568838976377952
0
LINE
8
BLACK
6
CONTINUOUS
10
6.1326817322834648
20
-4.0568838976377952
11
6.1326819291338586
21
-4.0568840157480315
0
LINE
8
BLACK
6
CONTINUOUS
10
6.1326819291338586
20
-4.0568840157480315
11
6.1354789763779527
21
-4.0583471259842518
0
LINE
8
BLACK
6
CONTINUOUS
10
6.1354789763779527
20
-4.0583471259842518
11
6.1354790157480315
21
-4.0583471259842518
0
LINE
8
BLACK
6
CONTINUOUS
10
6.1354790157480315
20
-4.0583471259842518
11
6.135479094488189
21
-4.0583471653543306
0
LINE
8
BLACK
6
CONTINUOUS
10
6.135479094488189
20
-4.0583471653543306
11
6.1373240157480318
21
-4.0588888976377948
0
LINE
8
BLACK
6
CONTINUOUS
10
6.1373240157480318
20
-4.0588888976377948
11
6.1381183070866143
21
-4.0591221259842518
0
LINE
8
BLACK
6
CONTINUOUS
10
6.1381183070866143
20
-4.0591221259842518
11
6.1403977559055116
21
-4.0594498818897637
0
LINE
8
BLACK
6
CONTINUOUS
10
6.1403977559055116
20
-4.0594498818897637
11
6.1403977952755904
21
-4.0594498818897637
0
LINE
8
BLACK
6
CONTINUOUS
10
6.1403977952755904
20
-4.0594498818897637
11
6.32456062992126
21
-4.0594498818897637
0
LINE
8
BLACK
6
CONTINUOUS
10
6.32456062992126
20
-4.0594498818897637
11
6.3268516141732283
21
-4.0601942519685039
0
LINE
8
BLACK
6
CONTINUOUS
10
6.3268516141732283
20
-4.0601942519685039
11
6.3282675196850393
21
-4.0621430708661412
0
LINE
8
BLACK
6
CONTINUOUS
10
6.3282675196850393
20
-4.0621430708661412
11
6.3282675196850393
21
-4.0645519685039373
0
LINE
8
BLACK
6
CONTINUOUS
10
6.3282675196850393
20
-4.0645519685039373
11
6.3273166929133859
21
-4.0661035826771652
0
LINE
8
BLACK
6
CONTINUOUS
10
6.3273166929133859
20
-4.0661035826771652
11
6.2318127559055121
21
-4.1616075196850391
0
LINE
8
BLACK
6
CONTINUOUS
10
6.2318127559055121
20
-4.1616075196850391
11
6.2296664173228349
21
-4.1627011023622043
0
LINE
8
BLACK
6
CONTINUOUS
10
6.2296664173228349
20
-4.1627011023622043
11
6.2290566929133853
21
-4.1627490944881886
0
LINE
8
BLACK
6
CONTINUOUS
10
6.2290566929133853
20
-4.1627490944881886
11
5.5793233070866144
21
-4.1627490944881886
0
LINE
8
BLACK
6
CONTINUOUS
10
5.5793233070866144
20
-4.1627490944881886
11
5.5770323228346452
21
-4.1620047244094485
0
LINE
8
BLACK
6
CONTINUOUS
10
5.5770323228346452
20
-4.1620047244094485
11
5.576695
21
-4.1617166535433068
0
LINE
8
BLACK
6
CONTINUOUS
10
5.576695
20
-4.1617166535433068
11
5.5765527559055119
21
-4.1616075196850391
0
LINE
8
BLACK
6
CONTINUOUS
10
5.5765527559055119
20
-4.1616075196850391
11
5.5716764566929129
21
-4.1578657874015743
0
LINE
8
BLACK
6
CONTINUOUS
10
5.5716764566929129
20
-4.1578657874015743
11
5.5716764173228341
21
-4.1578657480314956
0
LINE
8
BLACK
6
CONTINUOUS
10
5.5716764173228341
20
-4.1578657480314956
11
5.5716763385826766
21
-4.1578657086614168
0
LINE
8
BLACK
6
CONTINUOUS
10
5.5716763385826766
20
-4.1578657086614168
11
5.565925472440945
21
-4.1554836220472442
0
LINE
8
BLACK
6
CONTINUOUS
10
5.565925472440945
20
-4.1554836220472442
11
5.565925157480315
21
-4.1554835433070867
0
LINE
8
BLACK
6
CONTINUOUS
10
5.565925157480315
20
-4.1554835433070867
11
5.5597536220472437
21
-4.1546710629921257
0
LINE
8
BLACK
6
CONTINUOUS
10
5.5597536220472437
20
-4.1546710629921257
11
5.5597535433070862
21
-4.1546710629921257
0
LINE
8
BLACK
6
CONTINUOUS
10
5.5597535433070862
20
-4.1546710629921257
11
5.5535819685039369
21
-4.1554835433070867
0
LINE
8
BLACK
6
CONTINUOUS
10
5.5535819685039369
20
-4.1554835433070867
11
5.5535816535433069
21
-4.1554836220472442
0
LINE
8
BLACK
6
CONTINUOUS
10
5.5535816535433069
20
-4.1554836220472442
11
5.5478307874015744
21
-4.1578657086614168
0
LINE
8
BLACK
6
CONTINUOUS
10
5.5478307874015744
20
-4.1578657086614168
11
5.5478307480314957
21
-4.1578657086614168
0
LINE
8
BLACK
6
CONTINUOUS
10
5.5478307480314957
20
-4.1578657086614168
11
5.5428922834645666
21
-4.1616551181102359
0
LINE
8
BLACK
6
CONTINUOUS
10
5.5428922834645666
20
-4.1616551181102359
11
5.5428918897637791
21
-4.1616555118110234
0
LINE
8
BLACK
6
CONTINUOUS
10
5.5428918897637791
20
-4.1616555118110234
11
5.5391024803149609
21
-4.1665939763779525
0
LINE
8
BLACK
6
CONTINUOUS
10
5.5391024803149609
20
-4.1665939763779525
11
5.5391024803149609
21
-4.1665940157480312
0
LINE
8
BLACK
6
CONTINUOUS
10
5.5391024803149609
20
-4.1665940157480312
11
5.5367203937007874
21
-4.1723448818897637
0
LINE
8
BLACK
6
CONTINUOUS
10
5.5367203937007874
20
-4.1723448818897637
11
5.5367203149606299
21
-4.1723451968503937
0
LINE
8
BLACK
6
CONTINUOUS
10
5.5367203149606299
20
-4.1723451968503937
11
5.5359078346456689
21
-4.178516771653543
0
LINE
8
BLACK
6
CONTINUOUS
10
5.5359078346456689
20
-4.178516771653543
11
5.5359078346456689
21
-4.1785168110236217
0
LINE
8
BLACK
6
CONTINUOUS
10
5.5359078346456689
20
-4.1785168110236217
11
5.5367203149606299
21
-4.1846883858267718
0
LINE
8
BLACK
6
CONTINUOUS
10
5.5367203149606299
20
-4.1846883858267718
11
5.5367203937007874
21
-4.1846887007874018
0
LINE
8
BLACK
6
CONTINUOUS
10
5.5367203937007874
20
-4.1846887007874018
11
5.5391024803149609
21
-4.1904395669291334
0
LINE
8
BLACK
6
CONTINUOUS
10
5.5391024803149609
20
-4.1904395669291334
11
5.5391024803149609
21
-4.1904396062992122
0
LINE
8
BLACK
6
CONTINUOUS
10
5.5391024803149609
20
-4.1904396062992122
11
5.5428918897637791
21
-4.1953780708661412
0
LINE
8
BLACK
6
CONTINUOUS
10
5.5428918897637791
20
-4.1953780708661412
11
5.5428920866141729
21
-4.1953783070866137
0
LINE
8
BLACK
6
CONTINUOUS
10
5.5428920866141729
20
-4.1953783070866137
11
5.5478307086614169
21
-4.1991678346456691
0
LINE
8
BLACK
6
CONTINUOUS
10
5.5478307086614169
20
-4.1991678346456691
11
5.5535818503937007
21
-4.2015500393700789
0
LINE
8
BLACK
6
CONTINUOUS
10
5.5535818503937007
20
-4.2015500393700789
11
5.5582106299212599
21
-4.2021594094488188
0
LINE
8
BLACK
6
CONTINUOUS
10
5.5582106299212599
20
-4.2021594094488188
11
5.5597535433070862
21
-4.2023625590551177
0
LINE
8
BLACK
6
CONTINUOUS
10
5.5597535433070862
20
-4.2023625590551177
11
5.5597535826771649
21
-4.2023625590551177
0
LINE
8
BLACK
6
CONTINUOUS
10
5.5597535826771649
20
-4.2023625590551177
11
5.5597536220472437
21
-4.2023625590551177
0
LINE
8
BLACK
6
CONTINUOUS
10
5.5597536220472437
20
-4.2023625590551177
11
5.5609879133858264
21
-4.2022000393700782
0
LINE
8
BLACK
6
CONTINUOUS
10
5.5609879133858264
20
-4.2022000393700782
11
5.56592531496063
21
-4.2015500393700789
0
LINE
8
BLACK
6
CONTINUOUS
10
5.56592531496063
20
-4.2015500393700789
11
5.5716764566929129
21
-4.1991678346456691
0
LINE
8
BLACK
6
CONTINUOUS
10
5.5716764566929129
20
-4.1991678346456691
11
5.5766150787401569
21
-4.1953783070866137
0
LINE
8
BLACK
6
CONTINUOUS
10
5.5766150787401569
20
-4.1953783070866137
11
5.5766150393700782
21
-4.1953783070866137
0
LINE
8
BLACK
6
CONTINUOUS
10
5.5766150393700782
20
-4.1953783070866137
11
5.5768177559055117
21
-4.1952227952755905
0
LINE
8
BLACK
6
CONTINUOUS
10
5.5768177559055117
20
-4.1952227952755905
11
5.5768594881889761
21
-4.195277165354331
0
LINE
8
BLACK
6
CONTINUOUS
10
5.5768594881889761
20
-4.195277165354331
11
5.5787135826771657
21
-4.1943325196850392
0
LINE
8
BLACK
6
CONTINUOUS
10
5.5787135826771657
20
-4.1943325196850392
11
5.5793233070866144
21
-4.1942845275590548
0
LINE
8
BLACK
6
CONTINUOUS
10
5.5793233070866144
20
-4.1942845275590548
11
6.2396997244094488
21
-4.1942845275590548
0
LINE
8
BLACK
6
CONTINUOUS
10
6.2396997244094488
20
-4.1942845275590548
11
6.2396997637795275
21
-4.1942845275590548
0
LINE
8
BLACK
6
CONTINUOUS
10
6.2396997637795275
20
-4.1942845275590548
11
6.2406032677165353
21
-4.1939909448818895
0
LINE
8
BLACK
6
CONTINUOUS
10
6.2406032677165353
20
-4.1939909448818895
11
6.2411970866141733
21
-4.1938483464566927
0
LINE
8
BLACK
6
CONTINUOUS
10
6.2411970866141733
20
-4.1938483464566927
11
6.2421356299212594
21
-4.1936997244094485
0
LINE
8
BLACK
6
CONTINUOUS
10
6.2421356299212594
20
-4.1936997244094485
11
6.2429820078740157
21
-4.1932683858267712
0
LINE
8
BLACK
6
CONTINUOUS
10
6.2429820078740157
20
-4.1932683858267712
11
6.2435469291338581
21
-4.1930344488188975
0
LINE
8
BLACK
6
CONTINUOUS
10
6.2435469291338581
20
-4.1930344488188975
11
6.2444500393700784
21
-4.192741062992126
0
LINE
8
BLACK
6
CONTINUOUS
10
6.2444500393700784
20
-4.192741062992126
11
6.2452186220472443
21
-4.1921825984251964
0
LINE
8
BLACK
6
CONTINUOUS
10
6.2452186220472443
20
-4.1921825984251964
11
6.2457397637795271
21
-4.1918632677165357
0
LINE
8
BLACK
6
CONTINUOUS
10
6.2457397637795271
20
-4.1918632677165357
11
6.2465859448818897
21
-4.1914321653543309
0
LINE
8
BLACK
6
CONTINUOUS
10
6.2465859448818897
20
-4.1914321653543309
11
6.2472520472440944
21
-4.1907659842519687
0
LINE
8
BLACK
6
CONTINUOUS
10
6.2472520472440944
20
-4.1907659842519687
11
6.2472522047244095
21
-4.1907659055118112
0
LINE
8
BLACK
6
CONTINUOUS
10
6.2472522047244095
20
-4.1907659055118112
11
6.2474742913385821
21
-4.1905437795275589
0
LINE
8
BLACK
6
CONTINUOUS
10
6.2474742913385821
20
-4.1905437795275589
11
6.2474744094488184
21
-4.1905437401574801
0
LINE
8
BLACK
6
CONTINUOUS
10
6.2474744094488184
20
-4.1905437401574801
11
6.3630639370078734
21
-4.0749541732283463
0
LINE
8
BLACK
6
CONTINUOUS
10
6.3630639370078734
20
-4.0749541732283463
11
6.363952401574803
21
-4.0740657086614176
0
LINE
8
BLACK
6
CONTINUOUS
10
6.363952401574803
20
-4.0740657086614176
11
6.3643835826771653
21
-4.0732192913385825
0
LINE
8
BLACK
6
CONTINUOUS
10
6.3643835826771653
20
-4.0732192913385825
11
6.3647029921259843
21
-4.0726981102362201
0
LINE
8
BLACK
6
CONTINUOUS
10
6.3647029921259843
20
-4.0726981102362201
11
6.3652612992125981
21
-4.0719298031496063
0
LINE
8
BLACK
6
CONTINUOUS
10
6.3652612992125981
20
-4.0719298031496063
11
6.3655548031496059
21
-4.0710263385826773
0
LINE
8
BLACK
6
CONTINUOUS
10
6.3655548031496059
20
-4.0710263385826773
11
6.3657886220472442
21
-4.0704617716535436
0
LINE
8
BLACK
6
CONTINUOUS
10
6.3657886220472442
20
-4.0704617716535436
11
6.3662199606299215
21
-4.0696153937007873
0
LINE
8
BLACK
6
CONTINUOUS
10
6.3662199606299215
20
-4.0696153937007873
11
6.3663685826771648
21
-4.0686768503937003
0
LINE
8
BLACK
6
CONTINUOUS
10
6.3663685826771648
20
-4.0686768503937003
11
6.3665111811023625
21
-4.0680830314960632
0
LINE
8
BLACK
6
CONTINUOUS
10
6.3665111811023625
20
-4.0680830314960632
11
6.3668047637795278
21
-4.0671795275590554
0
LINE
8
BLACK
6
CONTINUOUS
10
6.3668047637795278
20
-4.0671795275590554
11
6.3668047637795278
21
-4.0621848031496066
0
LINE
8
BLACK
6
CONTINUOUS
10
6.3668047637795278
20
-4.0621848031496066
11
6.3668047637795278
21
-3.6941499212598425
0
LINE
8
BLACK
6
CONTINUOUS
10
6.3668047637795278
20
-3.6941499212598425
11
6.3668047637795278
21
-3.6940770472440945
0
LINE
8
BLACK
6
CONTINUOUS
10
6.3668047637795278
20
-3.6940770472440945
11
6.366804724409449
21
-3.6940759055118111
0
LINE
8
BLACK
6
CONTINUOUS
10
6.366804724409449
20
-3.6940759055118111
11
6.366804724409449
21
-3.6935784251968502
0
LINE
8
BLACK
6
CONTINUOUS
10
6.366804724409449
20
-3.6935784251968502
11
6.3675490944881892
21
-3.6912874409448819
0
LINE
8
BLACK
6
CONTINUOUS
10
6.3675490944881892
20
-3.6912874409448819
11
6.3694979133858265
21
-3.6898715354330709
0
LINE
8
BLACK
6
CONTINUOUS
10
6.3694979133858265
20
-3.6898715354330709
11
6.3719068110236217
21
-3.6898715354330709
0
LINE
8
BLACK
6
CONTINUOUS
10
6.3719068110236217
20
-3.6898715354330709
11
6.3734584251968505
21
-3.6908223622047243
0
LINE
8
BLACK
6
CONTINUOUS
10
6.3734584251968505
20
-3.6908223622047243
11
6.4167655511811024
21
-3.7341294881889762
0
LINE
8
BLACK
6
CONTINUOUS
10
6.4167655511811024
20
-3.7341294881889762
11
6.4178591338582676
21
-3.7362758267716534
0
LINE
8
BLACK
6
CONTINUOUS
10
6.4178591338582676
20
-3.7362758267716534
11
6.4179071259842519
21
-3.7368855511811021
0
LINE
8
BLACK
6
CONTINUOUS
10
6.4179071259842519
20
-3.7368855511811021
11
6.4179071259842519
21
-4.0829537795275588
0
LINE
8
BLACK
6
CONTINUOUS
10
6.4179071259842519
20
-4.0829537795275588
11
6.4171627559055118
21
-4.0852447637795271
0
LINE
8
BLACK
6
CONTINUOUS
10
6.4171627559055118
20
-4.0852447637795271
11
6.4167655511811024
21
-4.0857098425196847
0
LINE
8
BLACK
6
CONTINUOUS
10
6.4167655511811024
20
-4.0857098425196847
11
6.2748678740157482
21
-4.2276075196850389
0
LINE
8
BLACK
6
CONTINUOUS
10
6.2748678740157482
20
-4.2276075196850389
11
6.272721535433071
21
-4.228701102362205
0
LINE
8
BLACK
6
CONTINUOUS
10
6.272721535433071
20
-4.228701102362205
11
6.2721118110236223
21
-4.2287490944881885
0
LINE
8
BLACK
6
CONTINUOUS
10
6.2721118110236223
20
-4.2287490944881885
11
5.587389212598425
21
-4.2287490944881885
0
LINE
8
BLACK
6
CONTINUOUS
10
5.587389212598425
20
-4.2287490944881885
11
5.5850982283464568
21
-4.2280047244094483
0
LINE
8
BLACK
6
CONTINUOUS
10
5.5850982283464568
20
-4.2280047244094483
11
5.585016496062992
21
-4.2279436614173225
0
LINE
8
BLACK
6
CONTINUOUS
10
5.585016496062992
20
-4.2279436614173225
11
5.58475779527559
21
-4.2277451181102359
0
LINE
8
BLACK
6
CONTINUOUS
10
5.58475779527559
20
-4.2277451181102359
11
5.5847576771653538
21
-4.2277450787401571
0
LINE
8
BLACK
6
CONTINUOUS
10
5.5847576771653538
20
-4.2277450787401571
11
5.5834548031496061
21
-4.2272053937007872
0
LINE
8
BLACK
6
CONTINUOUS
10
5.5834548031496061
20
-4.2272053937007872
11
5.5790066141732284
21
-4.225362913385827
0
LINE
8
BLACK
6
CONTINUOUS
10
5.5790066141732284
20
-4.225362913385827
11
5.5790064960629921
21
-4.2253628740157483
0
LINE
8
BLACK
6
CONTINUOUS
10
5.5790064960629921
20
-4.2253628740157483
11
5.5790064566929134
21
-4.2253628740157483
0
LINE
8
BLACK
6
CONTINUOUS
10
5.5790064566929134
20
-4.2253628740157483
11
5.572834921259842
21
-4.2245503937007873
0
LINE
8
BLACK
6
CONTINUOUS
10
5.572834921259842
20
-4.2245503937007873
11
5.5728348425196845
21
-4.2245503937007873
0
LINE
8
BLACK
6
CONTINUOUS
10
5.5728348425196845
20
-4.2245503937007873
11
5.5666632677165353
21
-4.2253628740157483
0
LINE
8
BLACK
6
CONTINUOUS
10
5.5666632677165353
20
-4.2253628740157483
11
5.5666629527559053
21
-4.2253629527559058
0
LINE
8
BLACK
6
CONTINUOUS
10
5.5666629527559053
20
-4.2253629527559058
11
5.5609120866141728
21
-4.2277450393700784
0
LINE
8
BLACK
6
CONTINUOUS
10
5.5609120866141728
20
-4.2277450393700784
11
5.560912047244094
21
-4.2277450393700784
0
LINE
8
BLACK
6
CONTINUOUS
10
5.560912047244094
20
-4.2277450393700784
11
5.555973582677165
21
-4.2315344488188975
0
LINE
8
BLACK
6
CONTINUOUS
10
5.555973582677165
20
-4.2315344488188975
11
5.5559731889763775
21
-4.231534842519685
0
LINE
8
BLACK
6
CONTINUOUS
10
5.5559731889763775
20
-4.231534842519685
11
5.5521837795275593
21
-4.2364733070866141
0
LINE
8
BLACK
6
CONTINUOUS
10
5.5521837795275593
20
-4.2364733070866141
11
5.5521837795275593
21
-4.2364733464566928
0
LINE
8
BLACK
6
CONTINUOUS
10
5.5521837795275593
20
-4.2364733464566928
11
5.5498016929133858
21
-4.2422242125984253
0
LINE
8
BLACK
6
CONTINUOUS
10
5.5498016929133858
20
-4.2422242125984253
11
5.5498016141732283
21
-4.2422245275590553
0
LINE
8
BLACK
6
CONTINUOUS
10
5.5498016141732283
20
-4.2422245275590553
11
5.5489891338582673
21
-4.2483961023622046
0
LINE
8
BLACK
6
CONTINUOUS
10
5.5489891338582673
20
-4.2483961023622046
11
5.5489891338582673
21
-4.2483961417322833
0
LINE
8
BLACK
6
CONTINUOUS
10
5.5489891338582673
20
-4.2483961417322833
11
5.5498016141732283
21
-4.2545677165354325
0
LINE
8
BLACK
6
CONTINUOUS
10
5.5498016141732283
20
-4.2545677165354325
11
5.5498016929133858
21
-4.2545680314960626
0
LINE
8
BLACK
6
CONTINUOUS
10
5.5498016929133858
20
-4.2545680314960626
11
5.5521837795275593
21
-4.260318897637795
0
LINE
8
BLACK
6
CONTINUOUS
10
5.5521837795275593
20
-4.260318897637795
11
5.5521837795275593
21
-4.2603189370078738
0
LINE
8
BLACK
6
CONTINUOUS
10
5.5521837795275593
20
-4.2603189370078738
11
5.5559731889763775
21
-4.2652574015748028
0
LINE
8
BLACK
6
CONTINUOUS
10
5.5559731889763775
20
-4.2652574015748028
11
5.5559733858267712
21
-4.2652576377952753
0
LINE
8
BLACK
6
CONTINUOUS
10
5.5559733858267712
20
-4.2652576377952753
11
5.5609120078740153
21
-4.2690471653543307
0
LINE
8
BLACK
6
CONTINUOUS
10
5.5609120078740153
20
-4.2690471653543307
11
5.566663149606299
21
-4.2714293700787405
0
LINE
8
BLACK
6
CONTINUOUS
10
5.566663149606299
20
-4.2714293700787405
11
5.5712919291338583
21
-4.2720387401574804
0
LINE
8
BLACK
6
CONTINUOUS
10
5.5712919291338583
20
-4.2720387401574804
11
5.5728348425196845
21
-4.2722418897637793
0
LINE
8
BLACK
6
CONTINUOUS
10
5.5728348425196845
20
-4.2722418897637793
11
5.5728348818897633
21
-4.2722418897637793
0
LINE
8
BLACK
6
CONTINUOUS
10
5.5728348818897633
20
-4.2722418897637793
11
5.572834921259842
21
-4.2722418897637793
0
LINE
8
BLACK
6
CONTINUOUS
10
5.572834921259842
20
-4.2722418897637793
11
5.5740692125984248
21
-4.2720793700787398
0
LINE
8
BLACK
6
CONTINUOUS
10
5.5740692125984248
20
-4.2720793700787398
11
5.5790066141732284
21
-4.2714293700787405
0
LINE
8
BLACK
6
CONTINUOUS
10
5.5790066141732284
20
-4.2714293700787405
11
5.5847577559055113
21
-4.2690471653543307
0
LINE
8
BLACK
6
CONTINUOUS
10
5.5847577559055113
20
-4.2690471653543307
11
5.5896963779527562
21
-4.2652576377952753
0
LINE
8
BLACK
6
CONTINUOUS
10
5.5896963779527562
20
-4.2652576377952753
11
5.5923422834645669
21
-4.2618093700787405
0
LINE
8
BLACK
6
CONTINUOUS
10
5.5923422834645669
20
-4.2618093700787405
11
5.5943275196850388
21
-4.2604450393700786
0
LINE
8
BLACK
6
CONTINUOUS
10
5.5943275196850388
20
-4.2604450393700786
11
5.5954344881889764
21
-4.2602845275590546
0
LINE
8
BLACK
6
CONTINUOUS
10
5.5954344881889764
20
-4.2602845275590546
11
5.8737288582677163
21
-4.2602845275590546
0
LINE
8
BLACK
6
CONTINUOUS
10
5.8737288582677163
20
-4.2602845275590546
11
5.8760198425196846
21
-4.2610288976377948
0
LINE
8
BLACK
6
CONTINUOUS
10
5.8760198425196846
20
-4.2610288976377948
11
5.8774357480314956
21
-4.262977716535433
0
LINE
8
BLACK
6
CONTINUOUS
10
5.8774357480314956
20
-4.262977716535433
11
5.8774357480314956
21
-4.2653866141732282
0
LINE
8
BLACK
6
CONTINUOUS
10
5.8774357480314956
20
-4.2653866141732282
11
5.8768210629921258
21
-4.2665548818897641
0
LINE
8
BLACK
6
CONTINUOUS
10
5.8768210629921258
20
-4.2665548818897641
11
5.8760237401574802
21
-4.2675939370078737
0
LINE
8
BLACK
6
CONTINUOUS
10
5.8760237401574802
20
-4.2675939370078737
11
5.8736416535433067
21
-4.2733448031496062
0
LINE
8
BLACK
6
CONTINUOUS
10
5.8736416535433067
20
-4.2733448031496062
11
5.8736415748031492
21
-4.2733451181102362
0
LINE
8
BLACK
6
CONTINUOUS
10
5.8736415748031492
20
-4.2733451181102362
11
5.8728290944881891
21
-4.2795166929133854
0
LINE
8
BLACK
6
CONTINUOUS
10
5.8728290944881891
20
-4.2795166929133854
11
5.8728290944881891
21
-4.2795167322834642
0
LINE
8
BLACK
6
CONTINUOUS
10
5.8728290944881891
20
-4.2795167322834642
11
5.8736415748031492
21
-4.2856883070866143
0
LINE
8
BLACK
6
CONTINUOUS
10
5.8736415748031492
20
-4.2856883070866143
11
5.8736416535433067
21
-4.2856886220472443
0
LINE
8
BLACK
6
CONTINUOUS
10
5.8736416535433067
20
-4.2856886220472443
11
5.8760237401574802
21
-4.2914394881889759
0
LINE
8
BLACK
6
CONTINUOUS
10
5.8760237401574802
20
-4.2914394881889759
11
5.8760237401574802
21
-4.2914395275590547
0
LINE
8
BLACK
6
CONTINUOUS
10
5.8760237401574802
20
-4.2914395275590547
11
5.8798131496062993
21
-4.2963779921259846
0
LINE
8
BLACK
6
CONTINUOUS
10
5.8798131496062993
20
-4.2963779921259846
11
5.8798133464566931
21
-4.2963782283464562
0
LINE
8
BLACK
6
CONTINUOUS
10
5.8798133464566931
20
-4.2963782283464562
11
5.8847519685039371
21
-4.3001677559055116
0
LINE
8
BLACK
6
CONTINUOUS
10
5.8847519685039371
20
-4.3001677559055116
11
5.8847520078740159
21
-4.3001677559055116
0
LINE
8
BLACK
6
CONTINUOUS
10
5.8847520078740159
20
-4.3001677559055116
11
5.8847520472440946
21
-4.3001677952755903
0
LINE
8
BLACK
6
CONTINUOUS
10
5.8847520472440946
20
-4.3001677952755903
11
5.8905029133858262
21
-4.3025498818897638
0
LINE
8
BLACK
6
CONTINUOUS
10
5.8905029133858262
20
-4.3025498818897638
11
5.89050311023622
21
-4.3025499606299213
0
LINE
8
BLACK
6
CONTINUOUS
10
5.89050311023622
20
-4.3025499606299213
11
5.8951318897637792
21
-4.3031593307086613
0
LINE
8
BLACK
6
CONTINUOUS
10
5.8951318897637792
20
-4.3031593307086613
11
5.8966748031496063
21
-4.3033624803149602
0
LINE
8
BLACK
6
CONTINUOUS
10
5.8966748031496063
20
-4.3033624803149602
11
5.8966748425196851
21
-4.3033624803149602
0
LINE
8
BLACK
6
CONTINUOUS
10
5.8966748425196851
20
-4.3033624803149602
11
5.8966748818897639
21
-4.3033624803149602
0
LINE
8
BLACK
6
CONTINUOUS
10
5.8966748818897639
20
-4.3033624803149602
11
5.8979091732283466
21
-4.3031999606299216
0
LINE
8
BLACK
6
CONTINUOUS
10
5.8979091732283466
20
-4.3031999606299216
11
5.9028465748031493
21
-4.3025499606299213
0
LINE
8
BLACK
6
CONTINUOUS
10
5.9028465748031493
20
-4.3025499606299213
11
5.9085977165354331
21
-4.3001677559055116
0
LINE
8
BLACK
6
CONTINUOUS
10
5.9085977165354331
20
-4.3001677559055116
11
5.9135363385826771
21
-4.2963782283464562
0
LINE
8
BLACK
6
CONTINUOUS
10
5.9135363385826771
20
-4.2963782283464562
11
5.9173258661417325
21
-4.2914396062992122
0
LINE
8
BLACK
6
CONTINUOUS
10
5.9173258661417325
20
-4.2914396062992122
11
5.9197080708661414
21
-4.2856884645669293
0
LINE
8
BLACK
6
CONTINUOUS
10
5.9197080708661414
20
-4.2856884645669293
11
5.9205205905511811
21
-4.2795167322834642
0
LINE
8
BLACK
6
CONTINUOUS
10
5.9205205905511811
20
-4.2795167322834642
11
5.9197080708661414
21
-4.2733449999999999
0
LINE
8
BLACK
6
CONTINUOUS
10
5.9197080708661414
20
-4.2733449999999999
11
5.9173258661417325
21
-4.2675938582677162
0
LINE
8
BLACK
6
CONTINUOUS
10
5.9173258661417325
20
-4.2675938582677162
11
5.9165285826771656
21
-4.2665548425196853
0
LINE
8
BLACK
6
CONTINUOUS
10
5.9165285826771656
20
-4.2665548425196853
11
5.9157245275590551
21
-4.2642842125984251
0
LINE
8
BLACK
6
CONTINUOUS
10
5.9157245275590551
20
-4.2642842125984251
11
5.9164086614173224
21
-4.2619745275590546
0
LINE
8
BLACK
6
CONTINUOUS
10
5.9164086614173224
20
-4.2619745275590546
11
5.9183197637795271
21
-4.2605081102362208
0
LINE
8
BLACK
6
CONTINUOUS
10
5.9183197637795271
20
-4.2605081102362208
11
5.919620826771653
21
-4.2602845275590546
0
LINE
8
BLACK
6
CONTINUOUS
10
5.919620826771653
20
-4.2602845275590546
11
6.2827548425196849
21
-4.2602845275590546
0
LINE
8
BLACK
6
CONTINUOUS
10
6.2827548425196849
20
-4.2602845275590546
11
6.2827548818897636
21
-4.2602845275590546
0
LINE
8
BLACK
6
CONTINUOUS
10
6.2827548818897636
20
-4.2602845275590546
11
6.2836583858267714
21
-4.2599909448818893
0
LINE
8
BLACK
6
CONTINUOUS
10
6.2836583858267714
20
-4.2599909448818893
11
6.2842522047244094
21
-4.2598483464566925
0
LINE
8
BLACK
6
CONTINUOUS
10
6.2842522047244094
20
-4.2598483464566925
11
6.2851907480314964
21
-4.2596997244094483
0
LINE
8
BLACK
6
CONTINUOUS
10
6.2851907480314964
20
-4.2596997244094483
11
6.2860371259842518
21
-4.2592683858267719
0
LINE
8
BLACK
6
CONTINUOUS
10
6.2860371259842518
20
-4.2592683858267719
11
6.2866020472440942
21
-4.2590344488188974
0
LINE
8
BLACK
6
CONTINUOUS
10
6.2866020472440942
20
-4.2590344488188974
11
6.2875051574803145
21
-4.2587410629921258
0
LINE
8
BLACK
6
CONTINUOUS
10
6.2875051574803145
20
-4.2587410629921258
11
6.2882737401574804
21
-4.2581825984251971
0
LINE
8
BLACK
6
CONTINUOUS
10
6.2882737401574804
20
-4.2581825984251971
11
6.2887948818897632
21
-4.2578632677165356
0
LINE
8
BLACK
6
CONTINUOUS
10
6.2887948818897632
20
-4.2578632677165356
11
6.2896410629921258
21
-4.2574321653543308
0
LINE
8
BLACK
6
CONTINUOUS
10
6.2896410629921258
20
-4.2574321653543308
11
6.2903071653543305
21
-4.2567659842519685
0
LINE
8
BLACK
6
CONTINUOUS
10
6.2903071653543305
20
-4.2567659842519685
11
6.2903073228346456
21
-4.256765905511811
0
LINE
8
BLACK
6
CONTINUOUS
10
6.2903073228346456
20
-4.256765905511811
11
6.2905294094488191
21
-4.2565437795275587
0
LINE
8
BLACK
6
CONTINUOUS
10
6.2905294094488191
20
-4.2565437795275587
11
6.2905295275590554
21
-4.2565437401574799
0
LINE
8
BLACK
6
CONTINUOUS
10
6.2905295275590554
20
-4.2565437401574799
11
6.3406356299212598
21
-4.2064376377952755
0
LINE
8
BLACK
6
CONTINUOUS
10
6.3406356299212598
20
-4.2064376377952755
11
6.4457017322834647
21
-4.1013714960629919
0
LINE
8
BLACK
6
CONTINUOUS
10
6.4457017322834647
20
-4.1013714960629919
11
6.4465901968503934
21
-4.1004830314960632
0
LINE
8
BLACK
6
CONTINUOUS
10
6.4465901968503934
20
-4.1004830314960632
11
6.4470213779527556
21
-4.0996366141732281
0
LINE
8
BLACK
6
CONTINUOUS
10
6.4470213779527556
20
-4.0996366141732281
11
6.4473407874015747
21
-4.0991154330708657
0
LINE
8
BLACK
6
CONTINUOUS
10
6.4473407874015747
20
-4.0991154330708657
11
6.4478990944881884
21
-4.0983471259842519
0
LINE
8
BLACK
6
CONTINUOUS
10
6.4478990944881884
20
-4.0983471259842519
11
6.4481925984251971
21
-4.0974437401574804
0
LINE
8
BLACK
6
CONTINUOUS
10
6.4481925984251971
20
-4.0974437401574804
11
6.4484266141732283
21
-4.0968788188976379
0
LINE
8
BLACK
6
CONTINUOUS
10
6.4484266141732283
20
-4.0968788188976379
11
6.4488577559055118
21
-4.0960327165354329
0
LINE
8
BLACK
6
CONTINUOUS
10
6.4488577559055118
20
-4.0960327165354329
11
6.4490062992125985
21
-4.0950944881889759
0
LINE
8
BLACK
6
CONTINUOUS
10
6.4490062992125985
20
-4.0950944881889759
11
6.4491491732283466
21
-4.0944996456692913
0
LINE
8
BLACK
6
CONTINUOUS
10
6.4491491732283466
20
-4.0944996456692913
11
6.4494424803149606
21
-4.0935969291338585
0
LINE
8
BLACK
6
CONTINUOUS
10
6.4494424803149606
20
-4.0935969291338585
11
6.4494425196850393
21
-4.0935968897637798
0
LINE
8
BLACK
6
CONTINUOUS
10
6.4494425196850393
20
-4.0935968897637798
11
6.4494425196850393
21
-4.0924208661417323
0
LINE
8
BLACK
6
CONTINUOUS
10
6.4494425196850393
20
-4.0924208661417323
11
6.4494425590551181
21
-4.0924198818897635
0
LINE
8
BLACK
6
CONTINUOUS
10
6.4494425590551181
20
-4.0924198818897635
11
6.4494425590551181
21
-3.7357992125984252
0
LINE
8
BLACK
6
CONTINUOUS
10
6.4494425590551181
20
-3.7357992125984252
11
6.4501869291338583
21
-3.7335082283464565
0
LINE
8
BLACK
6
CONTINUOUS
10
6.4501869291338583
20
-3.7335082283464565
11
6.4521357480314956
21
-3.7320923228346454
0
LINE
8
BLACK
6
CONTINUOUS
10
6.4521357480314956
20
-3.7320923228346454
11
6.4545446456692908
21
-3.7320923228346454
0
LINE
8
BLACK
6
CONTINUOUS
10
6.4545446456692908
20
-3.7320923228346454
11
6.4560962598425196
21
-3.7330431496062992
0
LINE
8
BLACK
6
CONTINUOUS
10
6.4560962598425196
20
-3.7330431496062992
11
6.7014505905511808
21
-3.9783974803149604
0
LINE
8
BLACK
6
CONTINUOUS
10
6.7014505905511808
20
-3.9783974803149604
11
6.7025441732283459
21
-3.9805438188976376
0
LINE
8
BLACK
6
CONTINUOUS
10
6.7025441732283459
20
-3.9805438188976376
11
6.7025921653543303
21
-3.9811535433070864
0
LINE
8
BLACK
6
CONTINUOUS
10
6.7025921653543303
20
-3.9811535433070864
11
6.7025921653543303
21
-4.0317264566929136
0
LINE
8
BLACK
6
CONTINUOUS
10
6.7025921653543303
20
-4.0317264566929136
11
6.7018477952755902
21
-4.0340174409448819
0
LINE
8
BLACK
6
CONTINUOUS
10
6.7018477952755902
20
-4.0340174409448819
11
6.7015597244094485
21
-4.0343547244094484
0
LINE
8
BLACK
6
CONTINUOUS
10
6.7015597244094485
20
-4.0343547244094484
11
6.6977087795275585
21
-4.039373346456693
0
LINE
8
BLACK
6
CONTINUOUS
10
6.6977087795275585
20
-4.039373346456693
11
6.6977087795275585
21
-4.0393733858267717
0
LINE
8
BLACK
6
CONTINUOUS
10
6.6977087795275585
20
-4.0393733858267717
11
6.6953266929133859
21
-4.0451242519685042
0
LINE
8
BLACK
6
CONTINUOUS
10
6.6953266929133859
20
-4.0451242519685042
11
6.6953266141732284
21
-4.0451245669291334
0
LINE
8
BLACK
6
CONTINUOUS
10
6.6953266141732284
20
-4.0451245669291334
11
6.6945141338582674
21
-4.0512961417322835
0
LINE
8
BLACK
6
CONTINUOUS
10
6.6945141338582674
20
-4.0512961417322835
11
6.6945141338582674
21
-4.0512961811023622
0
LINE
8
BLACK
6
CONTINUOUS
10
6.6945141338582674
20
-4.0512961811023622
11
6.6953266141732284
21
-4.0574677559055115
0
LINE
8
BLACK
6
CONTINUOUS
10
6.6953266141732284
20
-4.0574677559055115
11
6.6953266929133859
21
-4.0574680708661415
0
LINE
8
BLACK
6
CONTINUOUS
10
6.6953266929133859
20
-4.0574680708661415
11
6.6977087795275585
21
-4.063218937007874
0
LINE
8
BLACK
6
CONTINUOUS
10
6.6977087795275585
20
-4.063218937007874
11
6.6977087795275585
21
-4.0632189763779527
0
LINE
8
BLACK
6
CONTINUOUS
10
6.6977087795275585
20
-4.0632189763779527
11
6.701138976377953
21
-4.0676892913385823
0
LINE
8
BLACK
6
CONTINUOUS
10
6.701138976377953
20
-4.0676892913385823
11
6.7014983858267714
21
-4.0681576771653543
0
LINE
8
BLACK
6
CONTINUOUS
10
6.7014983858267714
20
-4.0681576771653543
11
6.7014985433070864
21
-4.0681577952755905
0
LINE
8
BLACK
6
CONTINUOUS
10
6.7014985433070864
20
-4.0681577952755905
11
6.7014985826771651
21
-4.0681578346456693
0
LINE
8
BLACK
6
CONTINUOUS
10
6.7014985826771651
20
-4.0681578346456693
11
6.7021759448818896
21
-4.0686775984251966
0
LINE
8
BLACK
6
CONTINUOUS
10
6.7021759448818896
20
-4.0686775984251966
11
6.7064370078740154
21
-4.0719472047244096
0
LINE
8
BLACK
6
CONTINUOUS
10
6.7064370078740154
20
-4.0719472047244096
11
6.7064370472440942
21
-4.0719472047244096
0
LINE
8
BLACK
6
CONTINUOUS
10
6.7064370472440942
20
-4.0719472047244096
11
6.7064370866141729
21
-4.0719472440944884
0
LINE
8
BLACK
6
CONTINUOUS
10
6.7064370866141729
20
-4.0719472440944884
11
6.7121879527559054
21
-4.074329330708661
0
LINE
8
BLACK
6
CONTINUOUS
10
6.7121879527559054
20
-4.074329330708661
11
6.7121881496062992
21
-4.0743294094488185
0
LINE
8
BLACK
6
CONTINUOUS
10
6.7121881496062992
20
-4.0743294094488185
11
6.7168169291338584
21
-4.0749387795275593
0
LINE
8
BLACK
6
CONTINUOUS
10
6.7168169291338584
20
-4.0749387795275593
11
6.7183598425196847
21
-4.0751419291338582
0
LINE
8
BLACK
6
CONTINUOUS
10
6.7183598425196847
20
-4.0751419291338582
11
6.7183598818897634
21
-4.0751419291338582
0
LINE
8
BLACK
6
CONTINUOUS
10
6.7183598818897634
20
-4.0751419291338582
11
6.7183599212598422
21
-4.0751419291338582
0
LINE
8
BLACK
6
CONTINUOUS
10
6.7183599212598422
20
-4.0751419291338582
11
6.7197860236220475
21
-4.0749541732283463
0
LINE
8
BLACK
6
CONTINUOUS
10
6.7197860236220475
20
-4.0749541732283463
11
6.7245316141732285
21
-4.0743294094488185
0
LINE
8
BLACK
6
CONTINUOUS
10
6.7245316141732285
20
-4.0743294094488185
11
6.7302827559055114
21
-4.0719472047244096
0
LINE
8
BLACK
6
CONTINUOUS
10
6.7302827559055114
20
-4.0719472047244096
11
6.7352213779527554
21
-4.0681576771653543
0
LINE
8
BLACK
6
CONTINUOUS
10
6.7352213779527554
20
-4.0681576771653543
11
6.7390109055118108
21
-4.0632190551181102
0
LINE
8
BLACK
6
CONTINUOUS
10
6.7390109055118108
20
-4.0632190551181102
11
6.7413931102362206
21
-4.0574679133858265
0
LINE
8
BLACK
6
CONTINUOUS
10
6.7413931102362206
20
-4.0574679133858265
11
6.7422056299212594
21
-4.0512961811023622
0
LINE
8
BLACK
6
CONTINUOUS
10
6.7422056299212594
20
-4.0512961811023622
11
6.7413931102362206
21
-4.045124448818898
0
LINE
8
BLACK
6
CONTINUOUS
10
6.7413931102362206
20
-4.045124448818898
11
6.7390109448818896
21
-4.0393733858267717
0
LINE
8
BLACK
6
CONTINUOUS
10
6.7390109448818896
20
-4.0393733858267717
11
6.7390109448818896
21
-4.039373346456693
0
LINE
8
BLACK
6
CONTINUOUS
10
6.7390109448818896
20
-4.039373346456693
11
6.7350658661417322
21
-4.0342320078740155
0
LINE
8
BLACK
6
CONTINUOUS
10
6.7350658661417322
20
-4.0342320078740155
11
6.7351202362204718
21
-4.0341902362204722
0
LINE
8
BLACK
6
CONTINUOUS
10
6.7351202362204718
20
-4.0341902362204722
11
6.7341755905511809
21
-4.0323361811023624
0
LINE
8
BLACK
6
CONTINUOUS
10
6.7341755905511809
20
-4.0323361811023624
11
6.7341275984251965
21
-4.0317264566929136
0
LINE
8
BLACK
6
CONTINUOUS
10
6.7341275984251965
20
-4.0317264566929136
11
6.7341275984251965
21
-3.9705105511811021
0
LINE
8
BLACK
6
CONTINUOUS
10
6.7341275984251965
20
-3.9705105511811021
11
6.7341275984251965
21
-3.9705104724409446
0
LINE
8
BLACK
6
CONTINUOUS
10
6.7341275984251965
20
-3.9705104724409446
11
6.7338339763779524
21
-3.969606771653543
0
LINE
8
BLACK
6
CONTINUOUS
10
6.7338339763779524
20
-3.969606771653543
11
6.7336912992125981
21
-3.9690123228346454
0
LINE
8
BLACK
6
CONTINUOUS
10
6.7336912992125981
20
-3.9690123228346454
11
6.7335427952755902
21
-3.9680747244094485
0
LINE
8
BLACK
6
CONTINUOUS
10
6.7335427952755902
20
-3.9680747244094485
11
6.7335427952755902
21
-3.9680746062992127
0
LINE
8
BLACK
6
CONTINUOUS
10
6.7335427952755902
20
-3.9680746062992127
11
6.7335427165354327
21
-3.9680744881889765
0
LINE
8
BLACK
6
CONTINUOUS
10
6.7335427165354327
20
-3.9680744881889765
11
6.7335427165354327
21
-3.968074409448819
0
LINE
8
BLACK
6
CONTINUOUS
10
6.7335427165354327
20
-3.968074409448819
11
6.7331116141732279
21
-3.9672283464566926
0
LINE
8
BLACK
6
CONTINUOUS
10
6.7331116141732279
20
-3.9672283464566926
11
6.732877559055118
21
-3.9666633858267715
0
LINE
8
BLACK
6
CONTINUOUS
10
6.732877559055118
20
-3.9666633858267715
11
6.7325841338582677
21
-3.9657601968503937
0
LINE
8
BLACK
6
CONTINUOUS
10
6.7325841338582677
20
-3.9657601968503937
11
6.7320258267716531
21
-3.9649917322834645
0
LINE
8
BLACK
6
CONTINUOUS
10
6.7320258267716531
20
-3.9649917322834645
11
6.7317062598425199
21
-3.9644702362204725
0
LINE
8
BLACK
6
CONTINUOUS
10
6.7317062598425199
20
-3.9644702362204725
11
6.7312752362204726
21
-3.9636242913385824
0
LINE
8
BLACK
6
CONTINUOUS
10
6.7312752362204726
20
-3.9636242913385824
11
6.7312751574803151
21
-3.9636242125984249
0
LINE
8
BLACK
6
CONTINUOUS
10
6.7312751574803151
20
-3.9636242125984249
11
6.7303868897637793
21
-3.9627359055118108
0
LINE
8
BLACK
6
CONTINUOUS
10
6.7303868897637793
20
-3.9627359055118108
11
6.6697662204724404
21
-3.9021152362204723
0
LINE
8
BLACK
6
CONTINUOUS
10
6.6697662204724404
20
-3.9021152362204723
11
6.521533897637795
21
-3.7538829133858265
0
LINE
8
BLACK
6
CONTINUOUS
10
6.521533897637795
20
-3.7538829133858265
11
6.5204403149606298
21
-3.7517365748031497
0
LINE
8
BLACK
6
CONTINUOUS
10
6.5204403149606298
20
-3.7517365748031497
11
6.5208171259842516
21
-3.7493573622047243
0
LINE
8
BLACK
6
CONTINUOUS
10
6.5208171259842516
20
-3.7493573622047243
11
6.5225204724409451
21
-3.7476540157480316
0
LINE
8
BLACK
6
CONTINUOUS
10
6.5225204724409451
20
-3.7476540157480316
11
6.5227980708661413
21
-3.7475260236220471
0
LINE
8
BLACK
6
CONTINUOUS
10
6.5227980708661413
20
-3.7475260236220471
11
6.5269658267716535
21
-3.7457997244094487
0
LINE
8
BLACK
6
CONTINUOUS
10
6.5269658267716535
20
-3.7457997244094487
11
6.5319044488188975
21
-3.7420101968503938
0
LINE
8
BLACK
6
CONTINUOUS
10
6.5319044488188975
20
-3.7420101968503938
11
6.5356939763779529
21
-3.7370715748031493
0
LINE
8
BLACK
6
CONTINUOUS
10
6.5356939763779529
20
-3.7370715748031493
11
6.5380761811023618
21
-3.731320433070866
0
LINE
8
BLACK
6
CONTINUOUS
10
6.5380761811023618
20
-3.731320433070866
11
6.5388887007874015
21
-3.7251487007874013
0
LINE
8
BLACK
6
CONTINUOUS
10
6.5388887007874015
20
-3.7251487007874013
11
6.5389220472440943
21
-3.7248954330708659
0
LINE
8
BLACK
6
CONTINUOUS
10
6.5389220472440943
20
-3.7248954330708659
11
6.5389900393700788
21
-3.7249043700787401
0
LINE
8
BLACK
6
CONTINUOUS
10
6.5389900393700788
20
-3.7249043700787401
11
6.5396330708661417
21
-3.7229253543307084
0
LINE
8
BLACK
6
CONTINUOUS
10
6.5396330708661417
20
-3.7229253543307084
11
6.5400302755905511
21
-3.7224602755905511
0
LINE
8
BLACK
6
CONTINUOUS
10
6.5400302755905511
20
-3.7224602755905511
11
7.0220644488188979
21
-3.2404261023622047
0
LINE
8
BLACK
6
CONTINUOUS
10
7.0220644488188979
20
-3.2404261023622047
11
7.0242107874015742
21
-3.2393325196850391
0
LINE
8
BLACK
6
CONTINUOUS
10
7.0242107874015742
20
-3.2393325196850391
11
7.0248205118110238
21
-3.2392845275590552
0
LINE
8
BLACK
6
CONTINUOUS
10
7.0248205118110238
20
-3.2392845275590552
11
7.3191051181102358
21
-3.2392845275590552
0
LINE
8
BLACK
6
CONTINUOUS
10
7.3191051181102358
20
-3.2392845275590552
11
7.3213961023622049
21
-3.2400288976377953
0
LINE
8
BLACK
6
CONTINUOUS
10
7.3213961023622049
20
-3.2400288976377953
11
7.3217333858267715
21
-3.2403169291338583
0
LINE
8
BLACK
6
CONTINUOUS
10
7.3217333858267715
20
-3.2403169291338583
11
7.3218132677165348
21
-3.2403782283464566
0
LINE
8
BLACK
6
CONTINUOUS
10
7.3218132677165348
20
-3.2403782283464566
11
7.3218133464566924
21
-3.2403783070866141
0
LINE
8
BLACK
6
CONTINUOUS
10
7.3218133464566924
20
-3.2403783070866141
11
7.3267519685039373
21
-3.244167834645669
0
LINE
8
BLACK
6
CONTINUOUS
10
7.3267519685039373
20
-3.244167834645669
11
7.3271386614173224
21
-3.2443279921259842
0
LINE
8
BLACK
6
CONTINUOUS
10
7.3271386614173224
20
-3.2443279921259842
11
7.3275578346456696
21
-3.2445016535433071
0
LINE
8
BLACK
6
CONTINUOUS
10
7.3275578346456696
20
-3.2445016535433071
11
7.3293895669291338
21
-3.2460661023622048
0
LINE
8
BLACK
6
CONTINUOUS
10
7.3293895669291338
20
-3.2460661023622048
11
7.3299518897637794
21
-3.2484084251968501
0
LINE
8
BLACK
6
CONTINUOUS
10
7.3299518897637794
20
-3.2484084251968501
11
7.3290300393700782
21
-3.2506339370078741
0
LINE
8
BLACK
6
CONTINUOUS
10
7.3290300393700782
20
-3.2506339370078741
11
7.3275578346456696
21
-3.2517035433070864
0
LINE
8
BLACK
6
CONTINUOUS
10
7.3275578346456696
20
-3.2517035433070864
11
7.3247520078740154
21
-3.2528657480314962
0
LINE
8
BLACK
6
CONTINUOUS
10
7.3247520078740154
20
-3.2528657480314962
11
7.3196106692913387
21
-3.2568108267716536
0
LINE
8
BLACK
6
CONTINUOUS
10
7.3196106692913387
20
-3.2568108267716536
11
7.3195688976377955
21
-3.2567564173228347
0
LINE
8
BLACK
6
CONTINUOUS
10
7.3195688976377955
20
-3.2567564173228347
11
7.3177148425196847
21
-3.2577011023622044
0
LINE
8
BLACK
6
CONTINUOUS
10
7.3177148425196847
20
-3.2577011023622044
11
7.317105118110236
21
-3.2577490944881888
0
LINE
8
BLACK
6
CONTINUOUS
10
7.317105118110236
20
-3.2577490944881888
11
7.1111722047244097
21
-3.2577490944881888
0
LINE
8
BLACK
6
CONTINUOUS
10
7.1111722047244097
20
-3.2577490944881888
11
7.1061774803149609
21
-3.2577490944881888
0
LINE
8
BLACK
6
CONTINUOUS
10
7.1061774803149609
20
-3.2577490944881888
11
7.1061774015748034
21
-3.2577490944881888
0
LINE
8
BLACK
6
CONTINUOUS
10
7.1061774015748034
20
-3.2577490944881888
11
7.1061771653543309
21
-3.2577491338582676
0
LINE
8
BLACK
6
CONTINUOUS
10
7.1061771653543309
20
-3.2577491338582676
11
7.105274015748031
21
-3.2580425590551179
0
LINE
8
BLACK
6
CONTINUOUS
10
7.105274015748031
20
-3.2580425590551179
11
7.1046797244094488
21
-3.2581852362204722
0
LINE
8
BLACK
6
CONTINUOUS
10
7.1046797244094488
20
-3.2581852362204722
11
7.1037418110236219
21
-3.2583338188976376
0
LINE
8
BLACK
6
CONTINUOUS
10
7.1037418110236219
20
-3.2583338188976376
11
7.1037415748031494
21
-3.2583338976377951
0
LINE
8
BLACK
6
CONTINUOUS
10
7.1037415748031494
20
-3.2583338976377951
11
7.1028953543307081
21
-3.2587650393700787
0
LINE
8
BLACK
6
CONTINUOUS
10
7.1028953543307081
20
-3.2587650393700787
11
7.1023306299212594
21
-3.258998937007874
0
LINE
8
BLACK
6
CONTINUOUS
10
7.1023306299212594
20
-3.258998937007874
11
7.1014272440944879
21
-3.2592924803149605
0
LINE
8
BLACK
6
CONTINUOUS
10
7.1014272440944879
20
-3.2592924803149605
11
7.1014271259842516
21
-3.2592925590551181
0
LINE
8
BLACK
6
CONTINUOUS
10
7.1014271259842516
20
-3.2592925590551181
11
7.1006587007874016
21
-3.2598508267716535
0
LINE
8
BLACK
6
CONTINUOUS
10
7.1006587007874016
20
-3.2598508267716535
11
7.1001375196850391
21
-3.2601702362204725
0
LINE
8
BLACK
6
CONTINUOUS
10
7.1001375196850391
20
-3.2601702362204725
11
7.09929125984252
21
-3.2606014566929131
0
LINE
8
BLACK
6
CONTINUOUS
10
7.09929125984252
20
-3.2606014566929131
11
7.0984029133858266
21
-3.261489803149606
0
LINE
8
BLACK
6
CONTINUOUS
10
7.0984029133858266
20
-3.261489803149606
11
7.0984027952755904
21
-3.2614898425196848
0
LINE
8
BLACK
6
CONTINUOUS
10
7.0984027952755904
20
-3.2614898425196848
11
7.0984028346456691
21
-3.2614898818897635
0
LINE
8
BLACK
6
CONTINUOUS
10
7.0984028346456691
20
-3.2614898818897635
11
6.6895683070866143
21
-3.6703244094488188
0
LINE
8
BLACK
6
CONTINUOUS
10
6.6895683070866143
20
-3.6703244094488188
11
6.6874219685039371
21
-3.671417992125984
0
LINE
8
BLACK
6
CONTINUOUS
10
6.6874219685039371
20
-3.671417992125984
11
6.6868122440944884
21
-3.6714659842519684
0
LINE
8
BLACK
6
CONTINUOUS
10
6.6868122440944884
20
-3.6714659842519684
11
6.6547194881889764
21
-3.6714659842519684
0
LINE
8
BLACK
6
CONTINUOUS
10
6.6547194881889764
20
-3.6714659842519684
11
6.6524285039370081
21
-3.6707216141732282
0
LINE
8
BLACK
6
CONTINUOUS
10
6.6524285039370081
20
-3.6707216141732282
11
6.652091181102362
21
-3.6704335433070865
0
LINE
8
BLACK
6
CONTINUOUS
10
6.652091181102362
20
-3.6704335433070865
11
6.6519489370078739
21
-3.6703244094488188
0
LINE
8
BLACK
6
CONTINUOUS
10
6.6519489370078739
20
-3.6703244094488188
11
6.6470726377952758
21
-3.6665826771653545
0
LINE
8
BLACK
6
CONTINUOUS
10
6.6470726377952758
20
-3.6665826771653545
11
6.647072598425197
21
-3.6665826377952757
0
LINE
8
BLACK
6
CONTINUOUS
10
6.647072598425197
20
-3.6665826377952757
11
6.6470725196850395
21
-3.666582598425197
0
LINE
8
BLACK
6
CONTINUOUS
10
6.6470725196850395
20
-3.666582598425197
11
6.6413216535433071
21
-3.6642005118110235
0
LINE
8
BLACK
6
CONTINUOUS
10
6.6413216535433071
20
-3.6642005118110235
11
6.641321338582677
21
-3.664200433070866
0
LINE
8
BLACK
6
CONTINUOUS
10
6.641321338582677
20
-3.664200433070866
11
6.6351498031496066
21
-3.6633879527559055
0
LINE
8
BLACK
6
CONTINUOUS
10
6.6351498031496066
20
-3.6633879527559055
11
6.6351497244094491
21
-3.6633879527559055
0
LINE
8
BLACK
6
CONTINUOUS
10
6.6351497244094491
20
-3.6633879527559055
11
6.6289781496062989
21
-3.664200433070866
0
LINE
8
BLACK
6
CONTINUOUS
10
6.6289781496062989
20
-3.664200433070866
11
6.6289778346456689
21
-3.6642005118110235
0
LINE
8
BLACK
6
CONTINUOUS
10
6.6289778346456689
20
-3.6642005118110235
11
6.6232269685039364
21
-3.666582598425197
0
LINE
8
BLACK
6
CONTINUOUS
10
6.6232269685039364
20
-3.666582598425197
11
6.6232269291338577
21
-3.666582598425197
0
LINE
8
BLACK
6
CONTINUOUS
10
6.6232269291338577
20
-3.666582598425197
11
6.6182884645669287
21
-3.6703720078740156
0
LINE
8
BLACK
6
CONTINUOUS
10
6.6182884645669287
20
-3.6703720078740156
11
6.618288070866142
21
-3.6703724015748032
0
LINE
8
BLACK
6
CONTINUOUS
10
6.618288070866142
20
-3.6703724015748032
11
6.6144986614173229
21
-3.6753108661417322
0
LINE
8
BLACK
6
CONTINUOUS
10
6.6144986614173229
20
-3.6753108661417322
11
6.6144986614173229
21
-3.6753109055118109
0
LINE
8
BLACK
6
CONTINUOUS
10
6.6144986614173229
20
-3.6753109055118109
11
6.6121165748031494
21
-3.6810617716535434
0
LINE
8
BLACK
6
CONTINUOUS
10
6.6121165748031494
20
-3.6810617716535434
11
6.6121164960629919
21
-3.681062086614173
0
LINE
8
BLACK
6
CONTINUOUS
10
6.6121164960629919
20
-3.681062086614173
11
6.6113040157480309
21
-3.6872336614173227
0
LINE
8
BLACK
6
CONTINUOUS
10
6.6113040157480309
20
-3.6872336614173227
11
6.6113040157480309
21
-3.6872337007874014
0
LINE
8
BLACK
6
CONTINUOUS
10
6.6113040157480309
20
-3.6872337007874014
11
6.6121164960629919
21
-3.6934052755905511
0
LINE
8
BLACK
6
CONTINUOUS
10
6.6121164960629919
20
-3.6934052755905511
11
6.6121165748031494
21
-3.6934055905511811
0
LINE
8
BLACK
6
CONTINUOUS
10
6.6121165748031494
20
-3.6934055905511811
11
6.6144986614173229
21
-3.6991564566929132
0
LINE
8
BLACK
6
CONTINUOUS
10
6.6144986614173229
20
-3.6991564566929132
11
6.6144986614173229
21
-3.6991564960629919
0
LINE
8
BLACK
6
CONTINUOUS
10
6.6144986614173229
20
-3.6991564960629919
11
6.618288070866142
21
-3.7040949606299214
0
LINE
8
BLACK
6
CONTINUOUS
10
6.618288070866142
20
-3.7040949606299214
11
6.6182882677165349
21
-3.7040951968503935
0
LINE
8
BLACK
6
CONTINUOUS
10
6.6182882677165349
20
-3.7040951968503935
11
6.6232268897637789
21
-3.7078847244094488
0
LINE
8
BLACK
6
CONTINUOUS
10
6.6232268897637789
20
-3.7078847244094488
11
6.6232269291338577
21
-3.7078847244094488
0
LINE
8
BLACK
6
CONTINUOUS
10
6.6232269291338577
20
-3.7078847244094488
11
6.6232269685039364
21
-3.7078847637795276
0
LINE
8
BLACK
6
CONTINUOUS
10
6.6232269685039364
20
-3.7078847637795276
11
6.6282992125984252
21
-3.7099857480314959
0
LINE
8
BLACK
6
CONTINUOUS
10
6.6282992125984252
20
-3.7099857480314959
11
6.6289780314960627
21
-3.7102669291338581
0
LINE
8
BLACK
6
CONTINUOUS
10
6.6289780314960627
20
-3.7102669291338581
11
6.6336068110236219
21
-3.7108762992125985
0
LINE
8
BLACK
6
CONTINUOUS
10
6.6336068110236219
20
-3.7108762992125985
11
6.6351497244094491
21
-3.7110794488188974
0
LINE
8
BLACK
6
CONTINUOUS
10
6.6351497244094491
20
-3.7110794488188974
11
6.6351497637795278
21
-3.7110794488188974
0
LINE
8
BLACK
6
CONTINUOUS
10
6.6351497637795278
20
-3.7110794488188974
11
6.6351498031496066
21
-3.7110794488188974
0
LINE
8
BLACK
6
CONTINUOUS
10
6.6351498031496066
20
-3.7110794488188974
11
6.6363840944881884
21
-3.7109169291338584
0
LINE
8
BLACK
6
CONTINUOUS
10
6.6363840944881884
20
-3.7109169291338584
11
6.641321496062992
21
-3.7102669291338581
0
LINE
8
BLACK
6
CONTINUOUS
10
6.641321496062992
20
-3.7102669291338581
11
6.6470726377952758
21
-3.7078847244094488
0
LINE
8
BLACK
6
CONTINUOUS
10
6.6470726377952758
20
-3.7078847244094488
11
6.6520112598425198
21
-3.7040951968503935
0
LINE
8
BLACK
6
CONTINUOUS
10
6.6520112598425198
20
-3.7040951968503935
11
6.6520112204724411
21
-3.7040951968503935
0
LINE
8
BLACK
6
CONTINUOUS
10
6.6520112204724411
20
-3.7040951968503935
11
6.6522139370078737
21
-3.7039396850393702
0
LINE
8
BLACK
6
CONTINUOUS
10
6.6522139370078737
20
-3.7039396850393702
11
6.6522556692913382
21
-3.7039940551181103
0
LINE
8
BLACK
6
CONTINUOUS
10
6.6522556692913382
20
-3.7039940551181103
11
6.6531923622047247
21
-3.7035168110236221
0
LINE
8
BLACK
6
CONTINUOUS
10
6.6531923622047247
20
-3.7035168110236221
11
6.6541097637795277
21
-3.7030494094488189
0
LINE
8
BLACK
6
CONTINUOUS
10
6.6541097637795277
20
-3.7030494094488189
11
6.6547194881889764
21
-3.7030014173228345
0
LINE
8
BLACK
6
CONTINUOUS
10
6.6547194881889764
20
-3.7030014173228345
11
6.697455275590551
21
-3.7030014173228345
0
LINE
8
BLACK
6
CONTINUOUS
10
6.697455275590551
20
-3.7030014173228345
11
6.6974553149606297
21
-3.7030014173228345
0
LINE
8
BLACK
6
CONTINUOUS
10
6.6974553149606297
20
-3.7030014173228345
11
6.6983588188976375
21
-3.7027078346456692
0
LINE
8
BLACK
6
CONTINUOUS
10
6.6983588188976375
20
-3.7027078346456692
11
6.6989526377952755
21
-3.7025652362204724
0
LINE
8
BLACK
6
CONTINUOUS
10
6.6989526377952755
20
-3.7025652362204724
11
6.6998911811023625
21
-3.7024166141732282
0
LINE
8
BLACK
6
CONTINUOUS
10
6.6998911811023625
20
-3.7024166141732282
11
6.7007375590551179
21
-3.7019852755905509
0
LINE
8
BLACK
6
CONTINUOUS
10
6.7007375590551179
20
-3.7019852755905509
11
6.7013024803149603
21
-3.7017513385826772
0
LINE
8
BLACK
6
CONTINUOUS
10
6.7013024803149603
20
-3.7017513385826772
11
6.7022055905511806
21
-3.7014579527559053
0
LINE
8
BLACK
6
CONTINUOUS
10
6.7022055905511806
20
-3.7014579527559053
11
6.7029741732283465
21
-3.7008994881889761
0
LINE
8
BLACK
6
CONTINUOUS
10
6.7029741732283465
20
-3.7008994881889761
11
6.7034953149606293
21
-3.700580157480315
0
LINE
8
BLACK
6
CONTINUOUS
10
6.7034953149606293
20
-3.700580157480315
11
6.7043414960629919
21
-3.7001490551181102
0
LINE
8
BLACK
6
CONTINUOUS
10
6.7043414960629919
20
-3.7001490551181102
11
6.7050075984251967
21
-3.6994828740157479
0
LINE
8
BLACK
6
CONTINUOUS
10
6.7050075984251967
20
-3.6994828740157479
11
6.7050077559055117
21
-3.6994827952755904
0
LINE
8
BLACK
6
CONTINUOUS
10
6.7050077559055117
20
-3.6994827952755904
11
6.7052298425196852
21
-3.6992606692913386
0
LINE
8
BLACK
6
CONTINUOUS
10
6.7052298425196852
20
-3.6992606692913386
11
6.7052299606299215
21
-3.6992606299212598
0
LINE
8
BLACK
6
CONTINUOUS
10
6.7052299606299215
20
-3.6992606299212598
11
6.9769737007874015
21
-3.4275168110236218
0
LINE
8
BLACK
6
CONTINUOUS
10
6.9769737007874015
20
-3.4275168110236218
11
7.0330246062992128
21
-3.371465905511811
0
LINE
8
BLACK
6
CONTINUOUS
10
7.0330246062992128
20
-3.371465905511811
11
7.0351708661417325
21
-3.3703724015748029
0
LINE
8
BLACK
6
CONTINUOUS
10
7.0351708661417325
20
-3.3703724015748029
11
7.037550078740157
21
-3.3707492125984251
0
LINE
8
BLACK
6
CONTINUOUS
10
7.037550078740157
20
-3.3707492125984251
11
7.0392534251968506
21
-3.3724525590551182
0
LINE
8
BLACK
6
CONTINUOUS
10
7.0392534251968506
20
-3.3724525590551182
11
7.0395616929133853
21
-3.3734454330708661
0
LINE
8
BLACK
6
CONTINUOUS
10
7.0395616929133853
20
-3.3734454330708661
11
7.039575511811023
21
-3.3734417716535434
0
LINE
8
BLACK
6
CONTINUOUS
10
7.039575511811023
20
-3.3734417716535434
11
7.0396416535433071
21
-3.3736887007874015
0
LINE
8
BLACK
6
CONTINUOUS
10
7.0396416535433071
20
-3.3736887007874015
11
7.0420237401574806
21
-3.3794395669291339
0
LINE
8
BLACK
6
CONTINUOUS
10
7.0420237401574806
20
-3.3794395669291339
11
7.0420237401574806
21
-3.3794396062992127
0
LINE
8
BLACK
6
CONTINUOUS
10
7.0420237401574806
20
-3.3794396062992127
11
7.045626338582677
21
-3.3841346062992126
0
LINE
8
BLACK
6
CONTINUOUS
10
7.045626338582677
20
-3.3841346062992126
11
7.0458133464566925
21
-3.3843783070866142
0
LINE
8
BLACK
6
CONTINUOUS
10
7.0458133464566925
20
-3.3843783070866142
11
7.0507519685039366
21
-3.3881678346456692
0
LINE
8
BLACK
6
CONTINUOUS
10
7.0507519685039366
20
-3.3881678346456692
11
7.0565031102362203
21
-3.3905500393700785
0
LINE
8
BLACK
6
CONTINUOUS
10
7.0565031102362203
20
-3.3905500393700785
11
7.0611318897637796
21
-3.3911594094488189
0
LINE
8
BLACK
6
CONTINUOUS
10
7.0611318897637796
20
-3.3911594094488189
11
7.0626748031496058
21
-3.3913625590551182
0
LINE
8
BLACK
6
CONTINUOUS
10
7.0626748031496058
20
-3.3913625590551182
11
7.0626748425196846
21
-3.3913625590551182
0
LINE
8
BLACK
6
CONTINUOUS
10
7.0626748425196846
20
-3.3913625590551182
11
7.0626748818897633
21
-3.3913625590551182
0
LINE
8
BLACK
6
CONTINUOUS
10
7.0626748818897633
20
-3.3913625590551182
11
7.0639091732283461
21
-3.3912000393700787
0
LINE
8
BLACK
6
CONTINUOUS
10
7.0639091732283461
20
-3.3912000393700787
11
7.0688465748031497
21
-3.3905500393700785
0
LINE
8
BLACK
6
CONTINUOUS
10
7.0688465748031497
20
-3.3905500393700785
11
7.0745977165354326
21
-3.3881678346456692
0
LINE
8
BLACK
6
CONTINUOUS
10
7.0745977165354326
20
-3.3881678346456692
11
7.0795363385826766
21
-3.3843783070866142
0
LINE
8
BLACK
6
CONTINUOUS
10
7.0795363385826766
20
-3.3843783070866142
11
7.083325866141732
21
-3.3794396850393702
0
LINE
8
BLACK
6
CONTINUOUS
10
7.083325866141732
20
-3.3794396850393702
11
7.0857080708661417
21
-3.3736885433070865
0
LINE
8
BLACK
6
CONTINUOUS
10
7.0857080708661417
20
-3.3736885433070865
11
7.0865205905511806
21
-3.3675168110236218
0
LINE
8
BLACK
6
CONTINUOUS
10
7.0865205905511806
20
-3.3675168110236218
11
7.086488464566929
21
-3.3672729133858268
0
LINE
8
BLACK
6
CONTINUOUS
10
7.086488464566929
20
-3.3672729133858268
11
7.0860122047244092
21
-3.3636553149606296
0
LINE
8
BLACK
6
CONTINUOUS
10
7.0860122047244092
20
-3.3636553149606296
11
7.0857080708661417
21
-3.3613450787401575
0
LINE
8
BLACK
6
CONTINUOUS
10
7.0857080708661417
20
-3.3613450787401575
11
7.0857079921259842
21
-3.3613448818897638
0
LINE
8
BLACK
6
CONTINUOUS
10
7.0857079921259842
20
-3.3613448818897638
11
7.0833259055118107
21
-3.3555940157480313
0
LINE
8
BLACK
6
CONTINUOUS
10
7.0833259055118107
20
-3.3555940157480313
11
7.0833259055118107
21
-3.3555939763779525
0
LINE
8
BLACK
6
CONTINUOUS
10
7.0833259055118107
20
-3.3555939763779525
11
7.0795364960629916
21
-3.3506555118110235
0
LINE
8
BLACK
6
CONTINUOUS
10
7.0795364960629916
20
-3.3506555118110235
11
7.0795364566929129
21
-3.3506554724409447
0
LINE
8
BLACK
6
CONTINUOUS
10
7.0795364566929129
20
-3.3506554724409447
11
7.0795363385826766
21
-3.3506553149606297
0
LINE
8
BLACK
6
CONTINUOUS
10
7.0795363385826766
20
-3.3506553149606297
11
7.0795361417322837
21
-3.3506551574803147
0
LINE
8
BLACK
6
CONTINUOUS
10
7.0795361417322837
20
-3.3506551574803147
11
7.079536102362205
21
-3.350655118110236
0
LINE
8
BLACK
6
CONTINUOUS
10
7.079536102362205
20
-3.350655118110236
11
7.0745975984251963
21
-3.3468657086614173
0
LINE
8
BLACK
6
CONTINUOUS
10
7.0745975984251963
20
-3.3468657086614173
11
7.0688467322834647
21
-3.3444836220472438
0
LINE
8
BLACK
6
CONTINUOUS
10
7.0688467322834647
20
-3.3444836220472438
11
7.0685998031496062
21
-3.3444174803149607
0
LINE
8
BLACK
6
CONTINUOUS
10
7.0685998031496062
20
-3.3444174803149607
11
7.068614094488189
21
-3.3443640944881889
0
LINE
8
BLACK
6
CONTINUOUS
10
7.068614094488189
20
-3.3443640944881889
11
7.0666971653543307
21
-3.343449803149606
0
LINE
8
BLACK
6
CONTINUOUS
10
7.0666971653543307
20
-3.343449803149606
11
7.065547755905512
21
-3.3413328346456694
0
LINE
8
BLACK
6
CONTINUOUS
10
7.065547755905512
20
-3.3413328346456694
11
7.0658621653543303
21
-3.338944566929134
0
LINE
8
BLACK
6
CONTINUOUS
10
7.0658621653543303
20
-3.338944566929134
11
7.0666240551181101
21
-3.337866496062992
0
LINE
8
BLACK
6
CONTINUOUS
10
7.0666240551181101
20
-3.337866496062992
11
7.0888966535433067
21
-3.3155939370078737
0
LINE
8
BLACK
6
CONTINUOUS
10
7.0888966535433067
20
-3.3155939370078737
11
7.1140644881889763
21
-3.2904261023622046
0
LINE
8
BLACK
6
CONTINUOUS
10
7.1140644881889763
20
-3.2904261023622046
11
7.1162108267716535
21
-3.2893325196850394
0
LINE
8
BLACK
6
CONTINUOUS
10
7.1162108267716535
20
-3.2893325196850394
11
7.1168205511811022
21
-3.289284527559055
0
LINE
8
BLACK
6
CONTINUOUS
10
7.1168205511811022
20
-3.289284527559055
11
7.317105118110236
21
-3.289284527559055
0
LINE
8
BLACK
6
CONTINUOUS
10
7.317105118110236
20
-3.289284527559055
11
7.3193961023622043
21
-3.2900288976377952
0
LINE
8
BLACK
6
CONTINUOUS
10
7.3193961023622043
20
-3.2900288976377952
11
7.3197333858267717
21
-3.2903169291338581
0
LINE
8
BLACK
6
CONTINUOUS
10
7.3197333858267717
20
-3.2903169291338581
11
7.3198132677165351
21
-3.2903782283464564
0
LINE
8
BLACK
6
CONTINUOUS
10
7.3198132677165351
20
-3.2903782283464564
11
7.3198133464566926
21
-3.2903783070866139
0
LINE
8
BLACK
6
CONTINUOUS
10
7.3198133464566926
20
-3.2903783070866139
11
7.3247519685039366
21
-3.2941678346456693
0
LINE
8
BLACK
6
CONTINUOUS
10
7.3247519685039366
20
-3.2941678346456693
11
7.3247520078740154
21
-3.2941678346456693
0
LINE
8
BLACK
6
CONTINUOUS
10
7.3247520078740154
20
-3.2941678346456693
11
7.3247520472440941
21
-3.2941678740157481
0
LINE
8
BLACK
6
CONTINUOUS
10
7.3247520472440941
20
-3.2941678740157481
11
7.3305029133858266
21
-3.2965499606299211
0
LINE
8
BLACK
6
CONTINUOUS
10
7.3305029133858266
20
-3.2965499606299211
11
7.3305031102362204
21
-3.2965500393700786
0
LINE
8
BLACK
6
CONTINUOUS
10
7.3305031102362204
20
-3.2965500393700786
11
7.3351318897637796
21
-3.297159409448819
0
LINE
8
BLACK
6
CONTINUOUS
10
7.3351318897637796
20
-3.297159409448819
11
7.3366748031496059
21
-3.2973625590551179
0
LINE
8
BLACK
6
CONTINUOUS
10
7.3366748031496059
20
-3.2973625590551179
11
7.3366748425196846
21
-3.2973625590551179
0
LINE
8
BLACK
6
CONTINUOUS
10
7.3366748425196846
20
-3.2973625590551179
11
7.3366748818897634
21
-3.2973625590551179
0
LINE
8
BLACK
6
CONTINUOUS
10
7.3366748818897634
20
-3.2973625590551179
11
7.3379091732283461
21
-3.2972000393700789
0
LINE
8
BLACK
6
CONTINUOUS
10
7.3379091732283461
20
-3.2972000393700789
11
7.3428465748031497
21
-3.2965500393700786
0
LINE
8
BLACK
6
CONTINUOUS
10
7.3428465748031497
20
-3.2965500393700786
11
7.3485977165354326
21
-3.2941678346456693
0
LINE
8
BLACK
6
CONTINUOUS
10
7.3485977165354326
20
-3.2941678346456693
11
7.3535363385826766
21
-3.2903783070866139
0
LINE
8
BLACK
6
CONTINUOUS
10
7.3535363385826766
20
-3.2903783070866139
11
7.357325866141732
21
-3.2854396850393699
0
LINE
8
BLACK
6
CONTINUOUS
10
7.357325866141732
20
-3.2854396850393699
11
7.3597080708661418
21
-3.2796885433070866
0
LINE
8
BLACK
6
CONTINUOUS
10
7.3597080708661418
20
-3.2796885433070866
11
7.3605205905511806
21
-3.2735168110236219
0
LINE
8
BLACK
6
CONTINUOUS
10
7.3605205905511806
20
-3.2735168110236219
11
7.3597080708661418
21
-3.2673450787401572
0
LINE
8
BLACK
6
CONTINUOUS
10
7.3597080708661418
20
-3.2673450787401572
11
7.3573259055118108
21
-3.2615940157480314
0
LINE
8
BLACK
6
CONTINUOUS
10
7.3573259055118108
20
-3.2615940157480314
11
7.3573259055118108
21
-3.2615939763779527
0
LINE
8
BLACK
6
CONTINUOUS
10
7.3573259055118108
20
-3.2615939763779527
11
7.3535364960629916
21
-3.2566555118110236
0
LINE
8
BLACK
6
CONTINUOUS
10
7.3535364960629916
20
-3.2566555118110236
11
7.3535364566929129
21
-3.2566554724409449
0
LINE
8
BLACK
6
CONTINUOUS
10
7.3535364566929129
20
-3.2566554724409449
11
7.3535363385826766
21
-3.2566553149606299
0
LINE
8
BLACK
6
CONTINUOUS
10
7.3535363385826766
20
-3.2566553149606299
11
7.3535361417322829
21
-3.2566551574803149
0
LINE
8
BLACK
6
CONTINUOUS
10
7.3535361417322829
20
-3.2566551574803149
11
7.3535361023622041
21
-3.2566551181102361
0
LINE
8
BLACK
6
CONTINUOUS
10
7.3535361023622041
20
-3.2566551181102361
11
7.3485975984251963
21
-3.2528657086614174
0
LINE
8
BLACK
6
CONTINUOUS
10
7.3485975984251963
20
-3.2528657086614174
11
7.3477917322834641
21
-3.2525318897637794
0
LINE
8
BLACK
6
CONTINUOUS
10
7.3477917322834641
20
-3.2525318897637794
11
7.3459600393700786
21
-3.2509674015748029
0
LINE
8
BLACK
6
CONTINUOUS
10
7.3459600393700786
20
-3.2509674015748029
11
7.3453977559055117
21
-3.2486250787401576
0
LINE
8
BLACK
6
CONTINUOUS
10
7.3453977559055117
20
-3.2486250787401576
11
7.3463196850393695
21
-3.2463996062992124
0
LINE
8
BLACK
6
CONTINUOUS
10
7.3463196850393695
20
-3.2463996062992124
11
7.3477917322834641
21
-3.2453300787401576
0
LINE
8
BLACK
6
CONTINUOUS
10
7.3477917322834641
20
-3.2453300787401576
11
7.3505977165354333
21
-3.244167834645669
0
LINE
8
BLACK
6
CONTINUOUS
10
7.3505977165354333
20
-3.244167834645669
11
7.3555363385826773
21
-3.2403783070866141
0
LINE
8
BLACK
6
CONTINUOUS
10
7.3555363385826773
20
-3.2403783070866141
11
7.3593258661417318
21
-3.2354396850393701
0
LINE
8
BLACK
6
CONTINUOUS
10
7.3593258661417318
20
-3.2354396850393701
11
7.3617080708661415
21
-3.2296885433070863
0
LINE
8
BLACK
6
CONTINUOUS
10
7.3617080708661415
20
-3.2296885433070863
11
7.3625205905511812
21
-3.2235168110236221
0
LINE
8
BLACK
6
CONTINUOUS
10
7.3625205905511812
20
-3.2235168110236221
11
7.3617080708661415
21
-3.2173450787401574
0
LINE
8
BLACK
6
CONTINUOUS
10
7.3617080708661415
20
-3.2173450787401574
11
7.3593259055118105
21
-3.2115940157480316
0
LINE
8
BLACK
6
CONTINUOUS
10
7.3593259055118105
20
-3.2115940157480316
11
7.3593259055118105
21
-3.2115939763779529
0
LINE
8
BLACK
6
CONTINUOUS
10
7.3593259055118105
20
-3.2115939763779529
11
7.3555364960629923
21
-3.2066555118110234
0
LINE
8
BLACK
6
CONTINUOUS
10
7.3555364960629923
20
-3.2066555118110234
11
7.3555364566929136
21
-3.2066554724409446
0
LINE
8
BLACK
6
CONTINUOUS
10
7.3555364566929136
20
-3.2066554724409446
11
7.3555363385826773
21
-3.2066553149606301
0
LINE
8
BLACK
6
CONTINUOUS
10
7.3555363385826773
20
-3.2066553149606301
11
7.3555361417322835
21
-3.206655157480315
0
LINE
8
BLACK
6
CONTINUOUS
10
7.3555361417322835
20
-3.206655157480315
11
7.3555361023622048
21
-3.2066551181102363
0
LINE
8
BLACK
6
CONTINUOUS
10
7.3555361023622048
20
-3.2066551181102363
11
7.350597598425197
21
-3.2028657086614172
0
LINE
8
BLACK
6
CONTINUOUS
10
7.350597598425197
20
-3.2028657086614172
11
7.3448467322834645
21
-3.2004836220472441
0
LINE
8
BLACK
6
CONTINUOUS
10
7.3448467322834645
20
-3.2004836220472441
11
7.3448464173228345
21
-3.2004835433070866
0
LINE
8
BLACK
6
CONTINUOUS
10
7.3448464173228345
20
-3.2004835433070866
11
7.338674881889764
21
-3.1996710629921261
0
LINE
8
BLACK
6
CONTINUOUS
10
7.338674881889764
20
-3.1996710629921261
11
7.3386748031496065
21
-3.1996710629921261
0
LINE
8
BLACK
6
CONTINUOUS
10
7.3386748031496065
20
-3.1996710629921261
11
7.3325032283464564
21
-3.2004835433070866
0
LINE
8
BLACK
6
CONTINUOUS
10
7.3325032283464564
20
-3.2004835433070866
11
7.3325029133858264
21
-3.2004836220472441
0
LINE
8
BLACK
6
CONTINUOUS
10
7.3325029133858264
20
-3.2004836220472441
11
7.3267520472440939
21
-3.2028657086614172
0
LINE
8
BLACK
6
CONTINUOUS
10
7.3267520472440939
20
-3.2028657086614172
11
7.3267520078740151
21
-3.2028657086614172
0
LINE
8
BLACK
6
CONTINUOUS
10
7.3267520078740151
20
-3.2028657086614172
11
7.3216106692913385
21
-3.2068108267716533
0
LINE
8
BLACK
6
CONTINUOUS
10
7.3216106692913385
20
-3.2068108267716533
11
7.3215688976377953
21
-3.2067564173228345
0
LINE
8
BLACK
6
CONTINUOUS
10
7.3215688976377953
20
-3.2067564173228345
11
7.3197148425196845
21
-3.2077011023622046
0
LINE
8
BLACK
6
CONTINUOUS
10
7.3197148425196845
20
-3.2077011023622046
11
7.3191051181102358
21
-3.207749094488189
0
LINE
8
BLACK
6
CONTINUOUS
10
7.3191051181102358
20
-3.207749094488189
11
7.0153544094488192
21
-3.207749094488189
0
LINE
8
BLACK
6
CONTINUOUS
10
7.0153544094488192
20
-3.207749094488189
11
7.0153534645669291
21
-3.2077491338582678
0
LINE
8
BLACK
6
CONTINUOUS
10
7.0153534645669291
20
-3.2077491338582678
11
7.0141773228346453
21
-3.2077491338582678
0
LINE
8
BLACK
6
CONTINUOUS
10
7.0141773228346453
20
-3.2077491338582678
11
7.0132742913385826
21
-3.208042559055118
0
LINE
8
BLACK
6
CONTINUOUS
10
7.0132742913385826
20
-3.208042559055118
11
7.0126797244094483
21
-3.2081853149606299
0
LINE
8
BLACK
6
CONTINUOUS
10
7.0126797244094483
20
-3.2081853149606299
11
7.0117414960629922
21
-3.2083338976377953
0
LINE
8
BLACK
6
CONTINUOUS
10
7.0117414960629922
20
-3.2083338976377953
11
7.0108952362204722
21
-3.2087650787401576
0
LINE
8
BLACK
6
CONTINUOUS
10
7.0108952362204722
20
-3.2087650787401576
11
7.0103304724409448
21
-3.2089990157480313
0
LINE
8
BLACK
6
CONTINUOUS
10
7.0103304724409448
20
-3.2089990157480313
11
7.0094272440944883
21
-3.2092925196850395
0
LINE
8
BLACK
6
CONTINUOUS
10
7.0094272440944883
20
-3.2092925196850395
11
7.0086588188976373
21
-3.2098508267716537
0
LINE
8
BLACK
6
CONTINUOUS
10
7.0086588188976373
20
-3.2098508267716537
11
7.008137440944882
21
-3.2101703149606298
0
LINE
8
BLACK
6
CONTINUOUS
10
7.008137440944882
20
-3.2101703149606298
11
7.0072912992125982
21
-3.2106014566929133
0
LINE
8
BLACK
6
CONTINUOUS
10
7.0072912992125982
20
-3.2106014566929133
11
7.0072912204724407
21
-3.2106014960629921
0
LINE
8
BLACK
6
CONTINUOUS
10
7.0072912204724407
20
-3.2106014960629921
11
7.0064027952755907
21
-3.2114899212598425
0
LINE
8
BLACK
6
CONTINUOUS
10
7.0064027952755907
20
-3.2114899212598425
11
6.5177312992125982
21
-3.7001613779527558
0
LINE
8
BLACK
6
CONTINUOUS
10
6.5177312992125982
20
-3.7001613779527558
11
6.515584960629921
21
-3.701254960629921
0
LINE
8
BLACK
6
CONTINUOUS
10
6.515584960629921
20
-3.701254960629921
11
6.5151435433070866
21
-3.7012896850393702
0
LINE
8
BLACK
6
CONTINUOUS
10
6.5151435433070866
20
-3.7012896850393702
11
6.5088713385826766
21
-3.7021154330708659
0
LINE
8
BLACK
6
CONTINUOUS
10
6.5088713385826766
20
-3.7021154330708659
11
6.5088710236220475
21
-3.7021155118110234
0
LINE
8
BLACK
6
CONTINUOUS
10
6.5088710236220475
20
-3.7021155118110234
11
6.503120157480315
21
-3.7044975984251969
0
LINE
8
BLACK
6
CONTINUOUS
10
6.503120157480315
20
-3.7044975984251969
11
6.5031201181102363
21
-3.7044975984251969
0
LINE
8
BLACK
6
CONTINUOUS
10
6.5031201181102363
20
-3.7044975984251969
11
6.4981816535433072
21
-3.7082870078740156
0
LINE
8
BLACK
6
CONTINUOUS
10
6.4981816535433072
20
-3.7082870078740156
11
6.4981812598425197
21
-3.7082874015748031
0
LINE
8
BLACK
6
CONTINUOUS
10
6.4981812598425197
20
-3.7082874015748031
11
6.4943918897637793
21
-3.7132258661417321
0
LINE
8
BLACK
6
CONTINUOUS
10
6.4943918897637793
20
-3.7132258661417321
11
6.4926657086614172
21
-3.7173932283464568
0
LINE
8
BLACK
6
CONTINUOUS
10
6.4926657086614172
20
-3.7173932283464568
11
6.4911012598425195
21
-3.719224960629921
0
LINE
8
BLACK
6
CONTINUOUS
10
6.4911012598425195
20
-3.719224960629921
11
6.4887589370078738
21
-3.7197872834645667
0
LINE
8
BLACK
6
CONTINUOUS
10
6.4887589370078738
20
-3.7197872834645667
11
6.4865334251968498
21
-3.7188654330708659
0
LINE
8
BLACK
6
CONTINUOUS
10
6.4865334251968498
20
-3.7188654330708659
11
6.4863087007874016
21
-3.7186577165354331
0
LINE
8
BLACK
6
CONTINUOUS
10
6.4863087007874016
20
-3.7186577165354331
11
6.3958990944881888
21
-3.6282481102362203
0
LINE
8
BLACK
6
CONTINUOUS
10
6.3958990944881888
20
-3.6282481102362203
11
6.3948055118110236
21
-3.6261017716535431
0
LINE
8
BLACK
6
CONTINUOUS
10
6.3948055118110236
20
-3.6261017716535431
11
6.3947575196850392
21
-3.6254920472440944
0
LINE
8
BLACK
6
CONTINUOUS
10
6.3947575196850392
20
-3.6254920472440944
11
6.3947575196850392
21
-3.5690128740157481
0
LINE
8
BLACK
6
CONTINUOUS
10
6.3947575196850392
20
-3.5690128740157481
11
6.3947575196850392
21
-3.5160219291338581
0
LINE
8
BLACK
6
CONTINUOUS
10
6.3947575196850392
20
-3.5160219291338581
11
6.3947574803149605
21
-3.5160207874015748
0
LINE
8
BLACK
6
CONTINUOUS
10
6.3947574803149605
20
-3.5160207874015748
11
6.3947574803149605
21
-3.5148383464566928
0
LINE
8
BLACK
6
CONTINUOUS
10
6.3947574803149605
20
-3.5148383464566928
11
6.3947574409448817
21
-3.5148382677165353
0
LINE
8
BLACK
6
CONTINUOUS
10
6.3947574409448817
20
-3.5148382677165353
11
6.394464094488189
21
-3.5139354330708659
0
LINE
8
BLACK
6
CONTINUOUS
10
6.394464094488189
20
-3.5139354330708659
11
6.3943212598425196
21
-3.5133405511811024
0
LINE
8
BLACK
6
CONTINUOUS
10
6.3943212598425196
20
-3.5133405511811024
11
6.394172716535433
21
-3.5124025196850392
0
LINE
8
BLACK
6
CONTINUOUS
10
6.394172716535433
20
-3.5124025196850392
11
6.394172716535433
21
-3.5124024803149605
0
LINE
8
BLACK
6
CONTINUOUS
10
6.394172716535433
20
-3.5124024803149605
11
6.3937413779527557
21
-3.5115559842519684
0
LINE
8
BLACK
6
CONTINUOUS
10
6.3937413779527557
20
-3.5115559842519684
11
6.3935075196850395
21
-3.5109912992125984
0
LINE
8
BLACK
6
CONTINUOUS
10
6.3935075196850395
20
-3.5109912992125984
11
6.3932140944881892
21
-3.5100881889763778
0
LINE
8
BLACK
6
CONTINUOUS
10
6.3932140944881892
20
-3.5100881889763778
11
6.3932140551181105
21
-3.510088149606299
0
LINE
8
BLACK
6
CONTINUOUS
10
6.3932140551181105
20
-3.510088149606299
11
6.3932140551181105
21
-3.5100880708661415
0
LINE
8
BLACK
6
CONTINUOUS
10
6.3932140551181105
20
-3.5100880708661415
11
6.3926558267716533
21
-3.5093197637795277
0
LINE
8
BLACK
6
CONTINUOUS
10
6.3926558267716533
20
-3.5093197637795277
11
6.3923362598425193
21
-3.5087982677165352
0
LINE
8
BLACK
6
CONTINUOUS
10
6.3923362598425193
20
-3.5087982677165352
11
6.3919051574803145
21
-3.5079521653543306
0
LINE
8
BLACK
6
CONTINUOUS
10
6.3919051574803145
20
-3.5079521653543306
11
6.3919051181102358
21
-3.5079521259842519
0
LINE
8
BLACK
6
CONTINUOUS
10
6.3919051181102358
20
-3.5079521259842519
11
6.3883733464566932
21
-3.5044203149606297
0
LINE
8
BLACK
6
CONTINUOUS
10
6.3883733464566932
20
-3.5044203149606297
11
6.3591242125984246
21
-3.4751712204724408
0
LINE
8
BLACK
6
CONTINUOUS
10
6.3591242125984246
20
-3.4751712204724408
11
6.3409403149606298
21
-3.4569872834645667
0
LINE
8
BLACK
6
CONTINUOUS
10
6.3409403149606298
20
-3.4569872834645667
11
6.3398467716535434
21
-3.454841023622047
0
LINE
8
BLACK
6
CONTINUOUS
10
6.3398467716535434
20
-3.454841023622047
11
6.3402235826771651
21
-3.452461811023622
0
LINE
8
BLACK
6
CONTINUOUS
10
6.3402235826771651
20
-3.452461811023622
11
6.3419269291338578
21
-3.4507584645669289
0
LINE
8
BLACK
6
CONTINUOUS
10
6.3419269291338578
20
-3.4507584645669289
11
6.3439154330708662
21
-3.4504168503937005
0
LINE
8
BLACK
6
CONTINUOUS
10
6.3439154330708662
20
-3.4504168503937005
11
6.3439154330708662
21
-3.4503625196850392
0
LINE
8
BLACK
6
CONTINUOUS
10
6.3439154330708662
20
-3.4503625196850392
11
6.3441709448818893
21
-3.4503625196850392
0
LINE
8
BLACK
6
CONTINUOUS
10
6.3441709448818893
20
-3.4503625196850392
11
6.345405236220472
21
-3.4501999999999997
0
LINE
8
BLACK
6
CONTINUOUS
10
6.345405236220472
20
-3.4501999999999997
11
6.3503426377952756
21
-3.4495499999999999
0
LINE
8
BLACK
6
CONTINUOUS
10
6.3503426377952756
20
-3.4495499999999999
11
6.3560937795275585
21
-3.4471677952755906
0
LINE
8
BLACK
6
CONTINUOUS
10
6.3560937795275585
20
-3.4471677952755906
11
6.3610324015748034
21
-3.4433782677165352
0
LINE
8
BLACK
6
CONTINUOUS
10
6.3610324015748034
20
-3.4433782677165352
11
6.3648219291338579
21
-3.4384396456692912
0
LINE
8
BLACK
6
CONTINUOUS
10
6.3648219291338579
20
-3.4384396456692912
11
6.3672041338582677
21
-3.4326885039370079
0
LINE
8
BLACK
6
CONTINUOUS
10
6.3672041338582677
20
-3.4326885039370079
11
6.3680166535433074
21
-3.4265167716535432
0
LINE
8
BLACK
6
CONTINUOUS
10
6.3680166535433074
20
-3.4265167716535432
11
6.3672041338582677
21
-3.4203450393700785
0
LINE
8
BLACK
6
CONTINUOUS
10
6.3672041338582677
20
-3.4203450393700785
11
6.3672040551181102
21
-3.4203448031496064
0
LINE
8
BLACK
6
CONTINUOUS
10
6.3672040551181102
20
-3.4203448031496064
11
6.3648219685039367
21
-3.4145939763779527
0
LINE
8
BLACK
6
CONTINUOUS
10
6.3648219685039367
20
-3.4145939763779527
11
6.3648219685039367
21
-3.4145939370078739
0
LINE
8
BLACK
6
CONTINUOUS
10
6.3648219685039367
20
-3.4145939370078739
11
6.3610325590551176
21
-3.4096554724409449
0
LINE
8
BLACK
6
CONTINUOUS
10
6.3610325590551176
20
-3.4096554724409449
11
6.3610325196850388
21
-3.4096554330708662
0
LINE
8
BLACK
6
CONTINUOUS
10
6.3610325196850388
20
-3.4096554330708662
11
6.3610324015748034
21
-3.4096552755905511
0
LINE
8
BLACK
6
CONTINUOUS
10
6.3610324015748034
20
-3.4096552755905511
11
6.3610322047244097
21
-3.4096551181102361
0
LINE
8
BLACK
6
CONTINUOUS
10
6.3610322047244097
20
-3.4096551181102361
11
6.3610321653543309
21
-3.4096550787401574
0
LINE
8
BLACK
6
CONTINUOUS
10
6.3610321653543309
20
-3.4096550787401574
11
6.3560936614173231
21
-3.4058656692913387
0
LINE
8
BLACK
6
CONTINUOUS
10
6.3560936614173231
20
-3.4058656692913387
11
6.3503427952755906
21
-3.4034835826771652
0
LINE
8
BLACK
6
CONTINUOUS
10
6.3503427952755906
20
-3.4034835826771652
11
6.3503424803149606
21
-3.4034835039370077
0
LINE
8
BLACK
6
CONTINUOUS
10
6.3503424803149606
20
-3.4034835039370077
11
6.3441709448818893
21
-3.4026710236220472
0
LINE
8
BLACK
6
CONTINUOUS
10
6.3441709448818893
20
-3.4026710236220472
11
6.3441708661417318
21
-3.4026710236220472
0
LINE
8
BLACK
6
CONTINUOUS
10
6.3441708661417318
20
-3.4026710236220472
11
6.3379992913385825
21
-3.4034835039370077
0
LINE
8
BLACK
6
CONTINUOUS
10
6.3379992913385825
20
-3.4034835039370077
11
6.3379990944881888
21
-3.4034835433070865
0
LINE
8
BLACK
6
CONTINUOUS
10
6.3379990944881888
20
-3.4034835433070865
11
6.3366147637795276
21
-3.4040569685039368
0
LINE
8
BLACK
6
CONTINUOUS
10
6.3366147637795276
20
-3.4040569685039368
11
6.334213307086614
21
-3.4042459055118108
0
LINE
8
BLACK
6
CONTINUOUS
10
6.334213307086614
20
-3.4042459055118108
11
6.3321594488188975
21
-3.4029872440944882
0
LINE
8
BLACK
6
CONTINUOUS
10
6.3321594488188975
20
-3.4029872440944882
11
6.331237637795275
21
-3.4007617322834647
0
LINE
8
BLACK
6
CONTINUOUS
10
6.331237637795275
20
-3.4007617322834647
11
6.3315223228346458
21
-3.3989644094488187
0
LINE
8
BLACK
6
CONTINUOUS
10
6.3315223228346458
20
-3.3989644094488187
11
6.3315929133858262
21
-3.3987940157480314
0
LINE
8
BLACK
6
CONTINUOUS
10
6.3315929133858262
20
-3.3987940157480314
11
6.3337076771653544
21
-3.3936885433070865
0
LINE
8
BLACK
6
CONTINUOUS
10
6.3337076771653544
20
-3.3936885433070865
11
6.3345201968503932
21
-3.3875168110236218
0
LINE
8
BLACK
6
CONTINUOUS
10
6.3345201968503932
20
-3.3875168110236218
11
6.3337076771653544
21
-3.3813450787401576
0
LINE
8
BLACK
6
CONTINUOUS
10
6.3337076771653544
20
-3.3813450787401576
11
6.3333645669291334
21
-3.3805167716535434
0
LINE
8
BLACK
6
CONTINUOUS
10
6.3333645669291334
20
-3.3805167716535434
11
6.3313255118110234
21
-3.3755940157480313
0
LINE
8
BLACK
6
CONTINUOUS
10
6.3313255118110234
20
-3.3755940157480313
11
6.3313255118110234
21
-3.3755939763779526
0
LINE
8
BLACK
6
CONTINUOUS
10
6.3313255118110234
20
-3.3755939763779526
11
6.3275361023622043
21
-3.3706555118110235
0
LINE
8
BLACK
6
CONTINUOUS
10
6.3275361023622043
20
-3.3706555118110235
11
6.3275360629921256
21
-3.3706554724409448
0
LINE
8
BLACK
6
CONTINUOUS
10
6.3275360629921256
20
-3.3706554724409448
11
6.3275359448818893
21
-3.3706553149606298
0
LINE
8
BLACK
6
CONTINUOUS
10
6.3275359448818893
20
-3.3706553149606298
11
6.3275357480314955
21
-3.3706551574803147
0
LINE
8
BLACK
6
CONTINUOUS
10
6.3275357480314955
20
-3.3706551574803147
11
6.3275357086614168
21
-3.370655118110236
0
LINE
8
BLACK
6
CONTINUOUS
10
6.3275357086614168
20
-3.370655118110236
11
6.3234457086614171
21
-3.367516771653543
0
LINE
8
BLACK
6
CONTINUOUS
10
6.3234457086614171
20
-3.367516771653543
11
6.3225973228346453
21
-3.3668657874015748
0
LINE
8
BLACK
6
CONTINUOUS
10
6.3225973228346453
20
-3.3668657874015748
11
6.3225972834645665
21
-3.3668657480314961
0
LINE
8
BLACK
6
CONTINUOUS
10
6.3225972834645665
20
-3.3668657480314961
11
6.322597204724409
21
-3.3668657086614173
0
LINE
8
BLACK
6
CONTINUOUS
10
6.322597204724409
20
-3.3668657086614173
11
6.3168463385826774
21
-3.3644836220472438
0
LINE
8
BLACK
6
CONTINUOUS
10
6.3168463385826774
20
-3.3644836220472438
11
6.3168460236220474
21
-3.3644835433070863
0
LINE
8
BLACK
6
CONTINUOUS
10
6.3168460236220474
20
-3.3644835433070863
11
6.310674488188976
21
-3.3636710629921258
0
LINE
8
BLACK
6
CONTINUOUS
10
6.310674488188976
20
-3.3636710629921258
11
6.3106744094488185
21
-3.3636710629921258
0
LINE
8
BLACK
6
CONTINUOUS
10
6.3106744094488185
20
-3.3636710629921258
11
6.3045028346456693
21
-3.3644835433070863
0
LINE
8
BLACK
6
CONTINUOUS
10
6.3045028346456693
20
-3.3644835433070863
11
6.3045025196850393
21
-3.3644836220472438
0
LINE
8
BLACK
6
CONTINUOUS
10
6.3045025196850393
20
-3.3644836220472438
11
6.2987516535433068
21
-3.3668657086614173
0
LINE
8
BLACK
6
CONTINUOUS
10
6.2987516535433068
20
-3.3668657086614173
11
6.298751614173228
21
-3.3668657086614173
0
LINE
8
BLACK
6
CONTINUOUS
10
6.298751614173228
20
-3.3668657086614173
11
6.293813149606299
21
-3.370655118110236
0
LINE
8
BLACK
6
CONTINUOUS
10
6.293813149606299
20
-3.370655118110236
11
6.2938127559055115
21
-3.3706555118110235
0
LINE
8
BLACK
6
CONTINUOUS
10
6.2938127559055115
20
-3.3706555118110235
11
6.2900233464566924
21
-3.3755939763779526
0
LINE
8
BLACK
6
CONTINUOUS
10
6.2900233464566924
20
-3.3755939763779526
11
6.2900233464566924
21
-3.3755940157480313
0
LINE
8
BLACK
6
CONTINUOUS
10
6.2900233464566924
20
-3.3755940157480313
11
6.2876412598425198
21
-3.3813448818897638
0
LINE
8
BLACK
6
CONTINUOUS
10
6.2876412598425198
20
-3.3813448818897638
11
6.2876411811023623
21
-3.3813451968503938
0
LINE
8
BLACK
6
CONTINUOUS
10
6.2876411811023623
20
-3.3813451968503938
11
6.2868287007874013
21
-3.387516771653543
0
LINE
8
BLACK
6
CONTINUOUS
10
6.2868287007874013
20
-3.387516771653543
11
6.2868287007874013
21
-3.3875168110236218
0
LINE
8
BLACK
6
CONTINUOUS
10
6.2868287007874013
20
-3.3875168110236218
11
6.2876411811023623
21
-3.3936883858267715
0
LINE
8
BLACK
6
CONTINUOUS
10
6.2876411811023623
20
-3.3936883858267715
11
6.2876412598425198
21
-3.3936887007874015
0
LINE
8
BLACK
6
CONTINUOUS
10
6.2876412598425198
20
-3.3936887007874015
11
6.2900233464566924
21
-3.399439566929134
0
LINE
8
BLACK
6
CONTINUOUS
10
6.2900233464566924
20
-3.399439566929134
11
6.2900233464566924
21
-3.3994396062992127
0
LINE
8
BLACK
6
CONTINUOUS
10
6.2900233464566924
20
-3.3994396062992127
11
6.2935663779527555
21
-3.4040569685039368
0
LINE
8
BLACK
6
CONTINUOUS
10
6.2935663779527555
20
-3.4040569685039368
11
6.2938129527559052
21
-3.4043783070866143
0
LINE
8
BLACK
6
CONTINUOUS
10
6.2938129527559052
20
-3.4043783070866143
11
6.2938131102362203
21
-3.4043784251968505
0
LINE
8
BLACK
6
CONTINUOUS
10
6.2938131102362203
20
-3.4043784251968505
11
6.293813149606299
21
-3.4043784645669293
0
LINE
8
BLACK
6
CONTINUOUS
10
6.293813149606299
20
-3.4043784645669293
11
6.2945783070866144
21
-3.4049655905511811
0
LINE
8
BLACK
6
CONTINUOUS
10
6.2945783070866144
20
-3.4049655905511811
11
6.2987515748031493
21
-3.4081678346456692
0
LINE
8
BLACK
6
CONTINUOUS
10
6.2987515748031493
20
-3.4081678346456692
11
6.298751614173228
21
-3.4081678346456692
0
LINE
8
BLACK
6
CONTINUOUS
10
6.298751614173228
20
-3.4081678346456692
11
6.2987516535433068
21
-3.4081678740157479
0
LINE
8
BLACK
6
CONTINUOUS
10
6.2987516535433068
20
-3.4081678740157479
11
6.3026922440944881
21
-3.409800118110236
0
LINE
8
BLACK
6
CONTINUOUS
10
6.3026922440944881
20
-3.409800118110236
11
6.304502716535433
21
-3.4105500393700785
0
LINE
8
BLACK
6
CONTINUOUS
10
6.304502716535433
20
-3.4105500393700785
11
6.3080933858267718
21
-3.4110227559055115
0
LINE
8
BLACK
6
CONTINUOUS
10
6.3080933858267718
20
-3.4110227559055115
11
6.3106744094488185
21
-3.4113625590551182
0
LINE
8
BLACK
6
CONTINUOUS
10
6.3106744094488185
20
-3.4113625590551182
11
6.3106744488188973
21
-3.4113625590551182
0
LINE
8
BLACK
6
CONTINUOUS
10
6.3106744488188973
20
-3.4113625590551182
11
6.310674488188976
21
-3.4113625590551182
0
LINE
8
BLACK
6
CONTINUOUS
10
6.310674488188976
20
-3.4113625590551182
11
6.3119087795275588
21
-3.4112000393700788
0
LINE
8
BLACK
6
CONTINUOUS
10
6.3119087795275588
20
-3.4112000393700788
11
6.3168461811023624
21
-3.4105500393700785
0
LINE
8
BLACK
6
CONTINUOUS
10
6.3168461811023624
20
-3.4105500393700785
11
6.3182305511811023
21
-3.4099765748031494
0
LINE
8
BLACK
6
CONTINUOUS
10
6.3182305511811023
20
-3.4099765748031494
11
6.3206318897637797
21
-3.4097875984251966
0
LINE
8
BLACK
6
CONTINUOUS
10
6.3206318897637797
20
-3.4097875984251966
11
6.3226857874015749
21
-3.411046220472441
0
LINE
8
BLACK
6
CONTINUOUS
10
6.3226857874015749
20
-3.411046220472441
11
6.323607677165354
21
-3.4132716929133857
0
LINE
8
BLACK
6
CONTINUOUS
10
6.323607677165354
20
-3.4132716929133857
11
6.3233229921259841
21
-3.4150690944881887
0
LINE
8
BLACK
6
CONTINUOUS
10
6.3233229921259841
20
-3.4150690944881887
11
6.321137716535433
21
-3.4203448031496064
0
LINE
8
BLACK
6
CONTINUOUS
10
6.321137716535433
20
-3.4203448031496064
11
6.3211376377952755
21
-3.4203451574803148
0
LINE
8
BLACK
6
CONTINUOUS
10
6.3211376377952755
20
-3.4203451574803148
11
6.3203251574803145
21
-3.4265167322834644
0
LINE
8
BLACK
6
CONTINUOUS
10
6.3203251574803145
20
-3.4265167322834644
11
6.3203251574803145
21
-3.4265167716535432
0
LINE
8
BLACK
6
CONTINUOUS
10
6.3203251574803145
20
-3.4265167716535432
11
6.3211376377952755
21
-3.4326883464566929
0
LINE
8
BLACK
6
CONTINUOUS
10
6.3211376377952755
20
-3.4326883464566929
11
6.321137716535433
21
-3.4326887007874016
0
LINE
8
BLACK
6
CONTINUOUS
10
6.321137716535433
20
-3.4326887007874016
11
6.3227837401574805
21
-3.4366625196850391
0
LINE
8
BLACK
6
CONTINUOUS
10
6.3227837401574805
20
-3.4366625196850391
11
6.3229727559055116
21
-3.4390639370078739
0
LINE
8
BLACK
6
CONTINUOUS
10
6.3229727559055116
20
-3.4390639370078739
11
6.3217140944881889
21
-3.4411178346456692
0
LINE
8
BLACK
6
CONTINUOUS
10
6.3217140944881889
20
-3.4411178346456692
11
6.319488582677165
21
-3.44203968503937
0
LINE
8
BLACK
6
CONTINUOUS
10
6.319488582677165
20
-3.44203968503937
11
6.3191827952755908
21
-3.4420516929133855
0
LINE
8
BLACK
6
CONTINUOUS
10
6.3191827952755908
20
-3.4420516929133855
11
6.212123149606299
21
-3.4420516929133855
0
LINE
8
BLACK
6
CONTINUOUS
10
6.212123149606299
20
-3.4420516929133855
11
6.2098321653543307
21
-3.4413073228346458
0
LINE
8
BLACK
6
CONTINUOUS
10
6.2098321653543307
20
-3.4413073228346458
11
6.209367086614173
21
-3.4409101181102359
0
LINE
8
BLACK
6
CONTINUOUS
10
6.209367086614173
20
-3.4409101181102359
11
6.154170748031496
21
-3.3857137795275589
0
LINE
8
BLACK
6
CONTINUOUS
10
6.154170748031496
20
-3.3857137795275589
11
6.1530771653543308
21
-3.3835674409448817
0
LINE
8
BLACK
6
CONTINUOUS
10
6.1530771653543308
20
-3.3835674409448817
11
6.1530627952755905
21
-3.3834686220472441
0
LINE
8
BLACK
6
CONTINUOUS
10
6.1530627952755905
20
-3.3834686220472441
11
6.1523379921259842
21
-3.3779628740157479
0
LINE
8
BLACK
6
CONTINUOUS
10
6.1523379921259842
20
-3.3779628740157479
11
6.1508393700787396
21
-3.3743448818897637
0
LINE
8
BLACK
6
CONTINUOUS
10
6.1508393700787396
20
-3.3743448818897637
11
6.1499558267716532
21
-3.3722118110236221
0
LINE
8
BLACK
6
CONTINUOUS
10
6.1499558267716532
20
-3.3722118110236221
11
6.1499558267716532
21
-3.3722117716535434
0
LINE
8
BLACK
6
CONTINUOUS
10
6.1499558267716532
20
-3.3722117716535434
11
6.1461664173228341
21
-3.3672733070866139
0
LINE
8
BLACK
6
CONTINUOUS
10
6.1461664173228341
20
-3.3672733070866139
11
6.1461663779527553
21
-3.3672732677165356
0
LINE
8
BLACK
6
CONTINUOUS
10
6.1461663779527553
20
-3.3672732677165356
11
6.14616625984252
21
-3.3672731102362206
0
LINE
8
BLACK
6
CONTINUOUS
10
6.14616625984252
20
-3.3672731102362206
11
6.1461660629921262
21
-3.3672729527559055
0
LINE
8
BLACK
6
CONTINUOUS
10
6.1461660629921262
20
-3.3672729527559055
11
6.1461660236220474
21
-3.3672729133858268
0
LINE
8
BLACK
6
CONTINUOUS
10
6.1461660236220474
20
-3.3672729133858268
11
6.1414516929133853
21
-3.3636555118110234
0
LINE
8
BLACK
6
CONTINUOUS
10
6.1414516929133853
20
-3.3636555118110234
11
6.141227637795275
21
-3.3634835826771652
0
LINE
8
BLACK
6
CONTINUOUS
10
6.141227637795275
20
-3.3634835826771652
11
6.1412275984251963
21
-3.3634835433070864
0
LINE
8
BLACK
6
CONTINUOUS
10
6.1412275984251963
20
-3.3634835433070864
11
6.1412275196850397
21
-3.3634835039370077
0
LINE
8
BLACK
6
CONTINUOUS
10
6.1412275196850397
20
-3.3634835039370077
11
6.1354766535433072
21
-3.3611014173228346
0
LINE
8
BLACK
6
CONTINUOUS
10
6.1354766535433072
20
-3.3611014173228346
11
6.1354763385826772
21
-3.3611013385826771
0
LINE
8
BLACK
6
CONTINUOUS
10
6.1354763385826772
20
-3.3611013385826771
11
6.129051496062992
21
-3.3602555118110233
0
LINE
8
BLACK
6
CONTINUOUS
10
6.129051496062992
20
-3.3602555118110233
11
6.1290604330708662
21
-3.3601874803149605
0
LINE
8
BLACK
6
CONTINUOUS
10
6.1290604330708662
20
-3.3601874803149605
11
6.1270814566929133
21
-3.3595444881889764
0
LINE
8
BLACK
6
CONTINUOUS
10
6.1270814566929133
20
-3.3595444881889764
11
6.1266164173228344
21
-3.359147283464567
0
LINE
8
BLACK
6
CONTINUOUS
10
6.1266164173228344
20
-3.359147283464567
11
6.1143348031496059
21
-3.3468657086614173
0
LINE
8
BLACK
6
CONTINUOUS
10
6.1143348031496059
20
-3.3468657086614173
11
6.1079589763779527
21
-3.3404898818897637
0
LINE
8
BLACK
6
CONTINUOUS
10
6.1079589763779527
20
-3.3404898818897637
11
6.1079588188976377
21
-3.3404897637795274
0
LINE
8
BLACK
6
CONTINUOUS
10
6.1079588188976377
20
-3.3404897637795274
11
6.1078611417322834
21
-3.3403920866141732
0
LINE
8
BLACK
6
CONTINUOUS
10
6.1078611417322834
20
-3.3403920866141732
11
6.1078611417322834
21
-3.3403920472440944
0
LINE
8
BLACK
6
CONTINUOUS
10
6.1078611417322834
20
-3.3403920472440944
11
6.1070705511811019
21
-3.3396014960629921
0
LINE
8
BLACK
6
CONTINUOUS
10
6.1070705511811019
20
-3.3396014960629921
11
6.1070705118110231
21
-3.3396014566929133
0
LINE
8
BLACK
6
CONTINUOUS
10
6.1070705118110231
20
-3.3396014566929133
11
6.1062242519685039
21
-3.3391702362204723
0
LINE
8
BLACK
6
CONTINUOUS
10
6.1062242519685039
20
-3.3391702362204723
11
6.1057030314960627
21
-3.3388508267716537
0
LINE
8
BLACK
6
CONTINUOUS
10
6.1057030314960627
20
-3.3388508267716537
11
6.105465748031496
21
-3.3386784251968504
0
LINE
8
BLACK
6
CONTINUOUS
10
6.105465748031496
20
-3.3386784251968504
11
6.1049346062992127
21
-3.3382925590551182
0
LINE
8
BLACK
6
CONTINUOUS
10
6.1049346062992127
20
-3.3382925590551182
11
6.1049345275590552
21
-3.3382925196850395
0
LINE
8
BLACK
6
CONTINUOUS
10
6.1049345275590552
20
-3.3382925196850395
11
6.1040311417322837
21
-3.3379989763779525
0
LINE
8
BLACK
6
CONTINUOUS
10
6.1040311417322837
20
-3.3379989763779525
11
6.1034660236220475
21
-3.3377648818897638
0
LINE
8
BLACK
6
CONTINUOUS
10
6.1034660236220475
20
-3.3377648818897638
11
6.1026202755905512
21
-3.3373338976377953
0
LINE
8
BLACK
6
CONTINUOUS
10
6.1026202755905512
20
-3.3373338976377953
11
6.1016820078740155
21
-3.3371852755905511
0
LINE
8
BLACK
6
CONTINUOUS
10
6.1016820078740155
20
-3.3371852755905511
11
6.1010875196850396
21
-3.3370425196850393
0
LINE
8
BLACK
6
CONTINUOUS
10
6.1010875196850396
20
-3.3370425196850393
11
6.100184488188976
21
-3.336749094488189
0
LINE
8
BLACK
6
CONTINUOUS
10
6.100184488188976
20
-3.336749094488189
11
6.100184330708661
21
-3.336749094488189
0
LINE
8
BLACK
6
CONTINUOUS
10
6.100184330708661
20
-3.336749094488189
11
6.0989278740157475
21
-3.336749094488189
0
LINE
8
BLACK
6
CONTINUOUS
10
6.0989278740157475
20
-3.336749094488189
11
6.0217143700787403
21
-3.336749094488189
0
LINE
8
BLACK
6
CONTINUOUS
10
6.0217143700787403
20
-3.336749094488189
11
6.0167196456692915
21
-3.336749094488189
0
LINE
8
BLACK
6
CONTINUOUS
10
6.0167196456692915
20
-3.336749094488189
11
6.016719566929134
21
-3.336749094488189
0
LINE
8
BLACK
6
CONTINUOUS
10
6.016719566929134
20
-3.336749094488189
11
6.0167194488188978
21
-3.3367491338582678
0
LINE
8
BLACK
6
CONTINUOUS
10
6.0167194488188978
20
-3.3367491338582678
11
6.0158163779527554
21
-3.3370425196850393
0
LINE
8
BLACK
6
CONTINUOUS
10
6.0158163779527554
20
-3.3370425196850393
11
6.0152220866141732
21
-3.3371851968503936
0
LINE
8
BLACK
6
CONTINUOUS
10
6.0152220866141732
20
-3.3371851968503936
11
6.0142839763779525
21
-3.3373338188976378
0
LINE
8
BLACK
6
CONTINUOUS
10
6.0142839763779525
20
-3.3373338188976378
11
6.014283582677165
21
-3.3373339370078741
0
LINE
8
BLACK
6
CONTINUOUS
10
6.014283582677165
20
-3.3373339370078741
11
6.0134375590551183
21
-3.3377650393700788
0
LINE
8
BLACK
6
CONTINUOUS
10
6.0134375590551183
20
-3.3377650393700788
11
6.0128725984251963
21
-3.33799905511811
0
LINE
8
BLACK
6
CONTINUOUS
10
6.0128725984251963
20
-3.33799905511811
11
6.0119695669291335
21
-3.338292440944882
0
LINE
8
BLACK
6
CONTINUOUS
10
6.0119695669291335
20
-3.338292440944882
11
6.0119692125984248
21
-3.3382926377952753
0
LINE
8
BLACK
6
CONTINUOUS
10
6.0119692125984248
20
-3.3382926377952753
11
6.0112006692913384
21
-3.3388509448818895
0
LINE
8
BLACK
6
CONTINUOUS
10
6.0112006692913384
20
-3.3388509448818895
11
6.010679645669291
21
-3.3391702362204723
0
LINE
8
BLACK
6
CONTINUOUS
10
6.010679645669291
20
-3.3391702362204723
11
6.0098335433070869
21
-3.3396013779527558
0
LINE
8
BLACK
6
CONTINUOUS
10
6.0098335433070869
20
-3.3396013779527558
11
6.0098334645669294
21
-3.3396014566929133
0
LINE
8
BLACK
6
CONTINUOUS
10
6.0098334645669294
20
-3.3396014566929133
11
6.008945118110236
21
-3.3404897637795274
0
LINE
8
BLACK
6
CONTINUOUS
10
6.008945118110236
20
-3.3404897637795274
11
6.0089450393700785
21
-3.3404898425196849
0
LINE
8
BLACK
6
CONTINUOUS
10
6.0089450393700785
20
-3.3404898425196849
11
6.008944960629921
21
-3.3404898425196849
0
LINE
8
BLACK
6
CONTINUOUS
10
6.008944960629921
20
-3.3404898425196849
11
6.0089449999999998
21
-3.3404898818897637
0
LINE
8
BLACK
6
CONTINUOUS
10
6.0089449999999998
20
-3.3404898818897637
11
5.8533312992125985
21
-3.4961035826771654
0
LINE
8
BLACK
6
CONTINUOUS
10
5.8533312992125985
20
-3.4961035826771654
11
5.8511849606299213
21
-3.4971971653543306
0
LINE
8
BLACK
6
CONTINUOUS
10
5.8511849606299213
20
-3.4971971653543306
11
5.8505752362204726
21
-3.4972451574803149
0
LINE
8
BLACK
6
CONTINUOUS
10
5.8505752362204726
20
-3.4972451574803149
11
5.7718583464566926
21
-3.4972451574803149
0
LINE
8
BLACK
6
CONTINUOUS
10
5.7718583464566926
20
-3.4972451574803149
11
5.7718574015748034
21
-3.4972451968503937
0
LINE
8
BLACK
6
CONTINUOUS
10
5.7718574015748034
20
-3.4972451968503937
11
5.7706812598425197
21
-3.4972451968503937
0
LINE
8
BLACK
6
CONTINUOUS
10
5.7706812598425197
20
-3.4972451968503937
11
5.7697782283464569
21
-3.497538622047244
0
LINE
8
BLACK
6
CONTINUOUS
10
5.7697782283464569
20
-3.497538622047244
11
5.7691836614173226
21
-3.4976813779527558
0
LINE
8
BLACK
6
CONTINUOUS
10
5.7691836614173226
20
-3.4976813779527558
11
5.7682454330708657
21
-3.4978299606299212
0
LINE
8
BLACK
6
CONTINUOUS
10
5.7682454330708657
20
-3.4978299606299212
11
5.7673991732283465
21
-3.4982611417322835
0
LINE
8
BLACK
6
CONTINUOUS
10
5.7673991732283465
20
-3.4982611417322835
11
5.7668344094488191
21
-3.4984950787401572
0
LINE
8
BLACK
6
CONTINUOUS
10
5.7668344094488191
20
-3.4984950787401572
11
5.7659311811023617
21
-3.4987885826771654
0
LINE
8
BLACK
6
CONTINUOUS
10
5.7659311811023617
20
-3.4987885826771654
11
5.7651627559055116
21
-3.4993468897637796
0
LINE
8
BLACK
6
CONTINUOUS
10
5.7651627559055116
20
-3.4993468897637796
11
5.7646413779527554
21
-3.4996663779527557
0
LINE
8
BLACK
6
CONTINUOUS
10
5.7646413779527554
20
-3.4996663779527557
11
5.7637952362204725
21
-3.5000975196850392
0
LINE
8
BLACK
6
CONTINUOUS
10
5.7637952362204725
20
-3.5000975196850392
11
5.763795157480315
21
-3.500097559055118
0
LINE
8
BLACK
6
CONTINUOUS
10
5.763795157480315
20
-3.500097559055118
11
5.7629067322834642
21
-3.5009859842519684
0
LINE
8
BLACK
6
CONTINUOUS
10
5.7629067322834642
20
-3.5009859842519684
11
5.6123868110236224
21
-3.6515058661417323
0
LINE
8
BLACK
6
CONTINUOUS
10
5.6123868110236224
20
-3.6515058661417323
11
5.6102404724409451
21
-3.6525994488188975
0
LINE
8
BLACK
6
CONTINUOUS
10
5.6102404724409451
20
-3.6525994488188975
11
5.6097990551181098
21
-3.6526341732283463
0
LINE
8
BLACK
6
CONTINUOUS
10
5.6097990551181098
20
-3.6526341732283463
11
5.6035268503937008
21
-3.6534599212598424
0
LINE
8
BLACK
6
CONTINUOUS
10
5.6035268503937008
20
-3.6534599212598424
11
5.6035265354330708
21
-3.6534599999999999
0
LINE
8
BLACK
6
CONTINUOUS
10
5.6035265354330708
20
-3.6534599999999999
11
5.5977756692913383
21
-3.655842086614173
0
LINE
8
BLACK
6
CONTINUOUS
10
5.5977756692913383
20
-3.655842086614173
11
5.5977756299212595
21
-3.655842086614173
0
LINE
8
BLACK
6
CONTINUOUS
10
5.5977756299212595
20
-3.655842086614173
11
5.5928371653543305
21
-3.6596314960629921
0
LINE
8
BLACK
6
CONTINUOUS
10
5.5928371653543305
20
-3.6596314960629921
11
5.592836771653543
21
-3.6596318897637796
0
LINE
8
BLACK
6
CONTINUOUS
10
5.592836771653543
20
-3.6596318897637796
11
5.5890473622047239
21
-3.6645703543307087
0
LINE
8
BLACK
6
CONTINUOUS
10
5.5890473622047239
20
-3.6645703543307087
11
5.5890473622047239
21
-3.6645703937007874
0
LINE
8
BLACK
6
CONTINUOUS
10
5.5890473622047239
20
-3.6645703937007874
11
5.5866652755905513
21
-3.6703212598425194
0
LINE
8
BLACK
6
CONTINUOUS
10
5.5866652755905513
20
-3.6703212598425194
11
5.5866651968503938
21
-3.6703215748031495
0
LINE
8
BLACK
6
CONTINUOUS
10
5.5866651968503938
20
-3.6703215748031495
11
5.5858527165354328
21
-3.6764931496062991
0
LINE
8
BLACK
6
CONTINUOUS
10
5.5858527165354328
20
-3.6764931496062991
11
5.5858527165354328
21
-3.6764931889763779
0
LINE
8
BLACK
6
CONTINUOUS
10
5.5858527165354328
20
-3.6764931889763779
11
5.5866651968503938
21
-3.6826647637795276
0
LINE
8
BLACK
6
CONTINUOUS
10
5.5866651968503938
20
-3.6826647637795276
11
5.5866652755905513
21
-3.6826650787401576
0
LINE
8
BLACK
6
CONTINUOUS
10
5.5866652755905513
20
-3.6826650787401576
11
5.5890473622047239
21
-3.6884159448818896
0
LINE
8
BLACK
6
CONTINUOUS
10
5.5890473622047239
20
-3.6884159448818896
11
5.5890473622047239
21
-3.6884159842519684
0
LINE
8
BLACK
6
CONTINUOUS
10
5.5890473622047239
20
-3.6884159842519684
11
5.5925859842519685
21
-3.6930275984251968
0
LINE
8
BLACK
6
CONTINUOUS
10
5.5925859842519685
20
-3.6930275984251968
11
5.5928369685039367
21
-3.6933546850393699
0
LINE
8
BLACK
6
CONTINUOUS
10
5.5928369685039367
20
-3.6933546850393699
11
5.5928371259842518
21
-3.6933548031496062
0
LINE
8
BLACK
6
CONTINUOUS
10
5.5928371259842518
20
-3.6933548031496062
11
5.5928371653543305
21
-3.6933548425196849
0
LINE
8
BLACK
6
CONTINUOUS
10
5.5928371653543305
20
-3.6933548425196849
11
5.5931093700787402
21
-3.6935637007874016
0
LINE
8
BLACK
6
CONTINUOUS
10
5.5931093700787402
20
-3.6935637007874016
11
5.5977755905511808
21
-3.6971442125984253
0
LINE
8
BLACK
6
CONTINUOUS
10
5.5977755905511808
20
-3.6971442125984253
11
5.5977756299212595
21
-3.6971442125984253
0
LINE
8
BLACK
6
CONTINUOUS
10
5.5977756299212595
20
-3.6971442125984253
11
5.5977756692913383
21
-3.697144251968504
0
LINE
8
BLACK
6
CONTINUOUS
10
5.5977756692913383
20
-3.697144251968504
11
5.6028852362204722
21
-3.6992607086614173
0
LINE
8
BLACK
6
CONTINUOUS
10
5.6028852362204722
20
-3.6992607086614173
11
5.6035267322834645
21
-3.6995264173228346
0
LINE
8
BLACK
6
CONTINUOUS
10
5.6035267322834645
20
-3.6995264173228346
11
5.6080961811023622
21
-3.7001279921259842
0
LINE
8
BLACK
6
CONTINUOUS
10
5.6080961811023622
20
-3.7001279921259842
11
5.60969842519685
21
-3.7003389370078739
0
LINE
8
BLACK
6
CONTINUOUS
10
5.60969842519685
20
-3.7003389370078739
11
5.6096984645669288
21
-3.7003389370078739
0
LINE
8
BLACK
6
CONTINUOUS
10
5.6096984645669288
20
-3.7003389370078739
11
5.6096985039370075
21
-3.7003389370078739
0
LINE
8
BLACK
6
CONTINUOUS
10
5.6096985039370075
20
-3.7003389370078739
11
5.6111404724409448
21
-3.700149094488189
0
LINE
8
BLACK
6
CONTINUOUS
10
5.6111404724409448
20
-3.700149094488189
11
5.6158701968503939
21
-3.6995264173228346
0
LINE
8
BLACK
6
CONTINUOUS
10
5.6158701968503939
20
-3.6995264173228346
11
5.6216213385826768
21
-3.6971442125984253
0
LINE
8
BLACK
6
CONTINUOUS
10
5.6216213385826768
20
-3.6971442125984253
11
5.6265599606299208
21
-3.6933546850393699
0
LINE
8
BLACK
6
CONTINUOUS
10
5.6265599606299208
20
-3.6933546850393699
11
5.6303494881889762
21
-3.6884160629921259
0
LINE
8
BLACK
6
CONTINUOUS
10
5.6303494881889762
20
-3.6884160629921259
11
5.6327316929133859
21
-3.6826649212598426
0
LINE
8
BLACK
6
CONTINUOUS
10
5.6327316929133859
20
-3.6826649212598426
11
5.6335442125984247
21
-3.6764931889763779
0
LINE
8
BLACK
6
CONTINUOUS
10
5.6335442125984247
20
-3.6764931889763779
11
5.6335442125984247
21
-3.6764931496062991
0
LINE
8
BLACK
6
CONTINUOUS
10
5.6335442125984247
20
-3.6764931496062991
11
5.6335775590551176
21
-3.6762399212598424
0
LINE
8
BLACK
6
CONTINUOUS
10
5.6335775590551176
20
-3.6762399212598424
11
5.6336455511811021
21
-3.6762488582677166
0
LINE
8
BLACK
6
CONTINUOUS
10
5.6336455511811021
20
-3.6762488582677166
11
5.6342885826771649
21
-3.6742698425196849
0
LINE
8
BLACK
6
CONTINUOUS
10
5.6342885826771649
20
-3.6742698425196849
11
5.6346857874015743
21
-3.6738047637795277
0
LINE
8
BLACK
6
CONTINUOUS
10
5.6346857874015743
20
-3.6738047637795277
11
5.7785683858267713
21
-3.5299221653543307
0
LINE
8
BLACK
6
CONTINUOUS
10
5.7785683858267713
20
-3.5299221653543307
11
5.7807147244094486
21
-3.5288285826771655
0
LINE
8
BLACK
6
CONTINUOUS
10
5.7807147244094486
20
-3.5288285826771655
11
5.7813244488188973
21
-3.5287805905511811
0
LINE
8
BLACK
6
CONTINUOUS
10
5.7813244488188973
20
-3.5287805905511811
11
5.8612182677165352
21
-3.5287805905511811
0
LINE
8
BLACK
6
CONTINUOUS
10
5.8612182677165352
20
-3.5287805905511811
11
5.861218307086614
21
-3.5287805905511811
0
LINE
8
BLACK
6
CONTINUOUS
10
5.861218307086614
20
-3.5287805905511811
11
5.8621218110236217
21
-3.5284870078740158
0
LINE
8
BLACK
6
CONTINUOUS
10
5.8621218110236217
20
-3.5284870078740158
11
5.8627156299212597
21
-3.528344409448819
0
LINE
8
BLACK
6
CONTINUOUS
10
5.8627156299212597
20
-3.528344409448819
11
5.8636541732283467
21
-3.5281957874015748
0
LINE
8
BLACK
6
CONTINUOUS
10
5.8636541732283467
20
-3.5281957874015748
11
5.8645005511811021
21
-3.5277644488188975
0
LINE
8
BLACK
6
CONTINUOUS
10
5.8645005511811021
20
-3.5277644488188975
11
5.8650654724409446
21
-3.5275305118110234
0
LINE
8
BLACK
6
CONTINUOUS
10
5.8650654724409446
20
-3.5275305118110234
11
5.8659685826771648
21
-3.5272371259842519
0
LINE
8
BLACK
6
CONTINUOUS
10
5.8659685826771648
20
-3.5272371259842519
11
5.8667371653543308
21
-3.5266786614173227
0
LINE
8
BLACK
6
CONTINUOUS
10
5.8667371653543308
20
-3.5266786614173227
11
5.8672583070866144
21
-3.5263593307086611
0
LINE
8
BLACK
6
CONTINUOUS
10
5.8672583070866144
20
-3.5263593307086611
11
5.8681044881889761
21
-3.5259282283464568
0
LINE
8
BLACK
6
CONTINUOUS
10
5.8681044881889761
20
-3.5259282283464568
11
5.8687705905511809
21
-3.5252620472440945
0
LINE
8
BLACK
6
CONTINUOUS
10
5.8687705905511809
20
-3.5252620472440945
11
5.8687707480314959
21
-3.525261968503937
0
LINE
8
BLACK
6
CONTINUOUS
10
5.8687707480314959
20
-3.525261968503937
11
5.8689928346456695
21
-3.5250398425196852
0
LINE
8
BLACK
6
CONTINUOUS
10
5.8689928346456695
20
-3.5250398425196852
11
5.8689929527559057
21
-3.5250398031496064
0
LINE
8
BLACK
6
CONTINUOUS
10
5.8689929527559057
20
-3.5250398031496064
11
5.9365237795275592
21
-3.4575089370078738
0
LINE
8
BLACK
6
CONTINUOUS
10
5.9365237795275592
20
-3.4575089370078738
11
5.9976984645669287
21
-3.3963342125984251
0
LINE
8
BLACK
6
CONTINUOUS
10
5.9976984645669287
20
-3.3963342125984251
11
5.9998447244094484
21
-3.3952407086614174
0
LINE
8
BLACK
6
CONTINUOUS
10
5.9998447244094484
20
-3.3952407086614174
11
6.0022239370078738
21
-3.3956175196850391
0
LINE
8
BLACK
6
CONTINUOUS
10
6.0022239370078738
20
-3.3956175196850391
11
6.0039272834645665
21
-3.3973208661417322
0
LINE
8
BLACK
6
CONTINUOUS
10
6.0039272834645665
20
-3.3973208661417322
11
6.004318700787401
21
-3.3985814173228346
0
LINE
8
BLACK
6
CONTINUOUS
10
6.004318700787401
20
-3.3985814173228346
11
6.0043883070866144
21
-3.3991100393700786
0
LINE
8
BLACK
6
CONTINUOUS
10
6.0043883070866144
20
-3.3991100393700786
11
6.0043884251968507
21
-3.3991105118110236
0
LINE
8
BLACK
6
CONTINUOUS
10
6.0043884251968507
20
-3.3991105118110236
11
6.0067705118110233
21
-3.4048613779527557
0
LINE
8
BLACK
6
CONTINUOUS
10
6.0067705118110233
20
-3.4048613779527557
11
6.0067705118110233
21
-3.4048614173228344
0
LINE
8
BLACK
6
CONTINUOUS
10
6.0067705118110233
20
-3.4048614173228344
11
6.0105505118110232
21
-3.4097875984251966
0
LINE
8
BLACK
6
CONTINUOUS
10
6.0105505118110232
20
-3.4097875984251966
11
6.0105601181102362
21
-3.409800118110236
0
LINE
8
BLACK
6
CONTINUOUS
10
6.0105601181102362
20
-3.409800118110236
11
6.0154987401574802
21
-3.4135896456692914
0
LINE
8
BLACK
6
CONTINUOUS
10
6.0154987401574802
20
-3.4135896456692914
11
6.015498779527559
21
-3.4135896456692914
0
LINE
8
BLACK
6
CONTINUOUS
10
6.015498779527559
20
-3.4135896456692914
11
6.0154988188976377
21
-3.4135896850393701
0
LINE
8
BLACK
6
CONTINUOUS
10
6.0154988188976377
20
-3.4135896850393701
11
6.0180714960629924
21
-3.4146553149606298
0
LINE
8
BLACK
6
CONTINUOUS
10
6.0180714960629924
20
-3.4146553149606298
11
6.021249881889764
21
-3.4159718503937007
0
LINE
8
BLACK
6
CONTINUOUS
10
6.021249881889764
20
-3.4159718503937007
11
6.0258786614173223
21
-3.4165812204724411
0
LINE
8
BLACK
6
CONTINUOUS
10
6.0258786614173223
20
-3.4165812204724411
11
6.0274215748031494
21
-3.4167843700787399
0
LINE
8
BLACK
6
CONTINUOUS
10
6.0274215748031494
20
-3.4167843700787399
11
6.0274216141732282
21
-3.4167843700787399
0
LINE
8
BLACK
6
CONTINUOUS
10
6.0274216141732282
20
-3.4167843700787399
11
6.0274216535433069
21
-3.4167843700787399
0
LINE
8
BLACK
6
CONTINUOUS
10
6.0274216535433069
20
-3.4167843700787399
11
6.0286559448818897
21
-3.4166218503937009
0
LINE
8
BLACK
6
CONTINUOUS
10
6.0286559448818897
20
-3.4166218503937009
11
6.0335933464566924
21
-3.4159718503937007
0
LINE
8
BLACK
6
CONTINUOUS
10
6.0335933464566924
20
-3.4159718503937007
11
6.0393444881889762
21
-3.4135896456692914
0
LINE
8
BLACK
6
CONTINUOUS
10
6.0393444881889762
20
-3.4135896456692914
11
6.0416418503937006
21
-3.4118267716535433
0
LINE
8
BLACK
6
CONTINUOUS
10
6.0416418503937006
20
-3.4118267716535433
11
6.0439124409448821
21
-3.4110227559055115
0
LINE
8
BLACK
6
CONTINUOUS
10
6.0439124409448821
20
-3.4110227559055115
11
6.0462221259842517
21
-3.4117068897637797
0
LINE
8
BLACK
6
CONTINUOUS
10
6.0462221259842517
20
-3.4117068897637797
11
6.0471066929133857
21
-3.4125463385826773
0
LINE
8
BLACK
6
CONTINUOUS
10
6.0471066929133857
20
-3.4125463385826773
11
6.0494451968503933
21
-3.4155939763779526
0
LINE
8
BLACK
6
CONTINUOUS
10
6.0494451968503933
20
-3.4155939763779526
11
6.0494924409448814
21
-3.4156555118110234
0
LINE
8
BLACK
6
CONTINUOUS
10
6.0494924409448814
20
-3.4156555118110234
11
6.0544310629921254
21
-3.4194450393700788
0
LINE
8
BLACK
6
CONTINUOUS
10
6.0544310629921254
20
-3.4194450393700788
11
6.0544311023622042
21
-3.4194450393700788
0
LINE
8
BLACK
6
CONTINUOUS
10
6.0544311023622042
20
-3.4194450393700788
11
6.0544311417322829
21
-3.4194450787401576
0
LINE
8
BLACK
6
CONTINUOUS
10
6.0544311417322829
20
-3.4194450787401576
11
6.0566038582677164
21
-3.4203450393700785
0
LINE
8
BLACK
6
CONTINUOUS
10
6.0566038582677164
20
-3.4203450393700785
11
6.0601822047244092
21
-3.4218272440944881
0
LINE
8
BLACK
6
CONTINUOUS
10
6.0601822047244092
20
-3.4218272440944881
11
6.0648109842519684
21
-3.4224366141732281
0
LINE
8
BLACK
6
CONTINUOUS
10
6.0648109842519684
20
-3.4224366141732281
11
6.0663538976377955
21
-3.4226397637795274
0
LINE
8
BLACK
6
CONTINUOUS
10
6.0663538976377955
20
-3.4226397637795274
11
6.0663539370078743
21
-3.4226397637795274
0
LINE
8
BLACK
6
CONTINUOUS
10
6.0663539370078743
20
-3.4226397637795274
11
6.066353976377953
21
-3.4226397637795274
0
LINE
8
BLACK
6
CONTINUOUS
10
6.066353976377953
20
-3.4226397637795274
11
6.0675882677165349
21
-3.4224772440944879
0
LINE
8
BLACK
6
CONTINUOUS
10
6.0675882677165349
20
-3.4224772440944879
11
6.0725256692913385
21
-3.4218272440944881
0
LINE
8
BLACK
6
CONTINUOUS
10
6.0725256692913385
20
-3.4218272440944881
11
6.0782768110236223
21
-3.4194450393700788
0
LINE
8
BLACK
6
CONTINUOUS
10
6.0782768110236223
20
-3.4194450393700788
11
6.0832154330708663
21
-3.4156555118110234
0
LINE
8
BLACK
6
CONTINUOUS
10
6.0832154330708663
20
-3.4156555118110234
11
6.0870049606299208
21
-3.4107168897637794
0
LINE
8
BLACK
6
CONTINUOUS
10
6.0870049606299208
20
-3.4107168897637794
11
6.0893871653543306
21
-3.4049657480314961
0
LINE
8
BLACK
6
CONTINUOUS
10
6.0893871653543306
20
-3.4049657480314961
11
6.0901996850393703
21
-3.3987940157480314
0
LINE
8
BLACK
6
CONTINUOUS
10
6.0901996850393703
20
-3.3987940157480314
11
6.0893871653543306
21
-3.3926222834645667
0
LINE
8
BLACK
6
CONTINUOUS
10
6.0893871653543306
20
-3.3926222834645667
11
6.0870049999999996
21
-3.3868712204724409
0
LINE
8
BLACK
6
CONTINUOUS
10
6.0870049999999996
20
-3.3868712204724409
11
6.0870049999999996
21
-3.3868711811023622
0
LINE
8
BLACK
6
CONTINUOUS
10
6.0870049999999996
20
-3.3868711811023622
11
6.0832155905511813
21
-3.3819327165354331
0
LINE
8
BLACK
6
CONTINUOUS
10
6.0832155905511813
20
-3.3819327165354331
11
6.0832155511811026
21
-3.3819326771653544
0
LINE
8
BLACK
6
CONTINUOUS
10
6.0832155511811026
20
-3.3819326771653544
11
6.0832154330708663
21
-3.3819325196850394
0
LINE
8
BLACK
6
CONTINUOUS
10
6.0832154330708663
20
-3.3819325196850394
11
6.0832152362204726
21
-3.3819323622047244
0
LINE
8
BLACK
6
CONTINUOUS
10
6.0832152362204726
20
-3.3819323622047244
11
6.0832151968503938
21
-3.3819323228346456
0
LINE
8
BLACK
6
CONTINUOUS
10
6.0832151968503938
20
-3.3819323228346456
11
6.079966692913386
21
-3.3794396850393702
0
LINE
8
BLACK
6
CONTINUOUS
10
6.079966692913386
20
-3.3794396850393702
11
6.0782768110236223
21
-3.378142992125984
0
LINE
8
BLACK
6
CONTINUOUS
10
6.0782768110236223
20
-3.378142992125984
11
6.0782767716535435
21
-3.3781429527559053
0
LINE
8
BLACK
6
CONTINUOUS
10
6.0782767716535435
20
-3.3781429527559053
11
6.078276692913386
21
-3.3781429133858265
0
LINE
8
BLACK
6
CONTINUOUS
10
6.078276692913386
20
-3.3781429133858265
11
6.072579566929134
21
-3.3757831102362204
0
LINE
8
BLACK
6
CONTINUOUS
10
6.072579566929134
20
-3.3757831102362204
11
6.0707478346456689
21
-3.3742187007874014
0
LINE
8
BLACK
6
CONTINUOUS
10
6.0707478346456689
20
-3.3742187007874014
11
6.0701854724409445
21
-3.3718763779527556
0
LINE
8
BLACK
6
CONTINUOUS
10
6.0701854724409445
20
-3.3718763779527556
11
6.0711073228346457
21
-3.3696508661417321
0
LINE
8
BLACK
6
CONTINUOUS
10
6.0711073228346457
20
-3.3696508661417321
11
6.073161220472441
21
-3.3683922047244095
0
LINE
8
BLACK
6
CONTINUOUS
10
6.073161220472441
20
-3.3683922047244095
11
6.0740711023622049
21
-3.3682845275590552
0
LINE
8
BLACK
6
CONTINUOUS
10
6.0740711023622049
20
-3.3682845275590552
11
6.0895412598425196
21
-3.3682845275590552
0
LINE
8
BLACK
6
CONTINUOUS
10
6.0895412598425196
20
-3.3682845275590552
11
6.0918322440944879
21
-3.3690288976377953
0
LINE
8
BLACK
6
CONTINUOUS
10
6.0918322440944879
20
-3.3690288976377953
11
6.0922973228346455
21
-3.3694261023622047
0
LINE
8
BLACK
6
CONTINUOUS
10
6.0922973228346455
20
-3.3694261023622047
11
6.1043174409448815
21
-3.3814462204724407
0
LINE
8
BLACK
6
CONTINUOUS
10
6.1043174409448815
20
-3.3814462204724407
11
6.1054110236220467
21
-3.3835925590551179
0
LINE
8
BLACK
6
CONTINUOUS
10
6.1054110236220467
20
-3.3835925590551179
11
6.1054457480314959
21
-3.3840340157480315
0
LINE
8
BLACK
6
CONTINUOUS
10
6.1054457480314959
20
-3.3840340157480315
11
6.106271496062992
21
-3.3903061811023623
0
LINE
8
BLACK
6
CONTINUOUS
10
6.106271496062992
20
-3.3903061811023623
11
6.1062715748031495
21
-3.3903064960629918
0
LINE
8
BLACK
6
CONTINUOUS
10
6.1062715748031495
20
-3.3903064960629918
11
6.108653661417323
21
-3.3960573622047243
0
LINE
8
BLACK
6
CONTINUOUS
10
6.108653661417323
20
-3.3960573622047243
11
6.108653661417323
21
-3.3960574015748031
0
LINE
8
BLACK
6
CONTINUOUS
10
6.108653661417323
20
-3.3960574015748031
11
6.1112489763779525
21
-3.3994396850393702
0
LINE
8
BLACK
6
CONTINUOUS
10
6.1112489763779525
20
-3.3994396850393702
11
6.112443267716535
21
-3.4009961023622046
0
LINE
8
BLACK
6
CONTINUOUS
10
6.112443267716535
20
-3.4009961023622046
11
6.1173818897637791
21
-3.4047856299212595
0
LINE
8
BLACK
6
CONTINUOUS
10
6.1173818897637791
20
-3.4047856299212595
11
6.1173819291338578
21
-3.4047856299212595
0
LINE
8
BLACK
6
CONTINUOUS
10
6.1173819291338578
20
-3.4047856299212595
11
6.1173819685039366
21
-3.4047856692913383
0
LINE
8
BLACK
6
CONTINUOUS
10
6.1173819685039366
20
-3.4047856692913383
11
6.1199893307086617
21
-3.4058656692913387
0
LINE
8
BLACK
6
CONTINUOUS
10
6.1199893307086617
20
-3.4058656692913387
11
6.1231330314960628
21
-3.4071678346456693
0
LINE
8
BLACK
6
CONTINUOUS
10
6.1231330314960628
20
-3.4071678346456693
11
6.129304763779527
21
-3.4079803543307086
0
LINE
8
BLACK
6
CONTINUOUS
10
6.129304763779527
20
-3.4079803543307086
11
6.1296386614173226
21
-3.4079363779527556
0
LINE
8
BLACK
6
CONTINUOUS
10
6.1296386614173226
20
-3.4079363779527556
11
6.1320072047244096
21
-3.4083751968503937
0
LINE
8
BLACK
6
CONTINUOUS
10
6.1320072047244096
20
-3.4083751968503937
11
6.1329036614173225
21
-3.4090445669291336
0
LINE
8
BLACK
6
CONTINUOUS
10
6.1329036614173225
20
-3.4090445669291336
11
6.1789703937007872
21
-3.4551112992125983
0
LINE
8
BLACK
6
CONTINUOUS
10
6.1789703937007872
20
-3.4551112992125983
11
6.1800639763779524
21
-3.4572576377952755
0
LINE
8
BLACK
6
CONTINUOUS
10
6.1800639763779524
20
-3.4572576377952755
11
6.1796871653543306
21
-3.4596368503937005
0
LINE
8
BLACK
6
CONTINUOUS
10
6.1796871653543306
20
-3.4596368503937005
11
6.1779838188976379
21
-3.4613401968503936
0
LINE
8
BLACK
6
CONTINUOUS
10
6.1779838188976379
20
-3.4613401968503936
11
6.1775016535433069
21
-3.4615462598425197
0
LINE
8
BLACK
6
CONTINUOUS
10
6.1775016535433069
20
-3.4615462598425197
11
6.1712372440944883
21
-3.4637383070866141
0
LINE
8
BLACK
6
CONTINUOUS
10
6.1712372440944883
20
-3.4637383070866141
11
6.1712372047244095
21
-3.4637383070866141
0
LINE
8
BLACK
6
CONTINUOUS
10
6.1712372047244095
20
-3.4637383070866141
11
6.1652240157480316
21
-3.4675166535433068
0
LINE
8
BLACK
6
CONTINUOUS
10
6.1652240157480316
20
-3.4675166535433068
11
6.1602019685039373
21
-3.4725387007874016
0
LINE
8
BLACK
6
CONTINUOUS
10
6.1602019685039373
20
-3.4725387007874016
11
6.1564236220472441
21
-3.4785518897637795
0
LINE
8
BLACK
6
CONTINUOUS
10
6.1564236220472441
20
-3.4785518897637795
11
6.1564236220472441
21
-3.4785519291338582
0
LINE
8
BLACK
6
CONTINUOUS
10
6.1564236220472441
20
-3.4785519291338582
11
6.1540780314960628
21
-3.4852551181102362
0
LINE
8
BLACK
6
CONTINUOUS
10
6.1540780314960628
20
-3.4852551181102362
11
6.1540779921259841
21
-3.4852552755905513
0
LINE
8
BLACK
6
CONTINUOUS
10
6.1540779921259841
20
-3.4852552755905513
11
6.1532828346456689
21
-3.4923126771653541
0
LINE
8
BLACK
6
CONTINUOUS
10
6.1532828346456689
20
-3.4923126771653541
11
6.1540779921259841
21
-3.4993700393700786
0
LINE
8
BLACK
6
CONTINUOUS
10
6.1540779921259841
20
-3.4993700393700786
11
6.1540780314960628
21
-3.4993701968503936
0
LINE
8
BLACK
6
CONTINUOUS
10
6.1540780314960628
20
-3.4993701968503936
11
6.1564236220472441
21
-3.5060733858267716
0
LINE
8
BLACK
6
CONTINUOUS
10
6.1564236220472441
20
-3.5060733858267716
11
6.1564236220472441
21
-3.5060734251968504
0
LINE
8
BLACK
6
CONTINUOUS
10
6.1564236220472441
20
-3.5060734251968504
11
6.1602019685039373
21
-3.5120866141732283
0
LINE
8
BLACK
6
CONTINUOUS
10
6.1602019685039373
20
-3.5120866141732283
11
6.1602020866141727
21
-3.5120867716535433
0
LINE
8
BLACK
6
CONTINUOUS
10
6.1602020866141727
20
-3.5120867716535433
11
6.1652238976377953
21
-3.5171085826771651
0
LINE
8
BLACK
6
CONTINUOUS
10
6.1652238976377953
20
-3.5171085826771651
11
6.171237283464567
21
-3.5208870472440945
0
LINE
8
BLACK
6
CONTINUOUS
10
6.171237283464567
20
-3.5208870472440945
11
6.1739214960629916
21
-3.5218262992125982
0
LINE
8
BLACK
6
CONTINUOUS
10
6.1739214960629916
20
-3.5218262992125982
11
6.1779404330708658
21
-3.5232325984251966
0
LINE
8
BLACK
6
CONTINUOUS
10
6.1779404330708658
20
-3.5232325984251966
11
6.1779405905511808
21
-3.5232326377952754
0
LINE
8
BLACK
6
CONTINUOUS
10
6.1779405905511808
20
-3.5232326377952754
11
6.1779407086614171
21
-3.5232326771653542
0
LINE
8
BLACK
6
CONTINUOUS
10
6.1779407086614171
20
-3.5232326771653542
11
6.1849979921259841
21
-3.5240278346456693
0
LINE
8
BLACK
6
CONTINUOUS
10
6.1849979921259841
20
-3.5240278346456693
11
6.1920552755905511
21
-3.5232326771653542
0
LINE
8
BLACK
6
CONTINUOUS
10
6.1920552755905511
20
-3.5232326771653542
11
6.1987587007874012
21
-3.5208870472440945
0
LINE
8
BLACK
6
CONTINUOUS
10
6.1987587007874012
20
-3.5208870472440945
11
6.2047720866141729
21
-3.5171085826771651
0
LINE
8
BLACK
6
CONTINUOUS
10
6.2047720866141729
20
-3.5171085826771651
11
6.2097938976377955
21
-3.5120867716535433
0
LINE
8
BLACK
6
CONTINUOUS
10
6.2097938976377955
20
-3.5120867716535433
11
6.2135723622047241
21
-3.5060733858267716
0
LINE
8
BLACK
6
CONTINUOUS
10
6.2135723622047241
20
-3.5060733858267716
11
6.2157228346456694
21
-3.4999276377952757
0
LINE
8
BLACK
6
CONTINUOUS
10
6.2157228346456694
20
-3.4999276377952757
11
6.2159179133858267
21
-3.4993701968503936
0
LINE
8
BLACK
6
CONTINUOUS
10
6.2159179133858267
20
-3.4993701968503936
11
6.2159179527559054
21
-3.4993700393700786
0
LINE
8
BLACK
6
CONTINUOUS
10
6.2159179527559054
20
-3.4993700393700786
11
6.2159179921259842
21
-3.4993699606299211
0
LINE
8
BLACK
6
CONTINUOUS
10
6.2159179921259842
20
-3.4993699606299211
11
6.2167131496062993
21
-3.4923126771653541
0
LINE
8
BLACK
6
CONTINUOUS
10
6.2167131496062993
20
-3.4923126771653541
11
6.2159179921259842
21
-3.4852553937007875
0
LINE
8
BLACK
6
CONTINUOUS
10
6.2159179921259842
20
-3.4852553937007875
11
6.2136493307086615
21
-3.4787720078740159
0
LINE
8
BLACK
6
CONTINUOUS
10
6.2136493307086615
20
-3.4787720078740159
11
6.2135953149606298
21
-3.4763638188976378
0
LINE
8
BLACK
6
CONTINUOUS
10
6.2135953149606298
20
-3.4763638188976378
11
6.2149670866141733
21
-3.4743837007874014
0
LINE
8
BLACK
6
CONTINUOUS
10
6.2149670866141733
20
-3.4743837007874014
11
6.2172407874015745
21
-3.4735881102362205
0
LINE
8
BLACK
6
CONTINUOUS
10
6.2172407874015745
20
-3.4735881102362205
11
6.2173282677165354
21
-3.4735871259842517
0
LINE
8
BLACK
6
CONTINUOUS
10
6.2173282677165354
20
-3.4735871259842517
11
6.2794528740157478
21
-3.4735871259842517
0
LINE
8
BLACK
6
CONTINUOUS
10
6.2794528740157478
20
-3.4735871259842517
11
6.2817438582677161
21
-3.4743314960629919
0
LINE
8
BLACK
6
CONTINUOUS
10
6.2817438582677161
20
-3.4743314960629919
11
6.2831597637795271
21
-3.4762803149606301
0
LINE
8
BLACK
6
CONTINUOUS
10
6.2831597637795271
20
-3.4762803149606301
11
6.2831597637795271
21
-3.4786892125984252
0
LINE
8
BLACK
6
CONTINUOUS
10
6.2831597637795271
20
-3.4786892125984252
11
6.2825450393700786
21
-3.4798575196850394
0
LINE
8
BLACK
6
CONTINUOUS
10
6.2825450393700786
20
-3.4798575196850394
11
6.2823513779527556
21
-3.4801098818897636
0
LINE
8
BLACK
6
CONTINUOUS
10
6.2823513779527556
20
-3.4801098818897636
11
6.2823513385826768
21
-3.4801099212598423
0
LINE
8
BLACK
6
CONTINUOUS
10
6.2823513385826768
20
-3.4801099212598423
11
6.2799692519685042
21
-3.4858607874015748
0
LINE
8
BLACK
6
CONTINUOUS
10
6.2799692519685042
20
-3.4858607874015748
11
6.2799691732283467
21
-3.4858611023622048
0
LINE
8
BLACK
6
CONTINUOUS
10
6.2799691732283467
20
-3.4858611023622048
11
6.2791566929133857
21
-3.492032677165354
0
LINE
8
BLACK
6
CONTINUOUS
10
6.2791566929133857
20
-3.492032677165354
11
6.2791566929133857
21
-3.4920327165354328
0
LINE
8
BLACK
6
CONTINUOUS
10
6.2791566929133857
20
-3.4920327165354328
11
6.2799691732283467
21
-3.4982042913385825
0
LINE
8
BLACK
6
CONTINUOUS
10
6.2799691732283467
20
-3.4982042913385825
11
6.2799692519685042
21
-3.4982046062992125
0
LINE
8
BLACK
6
CONTINUOUS
10
6.2799692519685042
20
-3.4982046062992125
11
6.2823513385826768
21
-3.503955472440945
0
LINE
8
BLACK
6
CONTINUOUS
10
6.2823513385826768
20
-3.503955472440945
11
6.2823513385826768
21
-3.5039555118110237
0
LINE
8
BLACK
6
CONTINUOUS
10
6.2823513385826768
20
-3.5039555118110237
11
6.2854180708661413
21
-3.5079521653543306
0
LINE
8
BLACK
6
CONTINUOUS
10
6.2854180708661413
20
-3.5079521653543306
11
6.2861409448818897
21
-3.5088942125984253
0
LINE
8
BLACK
6
CONTINUOUS
10
6.2861409448818897
20
-3.5088942125984253
11
6.2910795669291337
21
-3.5126837401574802
0
LINE
8
BLACK
6
CONTINUOUS
10
6.2910795669291337
20
-3.5126837401574802
11
6.2910796062992125
21
-3.5126837401574802
0
LINE
8
BLACK
6
CONTINUOUS
10
6.2910796062992125
20
-3.5126837401574802
11
6.2910796456692912
21
-3.5126837795275589
0
LINE
8
BLACK
6
CONTINUOUS
10
6.2910796456692912
20
-3.5126837795275589
11
6.2970666929133854
21
-3.5151637007874017
0
LINE
8
BLACK
6
CONTINUOUS
10
6.2970666929133854
20
-3.5151637007874017
11
6.2970365748031494
21
-3.515236377952756
0
LINE
8
BLACK
6
CONTINUOUS
10
6.2970365748031494
20
-3.515236377952756
11
6.2987546062992124
21
-3.5163520078740156
0
LINE
8
BLACK
6
CONTINUOUS
10
6.2987546062992124
20
-3.5163520078740156
11
6.299617913385827
21
-3.5186008661417323
0
LINE
8
BLACK
6
CONTINUOUS
10
6.299617913385827
20
-3.5186008661417323
11
6.2994045669291339
21
-3.5200922440944882
0
LINE
8
BLACK
6
CONTINUOUS
10
6.2994045669291339
20
-3.5200922440944882
11
6.2978323228346458
21
-3.5245853937007872
0
LINE
8
BLACK
6
CONTINUOUS
10
6.2978323228346458
20
-3.5245853937007872
11
6.2970371653543307
21
-3.5316427952755904
0
LINE
8
BLACK
6
CONTINUOUS
10
6.2970371653543307
20
-3.5316427952755904
11
6.2978323228346458
21
-3.538700157480315
0
LINE
8
BLACK
6
CONTINUOUS
10
6.2978323228346458
20
-3.538700157480315
11
6.2978323622047245
21
-3.53870031496063
0
LINE
8
BLACK
6
CONTINUOUS
10
6.2978323622047245
20
-3.53870031496063
11
6.300177952755905
21
-3.545403503937008
0
LINE
8
BLACK
6
CONTINUOUS
10
6.300177952755905
20
-3.545403503937008
11
6.300177952755905
21
-3.5454035433070867
0
LINE
8
BLACK
6
CONTINUOUS
10
6.300177952755905
20
-3.5454035433070867
11
6.3027833858267712
21
-3.5495500393700787
0
LINE
8
BLACK
6
CONTINUOUS
10
6.3027833858267712
20
-3.5495500393700787
11
6.3039564173228344
21
-3.5514168897637792
0
LINE
8
BLACK
6
CONTINUOUS
10
6.3039564173228344
20
-3.5514168897637792
11
6.3089782283464562
21
-3.5564387007874014
0
LINE
8
BLACK
6
CONTINUOUS
10
6.3089782283464562
20
-3.5564387007874014
11
6.3149916141732279
21
-3.5602171653543304
0
LINE
8
BLACK
6
CONTINUOUS
10
6.3149916141732279
20
-3.5602171653543304
11
6.3176758267716533
21
-3.5611564173228345
0
LINE
8
BLACK
6
CONTINUOUS
10
6.3176758267716533
20
-3.5611564173228345
11
6.3216947637795275
21
-3.562562716535433
0
LINE
8
BLACK
6
CONTINUOUS
10
6.3216947637795275
20
-3.562562716535433
11
6.3216949212598426
21
-3.5625627559055117
0
LINE
8
BLACK
6
CONTINUOUS
10
6.3216949212598426
20
-3.5625627559055117
11
6.3216950393700788
21
-3.5625627952755905
0
LINE
8
BLACK
6
CONTINUOUS
10
6.3216950393700788
20
-3.5625627952755905
11
6.3287523228346458
21
-3.5633579527559056
0
LINE
8
BLACK
6
CONTINUOUS
10
6.3287523228346458
20
-3.5633579527559056
11
6.3358096062992129
21
-3.5625627952755905
0
LINE
8
BLACK
6
CONTINUOUS
10
6.3358096062992129
20
-3.5625627952755905
11
6.3425130314960629
21
-3.5602171653543304
0
LINE
8
BLACK
6
CONTINUOUS
10
6.3425130314960629
20
-3.5602171653543304
11
6.3485264173228346
21
-3.5564387007874014
0
LINE
8
BLACK
6
CONTINUOUS
10
6.3485264173228346
20
-3.5564387007874014
11
6.3535482283464564
21
-3.5514168897637792
0
LINE
8
BLACK
6
CONTINUOUS
10
6.3535482283464564
20
-3.5514168897637792
11
6.3560242125984248
21
-3.5474763385826771
0
LINE
8
BLACK
6
CONTINUOUS
10
6.3560242125984248
20
-3.5474763385826771
11
6.3578733858267711
21
-3.5459325984251966
0
LINE
8
BLACK
6
CONTINUOUS
10
6.3578733858267711
20
-3.5459325984251966
11
6.3602767716535435
21
-3.5457705511811022
0
LINE
8
BLACK
6
CONTINUOUS
10
6.3602767716535435
20
-3.5457705511811022
11
6.3623164566929136
21
-3.5470521259842518
0
LINE
8
BLACK
6
CONTINUOUS
10
6.3623164566929136
20
-3.5470521259842518
11
6.3632132677165352
21
-3.5492878346456691
0
LINE
8
BLACK
6
CONTINUOUS
10
6.3632132677165352
20
-3.5492878346456691
11
6.3632220866141731
21
-3.5495500393700787
0
LINE
8
BLACK
6
CONTINUOUS
10
6.3632220866141731
20
-3.5495500393700787
11
6.3632220866141731
21
-3.5827617716535434
0
LINE
8
BLACK
6
CONTINUOUS
10
6.3632220866141731
20
-3.5827617716535434
11
6.3624777165354329
21
-3.5850527559055116
0
LINE
8
BLACK
6
CONTINUOUS
10
6.3624777165354329
20
-3.5850527559055116
11
6.3605288976377947
21
-3.5864686614173227
0
LINE
8
BLACK
6
CONTINUOUS
10
6.3605288976377947
20
-3.5864686614173227
11
6.3581199999999995
21
-3.5864686614173227
0
LINE
8
BLACK
6
CONTINUOUS
10
6.3581199999999995
20
-3.5864686614173227
11
6.3569517322834646
21
-3.5858540157480312
0
LINE
8
BLACK
6
CONTINUOUS
10
6.3569517322834646
20
-3.5858540157480312
11
6.3542682677165354
21
-3.5837949212598423
0
LINE
8
BLACK
6
CONTINUOUS
10
6.3542682677165354
20
-3.5837949212598423
11
6.3542681496062992
21
-3.5837948818897636
0
LINE
8
BLACK
6
CONTINUOUS
10
6.3542681496062992
20
-3.5837948818897636
11
6.3542680708661416
21
-3.5837948031496061
0
LINE
8
BLACK
6
CONTINUOUS
10
6.3542680708661416
20
-3.5837948031496061
11
6.3485172834645667
21
-3.5814127559055118
0
LINE
8
BLACK
6
CONTINUOUS
10
6.3485172834645667
20
-3.5814127559055118
11
6.3485169685039367
21
-3.5814126771653543
0
LINE
8
BLACK
6
CONTINUOUS
10
6.3485169685039367
20
-3.5814126771653543
11
6.3423454330708662
21
-3.5806001968503938
0
LINE
8
BLACK
6
CONTINUOUS
10
6.3423454330708662
20
-3.5806001968503938
11
6.3423453543307087
21
-3.5806001968503938
0
LINE
8
BLACK
6
CONTINUOUS
10
6.3423453543307087
20
-3.5806001968503938
11
6.3361737795275586
21
-3.5814126771653543
0
LINE
8
BLACK
6
CONTINUOUS
10
6.3361737795275586
20
-3.5814126771653543
11
6.3361734645669294
21
-3.5814127559055118
0
LINE
8
BLACK
6
CONTINUOUS
10
6.3361734645669294
20
-3.5814127559055118
11
6.3304225984251969
21
-3.5837948425196848
0
LINE
8
BLACK
6
CONTINUOUS
10
6.3304225984251969
20
-3.5837948425196848
11
6.3304225590551182
21
-3.5837948425196848
0
LINE
8
BLACK
6
CONTINUOUS
10
6.3304225590551182
20
-3.5837948425196848
11
6.3254840944881892
21
-3.5875842519685039
0
LINE
8
BLACK
6
CONTINUOUS
10
6.3254840944881892
20
-3.5875842519685039
11
6.3254837007874016
21
-3.5875846456692915
0
LINE
8
BLACK
6
CONTINUOUS
10
6.3254837007874016
20
-3.5875846456692915
11
6.3216942913385825
21
-3.5925231102362205
0
LINE
8
BLACK
6
CONTINUOUS
10
6.3216942913385825
20
-3.5925231102362205
11
6.3216942913385825
21
-3.5925231496062993
0
LINE
8
BLACK
6
CONTINUOUS
10
6.3216942913385825
20
-3.5925231496062993
11
6.319312204724409
21
-3.5982740157480313
0
LINE
8
BLACK
6
CONTINUOUS
10
6.319312204724409
20
-3.5982740157480313
11
6.3193121259842515
21
-3.5982743307086613
0
LINE
8
BLACK
6
CONTINUOUS
10
6.3193121259842515
20
-3.5982743307086613
11
6.3184917322834648
21
-3.6045059448818897
0
LINE
8
BLACK
6
CONTINUOUS
10
6.3184917322834648
20
-3.6045059448818897
11
6.3174546850393698
21
-3.6066801574803149
0
LINE
8
BLACK
6
CONTINUOUS
10
6.3174546850393698
20
-3.6066801574803149
11
6.3173835039370081
21
-3.6067532283464567
0
LINE
8
BLACK
6
CONTINUOUS
10
6.3173835039370081
20
-3.6067532283464567
11
6.3048922047244096
21
-3.6192445275590552
0
LINE
8
BLACK
6
CONTINUOUS
10
6.3048922047244096
20
-3.6192445275590552
11
6.3048919685039371
21
-3.6192448425196848
0
LINE
8
BLACK
6
CONTINUOUS
10
6.3048919685039371
20
-3.6192448425196848
11
6.304003582677165
21
-3.6201332677165352
0
LINE
8
BLACK
6
CONTINUOUS
10
6.304003582677165
20
-3.6201332677165352
11
6.3040035039370075
21
-3.6201333464566927
0
LINE
8
BLACK
6
CONTINUOUS
10
6.3040035039370075
20
-3.6201333464566927
11
6.3035723622047239
21
-3.6209794488188978
0
LINE
8
BLACK
6
CONTINUOUS
10
6.3035723622047239
20
-3.6209794488188978
11
6.3032530708661412
21
-3.6215004724409448
0
LINE
8
BLACK
6
CONTINUOUS
10
6.3032530708661412
20
-3.6215004724409448
11
6.3026947637795274
21
-3.6222690157480315
0
LINE
8
BLACK
6
CONTINUOUS
10
6.3026947637795274
20
-3.6222690157480315
11
6.3026945669291337
21
-3.6222693700787403
0
LINE
8
BLACK
6
CONTINUOUS
10
6.3026945669291337
20
-3.6222693700787403
11
6.3024011811023621
21
-3.623172401574803
0
LINE
8
BLACK
6
CONTINUOUS
10
6.3024011811023621
20
-3.623172401574803
11
6.302167165354331
21
-3.6237373622047242
0
LINE
8
BLACK
6
CONTINUOUS
10
6.302167165354331
20
-3.6237373622047242
11
6.3017360629921262
21
-3.6245833858267718
0
LINE
8
BLACK
6
CONTINUOUS
10
6.3017360629921262
20
-3.6245833858267718
11
6.3017359448818899
21
-3.6245837795275588
0
LINE
8
BLACK
6
CONTINUOUS
10
6.3017359448818899
20
-3.6245837795275588
11
6.3015873228346457
21
-3.6255218897637795
0
LINE
8
BLACK
6
CONTINUOUS
10
6.3015873228346457
20
-3.6255218897637795
11
6.3014446456692914
21
-3.6261161811023621
0
LINE
8
BLACK
6
CONTINUOUS
10
6.3014446456692914
20
-3.6261161811023621
11
6.3011512598425199
21
-3.6270192519685041
0
LINE
8
BLACK
6
CONTINUOUS
10
6.3011512598425199
20
-3.6270192519685041
11
6.3011512204724411
21
-3.6270195275590549
0
LINE
8
BLACK
6
CONTINUOUS
10
6.3011512204724411
20
-3.6270195275590549
11
6.3011512204724411
21
-3.6637702362204725
0
LINE
8
BLACK
6
CONTINUOUS
10
6.3011512204724411
20
-3.6637702362204725
11
6.3014446456692914
21
-3.6646732677165352
0
LINE
8
BLACK
6
CONTINUOUS
10
6.3014446456692914
20
-3.6646732677165352
11
6.3015874015748032
21
-3.6652677559055116
0
LINE
8
BLACK
6
CONTINUOUS
10
6.3015874015748032
20
-3.6652677559055116
11
6.3017360236220474
21
-3.6662060236220473
0
LINE
8
BLACK
6
CONTINUOUS
10
6.3017360236220474
20
-3.6662060236220473
11
6.302167007874016
21
-3.6670517716535431
0
LINE
8
BLACK
6
CONTINUOUS
10
6.302167007874016
20
-3.6670517716535431
11
6.3024011023622046
21
-3.6676168897637793
0
LINE
8
BLACK
6
CONTINUOUS
10
6.3024011023622046
20
-3.6676168897637793
11
6.3026946456692912
21
-3.6685202755905513
0
LINE
8
BLACK
6
CONTINUOUS
10
6.3026946456692912
20
-3.6685202755905513
11
6.3026946062992124
21
-3.6685202755905513
0
LINE
8
BLACK
6
CONTINUOUS
10
6.3026946062992124
20
-3.6685202755905513
11
6.3032529527559058
21
-3.6692887795275588
0
LINE
8
BLACK
6
CONTINUOUS
10
6.3032529527559058
20
-3.6692887795275588
11
6.3035723622047239
21
-3.66981
0
LINE
8
BLACK
6
CONTINUOUS
10
6.3035723622047239
20
-3.66981
11
6.304003582677165
21
-3.6706562598425196
0
LINE
8
BLACK
6
CONTINUOUS
10
6.304003582677165
20
-3.6706562598425196
11
6.3040036220472437
21
-3.6706562992125984
0
LINE
8
BLACK
6
CONTINUOUS
10
6.3040036220472437
20
-3.6706562992125984
11
6.3047941732283466
21
-3.6714468897637795
0
LINE
8
BLACK
6
CONTINUOUS
10
6.3047941732283466
20
-3.6714468897637795
11
6.3048919685039371
21
-3.67154468503937
0
LINE
8
BLACK
6
CONTINUOUS
10
6.3048919685039371
20
-3.67154468503937
11
6.3048920078740158
21
-3.6715447244094488
0
LINE
8
BLACK
6
CONTINUOUS
10
6.3048920078740158
20
-3.6715447244094488
11
6.3101721653543308
21
-3.6768248818897638
0
LINE
8
BLACK
6
CONTINUOUS
10
6.3101721653543308
20
-3.6768248818897638
11
6.3112657086614172
21
-3.6789711417322835
0
LINE
8
BLACK
6
CONTINUOUS
10
6.3112657086614172
20
-3.6789711417322835
11
6.3108888976377955
21
-3.6813503543307085
0
LINE
8
BLACK
6
CONTINUOUS
10
6.3108888976377955
20
-3.6813503543307085
11
6.3091855511811019
21
-3.6830537007874016
0
LINE
8
BLACK
6
CONTINUOUS
10
6.3091855511811019
20
-3.6830537007874016
11
6.308907598425197
21
-3.6831818110236219
0
LINE
8
BLACK
6
CONTINUOUS
10
6.308907598425197
20
-3.6831818110236219
11
6.3059898031496058
21
-3.6843903937007871
0
LINE
8
BLACK
6
CONTINUOUS
10
6.3059898031496058
20
-3.6843903937007871
11
6.3035883858267718
21
-3.6845794094488187
0
LINE
8
BLACK
6
CONTINUOUS
10
6.3035883858267718
20
-3.6845794094488187
11
6.3015344881889765
21
-3.683320748031496
0
LINE
8
BLACK
6
CONTINUOUS
10
6.3015344881889765
20
-3.683320748031496
11
6.3008973228346452
21
-3.6822809842519684
0
LINE
8
BLACK
6
CONTINUOUS
10
6.3008973228346452
20
-3.6822809842519684
11
6.299773464566929
21
-3.6795677559055116
0
LINE
8
BLACK
6
CONTINUOUS
10
6.299773464566929
20
-3.6795677559055116
11
6.299773464566929
21
-3.6795677165354328
0
LINE
8
BLACK
6
CONTINUOUS
10
6.299773464566929
20
-3.6795677165354328
11
6.2959840551181099
21
-3.6746292519685038
0
LINE
8
BLACK
6
CONTINUOUS
10
6.2959840551181099
20
-3.6746292519685038
11
6.2959840157480311
21
-3.674629212598425
0
LINE
8
BLACK
6
CONTINUOUS
10
6.2959840157480311
20
-3.674629212598425
11
6.2959838976377949
21
-3.67462905511811
0
LINE
8
BLACK
6
CONTINUOUS
10
6.2959838976377949
20
-3.67462905511811
11
6.2959837007874011
21
-3.674628897637795
0
LINE
8
BLACK
6
CONTINUOUS
10
6.2959837007874011
20
-3.674628897637795
11
6.2959836614173224
21
-3.6746288582677162
0
LINE
8
BLACK
6
CONTINUOUS
10
6.2959836614173224
20
-3.6746288582677162
11
6.2915975590551181
21
-3.6712633070866141
0
LINE
8
BLACK
6
CONTINUOUS
10
6.2915975590551181
20
-3.6712633070866141
11
6.2910452755905508
21
-3.6708395275590551
0
LINE
8
BLACK
6
CONTINUOUS
10
6.2910452755905508
20
-3.6708395275590551
11
6.2910452362204721
21
-3.6708394881889763
0
LINE
8
BLACK
6
CONTINUOUS
10
6.2910452362204721
20
-3.6708394881889763
11
6.2910451574803146
21
-3.6708394488188976
0
LINE
8
BLACK
6
CONTINUOUS
10
6.2910451574803146
20
-3.6708394488188976
11
6.285294291338583
21
-3.6684573622047245
0
LINE
8
BLACK
6
CONTINUOUS
10
6.285294291338583
20
-3.6684573622047245
11
6.285293976377953
21
-3.668457283464567
0
LINE
8
BLACK
6
CONTINUOUS
10
6.285293976377953
20
-3.668457283464567
11
6.2791224409448816
21
-3.6676448031496061
0
LINE
8
BLACK
6
CONTINUOUS
10
6.2791224409448816
20
-3.6676448031496061
11
6.2791223622047241
21
-3.6676448031496061
0
LINE
8
BLACK
6
CONTINUOUS
10
6.2791223622047241
20
-3.6676448031496061
11
6.2729507874015749
21
-3.668457283464567
0
LINE
8
BLACK
6
CONTINUOUS
10
6.2729507874015749
20
-3.668457283464567
11
6.2729504724409448
21
-3.6684573622047245
0
LINE
8
BLACK
6
CONTINUOUS
10
6.2729504724409448
20
-3.6684573622047245
11
6.2671996062992124
21
-3.6708394488188976
0
LINE
8
BLACK
6
CONTINUOUS
10
6.2671996062992124
20
-3.6708394488188976
11
6.2671995669291336
21
-3.6708394488188976
0
LINE
8
BLACK
6
CONTINUOUS
10
6.2671995669291336
20
-3.6708394488188976
11
6.2622611023622046
21
-3.6746288582677162
0
LINE
8
BLACK
6
CONTINUOUS
10
6.2622611023622046
20
-3.6746288582677162
11
6.262260708661417
21
-3.6746292519685038
0
LINE
8
BLACK
6
CONTINUOUS
10
6.262260708661417
20
-3.6746292519685038
11
6.2584712992125979
21
-3.6795677165354328
0
LINE
8
BLACK
6
CONTINUOUS
10
6.2584712992125979
20
-3.6795677165354328
11
6.2584712992125979
21
-3.6795677559055116
0
LINE
8
BLACK
6
CONTINUOUS
10
6.2584712992125979
20
-3.6795677559055116
11
6.2560892125984253
21
-3.685318622047244
0
LINE
8
BLACK
6
CONTINUOUS
10
6.2560892125984253
20
-3.685318622047244
11
6.2560891338582678
21
-3.6853189370078741
0
LINE
8
BLACK
6
CONTINUOUS
10
6.2560891338582678
20
-3.6853189370078741
11
6.2555118503937006
21
-3.6897039763779529
0
LINE
8
BLACK
6
CONTINUOUS
10
6.2555118503937006
20
-3.6897039763779529
11
6.2544748031496065
21
-3.6918781889763777
0
LINE
8
BLACK
6
CONTINUOUS
10
6.2544748031496065
20
-3.6918781889763777
11
6.252357834645669
21
-3.6930275984251968
0
LINE
8
BLACK
6
CONTINUOUS
10
6.252357834645669
20
-3.6930275984251968
11
6.2511388582677165
21
-3.693059527559055
0
LINE
8
BLACK
6
CONTINUOUS
10
6.2511388582677165
20
-3.693059527559055
11
6.2487962204724408
21
-3.6927511417322836
0
LINE
8
BLACK
6
CONTINUOUS
10
6.2487962204724408
20
-3.6927511417322836
11
6.2487961023622045
21
-3.6927511417322836
0
LINE
8
BLACK
6
CONTINUOUS
10
6.2487961023622045
20
-3.6927511417322836
11
6.2426245275590553
21
-3.6935636220472441
0
LINE
8
BLACK
6
CONTINUOUS
10
6.2426245275590553
20
-3.6935636220472441
11
6.2426242125984253
21
-3.6935637007874016
0
LINE
8
BLACK
6
CONTINUOUS
10
6.2426242125984253
20
-3.6935637007874016
11
6.2368733464566928
21
-3.6959457874015746
0
LINE
8
BLACK
6
CONTINUOUS
10
6.2368733464566928
20
-3.6959457874015746
11
6.236873307086614
21
-3.6959457874015746
0
LINE
8
BLACK
6
CONTINUOUS
10
6.236873307086614
20
-3.6959457874015746
11
6.231934842519685
21
-3.6997351968503938
0
LINE
8
BLACK
6
CONTINUOUS
10
6.231934842519685
20
-3.6997351968503938
11
6.2319345669291337
21
-3.6997354724409446
0
LINE
8
BLACK
6
CONTINUOUS
10
6.2319345669291337
20
-3.6997354724409446
11
6.2281600393700787
21
-3.7046545275590552
0
LINE
8
BLACK
6
CONTINUOUS
10
6.2281600393700787
20
-3.7046545275590552
11
6.2261748031496058
21
-3.706018897637795
0
LINE
8
BLACK
6
CONTINUOUS
10
6.2261748031496058
20
-3.706018897637795
11
6.2239697244094483
21
-3.706021535433071
0
LINE
8
BLACK
6
CONTINUOUS
10
6.2239697244094483
20
-3.706021535433071
11
6.2225222047244095
21
-3.7055964960629919
0
LINE
8
BLACK
6
CONTINUOUS
10
6.2225222047244095
20
-3.7055964960629919
11
6.220702874015748
21
-3.7053349212598423
0
LINE
8
BLACK
6
CONTINUOUS
10
6.220702874015748
20
-3.7053349212598423
11
6.2202428740157476
21
-3.7052687795275592
0
LINE
8
BLACK
6
CONTINUOUS
10
6.2202428740157476
20
-3.7052687795275592
11
6.2202428346456689
21
-3.7052687795275592
0
LINE
8
BLACK
6
CONTINUOUS
10
6.2202428346456689
20
-3.7052687795275592
11
6.0303638188976381
21
-3.7052687795275592
0
LINE
8
BLACK
6
CONTINUOUS
10
6.0303638188976381
20
-3.7052687795275592
11
6.0280728346456689
21
-3.704524409448819
0
LINE
8
BLACK
6
CONTINUOUS
10
6.0280728346456689
20
-3.704524409448819
11
6.0266569291338579
21
-3.7025755905511812
0
LINE
8
BLACK
6
CONTINUOUS
10
6.0266569291338579
20
-3.7025755905511812
11
6.0264661811023617
21
-3.7013711417322832
0
LINE
8
BLACK
6
CONTINUOUS
10
6.0264661811023617
20
-3.7013711417322832
11
6.0264661811023617
21
-3.5922414173228345
0
LINE
8
BLACK
6
CONTINUOUS
10
6.0264661811023617
20
-3.5922414173228345
11
6.0264661811023617
21
-3.5922412204724408
0
LINE
8
BLACK
6
CONTINUOUS
10
6.0264661811023617
20
-3.5922412204724408
11
6.0262812598425199
21
-3.5905213779527556
0
LINE
8
BLACK
6
CONTINUOUS
10
6.0262812598425199
20
-3.5905213779527556
11
6.0260962598425198
21
-3.5896710629921258
0
LINE
8
BLACK
6
CONTINUOUS
10
6.0260962598425198
20
-3.5896710629921258
11
6.0258401181102359
21
-3.5884934251968503
0
LINE
8
BLACK
6
CONTINUOUS
10
6.0258401181102359
20
-3.5884934251968503
11
6.0257421653543304
21
-3.5880927559055116
0
LINE
8
BLACK
6
CONTINUOUS
10
6.0257421653543304
20
-3.5880927559055116
11
6.0257421653543304
21
-3.5880926771653541
0
LINE
8
BLACK
6
CONTINUOUS
10
6.0257421653543304
20
-3.5880926771653541
11
6.0240488582677161
21
-3.5849150393700788
0
LINE
8
BLACK
6
CONTINUOUS
10
6.0240488582677161
20
-3.5849150393700788
11
6.0222474803149604
21
-3.5828361417322836
0
LINE
8
BLACK
6
CONTINUOUS
10
6.0222474803149604
20
-3.5828361417322836
11
6.0215549212598427
21
-3.5821292913385827
0
LINE
8
BLACK
6
CONTINUOUS
10
6.0215549212598427
20
-3.5821292913385827
11
6.021554881889764
21
-3.582129251968504
0
LINE
8
BLACK
6
CONTINUOUS
10
6.021554881889764
20
-3.582129251968504
11
6.0215548425196852
21
-3.5821292125984252
0
LINE
8
BLACK
6
CONTINUOUS
10
6.0215548425196852
20
-3.5821292125984252
11
6.0215547637795277
21
-3.5821291338582677
0
LINE
8
BLACK
6
CONTINUOUS
10
6.0215547637795277
20
-3.5821291338582677
11
6.0184126771653546
21
-3.5803715748031495
0
LINE
8
BLACK
6
CONTINUOUS
10
6.0184126771653546
20
-3.5803715748031495
11
6.0184125196850395
21
-3.580371496062992
0
LINE
8
BLACK
6
CONTINUOUS
10
6.0184125196850395
20
-3.580371496062992
11
6.0157734251968504
21
-3.5795965748031495
0
LINE
8
BLACK
6
CONTINUOUS
10
6.0157734251968504
20
-3.5795965748031495
11
6.0157730708661417
21
-3.579596496062992
0
LINE
8
BLACK
6
CONTINUOUS
10
6.0157730708661417
20
-3.579596496062992
11
6.0139537401574801
21
-3.5793349212598424
0
LINE
8
BLACK
6
CONTINUOUS
10
6.0139537401574801
20
-3.5793349212598424
11
6.0134937401574806
21
-3.5792687795275588
0
LINE
8
BLACK
6
CONTINUOUS
10
6.0134937401574806
20
-3.5792687795275588
11
5.8854909055118112
21
-3.5792687795275588
0
LINE
8
BLACK
6
CONTINUOUS
10
5.8854909055118112
20
-3.5792687795275588
11
5.8854905905511812
21
-3.5792687795275588
0
LINE
8
BLACK
6
CONTINUOUS
10
5.8854905905511812
20
-3.5792687795275588
11
5.8836896062992121
21
-3.5794718503937006
0
LINE
8
BLACK
6
CONTINUOUS
10
5.8836896062992121
20
-3.5794718503937006
11
5.8836884251968504
21
-3.5794720866141732
0
LINE
8
BLACK
6
CONTINUOUS
10
5.8836884251968504
20
-3.5794720866141732
11
5.8815690944881887
21
-3.5799562598425196
0
LINE
8
BLACK
6
CONTINUOUS
10
5.8815690944881887
20
-3.5799562598425196
11
5.8798575196850393
21
-3.580555708661417
0
LINE
8
BLACK
6
CONTINUOUS
10
5.8798575196850393
20
-3.580555708661417
11
5.8556172440944882
21
-3.5922414173228345
0
LINE
8
BLACK
6
CONTINUOUS
10
5.8556172440944882
20
-3.5922414173228345
11
5.8404881496062995
21
-3.5995348031496062
0
LINE
8
BLACK
6
CONTINUOUS
10
5.8404881496062995
20
-3.5995348031496062
11
5.839357952755905
21
-3.6001974015748033
0
LINE
8
BLACK
6
CONTINUOUS
10
5.839357952755905
20
-3.6001974015748033
11
5.8393579921259837
21
-3.6001973622047245
0
LINE
8
BLACK
6
CONTINUOUS
10
5.8393579921259837
20
-3.6001973622047245
11
5.838067125984252
21
-3.6011021259842519
0
LINE
8
BLACK
6
CONTINUOUS
10
5.838067125984252
20
-3.6011021259842519
11
5.8380669291338583
21
-3.601102283464567
0
LINE
8
BLACK
6
CONTINUOUS
10
5.8380669291338583
20
-3.601102283464567
11
5.8356566929133855
21
-3.603765590551181
0
LINE
8
BLACK
6
CONTINUOUS
10
5.8356566929133855
20
-3.603765590551181
11
5.8356565748031493
21
-3.6037657874015747
0
LINE
8
BLACK
6
CONTINUOUS
10
5.8356565748031493
20
-3.6037657874015747
11
5.8352409448818898
21
-3.6045059448818897
0
LINE
8
BLACK
6
CONTINUOUS
10
5.8352409448818898
20
-3.6045059448818897
11
5.8343096850393703
21
-3.6061642125984252
0
LINE
8
BLACK
6
CONTINUOUS
10
5.8343096850393703
20
-3.6061642125984252
11
5.8343094488188978
21
-3.6061646850393698
0
LINE
8
BLACK
6
CONTINUOUS
10
5.8343094488188978
20
-3.6061646850393698
11
5.8343094488188978
21
-3.6061646456692911
0
LINE
8
BLACK
6
CONTINUOUS
10
5.8343094488188978
20
-3.6061646456692911
11
5.8338787401574805
21
-3.6070551181102362
0
LINE
8
BLACK
6
CONTINUOUS
10
5.8338787401574805
20
-3.6070551181102362
11
5.8335647244094488
21
-3.608942244094488
0
LINE
8
BLACK
6
CONTINUOUS
10
5.8335647244094488
20
-3.608942244094488
11
5.8324543700787403
21
-3.6110799212598423
0
LINE
8
BLACK
6
CONTINUOUS
10
5.8324543700787403
20
-3.6110799212598423
11
5.830299566929134
21
-3.6121566929133859
0
LINE
8
BLACK
6
CONTINUOUS
10
5.830299566929134
20
-3.6121566929133859
11
5.8302287401574802
21
-3.6121666929133855
0
LINE
8
BLACK
6
CONTINUOUS
10
5.8302287401574802
20
-3.6121666929133855
11
5.8252073622047247
21
-3.6128277559055118
0
LINE
8
BLACK
6
CONTINUOUS
10
5.8252073622047247
20
-3.6128277559055118
11
5.8252070866141734
21
-3.6128278346456693
0
LINE
8
BLACK
6
CONTINUOUS
10
5.8252070866141734
20
-3.6128278346456693
11
5.8194562204724409
21
-3.6152099212598423
0
LINE
8
BLACK
6
CONTINUOUS
10
5.8194562204724409
20
-3.6152099212598423
11
5.8194561811023622
21
-3.6152099212598423
0
LINE
8
BLACK
6
CONTINUOUS
10
5.8194561811023622
20
-3.6152099212598423
11
5.8145177165354331
21
-3.6189993307086614
0
LINE
8
BLACK
6
CONTINUOUS
10
5.8145177165354331
20
-3.6189993307086614
11
5.8145173228346456
21
-3.6189997244094489
0
LINE
8
BLACK
6
CONTINUOUS
10
5.8145173228346456
20
-3.6189997244094489
11
5.8107279133858265
21
-3.623938188976378
0
LINE
8
BLACK
6
CONTINUOUS
10
5.8107279133858265
20
-3.623938188976378
11
5.8107279133858265
21
-3.6239382283464567
0
LINE
8
BLACK
6
CONTINUOUS
10
5.8107279133858265
20
-3.6239382283464567
11
5.808345826771653
21
-3.6296890944881888
0
LINE
8
BLACK
6
CONTINUOUS
10
5.808345826771653
20
-3.6296890944881888
11
5.8083457480314955
21
-3.6296894094488188
0
LINE
8
BLACK
6
CONTINUOUS
10
5.8083457480314955
20
-3.6296894094488188
11
5.8075332677165354
21
-3.6358609842519685
0
LINE
8
BLACK
6
CONTINUOUS
10
5.8075332677165354
20
-3.6358609842519685
11
5.8075332677165354
21
-3.6358610236220472
0
LINE
8
BLACK
6
CONTINUOUS
10
5.8075332677165354
20
-3.6358610236220472
11
5.8083457480314955
21
-3.6420325984251969
0
LINE
8
BLACK
6
CONTINUOUS
10
5.8083457480314955
20
-3.6420325984251969
11
5.808345826771653
21
-3.6420329133858269
0
LINE
8
BLACK
6
CONTINUOUS
10
5.808345826771653
20
-3.6420329133858269
11
5.8107279133858265
21
-3.6477837795275589
0
LINE
8
BLACK
6
CONTINUOUS
10
5.8107279133858265
20
-3.6477837795275589
11
5.8107279133858265
21
-3.6477838188976377
0
LINE
8
BLACK
6
CONTINUOUS
10
5.8107279133858265
20
-3.6477838188976377
11
5.8146730314960626
21
-3.6529252362204723
0
LINE
8
BLACK
6
CONTINUOUS
10
5.8146730314960626
20
-3.6529252362204723
11
5.814618503937008
21
-3.6529670472440943
0
LINE
8
BLACK
6
CONTINUOUS
10
5.814618503937008
20
-3.6529670472440943
11
5.8155632283464564
21
-3.6548204330708662
0
LINE
8
BLACK
6
CONTINUOUS
10
5.8155632283464564
20
-3.6548204330708662
11
5.8156112992125983
21
-3.6554307480314958
0
LINE
8
BLACK
6
CONTINUOUS
10
5.8156112992125983
20
-3.6554307480314958
11
5.8156112992125983
21
-3.695073503937008
0
LINE
8
BLACK
6
CONTINUOUS
10
5.8156112992125983
20
-3.695073503937008
11
5.8148669291338582
21
-3.6973644881889762
0
LINE
8
BLACK
6
CONTINUOUS
10
5.8148669291338582
20
-3.6973644881889762
11
5.8144697244094488
21
-3.6978295669291339
0
LINE
8
BLACK
6
CONTINUOUS
10
5.8144697244094488
20
-3.6978295669291339
11
5.80309625984252
21
-3.7092030314960631
0
LINE
8
BLACK
6
CONTINUOUS
10
5.80309625984252
20
-3.7092030314960631
11
5.8009499212598428
21
-3.7102966141732283
0
LINE
8
BLACK
6
CONTINUOUS
10
5.8009499212598428
20
-3.7102966141732283
11
5.7985707086614173
21
-3.7099198031496061
0
LINE
8
BLACK
6
CONTINUOUS
10
5.7985707086614173
20
-3.7099198031496061
11
5.7968673622047246
21
-3.7082164566929134
0
LINE
8
BLACK
6
CONTINUOUS
10
5.7968673622047246
20
-3.7082164566929134
11
5.7964425590551176
21
-3.7064469685039367
0
LINE
8
BLACK
6
CONTINUOUS
10
5.7964425590551176
20
-3.7064469685039367
11
5.7964425590551176
21
-3.7027558267716536
0
LINE
8
BLACK
6
CONTINUOUS
10
5.7964425590551176
20
-3.7027558267716536
11
5.7971869291338578
21
-3.7004648425196849
0
LINE
8
BLACK
6
CONTINUOUS
10
5.7971869291338578
20
-3.7004648425196849
11
5.7974746456692916
21
-3.7001279921259842
0
LINE
8
BLACK
6
CONTINUOUS
10
5.7974746456692916
20
-3.7001279921259842
11
5.797969724409449
21
-3.6994827952755904
0
LINE
8
BLACK
6
CONTINUOUS
10
5.797969724409449
20
-3.6994827952755904
11
5.801325866141732
21
-3.6951089763779525
0
LINE
8
BLACK
6
CONTINUOUS
10
5.801325866141732
20
-3.6951089763779525
11
5.8037080708661417
21
-3.6893578346456692
0
LINE
8
BLACK
6
CONTINUOUS
10
5.8037080708661417
20
-3.6893578346456692
11
5.8045205905511814
21
-3.6831861023622046
0
LINE
8
BLACK
6
CONTINUOUS
10
5.8045205905511814
20
-3.6831861023622046
11
5.8037080708661417
21
-3.6770143700787399
0
LINE
8
BLACK
6
CONTINUOUS
10
5.8037080708661417
20
-3.6770143700787399
11
5.8013259055118107
21
-3.6712633070866141
0
LINE
8
BLACK
6
CONTINUOUS
10
5.8013259055118107
20
-3.6712633070866141
11
5.8013259055118107
21
-3.6712632677165353
0
LINE
8
BLACK
6
CONTINUOUS
10
5.8013259055118107
20
-3.6712632677165353
11
5.7975364960629916
21
-3.6663248031496063
0
LINE
8
BLACK
6
CONTINUOUS
10
5.7975364960629916
20
-3.6663248031496063
11
5.7975364566929128
21
-3.6663247637795275
0
LINE
8
BLACK
6
CONTINUOUS
10
5.7975364566929128
20
-3.6663247637795275
11
5.7975363385826775
21
-3.6663246062992125
0
LINE
8
BLACK
6
CONTINUOUS
10
5.7975363385826775
20
-3.6663246062992125
11
5.7975361417322837
21
-3.6663244488188975
0
LINE
8
BLACK
6
CONTINUOUS
10
5.7975361417322837
20
-3.6663244488188975
11
5.797536102362205
21
-3.6663244094488188
0
LINE
8
BLACK
6
CONTINUOUS
10
5.797536102362205
20
-3.6663244094488188
11
5.7925975984251963
21
-3.6625350000000001
0
LINE
8
BLACK
6
CONTINUOUS
10
5.7925975984251963
20
-3.6625350000000001
11
5.7868467322834647
21
-3.6601529133858266
0
LINE
8
BLACK
6
CONTINUOUS
10
5.7868467322834647
20
-3.6601529133858266
11
5.7868464173228347
21
-3.6601528346456691
0
LINE
8
BLACK
6
CONTINUOUS
10
5.7868464173228347
20
-3.6601528346456691
11
5.7806748818897633
21
-3.6593403543307086
0
LINE
8
BLACK
6
CONTINUOUS
10
5.7806748818897633
20
-3.6593403543307086
11
5.7806748031496058
21
-3.6593403543307086
0
LINE
8
BLACK
6
CONTINUOUS
10
5.7806748031496058
20
-3.6593403543307086
11
5.7745032283464566
21
-3.6601528346456691
0
LINE
8
BLACK
6
CONTINUOUS
10
5.7745032283464566
20
-3.6601528346456691
11
5.7745029133858266
21
-3.6601529133858266
0
LINE
8
BLACK
6
CONTINUOUS
10
5.7745029133858266
20
-3.6601529133858266
11
5.7687520472440941
21
-3.6625350000000001
0
LINE
8
BLACK
6
CONTINUOUS
10
5.7687520472440941
20
-3.6625350000000001
11
5.7687520078740153
21
-3.6625350000000001
0
LINE
8
BLACK
6
CONTINUOUS
10
5.7687520078740153
20
-3.6625350000000001
11
5.7638135433070863
21
-3.6663244094488188
0
LINE
8
BLACK
6
CONTINUOUS
10
5.7638135433070863
20
-3.6663244094488188
11
5.7638131496062988
21
-3.6663248031496063
0
LINE
8
BLACK
6
CONTINUOUS
10
5.7638131496062988
20
-3.6663248031496063
11
5.7600237401574805
21
-3.6712632677165353
0
LINE
8
BLACK
6
CONTINUOUS
10
5.7600237401574805
20
-3.6712632677165353
11
5.7600237401574805
21
-3.6712633070866141
0
LINE
8
BLACK
6
CONTINUOUS
10
5.7600237401574805
20
-3.6712633070866141
11
5.757641653543307
21
-3.6770141732283466
0
LINE
8
BLACK
6
CONTINUOUS
10
5.757641653543307
20
-3.6770141732283466
11
5.7576415748031495
21
-3.6770144881889761
0
LINE
8
BLACK
6
CONTINUOUS
10
5.7576415748031495
20
-3.6770144881889761
11
5.7568290944881886
21
-3.6831860629921258
0
LINE
8
BLACK
6
CONTINUOUS
10
5.7568290944881886
20
-3.6831860629921258
11
5.7568290944881886
21
-3.6831861023622046
0
LINE
8
BLACK
6
CONTINUOUS
10
5.7568290944881886
20
-3.6831861023622046
11
5.7576415748031495
21
-3.6893576771653542
0
LINE
8
BLACK
6
CONTINUOUS
10
5.7576415748031495
20
-3.6893576771653542
11
5.757641653543307
21
-3.6893579921259843
0
LINE
8
BLACK
6
CONTINUOUS
10
5.757641653543307
20
-3.6893579921259843
11
5.7600237401574805
21
-3.6951088582677163
0
LINE
8
BLACK
6
CONTINUOUS
10
5.7600237401574805
20
-3.6951088582677163
11
5.7600237401574805
21
-3.695108897637795
0
LINE
8
BLACK
6
CONTINUOUS
10
5.7600237401574805
20
-3.695108897637795
11
5.7637772047244091
21
-3.7000005511811023
0
LINE
8
BLACK
6
CONTINUOUS
10
5.7637772047244091
20
-3.7000005511811023
11
5.7645812992125984
21
-3.7022712598425196
0
LINE
8
BLACK
6
CONTINUOUS
10
5.7645812992125984
20
-3.7022712598425196
11
5.7638971259842515
21
-3.7045809448818896
0
LINE
8
BLACK
6
CONTINUOUS
10
5.7638971259842515
20
-3.7045809448818896
11
5.7634410629921256
21
-3.7051293307086612
0
LINE
8
BLACK
6
CONTINUOUS
10
5.7634410629921256
20
-3.7051293307086612
11
5.7454782677165355
21
-3.7230921259842518
0
LINE
8
BLACK
6
CONTINUOUS
10
5.7454782677165355
20
-3.7230921259842518
11
5.7433319291338583
21
-3.7241857086614174
0
LINE
8
BLACK
6
CONTINUOUS
10
5.7433319291338583
20
-3.7241857086614174
11
5.7409527165354328
21
-3.7238088976377952
0
LINE
8
BLACK
6
CONTINUOUS
10
5.7409527165354328
20
-3.7238088976377952
11
5.7392493700787401
21
-3.7221055511811021
0
LINE
8
BLACK
6
CONTINUOUS
10
5.7392493700787401
20
-3.7221055511811021
11
5.7388579133858268
21
-3.7208447637795277
0
LINE
8
BLACK
6
CONTINUOUS
10
5.7388579133858268
20
-3.7208447637795277
11
5.73883562992126
21
-3.72067531496063
0
LINE
8
BLACK
6
CONTINUOUS
10
5.73883562992126
20
-3.72067531496063
11
5.7378862992125983
21
-3.7183834645669291
0
LINE
8
BLACK
6
CONTINUOUS
10
5.7378862992125983
20
-3.7183834645669291
11
5.736453464566929
21
-3.7149242519685037
0
LINE
8
BLACK
6
CONTINUOUS
10
5.736453464566929
20
-3.7149242519685037
11
5.736453464566929
21
-3.714924212598425
0
LINE
8
BLACK
6
CONTINUOUS
10
5.736453464566929
20
-3.714924212598425
11
5.7326640551181098
21
-3.7099857480314959
0
LINE
8
BLACK
6
CONTINUOUS
10
5.7326640551181098
20
-3.7099857480314959
11
5.7326640157480311
21
-3.7099857086614172
0
LINE
8
BLACK
6
CONTINUOUS
10
5.7326640157480311
20
-3.7099857086614172
11
5.7326638976377948
21
-3.7099855511811022
0
LINE
8
BLACK
6
CONTINUOUS
10
5.7326638976377948
20
-3.7099855511811022
11
5.7326637007874011
21
-3.7099853937007872
0
LINE
8
BLACK
6
CONTINUOUS
10
5.7326637007874011
20
-3.7099853937007872
11
5.7326636614173223
21
-3.7099853543307084
0
LINE
8
BLACK
6
CONTINUOUS
10
5.7326636614173223
20
-3.7099853543307084
11
5.7293036220472437
21
-3.7074071259842518
0
LINE
8
BLACK
6
CONTINUOUS
10
5.7293036220472437
20
-3.7074071259842518
11
5.7277252755905508
21
-3.7061960236220473
0
LINE
8
BLACK
6
CONTINUOUS
10
5.7277252755905508
20
-3.7061960236220473
11
5.727725236220472
21
-3.7061959842519685
0
LINE
8
BLACK
6
CONTINUOUS
10
5.727725236220472
20
-3.7061959842519685
11
5.7277251574803145
21
-3.7061959448818897
0
LINE
8
BLACK
6
CONTINUOUS
10
5.7277251574803145
20
-3.7061959448818897
11
5.7219742913385829
21
-3.7038138582677163
0
LINE
8
BLACK
6
CONTINUOUS
10
5.7219742913385829
20
-3.7038138582677163
11
5.7219739763779529
21
-3.7038137795275592
0
LINE
8
BLACK
6
CONTINUOUS
10
5.7219739763779529
20
-3.7038137795275592
11
5.7158024409448815
21
-3.7030012992125982
0
LINE
8
BLACK
6
CONTINUOUS
10
5.7158024409448815
20
-3.7030012992125982
11
5.715802362204724
21
-3.7030012992125982
0
LINE
8
BLACK
6
CONTINUOUS
10
5.715802362204724
20
-3.7030012992125982
11
5.7096307874015748
21
-3.7038137795275592
0
LINE
8
BLACK
6
CONTINUOUS
10
5.7096307874015748
20
-3.7038137795275592
11
5.7096304724409448
21
-3.7038138582677163
0
LINE
8
BLACK
6
CONTINUOUS
10
5.7096304724409448
20
-3.7038138582677163
11
5.7038796062992123
21
-3.7061959448818897
0
LINE
8
BLACK
6
CONTINUOUS
10
5.7038796062992123
20
-3.7061959448818897
11
5.7038795669291336
21
-3.7061959448818897
0
LINE
8
BLACK
6
CONTINUOUS
10
5.7038795669291336
20
-3.7061959448818897
11
5.6989411023622045
21
-3.7099853543307084
0
LINE
8
BLACK
6
CONTINUOUS
10
5.6989411023622045
20
-3.7099853543307084
11
5.698940708661417
21
-3.7099857480314959
0
LINE
8
BLACK
6
CONTINUOUS
10
5.698940708661417
20
-3.7099857480314959
11
5.6951512992125979
21
-3.714924212598425
0
LINE
8
BLACK
6
CONTINUOUS
10
5.6951512992125979
20
-3.714924212598425
11
5.6951512992125979
21
-3.7149242519685037
0
LINE
8
BLACK
6
CONTINUOUS
10
5.6951512992125979
20
-3.7149242519685037
11
5.6927692125984253
21
-3.7206751181102362
0
LINE
8
BLACK
6
CONTINUOUS
10
5.6927692125984253
20
-3.7206751181102362
11
5.6927691338582678
21
-3.7206754330708662
0
LINE
8
BLACK
6
CONTINUOUS
10
5.6927691338582678
20
-3.7206754330708662
11
5.6919566535433068
21
-3.7268470078740155
0
LINE
8
BLACK
6
CONTINUOUS
10
5.6919566535433068
20
-3.7268470078740155
11
5.6919566535433068
21
-3.7268470472440942
0
LINE
8
BLACK
6
CONTINUOUS
10
5.6919566535433068
20
-3.7268470472440942
11
5.6927691338582678
21
-3.7330186220472439
0
LINE
8
BLACK
6
CONTINUOUS
10
5.6927691338582678
20
-3.7330186220472439
11
5.6927692125984253
21
-3.7330189370078739
0
LINE
8
BLACK
6
CONTINUOUS
10
5.6927692125984253
20
-3.7330189370078739
11
5.6951512992125979
21
-3.7387698031496064
0
LINE
8
BLACK
6
CONTINUOUS
10
5.6951512992125979
20
-3.7387698031496064
11
5.6951512992125979
21
-3.7387698425196851
0
LINE
8
BLACK
6
CONTINUOUS
10
5.6951512992125979
20
-3.7387698425196851
11
5.6976377165354331
21
-3.7420101968503938
0
LINE
8
BLACK
6
CONTINUOUS
10
5.6976377165354331
20
-3.7420101968503938
11
5.6989409055118108
21
-3.7437085433070867
0
LINE
8
BLACK
6
CONTINUOUS
10
5.6989409055118108
20
-3.7437085433070867
11
5.7038795275590548
21
-3.7474980708661416
0
LINE
8
BLACK
6
CONTINUOUS
10
5.7038795275590548
20
-3.7474980708661416
11
5.7038795669291336
21
-3.7474980708661416
0
LINE
8
BLACK
6
CONTINUOUS
10
5.7038795669291336
20
-3.7474980708661416
11
5.7038796062992123
21
-3.7474981102362204
0
LINE
8
BLACK
6
CONTINUOUS
10
5.7038796062992123
20
-3.7474981102362204
11
5.7083682283464565
21
-3.7493573622047243
0
LINE
8
BLACK
6
CONTINUOUS
10
5.7083682283464565
20
-3.7493573622047243
11
5.7096306692913386
21
-3.7498802755905509
0
LINE
8
BLACK
6
CONTINUOUS
10
5.7096306692913386
20
-3.7498802755905509
11
5.7097999999999995
21
-3.7499025590551178
0
LINE
8
BLACK
6
CONTINUOUS
10
5.7097999999999995
20
-3.7499025590551178
11
5.7119742125984247
21
-3.7509394488188974
0
LINE
8
BLACK
6
CONTINUOUS
10
5.7119742125984247
20
-3.7509394488188974
11
5.7131237401574806
21
-3.753056338582677
0
LINE
8
BLACK
6
CONTINUOUS
10
5.7131237401574806
20
-3.753056338582677
11
5.7128094881889764
21
-3.7554446062992124
0
LINE
8
BLACK
6
CONTINUOUS
10
5.7128094881889764
20
-3.7554446062992124
11
5.7120474803149603
21
-3.7565229133858269
0
LINE
8
BLACK
6
CONTINUOUS
10
5.7120474803149603
20
-3.7565229133858269
11
5.4259882283464567
21
-4.0425821259842518
0
LINE
8
BLACK
6
CONTINUOUS
10
5.4259882283464567
20
-4.0425821259842518
11
5.4238418897637795
21
-4.043675708661417
0
LINE
8
BLACK
6
CONTINUOUS
10
5.4238418897637795
20
-4.043675708661417
11
5.421462677165354
21
-4.0432988976377953
0
LINE
8
BLACK
6
CONTINUOUS
10
5.421462677165354
20
-4.0432988976377953
11
5.4197593307086613
21
-4.0415955511811026
0
LINE
8
BLACK
6
CONTINUOUS
10
5.4197593307086613
20
-4.0415955511811026
11
5.4193590551181101
21
-4.0393895669291338
0
LINE
8
BLACK
6
CONTINUOUS
10
5.4193590551181101
20
-4.0393895669291338
11
5.4193608661417318
21
-4.0393733858267717
0
LINE
8
BLACK
6
CONTINUOUS
10
5.4193608661417318
20
-4.0393733858267717
11
5.4193899999999999
21
-4.039114960629921
0
LINE
8
BLACK
6
CONTINUOUS
10
5.4193899999999999
20
-4.039114960629921
11
5.4185948425196848
21
-4.032057677165354
0
LINE
8
BLACK
6
CONTINUOUS
10
5.4185948425196848
20
-4.032057677165354
11
5.4184789370078743
21
-4.0317264566929136
0
LINE
8
BLACK
6
CONTINUOUS
10
5.4184789370078743
20
-4.0317264566929136
11
5.4176360236220473
21
-4.0293175196850397
0
LINE
8
BLACK
6
CONTINUOUS
10
5.4176360236220473
20
-4.0293175196850397
11
5.4162492125984247
21
-4.0253542519685039
0
LINE
8
BLACK
6
CONTINUOUS
10
5.4162492125984247
20
-4.0253542519685039
11
5.4124707480314962
21
-4.0193408661417322
0
LINE
8
BLACK
6
CONTINUOUS
10
5.4124707480314962
20
-4.0193408661417322
11
5.4074489370078735
21
-4.0143190551181105
0
LINE
8
BLACK
6
CONTINUOUS
10
5.4074489370078735
20
-4.0143190551181105
11
5.4074488188976373
21
-4.014318976377953
0
LINE
8
BLACK
6
CONTINUOUS
10
5.4074488188976373
20
-4.014318976377953
11
5.4074487795275585
21
-4.0143189370078742
0
LINE
8
BLACK
6
CONTINUOUS
10
5.4074487795275585
20
-4.0143189370078742
11
5.4014355905511806
21
-4.0105405905511811
0
LINE
8
BLACK
6
CONTINUOUS
10
5.4014355905511806
20
-4.0105405905511811
11
5.3947323622047243
21
-4.0081949999999997
0
LINE
8
BLACK
6
CONTINUOUS
10
5.3947323622047243
20
-4.0081949999999997
11
5.3947322047244093
21
-4.008194960629921
0
LINE
8
BLACK
6
CONTINUOUS
10
5.3947322047244093
20
-4.008194960629921
11
5.3876748425196848
21
-4.0073998031496059
0
LINE
8
BLACK
6
CONTINUOUS
10
5.3876748425196848
20
-4.0073998031496059
11
5.3806174409448815
21
-4.008194960629921
0
LINE
8
BLACK
6
CONTINUOUS
10
5.3806174409448815
20
-4.008194960629921
11
5.3806172834645665
21
-4.0081949999999997
0
LINE
8
BLACK
6
CONTINUOUS
10
5.3806172834645665
20
-4.0081949999999997
11
5.3739140944881889
21
-4.0105405905511811
0
LINE
8
BLACK
6
CONTINUOUS
10
5.3739140944881889
20
-4.0105405905511811
11
5.3739140551181102
21
-4.0105405905511811
0
LINE
8
BLACK
6
CONTINUOUS
10
5.3739140551181102
20
-4.0105405905511811
11
5.3679008661417322
21
-4.0143189370078742
0
LINE
8
BLACK
6
CONTINUOUS
10
5.3679008661417322
20
-4.0143189370078742
11
5.362878818897638
21
-4.0193409842519685
0
LINE
8
BLACK
6
CONTINUOUS
10
5.362878818897638
20
-4.0193409842519685
11
5.3591004724409448
21
-4.0253541732283464
0
LINE
8
BLACK
6
CONTINUOUS
10
5.3591004724409448
20
-4.0253541732283464
11
5.3591004724409448
21
-4.0253542125984252
0
LINE
8
BLACK
6
CONTINUOUS
10
5.3591004724409448
20
-4.0253542125984252
11
5.3567548818897635
21
-4.0320574015748027
0
LINE
8
BLACK
6
CONTINUOUS
10
5.3567548818897635
20
-4.0320574015748027
11
5.3567548425196847
21
-4.0320575590551178
0
LINE
8
BLACK
6
CONTINUOUS
10
5.3567548425196847
20
-4.0320575590551178
11
5.3559596850393696
21
-4.039114960629921
0
LINE
8
BLACK
6
CONTINUOUS
10
5.3559596850393696
20
-4.039114960629921
11
5.3567548425196847
21
-4.0461723228346456
0
LINE
8
BLACK
6
CONTINUOUS
10
5.3567548425196847
20
-4.0461723228346456
11
5.3567548818897635
21
-4.0461724803149606
0
LINE
8
BLACK
6
CONTINUOUS
10
5.3567548818897635
20
-4.0461724803149606
11
5.3591004724409448
21
-4.0528756692913381
0
LINE
8
BLACK
6
CONTINUOUS
10
5.3591004724409448
20
-4.0528756692913381
11
5.3591004724409448
21
-4.0528757086614169
0
LINE
8
BLACK
6
CONTINUOUS
10
5.3591004724409448
20
-4.0528757086614169
11
5.362878818897638
21
-4.0588888976377948
0
LINE
8
BLACK
6
CONTINUOUS
10
5.362878818897638
20
-4.0588888976377948
11
5.3628789370078742
21
-4.0588890551181098
0
LINE
8
BLACK
6
CONTINUOUS
10
5.3628789370078742
20
-4.0588890551181098
11
5.367900748031496
21
-4.0639108661417325
0
LINE
8
BLACK
6
CONTINUOUS
10
5.367900748031496
20
-4.0639108661417325
11
5.3679008267716535
21
-4.0639109055118112
0
LINE
8
BLACK
6
CONTINUOUS
10
5.3679008267716535
20
-4.0639109055118112
11
5.3679008661417322
21
-4.06391094488189
0
LINE
8
BLACK
6
CONTINUOUS
10
5.3679008661417322
20
-4.06391094488189
11
5.3731027559055118
21
-4.0671795275590554
0
LINE
8
BLACK
6
CONTINUOUS
10
5.3731027559055118
20
-4.0671795275590554
11
5.3739141338582677
21
-4.067689330708661
0
LINE
8
BLACK
6
CONTINUOUS
10
5.3739141338582677
20
-4.067689330708661
11
5.3758720866141729
21
-4.068374448818898
0
LINE
8
BLACK
6
CONTINUOUS
10
5.3758720866141729
20
-4.068374448818898
11
5.3806172834645665
21
-4.0700348818897636
0
LINE
8
BLACK
6
CONTINUOUS
10
5.3806172834645665
20
-4.0700348818897636
11
5.3806174409448815
21
-4.0700349212598423
0
LINE
8
BLACK
6
CONTINUOUS
10
5.3806174409448815
20
-4.0700349212598423
11
5.3806175590551177
21
-4.0700349606299211
0
LINE
8
BLACK
6
CONTINUOUS
10
5.3806175590551177
20
-4.0700349606299211
11
5.3876748425196848
21
-4.0708301181102362
0
LINE
8
BLACK
6
CONTINUOUS
10
5.3876748425196848
20
-4.0708301181102362
11
5.3879494488188975
21
-4.0707991732283464
0
LINE
8
BLACK
6
CONTINUOUS
10
5.3879494488188975
20
-4.0707991732283464
11
5.3903093700787403
21
-4.0712822834645666
0
LINE
8
BLACK
6
CONTINUOUS
10
5.3903093700787403
20
-4.0712822834645666
11
5.3919346062992126
21
-4.0730602755905512
0
LINE
8
BLACK
6
CONTINUOUS
10
5.3919346062992126
20
-4.0730602755905512
11
5.3922043700787397
21
-4.075454015748031
0
LINE
8
BLACK
6
CONTINUOUS
10
5.3922043700787397
20
-4.075454015748031
11
5.3911420078740155
21
-4.0774283464566929
0
LINE
8
BLACK
6
CONTINUOUS
10
5.3911420078740155
20
-4.0774283464566929
11
5.3509629133858265
21
-4.1176075196850395
0
LINE
8
BLACK
6
CONTINUOUS
10
5.3509629133858265
20
-4.1176075196850395
11
5.3488165748031493
21
-4.1187011023622047
0
LINE
8
BLACK
6
CONTINUOUS
10
5.3488165748031493
20
-4.1187011023622047
11
5.3482068503937006
21
-4.118749094488189
0
LINE
8
BLACK
6
CONTINUOUS
10
5.3482068503937006
20
-4.118749094488189
11
5.2934414173228346
21
-4.118749094488189
0
LINE
8
BLACK
6
CONTINUOUS
10
5.2934414173228346
20
-4.118749094488189
11
5.2911504330708663
21
-4.1180047244094489
0
LINE
8
BLACK
6
CONTINUOUS
10
5.2911504330708663
20
-4.1180047244094489
11
5.2908131102362201
21
-4.1177166535433072
0
LINE
8
BLACK
6
CONTINUOUS
10
5.2908131102362201
20
-4.1177166535433072
11
5.2906708661417321
21
-4.1176075196850395
0
LINE
8
BLACK
6
CONTINUOUS
10
5.2906708661417321
20
-4.1176075196850395
11
5.285794566929134
21
-4.1138657874015747
0
LINE
8
BLACK
6
CONTINUOUS
10
5.285794566929134
20
-4.1138657874015747
11
5.2857945275590552
21
-4.113865748031496
0
LINE
8
BLACK
6
CONTINUOUS
10
5.2857945275590552
20
-4.113865748031496
11
5.2857944488188977
21
-4.1138657086614172
0
LINE
8
BLACK
6
CONTINUOUS
10
5.2857944488188977
20
-4.1138657086614172
11
5.2800435826771652
21
-4.1114836220472437
0
LINE
8
BLACK
6
CONTINUOUS
10
5.2800435826771652
20
-4.1114836220472437
11
5.2800432677165352
21
-4.1114835433070862
0
LINE
8
BLACK
6
CONTINUOUS
10
5.2800432677165352
20
-4.1114835433070862
11
5.2738717322834647
21
-4.1106710629921261
0
LINE
8
BLACK
6
CONTINUOUS
10
5.2738717322834647
20
-4.1106710629921261
11
5.2738716535433072
21
-4.1106710629921261
0
LINE
8
BLACK
6
CONTINUOUS
10
5.2738716535433072
20
-4.1106710629921261
11
5.2677000787401571
21
-4.1114835433070862
0
LINE
8
BLACK
6
CONTINUOUS
10
5.2677000787401571
20
-4.1114835433070862
11
5.2676997637795271
21
-4.1114836220472437
0
LINE
8
BLACK
6
CONTINUOUS
10
5.2676997637795271
20
-4.1114836220472437
11
5.2619488976377955
21
-4.1138657086614172
0
LINE
8
BLACK
6
CONTINUOUS
10
5.2619488976377955
20
-4.1138657086614172
11
5.2619488582677167
21
-4.1138657086614172
0
LINE
8
BLACK
6
CONTINUOUS
10
5.2619488582677167
20
-4.1138657086614172
11
5.2570103937007877
21
-4.1176551181102363
0
LINE
8
BLACK
6
CONTINUOUS
10
5.2570103937007877
20
-4.1176551181102363
11
5.2570100000000002
21
-4.1176555118110238
0
LINE
8
BLACK
6
CONTINUOUS
10
5.2570100000000002
20
-4.1176555118110238
11
5.2532205905511811
21
-4.1225939763779529
0
LINE
8
BLACK
6
CONTINUOUS
10
5.2532205905511811
20
-4.1225939763779529
11
5.2532205905511811
21
-4.1225940157480316
0
LINE
8
BLACK
6
CONTINUOUS
10
5.2532205905511811
20
-4.1225940157480316
11
5.2508385039370076
21
-4.1283448818897641
0
LINE
8
BLACK
6
CONTINUOUS
10
5.2508385039370076
20
-4.1283448818897641
11
5.2508384251968501
21
-4.1283451968503933
0
LINE
8
BLACK
6
CONTINUOUS
10
5.2508384251968501
20
-4.1283451968503933
11
5.25002594488189
21
-4.1345167716535434
0
LINE
8
BLACK
6
CONTINUOUS
10
5.25002594488189
20
-4.1345167716535434
11
5.25002594488189
21
-4.1345168110236221
0
LINE
8
BLACK
6
CONTINUOUS
10
5.25002594488189
20
-4.1345168110236221
11
5.2508384251968501
21
-4.1406883858267713
0
LINE
8
BLACK
6
CONTINUOUS
10
5.2508384251968501
20
-4.1406883858267713
11
5.2508385039370076
21
-4.1406887007874014
0
LINE
8
BLACK
6
CONTINUOUS
10
5.2508385039370076
20
-4.1406887007874014
11
5.2532205905511811
21
-4.1464395669291338
0
LINE
8
BLACK
6
CONTINUOUS
10
5.2532205905511811
20
-4.1464395669291338
11
5.2532205905511811
21
-4.1464396062992126
0
LINE
8
BLACK
6
CONTINUOUS
10
5.2532205905511811
20
-4.1464396062992126
11
5.2570100000000002
21
-4.1513780708661416
0
LINE
8
BLACK
6
CONTINUOUS
10
5.2570100000000002
20
-4.1513780708661416
11
5.2570101968503939
21
-4.1513783070866142
0
LINE
8
BLACK
6
CONTINUOUS
10
5.2570101968503939
20
-4.1513783070866142
11
5.261948818897638
21
-4.1551678346456695
0
LINE
8
BLACK
6
CONTINUOUS
10
5.261948818897638
20
-4.1551678346456695
11
5.2619488582677167
21
-4.1551678346456695
0
LINE
8
BLACK
6
CONTINUOUS
10
5.2619488582677167
20
-4.1551678346456695
11
5.2619488976377955
21
-4.1551678740157483
0
LINE
8
BLACK
6
CONTINUOUS
10
5.2619488976377955
20
-4.1551678740157483
11
5.267205433070866
21
-4.1573451968503932
0
LINE
8
BLACK
6
CONTINUOUS
10
5.267205433070866
20
-4.1573451968503932
11
5.2676999606299209
21
-4.1575500393700784
0
LINE
8
BLACK
6
CONTINUOUS
10
5.2676999606299209
20
-4.1575500393700784
11
5.2723287401574801
21
-4.1581594094488192
0
LINE
8
BLACK
6
CONTINUOUS
10
5.2723287401574801
20
-4.1581594094488192
11
5.2738716535433072
21
-4.1583625590551181
0
LINE
8
BLACK
6
CONTINUOUS
10
5.2738716535433072
20
-4.1583625590551181
11
5.273871692913386
21
-4.1583625590551181
0
LINE
8
BLACK
6
CONTINUOUS
10
5.273871692913386
20
-4.1583625590551181
11
5.2738717322834647
21
-4.1583625590551181
0
LINE
8
BLACK
6
CONTINUOUS
10
5.2738717322834647
20
-4.1583625590551181
11
5.2751060236220475
21
-4.1582000393700786
0
LINE
8
BLACK
6
CONTINUOUS
10
5.2751060236220475
20
-4.1582000393700786
11
5.2800434251968502
21
-4.1575500393700784
0
LINE
8
BLACK
6
CONTINUOUS
10
5.2800434251968502
20
-4.1575500393700784
11
5.285794566929134
21
-4.1551678346456695
0
LINE
8
BLACK
6
CONTINUOUS
10
5.285794566929134
20
-4.1551678346456695
11
5.290733188976378
21
-4.1513783070866142
0
LINE
8
BLACK
6
CONTINUOUS
10
5.290733188976378
20
-4.1513783070866142
11
5.2907331496062993
21
-4.1513783070866142
0
LINE
8
BLACK
6
CONTINUOUS
10
5.2907331496062993
20
-4.1513783070866142
11
5.2909358661417318
21
-4.15122279527559
0
LINE
8
BLACK
6
CONTINUOUS
10
5.2909358661417318
20
-4.15122279527559
11
5.2909775984251963
21
-4.1512771653543306
0
LINE
8
BLACK
6
CONTINUOUS
10
5.2909775984251963
20
-4.1512771653543306
11
5.2928316929133858
21
-4.1503325196850396
0
LINE
8
BLACK
6
CONTINUOUS
10
5.2928316929133858
20
-4.1503325196850396
11
5.2934414173228346
21
-4.1502845275590552
0
LINE
8
BLACK
6
CONTINUOUS
10
5.2934414173228346
20
-4.1502845275590552
11
5.3526049999999996
21
-4.1502845275590552
0
LINE
8
BLACK
6
CONTINUOUS
10
5.3526049999999996
20
-4.1502845275590552
11
5.3548959842519688
21
-4.1510288976377954
0
LINE
8
BLACK
6
CONTINUOUS
10
5.3548959842519688
20
-4.1510288976377954
11
5.3563118897637798
21
-4.1529777165354327
0
LINE
8
BLACK
6
CONTINUOUS
10
5.3563118897637798
20
-4.1529777165354327
11
5.3563118897637798
21
-4.1553866141732279
0
LINE
8
BLACK
6
CONTINUOUS
10
5.3563118897637798
20
-4.1553866141732279
11
5.3553610629921256
21
-4.1569382283464567
0
LINE
8
BLACK
6
CONTINUOUS
10
5.3553610629921256
20
-4.1569382283464567
11
5.2153285433070868
21
-4.2969707480314963
0
LINE
8
BLACK
6
CONTINUOUS
10
5.2153285433070868
20
-4.2969707480314963
11
5.2131822047244096
21
-4.2980643307086615
0
LINE
8
BLACK
6
CONTINUOUS
10
5.2131822047244096
20
-4.2980643307086615
11
5.2108029921259842
21
-4.2976875196850397
0
LINE
8
BLACK
6
CONTINUOUS
10
5.2108029921259842
20
-4.2976875196850397
11
5.2090996456692915
21
-4.2959841732283461
0
LINE
8
BLACK
6
CONTINUOUS
10
5.2090996456692915
20
-4.2959841732283461
11
5.2086748425196845
21
-4.2942146850393703
0
LINE
8
BLACK
6
CONTINUOUS
10
5.2086748425196845
20
-4.2942146850393703
11
5.2086748425196845
21
-3.4315168110236218
0
LINE
8
BLACK
6
CONTINUOUS
10
5.2086748425196845
20
-3.4315168110236218
11
5.2086748425196845
21
-3.3805168110236221
0
LINE
8
BLACK
6
CONTINUOUS
10
5.2086748425196845
20
-3.3805168110236221
11
5.2086748425196845
21
-3.3135168110236219
0
LINE
8
BLACK
6
CONTINUOUS
10
5.2086748425196845
20
-3.3135168110236219
11
5.2086748425196845
21
-3.2975168503937007
0
LINE
8
BLACK
6
CONTINUOUS
10
5.2086748425196845
20
-3.2975168503937007
11
5.2086748425196845
21
-3.2975168110236219
0
LINE
8
BLACK
6
CONTINUOUS
10
5.2086748425196845
20
-3.2975168110236219
11
4.0086748425196852
21
-3.2975168110236219
0
LINE
8
BLACK
6
CONTINUOUS
10
4.0086748425196852
20
-3.2975168110236219
11
4.0086748425196852
21
-4.4975168110236217
0
LINE
8
BLACK
6
CONTINUOUS
10
4.0086748425196852
20
-4.4975168110236217
11
4.3007614566929133
21
-4.4975168110236217
0
LINE
8
BLACK
6
CONTINUOUS
10
7.1973580708661418
20
-4.7814735039370078
11
7.2108577559055114
21
-4.7814735039370078
0
LINE
8
BLACK
6
CONTINUOUS
10
7.2108577559055114
20
-4.7814735039370078
11
7.2187317716535429
21
-4.7735994881889763
0
LINE
8
BLACK
6
CONTINUOUS
10
7.2187317716535429
20
-4.7735994881889763
11
7.1894840551181103
21
-4.7735994881889763
0
LINE
8
BLACK
6
CONTINUOUS
10
7.1894840551181103
20
-4.7735994881889763
11
7.1973580708661418
21
-4.7814735039370078
0
LINE
8
BLACK
6
CONTINUOUS
10
7.1125032283464567
20
-4.7044835433070862
11
7.1125029133858266
21
-4.7044836220472437
0
LINE
8
BLACK
6
CONTINUOUS
10
7.1125029133858266
20
-4.7044836220472437
11
7.1067520472440942
21
-4.7068657086614172
0
LINE
8
BLACK
6
CONTINUOUS
10
7.1067520472440942
20
-4.7068657086614172
11
7.1067520078740154
21
-4.7068657086614172
0
LINE
8
BLACK
6
CONTINUOUS
10
7.1067520078740154
20
-4.7068657086614172
11
7.1018135433070864
21
-4.7106551181102363
0
LINE
8
BLACK
6
CONTINUOUS
10
7.1018135433070864
20
-4.7106551181102363
11
7.1018131496062988
21
-4.7106555118110238
0
LINE
8
BLACK
6
CONTINUOUS
10
7.1018131496062988
20
-4.7106555118110238
11
7.0980237401574797
21
-4.7155939763779529
0
LINE
8
BLACK
6
CONTINUOUS
10
7.0980237401574797
20
-4.7155939763779529
11
7.0980237401574797
21
-4.7155940157480316
0
LINE
8
BLACK
6
CONTINUOUS
10
7.0980237401574797
20
-4.7155940157480316
11
7.0956416535433071
21
-4.7213448818897641
0
LINE
8
BLACK
6
CONTINUOUS
10
7.0956416535433071
20
-4.7213448818897641
11
7.0956415748031496
21
-4.7213451968503932
0
LINE
8
BLACK
6
CONTINUOUS
10
7.0956415748031496
20
-4.7213451968503932
11
7.0948290944881887
21
-4.7275167716535433
0
LINE
8
BLACK
6
CONTINUOUS
10
7.0948290944881887
20
-4.7275167716535433
11
7.0948290944881887
21
-4.7275168110236221
0
LINE
8
BLACK
6
CONTINUOUS
10
7.0948290944881887
20
-4.7275168110236221
11
7.0956415748031496
21
-4.7336883858267713
0
LINE
8
BLACK
6
CONTINUOUS
10
7.0956415748031496
20
-4.7336883858267713
11
7.0956416535433071
21
-4.7336887007874013
0
LINE
8
BLACK
6
CONTINUOUS
10
7.0956416535433071
20
-4.7336887007874013
11
7.0980237401574797
21
-4.7394395669291338
0
LINE
8
BLACK
6
CONTINUOUS
10
7.0980237401574797
20
-4.7394395669291338
11
7.0980237401574797
21
-4.7394396062992126
0
LINE
8
BLACK
6
CONTINUOUS
10
7.0980237401574797
20
-4.7394396062992126
11
7.1018131496062988
21
-4.7443780708661416
0
LINE
8
BLACK
6
CONTINUOUS
10
7.1018131496062988
20
-4.7443780708661416
11
7.1018133464566926
21
-4.7443783070866141
0
LINE
8
BLACK
6
CONTINUOUS
10
7.1018133464566926
20
-4.7443783070866141
11
7.1067519685039366
21
-4.7481678346456695
0
LINE
8
BLACK
6
CONTINUOUS
10
7.1067519685039366
20
-4.7481678346456695
11
7.1067520078740154
21
-4.7481678346456695
0
LINE
8
BLACK
6
CONTINUOUS
10
7.1067520078740154
20
-4.7481678346456695
11
7.1067520472440942
21
-4.7481678740157482
0
LINE
8
BLACK
6
CONTINUOUS
10
7.1067520472440942
20
-4.7481678740157482
11
7.1076388582677161
21
-4.7485351968503933
0
LINE
8
BLACK
6
CONTINUOUS
10
7.1076388582677161
20
-4.7485351968503933
11
7.1125031102362204
21
-4.7505500393700784
0
LINE
8
BLACK
6
CONTINUOUS
10
7.1125031102362204
20
-4.7505500393700784
11
7.1171318897637796
21
-4.7511594094488192
0
LINE
8
BLACK
6
CONTINUOUS
10
7.1171318897637796
20
-4.7511594094488192
11
7.1186748031496059
21
-4.7513625590551181
0
LINE
8
BLACK
6
CONTINUOUS
10
7.1186748031496059
20
-4.7513625590551181
11
7.1186748425196846
21
-4.7513625590551181
0
LINE
8
BLACK
6
CONTINUOUS
10
7.1186748425196846
20
-4.7513625590551181
11
7.1186748818897634
21
-4.7513625590551181
0
LINE
8
BLACK
6
CONTINUOUS
10
7.1186748818897634
20
-4.7513625590551181
11
7.1199091732283462
21
-4.7512000393700786
0
LINE
8
BLACK
6
CONTINUOUS
10
7.1199091732283462
20
-4.7512000393700786
11
7.1248465748031498
21
-4.7505500393700784
0
LINE
8
BLACK
6
CONTINUOUS
10
7.1248465748031498
20
-4.7505500393700784
11
7.1297108267716531
21
-4.7485351968503933
0
LINE
8
BLACK
6
CONTINUOUS
10
7.1297108267716531
20
-4.7485351968503933
11
7.1305977165354326
21
-4.7481678346456695
0
LINE
8
BLACK
6
CONTINUOUS
10
7.1305977165354326
20
-4.7481678346456695
11
7.1355363385826767
21
-4.7443783070866141
0
LINE
8
BLACK
6
CONTINUOUS
10
7.1355363385826767
20
-4.7443783070866141
11
7.139325866141732
21
-4.7394396850393701
0
LINE
8
BLACK
6
CONTINUOUS
10
7.139325866141732
20
-4.7394396850393701
11
7.1417080708661418
21
-4.7336885433070863
0
LINE
8
BLACK
6
CONTINUOUS
10
7.1417080708661418
20
-4.7336885433070863
11
7.1425205905511806
21
-4.7275168110236221
0
LINE
8
BLACK
6
CONTINUOUS
10
7.1425205905511806
20
-4.7275168110236221
11
7.1424687401574802
21
-4.7271231102362208
0
LINE
8
BLACK
6
CONTINUOUS
10
7.1424687401574802
20
-4.7271231102362208
11
7.1421387007874015
21
-4.7246160629921254
0
LINE
8
BLACK
6
CONTINUOUS
10
7.1421387007874015
20
-4.7246160629921254
11
7.1417080708661418
21
-4.721345078740157
0
LINE
8
BLACK
6
CONTINUOUS
10
7.1417080708661418
20
-4.721345078740157
11
7.1417079921259843
21
-4.7213448818897641
0
LINE
8
BLACK
6
CONTINUOUS
10
7.1417079921259843
20
-4.7213448818897641
11
7.1393259055118108
21
-4.7155940157480316
0
LINE
8
BLACK
6
CONTINUOUS
10
7.1393259055118108
20
-4.7155940157480316
11
7.1393259055118108
21
-4.7155939763779529
0
LINE
8
BLACK
6
CONTINUOUS
10
7.1393259055118108
20
-4.7155939763779529
11
7.1355364960629917
21
-4.7106555118110238
0
LINE
8
BLACK
6
CONTINUOUS
10
7.1355364960629917
20
-4.7106555118110238
11
7.1355364566929129
21
-4.7106554724409451
0
LINE
8
BLACK
6
CONTINUOUS
10
7.1355364566929129
20
-4.7106554724409451
11
7.1355363385826767
21
-4.7106553149606301
0
LINE
8
BLACK
6
CONTINUOUS
10
7.1355363385826767
20
-4.7106553149606301
11
7.1355361417322829
21
-4.710655157480315
0
LINE
8
BLACK
6
CONTINUOUS
10
7.1355361417322829
20
-4.710655157480315
11
7.1355361023622041
21
-4.7106551181102363
0
LINE
8
BLACK
6
CONTINUOUS
10
7.1355361023622041
20
-4.7106551181102363
11
7.1327340551181102
21
-4.7085050393700785
0
LINE
8
BLACK
6
CONTINUOUS
10
7.1327340551181102
20
-4.7085050393700785
11
7.1305977165354326
21
-4.7068657874015747
0
LINE
8
BLACK
6
CONTINUOUS
10
7.1305977165354326
20
-4.7068657874015747
11
7.1305976771653539
21
-4.7068657480314959
0
LINE
8
BLACK
6
CONTINUOUS
10
7.1305976771653539
20
-4.7068657480314959
11
7.1305975984251964
21
-4.7068657086614172
0
LINE
8
BLACK
6
CONTINUOUS
10
7.1305975984251964
20
-4.7068657086614172
11
7.1248467322834648
21
-4.7044836220472437
0
LINE
8
BLACK
6
CONTINUOUS
10
7.1248467322834648
20
-4.7044836220472437
11
7.1248464173228347
21
-4.7044835433070862
0
LINE
8
BLACK
6
CONTINUOUS
10
7.1248464173228347
20
-4.7044835433070862
11
7.1186748818897634
21
-4.7036710629921261
0
LINE
8
BLACK
6
CONTINUOUS
10
7.1186748818897634
20
-4.7036710629921261
11
7.1186748031496059
21
-4.7036710629921261
0
LINE
8
BLACK
6
CONTINUOUS
10
7.1186748031496059
20
-4.7036710629921261
11
7.1125032283464567
21
-4.7044835433070862
0
LINE
8
BLACK
6
CONTINUOUS
10
7.1025032283464569
20
-4.5694835433070864
11
7.1025029133858268
21
-4.5694836220472439
0
LINE
8
BLACK
6
CONTINUOUS
10
7.1025029133858268
20
-4.5694836220472439
11
7.0967520472440944
21
-4.5718657086614174
0
LINE
8
BLACK
6
CONTINUOUS
10
7.0967520472440944
20
-4.5718657086614174
11
7.0967520078740156
21
-4.5718657086614174
0
LINE
8
BLACK
6
CONTINUOUS
10
7.0967520078740156
20
-4.5718657086614174
11
7.0918135433070866
21
-4.5756551181102365
0
LINE
8
BLACK
6
CONTINUOUS
10
7.0918135433070866
20
-4.5756551181102365
11
7.091813149606299
21
-4.5756555118110231
0
LINE
8
BLACK
6
CONTINUOUS
10
7.091813149606299
20
-4.5756555118110231
11
7.0880237401574799
21
-4.5805939763779531
0
LINE
8
BLACK
6
CONTINUOUS
10
7.0880237401574799
20
-4.5805939763779531
11
7.0880237401574799
21
-4.5805940157480318
0
LINE
8
BLACK
6
CONTINUOUS
10
7.0880237401574799
20
-4.5805940157480318
11
7.0856416535433073
21
-4.5863448818897634
0
LINE
8
BLACK
6
CONTINUOUS
10
7.0856416535433073
20
-4.5863448818897634
11
7.0856415748031498
21
-4.5863451968503934
0
LINE
8
BLACK
6
CONTINUOUS
10
7.0856415748031498
20
-4.5863451968503934
11
7.0848290944881889
21
-4.5925167716535436
0
LINE
8
BLACK
6
CONTINUOUS
10
7.0848290944881889
20
-4.5925167716535436
11
7.0848290944881889
21
-4.5925168110236223
0
LINE
8
BLACK
6
CONTINUOUS
10
7.0848290944881889
20
-4.5925168110236223
11
7.0856415748031498
21
-4.5986883858267715
0
LINE
8
BLACK
6
CONTINUOUS
10
7.0856415748031498
20
-4.5986883858267715
11
7.0856416535433073
21
-4.5986887007874016
0
LINE
8
BLACK
6
CONTINUOUS
10
7.0856416535433073
20
-4.5986887007874016
11
7.0880237401574799
21
-4.604439566929134
0
LINE
8
BLACK
6
CONTINUOUS
10
7.0880237401574799
20
-4.604439566929134
11
7.0880237401574799
21
-4.6044396062992128
0
LINE
8
BLACK
6
CONTINUOUS
10
7.0880237401574799
20
-4.6044396062992128
11
7.090325787401575
21
-4.6074396850393704
0
LINE
8
BLACK
6
CONTINUOUS
10
7.090325787401575
20
-4.6074396850393704
11
7.0918133464566928
21
-4.6093783070866143
0
LINE
8
BLACK
6
CONTINUOUS
10
7.0918133464566928
20
-4.6093783070866143
11
7.0967519685039369
21
-4.6131678346456688
0
LINE
8
BLACK
6
CONTINUOUS
10
7.0967519685039369
20
-4.6131678346456688
11
7.1025031102362206
21
-4.6155500393700786
0
LINE
8
BLACK
6
CONTINUOUS
10
7.1025031102362206
20
-4.6155500393700786
11
7.107131889763779
21
-4.6161594094488185
0
LINE
8
BLACK
6
CONTINUOUS
10
7.107131889763779
20
-4.6161594094488185
11
7.1086748031496061
21
-4.6163625590551183
0
LINE
8
BLACK
6
CONTINUOUS
10
7.1086748031496061
20
-4.6163625590551183
11
7.1086748425196848
21
-4.6163625590551183
0
LINE
8
BLACK
6
CONTINUOUS
10
7.1086748425196848
20
-4.6163625590551183
11
7.1086748818897636
21
-4.6163625590551183
0
LINE
8
BLACK
6
CONTINUOUS
10
7.1086748818897636
20
-4.6163625590551183
11
7.1101539370078735
21
-4.6161678346456689
0
LINE
8
BLACK
6
CONTINUOUS
10
7.1101539370078735
20
-4.6161678346456689
11
7.1148465748031491
21
-4.6155500393700786
0
LINE
8
BLACK
6
CONTINUOUS
10
7.1148465748031491
20
-4.6155500393700786
11
7.1205977165354328
21
-4.6131678346456688
0
LINE
8
BLACK
6
CONTINUOUS
10
7.1205977165354328
20
-4.6131678346456688
11
7.1255363385826769
21
-4.6093783070866143
0
LINE
8
BLACK
6
CONTINUOUS
10
7.1255363385826769
20
-4.6093783070866143
11
7.1293258661417322
21
-4.6044396850393703
0
LINE
8
BLACK
6
CONTINUOUS
10
7.1293258661417322
20
-4.6044396850393703
11
7.131708070866142
21
-4.5986885433070865
0
LINE
8
BLACK
6
CONTINUOUS
10
7.131708070866142
20
-4.5986885433070865
11
7.1325205905511808
21
-4.5925168110236223
0
LINE
8
BLACK
6
CONTINUOUS
10
7.1325205905511808
20
-4.5925168110236223
11
7.131708070866142
21
-4.5863450787401572
0
LINE
8
BLACK
6
CONTINUOUS
10
7.131708070866142
20
-4.5863450787401572
11
7.1304682677165356
21
-4.5833518897637795
0
LINE
8
BLACK
6
CONTINUOUS
10
7.1304682677165356
20
-4.5833518897637795
11
7.129325905511811
21
-4.5805940157480318
0
LINE
8
BLACK
6
CONTINUOUS
10
7.129325905511811
20
-4.5805940157480318
11
7.129325905511811
21
-4.5805939763779531
0
LINE
8
BLACK
6
CONTINUOUS
10
7.129325905511811
20
-4.5805939763779531
11
7.1255364960629919
21
-4.5756555118110231
0
LINE
8
BLACK
6
CONTINUOUS
10
7.1255364960629919
20
-4.5756555118110231
11
7.1255364566929131
21
-4.5756554724409444
0
LINE
8
BLACK
6
CONTINUOUS
10
7.1255364566929131
20
-4.5756554724409444
11
7.1255363385826769
21
-4.5756553149606294
0
LINE
8
BLACK
6
CONTINUOUS
10
7.1255363385826769
20
-4.5756553149606294
11
7.1255361417322831
21
-4.5756551574803153
0
LINE
8
BLACK
6
CONTINUOUS
10
7.1255361417322831
20
-4.5756551574803153
11
7.1255361023622044
21
-4.5756551181102365
0
LINE
8
BLACK
6
CONTINUOUS
10
7.1255361023622044
20
-4.5756551181102365
11
7.1227340551181104
21
-4.5735050393700787
0
LINE
8
BLACK
6
CONTINUOUS
10
7.1227340551181104
20
-4.5735050393700787
11
7.1205977165354328
21
-4.5718657874015749
0
LINE
8
BLACK
6
CONTINUOUS
10
7.1205977165354328
20
-4.5718657874015749
11
7.1205976771653541
21
-4.5718657480314961
0
LINE
8
BLACK
6
CONTINUOUS
10
7.1205976771653541
20
-4.5718657480314961
11
7.1205975984251966
21
-4.5718657086614174
0
LINE
8
BLACK
6
CONTINUOUS
10
7.1205975984251966
20
-4.5718657086614174
11
7.1148467322834641
21
-4.5694836220472439
0
LINE
8
BLACK
6
CONTINUOUS
10
7.1148467322834641
20
-4.5694836220472439
11
7.1148464173228341
21
-4.5694835433070864
0
LINE
8
BLACK
6
CONTINUOUS
10
7.1148464173228341
20
-4.5694835433070864
11
7.1086748818897636
21
-4.5686710629921254
0
LINE
8
BLACK
6
CONTINUOUS
10
7.1086748818897636
20
-4.5686710629921254
11
7.1086748031496061
21
-4.5686710629921254
0
LINE
8
BLACK
6
CONTINUOUS
10
7.1086748031496061
20
-4.5686710629921254
11
7.1025032283464569
21
-4.5694835433070864
0
LINE
8
BLACK
6
CONTINUOUS
10
6.3956415748031494
20
-4.6016883858267716
11
6.3956416535433069
21
-4.6016887007874017
0
LINE
8
BLACK
6
CONTINUOUS
10
6.3956416535433069
20
-4.6016887007874017
11
6.3980237401574804
21
-4.6074395669291341
0
LINE
8
BLACK
6
CONTINUOUS
10
6.3980237401574804
20
-4.6074395669291341
11
6.3980237401574804
21
-4.6074396062992129
0
LINE
8
BLACK
6
CONTINUOUS
10
6.3980237401574804
20
-4.6074396062992129
11
6.4018131496062987
21
-4.6123780708661419
0
LINE
8
BLACK
6
CONTINUOUS
10
6.4018131496062987
20
-4.6123780708661419
11
6.4018133464566924
21
-4.6123783070866144
0
LINE
8
BLACK
6
CONTINUOUS
10
6.4018133464566924
20
-4.6123783070866144
11
6.4067519685039365
21
-4.6161678346456689
0
LINE
8
BLACK
6
CONTINUOUS
10
6.4067519685039365
20
-4.6161678346456689
11
6.4067520078740152
21
-4.6161678346456689
0
LINE
8
BLACK
6
CONTINUOUS
10
6.4067520078740152
20
-4.6161678346456689
11
6.406752047244094
21
-4.6161678740157477
0
LINE
8
BLACK
6
CONTINUOUS
10
6.406752047244094
20
-4.6161678740157477
11
6.4125029133858265
21
-4.6185499606299212
0
LINE
8
BLACK
6
CONTINUOUS
10
6.4125029133858265
20
-4.6185499606299212
11
6.4125031102362202
21
-4.6185500393700787
0
LINE
8
BLACK
6
CONTINUOUS
10
6.4125031102362202
20
-4.6185500393700787
11
6.4171318897637795
21
-4.6191594094488186
0
LINE
8
BLACK
6
CONTINUOUS
10
6.4171318897637795
20
-4.6191594094488186
11
6.4186748031496066
21
-4.6193625590551184
0
LINE
8
BLACK
6
CONTINUOUS
10
6.4186748031496066
20
-4.6193625590551184
11
6.4186748425196845
21
-4.6193625590551184
0
LINE
8
BLACK
6
CONTINUOUS
10
6.4186748425196845
20
-4.6193625590551184
11
6.4186748818897632
21
-4.6193625590551184
0
LINE
8
BLACK
6
CONTINUOUS
10
6.4186748818897632
20
-4.6193625590551184
11
6.419909173228346
21
-4.6192000393700789
0
LINE
8
BLACK
6
CONTINUOUS
10
6.419909173228346
20
-4.6192000393700789
11
6.4248465748031496
21
-4.6185500393700787
0
LINE
8
BLACK
6
CONTINUOUS
10
6.4248465748031496
20
-4.6185500393700787
11
6.4305977165354333
21
-4.6161678346456689
0
LINE
8
BLACK
6
CONTINUOUS
10
6.4305977165354333
20
-4.6161678346456689
11
6.4355363385826774
21
-4.6123783070866144
0
LINE
8
BLACK
6
CONTINUOUS
10
6.4355363385826774
20
-4.6123783070866144
11
6.4393258661417319
21
-4.6074396850393704
0
LINE
8
BLACK
6
CONTINUOUS
10
6.4393258661417319
20
-4.6074396850393704
11
6.4417080708661416
21
-4.6016885433070867
0
LINE
8
BLACK
6
CONTINUOUS
10
6.4417080708661416
20
-4.6016885433070867
11
6.4425205905511813
21
-4.5955168110236215
0
LINE
8
BLACK
6
CONTINUOUS
10
6.4425205905511813
20
-4.5955168110236215
11
6.4417080708661416
21
-4.5893450787401573
0
LINE
8
BLACK
6
CONTINUOUS
10
6.4417080708661416
20
-4.5893450787401573
11
6.4393259055118106
21
-4.583594015748031
0
LINE
8
BLACK
6
CONTINUOUS
10
6.4393259055118106
20
-4.583594015748031
11
6.4393259055118106
21
-4.5835939763779523
0
LINE
8
BLACK
6
CONTINUOUS
10
6.4393259055118106
20
-4.5835939763779523
11
6.4355364960629924
21
-4.5786555118110233
0
LINE
8
BLACK
6
CONTINUOUS
10
6.4355364960629924
20
-4.5786555118110233
11
6.4355364566929136
21
-4.5786554724409445
0
LINE
8
BLACK
6
CONTINUOUS
10
6.4355364566929136
20
-4.5786554724409445
11
6.4355363385826774
21
-4.5786553149606295
0
LINE
8
BLACK
6
CONTINUOUS
10
6.4355363385826774
20
-4.5786553149606295
11
6.4355361417322836
21
-4.5786551574803145
0
LINE
8
BLACK
6
CONTINUOUS
10
6.4355361417322836
20
-4.5786551574803145
11
6.4355361023622049
21
-4.5786551181102357
0
LINE
8
BLACK
6
CONTINUOUS
10
6.4355361023622049
20
-4.5786551181102357
11
6.4305975984251971
21
-4.5748657086614175
0
LINE
8
BLACK
6
CONTINUOUS
10
6.4305975984251971
20
-4.5748657086614175
11
6.4248467322834646
21
-4.572483622047244
0
LINE
8
BLACK
6
CONTINUOUS
10
6.4248467322834646
20
-4.572483622047244
11
6.4248464173228346
21
-4.5724835433070865
0
LINE
8
BLACK
6
CONTINUOUS
10
6.4248464173228346
20
-4.5724835433070865
11
6.4186748818897632
21
-4.5716710629921256
0
LINE
8
BLACK
6
CONTINUOUS
10
6.4186748818897632
20
-4.5716710629921256
11
6.4186748031496066
21
-4.5716710629921256
0
LINE
8
BLACK
6
CONTINUOUS
10
6.4186748031496066
20
-4.5716710629921256
11
6.4125032283464565
21
-4.5724835433070865
0
LINE
8
BLACK
6
CONTINUOUS
10
6.4125032283464565
20
-4.5724835433070865
11
6.4125029133858265
21
-4.572483622047244
0
LINE
8
BLACK
6
CONTINUOUS
10
6.4125029133858265
20
-4.572483622047244
11
6.406752047244094
21
-4.5748657086614175
0
LINE
8
BLACK
6
CONTINUOUS
10
6.406752047244094
20
-4.5748657086614175
11
6.4067520078740152
21
-4.5748657086614175
0
LINE
8
BLACK
6
CONTINUOUS
10
6.4067520078740152
20
-4.5748657086614175
11
6.4018135433070862
21
-4.5786551181102357
0
LINE
8
BLACK
6
CONTINUOUS
10
6.4018135433070862
20
-4.5786551181102357
11
6.4018131496062987
21
-4.5786555118110233
0
LINE
8
BLACK
6
CONTINUOUS
10
6.4018131496062987
20
-4.5786555118110233
11
6.3980237401574804
21
-4.5835939763779523
0
LINE
8
BLACK
6
CONTINUOUS
10
6.3980237401574804
20
-4.5835939763779523
11
6.3980237401574804
21
-4.583594015748031
0
LINE
8
BLACK
6
CONTINUOUS
10
6.3980237401574804
20
-4.583594015748031
11
6.3956416535433069
21
-4.5893448818897635
0
LINE
8
BLACK
6
CONTINUOUS
10
6.3956416535433069
20
-4.5893448818897635
11
6.3956415748031494
21
-4.5893451968503935
0
LINE
8
BLACK
6
CONTINUOUS
10
6.3956415748031494
20
-4.5893451968503935
11
6.3948290944881885
21
-4.5955167716535428
0
LINE
8
BLACK
6
CONTINUOUS
10
6.3948290944881885
20
-4.5955167716535428
11
6.3948290944881885
21
-4.5955168110236215
0
LINE
8
BLACK
6
CONTINUOUS
10
6.3948290944881885
20
-4.5955168110236215
11
6.3956415748031494
21
-4.6016883858267716
0
LINE
8
BLACK
6
CONTINUOUS
10
6.5936414960629923
20
-4.6016883858267716
11
6.5936415748031498
21
-4.6016887007874017
0
LINE
8
BLACK
6
CONTINUOUS
10
6.5936415748031498
20
-4.6016887007874017
11
6.5960236614173224
21
-4.6074395669291341
0
LINE
8
BLACK
6
CONTINUOUS
10
6.5960236614173224
20
-4.6074395669291341
11
6.5960236614173224
21
-4.6074396062992129
0
LINE
8
BLACK
6
CONTINUOUS
10
6.5960236614173224
20
-4.6074396062992129
11
6.5998130708661416
21
-4.6123780708661419
0
LINE
8
BLACK
6
CONTINUOUS
10
6.5998130708661416
20
-4.6123780708661419
11
6.5998132677165353
21
-4.6123783070866144
0
LINE
8
BLACK
6
CONTINUOUS
10
6.5998132677165353
20
-4.6123783070866144
11
6.6047518897637794
21
-4.6161678346456689
0
LINE
8
BLACK
6
CONTINUOUS
10
6.6047518897637794
20
-4.6161678346456689
11
6.6047519291338581
21
-4.6161678346456689
0
LINE
8
BLACK
6
CONTINUOUS
10
6.6047519291338581
20
-4.6161678346456689
11
6.6047519685039369
21
-4.6161678740157477
0
LINE
8
BLACK
6
CONTINUOUS
10
6.6047519685039369
20
-4.6161678740157477
11
6.6105028346456693
21
-4.6185499606299212
0
LINE
8
BLACK
6
CONTINUOUS
10
6.6105028346456693
20
-4.6185499606299212
11
6.6105030314960631
21
-4.6185500393700787
0
LINE
8
BLACK
6
CONTINUOUS
10
6.6105030314960631
20
-4.6185500393700787
11
6.6151318110236215
21
-4.6191594094488186
0
LINE
8
BLACK
6
CONTINUOUS
10
6.6151318110236215
20
-4.6191594094488186
11
6.6166747244094486
21
-4.6193625590551184
0
LINE
8
BLACK
6
CONTINUOUS
10
6.6166747244094486
20
-4.6193625590551184
11
6.6166747637795273
21
-4.6193625590551184
0
LINE
8
BLACK
6
CONTINUOUS
10
6.6166747637795273
20
-4.6193625590551184
11
6.6166748031496061
21
-4.6193625590551184
0
LINE
8
BLACK
6
CONTINUOUS
10
6.6166748031496061
20
-4.6193625590551184
11
6.6179090944881889
21
-4.6192000393700789
0
LINE
8
BLACK
6
CONTINUOUS
10
6.6179090944881889
20
-4.6192000393700789
11
6.6228464960629916
21
-4.6185500393700787
0
LINE
8
BLACK
6
CONTINUOUS
10
6.6228464960629916
20
-4.6185500393700787
11
6.6285976377952753
21
-4.6161678346456689
0
LINE
8
BLACK
6
CONTINUOUS
10
6.6285976377952753
20
-4.6161678346456689
11
6.6335362598425194
21
-4.6123783070866144
0
LINE
8
BLACK
6
CONTINUOUS
10
6.6335362598425194
20
-4.6123783070866144
11
6.6373257874015748
21
-4.6074396850393704
0
LINE
8
BLACK
6
CONTINUOUS
10
6.6373257874015748
20
-4.6074396850393704
11
6.6397079921259845
21
-4.6016885433070867
0
LINE
8
BLACK
6
CONTINUOUS
10
6.6397079921259845
20
-4.6016885433070867
11
6.6405205118110233
21
-4.5955168110236215
0
LINE
8
BLACK
6
CONTINUOUS
10
6.6405205118110233
20
-4.5955168110236215
11
6.6401255511811019
21
-4.5925168110236223
0
LINE
8
BLACK
6
CONTINUOUS
10
6.6401255511811019
20
-4.5925168110236223
11
6.6397079921259845
21
-4.5893450787401573
0
LINE
8
BLACK
6
CONTINUOUS
10
6.6397079921259845
20
-4.5893450787401573
11
6.6373258267716535
21
-4.583594015748031
0
LINE
8
BLACK
6
CONTINUOUS
10
6.6373258267716535
20
-4.583594015748031
11
6.6373258267716535
21
-4.5835939763779523
0
LINE
8
BLACK
6
CONTINUOUS
10
6.6373258267716535
20
-4.5835939763779523
11
6.6335364173228344
21
-4.5786555118110233
0
LINE
8
BLACK
6
CONTINUOUS
10
6.6335364173228344
20
-4.5786555118110233
11
6.6335363779527556
21
-4.5786554724409445
0
LINE
8
BLACK
6
CONTINUOUS
10
6.6335363779527556
20
-4.5786554724409445
11
6.6335362598425194
21
-4.5786553149606295
0
LINE
8
BLACK
6
CONTINUOUS
10
6.6335362598425194
20
-4.5786553149606295
11
6.6335360629921256
21
-4.5786551574803145
0
LINE
8
BLACK
6
CONTINUOUS
10
6.6335360629921256
20
-4.5786551574803145
11
6.6335360236220469
21
-4.5786551181102357
0
LINE
8
BLACK
6
CONTINUOUS
10
6.6335360236220469
20
-4.5786551181102357
11
6.6285975196850391
21
-4.5748657086614175
0
LINE
8
BLACK
6
CONTINUOUS
10
6.6285975196850391
20
-4.5748657086614175
11
6.6228466535433066
21
-4.572483622047244
0
LINE
8
BLACK
6
CONTINUOUS
10
6.6228466535433066
20
-4.572483622047244
11
6.6228463385826766
21
-4.5724835433070865
0
LINE
8
BLACK
6
CONTINUOUS
10
6.6228463385826766
20
-4.5724835433070865
11
6.6166748031496061
21
-4.5716710629921256
0
LINE
8
BLACK
6
CONTINUOUS
10
6.6166748031496061
20
-4.5716710629921256
11
6.6166747244094486
21
-4.5716710629921256
0
LINE
8
BLACK
6
CONTINUOUS
10
6.6166747244094486
20
-4.5716710629921256
11
6.6105031496062994
21
-4.5724835433070865
0
LINE
8
BLACK
6
CONTINUOUS
10
6.6105031496062994
20
-4.5724835433070865
11
6.6105028346456693
21
-4.572483622047244
0
LINE
8
BLACK
6
CONTINUOUS
10
6.6105028346456693
20
-4.572483622047244
11
6.6047519685039369
21
-4.5748657086614175
0
LINE
8
BLACK
6
CONTINUOUS
10
6.6047519685039369
20
-4.5748657086614175
11
6.6047519291338581
21
-4.5748657086614175
0
LINE
8
BLACK
6
CONTINUOUS
10
6.6047519291338581
20
-4.5748657086614175
11
6.5998134645669291
21
-4.5786551181102357
0
LINE
8
BLACK
6
CONTINUOUS
10
6.5998134645669291
20
-4.5786551181102357
11
6.5998130708661416
21
-4.5786555118110233
0
LINE
8
BLACK
6
CONTINUOUS
10
6.5998130708661416
20
-4.5786555118110233
11
6.5960236614173224
21
-4.5835939763779523
0
LINE
8
BLACK
6
CONTINUOUS
10
6.5960236614173224
20
-4.5835939763779523
11
6.5960236614173224
21
-4.583594015748031
0
LINE
8
BLACK
6
CONTINUOUS
10
6.5960236614173224
20
-4.583594015748031
11
6.5936415748031498
21
-4.5893448818897635
0
LINE
8
BLACK
6
CONTINUOUS
10
6.5936415748031498
20
-4.5893448818897635
11
6.5936414960629923
21
-4.5893451968503935
0
LINE
8
BLACK
6
CONTINUOUS
10
6.5936414960629923
20
-4.5893451968503935
11
6.5928290157480314
21
-4.5955167716535428
0
LINE
8
BLACK
6
CONTINUOUS
10
6.5928290157480314
20
-4.5955167716535428
11
6.5928290157480314
21
-4.5955168110236215
0
LINE
8
BLACK
6
CONTINUOUS
10
6.5928290157480314
20
-4.5955168110236215
11
6.5936414960629923
21
-4.6016883858267716
0
LINE
8
BLACK
6
CONTINUOUS
10
5.9666415748031492
20
-4.5526883858267713
11
5.9666416535433067
21
-4.5526887007874013
0
LINE
8
BLACK
6
CONTINUOUS
10
5.9666416535433067
20
-4.5526887007874013
11
5.9690237401574802
21
-4.5584395669291338
0
LINE
8
BLACK
6
CONTINUOUS
10
5.9690237401574802
20
-4.5584395669291338
11
5.9690237401574802
21
-4.5584396062992125
0
LINE
8
BLACK
6
CONTINUOUS
10
5.9690237401574802
20
-4.5584396062992125
11
5.9728131496062993
21
-4.5633780708661416
0
LINE
8
BLACK
6
CONTINUOUS
10
5.9728131496062993
20
-4.5633780708661416
11
5.972813346456693
21
-4.5633783070866141
0
LINE
8
BLACK
6
CONTINUOUS
10
5.972813346456693
20
-4.5633783070866141
11
5.9777519685039371
21
-4.5671678346456694
0
LINE
8
BLACK
6
CONTINUOUS
10
5.9777519685039371
20
-4.5671678346456694
11
5.9777520078740158
21
-4.5671678346456694
0
LINE
8
BLACK
6
CONTINUOUS
10
5.9777520078740158
20
-4.5671678346456694
11
5.9777520472440946
21
-4.5671678740157482
0
LINE
8
BLACK
6
CONTINUOUS
10
5.9777520472440946
20
-4.5671678740157482
11
5.9833425590551181
21
-4.5694835433070864
0
LINE
8
BLACK
6
CONTINUOUS
10
5.9833425590551181
20
-4.5694835433070864
11
5.9835031102362199
21
-4.5695500393700783
0
LINE
8
BLACK
6
CONTINUOUS
10
5.9835031102362199
20
-4.5695500393700783
11
5.9881318897637792
21
-4.5701594094488192
0
LINE
8
BLACK
6
CONTINUOUS
10
5.9881318897637792
20
-4.5701594094488192
11
5.9896748031496063
21
-4.570362559055118
0
LINE
8
BLACK
6
CONTINUOUS
10
5.9896748031496063
20
-4.570362559055118
11
5.9896748425196851
21
-4.570362559055118
0
LINE
8
BLACK
6
CONTINUOUS
10
5.9896748425196851
20
-4.570362559055118
11
5.9896748818897638
21
-4.570362559055118
0
LINE
8
BLACK
6
CONTINUOUS
10
5.9896748818897638
20
-4.570362559055118
11
5.9909091732283466
21
-4.5702000393700786
0
LINE
8
BLACK
6
CONTINUOUS
10
5.9909091732283466
20
-4.5702000393700786
11
5.9958465748031493
21
-4.5695500393700783
0
LINE
8
BLACK
6
CONTINUOUS
10
5.9958465748031493
20
-4.5695500393700783
11
6.0015977165354331
21
-4.5671678346456694
0
LINE
8
BLACK
6
CONTINUOUS
10
6.0015977165354331
20
-4.5671678346456694
11
6.0065363385826771
21
-4.5633783070866141
0
LINE
8
BLACK
6
CONTINUOUS
10
6.0065363385826771
20
-4.5633783070866141
11
6.0103258661417325
21
-4.55843968503937
0
LINE
8
BLACK
6
CONTINUOUS
10
6.0103258661417325
20
-4.55843968503937
11
6.0127080708661413
21
-4.5526885433070863
0
LINE
8
BLACK
6
CONTINUOUS
10
6.0127080708661413
20
-4.5526885433070863
11
6.013520590551181
21
-4.546516811023622
0
LINE
8
BLACK
6
CONTINUOUS
10
6.013520590551181
20
-4.546516811023622
11
6.0129939763779525
21
-4.5425168110236216
0
LINE
8
BLACK
6
CONTINUOUS
10
6.0129939763779525
20
-4.5425168110236216
11
6.0127080708661413
21
-4.5403450787401578
0
LINE
8
BLACK
6
CONTINUOUS
10
6.0127080708661413
20
-4.5403450787401578
11
6.0103259055118112
21
-4.5345940157480316
0
LINE
8
BLACK
6
CONTINUOUS
10
6.0103259055118112
20
-4.5345940157480316
11
6.0103259055118112
21
-4.5345939763779528
0
LINE
8
BLACK
6
CONTINUOUS
10
6.0103259055118112
20
-4.5345939763779528
11
6.0065364960629921
21
-4.5296555118110238
0
LINE
8
BLACK
6
CONTINUOUS
10
6.0065364960629921
20
-4.5296555118110238
11
6.0065364566929134
21
-4.529655472440945
0
LINE
8
BLACK
6
CONTINUOUS
10
6.0065364566929134
20
-4.529655472440945
11
6.0065363385826771
21
-4.52965531496063
0
LINE
8
BLACK
6
CONTINUOUS
10
6.0065363385826771
20
-4.52965531496063
11
6.0065361417322833
21
-4.529655157480315
0
LINE
8
BLACK
6
CONTINUOUS
10
6.0065361417322833
20
-4.529655157480315
11
6.0065361023622046
21
-4.5296551181102362
0
LINE
8
BLACK
6
CONTINUOUS
10
6.0065361023622046
20
-4.5296551181102362
11
6.0037340551181098
21
-4.5275050393700784
0
LINE
8
BLACK
6
CONTINUOUS
10
6.0037340551181098
20
-4.5275050393700784
11
6.0015977165354331
21
-4.5258657874015746
0
LINE
8
BLACK
6
CONTINUOUS
10
6.0015977165354331
20
-4.5258657874015746
11
6.0015976771653543
21
-4.5258657480314959
0
LINE
8
BLACK
6
CONTINUOUS
10
6.0015976771653543
20
-4.5258657480314959
11
6.0015975984251968
21
-4.5258657086614171
0
LINE
8
BLACK
6
CONTINUOUS
10
6.0015975984251968
20
-4.5258657086614171
11
5.9958467322834643
21
-4.5234836220472436
0
LINE
8
BLACK
6
CONTINUOUS
10
5.9958467322834643
20
-4.5234836220472436
11
5.9958464173228343
21
-4.5234835433070861
0
LINE
8
BLACK
6
CONTINUOUS
10
5.9958464173228343
20
-4.5234835433070861
11
5.9896748818897638
21
-4.5226710629921261
0
LINE
8
BLACK
6
CONTINUOUS
10
5.9896748818897638
20
-4.5226710629921261
11
5.9896748031496063
21
-4.5226710629921261
0
LINE
8
BLACK
6
CONTINUOUS
10
5.9896748031496063
20
-4.5226710629921261
11
5.9835032283464562
21
-4.5234835433070861
0
LINE
8
BLACK
6
CONTINUOUS
10
5.9835032283464562
20
-4.5234835433070861
11
5.9835029133858271
21
-4.5234836220472436
0
LINE
8
BLACK
6
CONTINUOUS
10
5.9835029133858271
20
-4.5234836220472436
11
5.9777520472440946
21
-4.5258657086614171
0
LINE
8
BLACK
6
CONTINUOUS
10
5.9777520472440946
20
-4.5258657086614171
11
5.9777520078740158
21
-4.5258657086614171
0
LINE
8
BLACK
6
CONTINUOUS
10
5.9777520078740158
20
-4.5258657086614171
11
5.9728135433070868
21
-4.5296551181102362
0
LINE
8
BLACK
6
CONTINUOUS
10
5.9728135433070868
20
-4.5296551181102362
11
5.9728131496062993
21
-4.5296555118110238
0
LINE
8
BLACK
6
CONTINUOUS
10
5.9728131496062993
20
-4.5296555118110238
11
5.9690237401574802
21
-4.5345939763779528
0
LINE
8
BLACK
6
CONTINUOUS
10
5.9690237401574802
20
-4.5345939763779528
11
5.9690237401574802
21
-4.5345940157480316
0
LINE
8
BLACK
6
CONTINUOUS
10
5.9690237401574802
20
-4.5345940157480316
11
5.9666416535433067
21
-4.540344881889764
0
LINE
8
BLACK
6
CONTINUOUS
10
5.9666416535433067
20
-4.540344881889764
11
5.9666415748031492
21
-4.5403451968503932
0
LINE
8
BLACK
6
CONTINUOUS
10
5.9666415748031492
20
-4.5403451968503932
11
5.9658290944881891
21
-4.5465167716535433
0
LINE
8
BLACK
6
CONTINUOUS
10
5.9658290944881891
20
-4.5465167716535433
11
5.9658290944881891
21
-4.546516811023622
0
LINE
8
BLACK
6
CONTINUOUS
10
5.9658290944881891
20
-4.546516811023622
11
5.9666415748031492
21
-4.5526883858267713
0
LINE
8
BLACK
6
CONTINUOUS
10
5.7646414960629917
20
-4.5516883858267718
11
5.7646415748031492
21
-4.5516887007874018
0
LINE
8
BLACK
6
CONTINUOUS
10
5.7646415748031492
20
-4.5516887007874018
11
5.7670236614173227
21
-4.5574395669291334
0
LINE
8
BLACK
6
CONTINUOUS
10
5.7670236614173227
20
-4.5574395669291334
11
5.7670236614173227
21
-4.5574396062992122
0
LINE
8
BLACK
6
CONTINUOUS
10
5.7670236614173227
20
-4.5574396062992122
11
5.7708130708661418
21
-4.5623780708661412
0
LINE
8
BLACK
6
CONTINUOUS
10
5.7708130708661418
20
-4.5623780708661412
11
5.7708132677165356
21
-4.5623783070866137
0
LINE
8
BLACK
6
CONTINUOUS
10
5.7708132677165356
20
-4.5623783070866137
11
5.7757518897637796
21
-4.5661678346456691
0
LINE
8
BLACK
6
CONTINUOUS
10
5.7757518897637796
20
-4.5661678346456691
11
5.7757519291338584
21
-4.5661678346456691
0
LINE
8
BLACK
6
CONTINUOUS
10
5.7757519291338584
20
-4.5661678346456691
11
5.7757519685039371
21
-4.5661678740157479
0
LINE
8
BLACK
6
CONTINUOUS
10
5.7757519685039371
20
-4.5661678740157479
11
5.7781661023622046
21
-4.5671678346456694
0
LINE
8
BLACK
6
CONTINUOUS
10
5.7781661023622046
20
-4.5671678346456694
11
5.7815030314960625
21
-4.5685500393700789
0
LINE
8
BLACK
6
CONTINUOUS
10
5.7815030314960625
20
-4.5685500393700789
11
5.7861318110236217
21
-4.5691594094488188
0
LINE
8
BLACK
6
CONTINUOUS
10
5.7861318110236217
20
-4.5691594094488188
11
5.7876747244094489
21
-4.5693625590551177
0
LINE
8
BLACK
6
CONTINUOUS
10
5.7876747244094489
20
-4.5693625590551177
11
5.7876747637795276
21
-4.5693625590551177
0
LINE
8
BLACK
6
CONTINUOUS
10
5.7876747637795276
20
-4.5693625590551177
11
5.7876748031496064
21
-4.5693625590551177
0
LINE
8
BLACK
6
CONTINUOUS
10
5.7876748031496064
20
-4.5693625590551177
11
5.7889090944881891
21
-4.5692000393700782
0
LINE
8
BLACK
6
CONTINUOUS
10
5.7889090944881891
20
-4.5692000393700782
11
5.7938464960629918
21
-4.5685500393700789
0
LINE
8
BLACK
6
CONTINUOUS
10
5.7938464960629918
20
-4.5685500393700789
11
5.7995976377952756
21
-4.5661678346456691
0
LINE
8
BLACK
6
CONTINUOUS
10
5.7995976377952756
20
-4.5661678346456691
11
5.8045362598425196
21
-4.5623783070866137
0
LINE
8
BLACK
6
CONTINUOUS
10
5.8045362598425196
20
-4.5623783070866137
11
5.808325787401575
21
-4.5574396850393697
0
LINE
8
BLACK
6
CONTINUOUS
10
5.808325787401575
20
-4.5574396850393697
11
5.8107079921259839
21
-4.5516885433070868
0
LINE
8
BLACK
6
CONTINUOUS
10
5.8107079921259839
20
-4.5516885433070868
11
5.8113888582677165
21
-4.546516811023622
0
LINE
8
BLACK
6
CONTINUOUS
10
5.8113888582677165
20
-4.546516811023622
11
5.8115205118110236
21
-4.5455168110236217
0
LINE
8
BLACK
6
CONTINUOUS
10
5.8115205118110236
20
-4.5455168110236217
11
5.8107079921259839
21
-4.5393450787401575
0
LINE
8
BLACK
6
CONTINUOUS
10
5.8107079921259839
20
-4.5393450787401575
11
5.808740039370079
21
-4.5345940157480316
0
LINE
8
BLACK
6
CONTINUOUS
10
5.808740039370079
20
-4.5345940157480316
11
5.8083258267716538
21
-4.5335940157480312
0
LINE
8
BLACK
6
CONTINUOUS
10
5.8083258267716538
20
-4.5335940157480312
11
5.8083258267716538
21
-4.5335939763779525
0
LINE
8
BLACK
6
CONTINUOUS
10
5.8083258267716538
20
-4.5335939763779525
11
5.8045364173228347
21
-4.5286555118110234
0
LINE
8
BLACK
6
CONTINUOUS
10
5.8045364173228347
20
-4.5286555118110234
11
5.8045363779527559
21
-4.5286554724409447
0
LINE
8
BLACK
6
CONTINUOUS
10
5.8045363779527559
20
-4.5286554724409447
11
5.8045362598425196
21
-4.5286553149606297
0
LINE
8
BLACK
6
CONTINUOUS
10
5.8045362598425196
20
-4.5286553149606297
11
5.8045360629921259
21
-4.5286551574803147
0
LINE
8
BLACK
6
CONTINUOUS
10
5.8045360629921259
20
-4.5286551574803147
11
5.8045360236220471
21
-4.5286551181102359
0
LINE
8
BLACK
6
CONTINUOUS
10
5.8045360236220471
20
-4.5286551181102359
11
5.7995975196850393
21
-4.5248657086614168
0
LINE
8
BLACK
6
CONTINUOUS
10
5.7995975196850393
20
-4.5248657086614168
11
5.7938466535433069
21
-4.5224836220472442
0
LINE
8
BLACK
6
CONTINUOUS
10
5.7938466535433069
20
-4.5224836220472442
11
5.7938463385826768
21
-4.5224835433070867
0
LINE
8
BLACK
6
CONTINUOUS
10
5.7938463385826768
20
-4.5224835433070867
11
5.7876748031496064
21
-4.5216710629921257
0
LINE
8
BLACK
6
CONTINUOUS
10
5.7876748031496064
20
-4.5216710629921257
11
5.7876747244094489
21
-4.5216710629921257
0
LINE
8
BLACK
6
CONTINUOUS
10
5.7876747244094489
20
-4.5216710629921257
11
5.7815031496062987
21
-4.5224835433070867
0
LINE
8
BLACK
6
CONTINUOUS
10
5.7815031496062987
20
-4.5224835433070867
11
5.7815028346456687
21
-4.5224836220472442
0
LINE
8
BLACK
6
CONTINUOUS
10
5.7815028346456687
20
-4.5224836220472442
11
5.7757519685039371
21
-4.5248657086614168
0
LINE
8
BLACK
6
CONTINUOUS
10
5.7757519685039371
20
-4.5248657086614168
11
5.7757519291338584
21
-4.5248657086614168
0
LINE
8
BLACK
6
CONTINUOUS
10
5.7757519291338584
20
-4.5248657086614168
11
5.7708134645669293
21
-4.5286551181102359
0
LINE
8
BLACK
6
CONTINUOUS
10
5.7708134645669293
20
-4.5286551181102359
11
5.7708130708661418
21
-4.5286555118110234
0
LINE
8
BLACK
6
CONTINUOUS
10
5.7708130708661418
20
-4.5286555118110234
11
5.7670236614173227
21
-4.5335939763779525
0
LINE
8
BLACK
6
CONTINUOUS
10
5.7670236614173227
20
-4.5335939763779525
11
5.7670236614173227
21
-4.5335940157480312
0
LINE
8
BLACK
6
CONTINUOUS
10
5.7670236614173227
20
-4.5335940157480312
11
5.7646415748031492
21
-4.5393448818897637
0
LINE
8
BLACK
6
CONTINUOUS
10
5.7646415748031492
20
-4.5393448818897637
11
5.7646414960629917
21
-4.5393451968503937
0
LINE
8
BLACK
6
CONTINUOUS
10
5.7646414960629917
20
-4.5393451968503937
11
5.7638290157480316
21
-4.545516771653543
0
LINE
8
BLACK
6
CONTINUOUS
10
5.7638290157480316
20
-4.545516771653543
11
5.7638290157480316
21
-4.5455168110236217
0
LINE
8
BLACK
6
CONTINUOUS
10
5.7638290157480316
20
-4.5455168110236217
11
5.7646414960629917
21
-4.5516883858267718
0
LINE
8
BLACK
6
CONTINUOUS
10
6.1606415748031491
20
-4.5486883858267717
11
6.1606416535433066
21
-4.5486887007874017
0
LINE
8
BLACK
6
CONTINUOUS
10
6.1606416535433066
20
-4.5486887007874017
11
6.1630237401574801
21
-4.5544395669291333
0
LINE
8
BLACK
6
CONTINUOUS
10
6.1630237401574801
20
-4.5544395669291333
11
6.1630237401574801
21
-4.5544396062992121
0
LINE
8
BLACK
6
CONTINUOUS
10
6.1630237401574801
20
-4.5544396062992121
11
6.1660931102362202
21
-4.55843968503937
0
LINE
8
BLACK
6
CONTINUOUS
10
6.1660931102362202
20
-4.55843968503937
11
6.166813346456693
21
-4.5593783070866145
0
LINE
8
BLACK
6
CONTINUOUS
10
6.166813346456693
20
-4.5593783070866145
11
6.171751968503937
21
-4.563167834645669
0
LINE
8
BLACK
6
CONTINUOUS
10
6.171751968503937
20
-4.563167834645669
11
6.1717520078740158
21
-4.563167834645669
0
LINE
8
BLACK
6
CONTINUOUS
10
6.1717520078740158
20
-4.563167834645669
11
6.1717520472440945
21
-4.5631678740157477
0
LINE
8
BLACK
6
CONTINUOUS
10
6.1717520472440945
20
-4.5631678740157477
11
6.1722600787401571
21
-4.5633783070866141
0
LINE
8
BLACK
6
CONTINUOUS
10
6.1722600787401571
20
-4.5633783070866141
11
6.1775031102362199
21
-4.5655500393700787
0
LINE
8
BLACK
6
CONTINUOUS
10
6.1775031102362199
20
-4.5655500393700787
11
6.1821318897637791
21
-4.5661594094488187
0
LINE
8
BLACK
6
CONTINUOUS
10
6.1821318897637791
20
-4.5661594094488187
11
6.1836748031496063
21
-4.5663625590551176
0
LINE
8
BLACK
6
CONTINUOUS
10
6.1836748031496063
20
-4.5663625590551176
11
6.183674842519685
21
-4.5663625590551176
0
LINE
8
BLACK
6
CONTINUOUS
10
6.183674842519685
20
-4.5663625590551176
11
6.1836748818897638
21
-4.5663625590551176
0
LINE
8
BLACK
6
CONTINUOUS
10
6.1836748818897638
20
-4.5663625590551176
11
6.1851539370078736
21
-4.5661678346456691
0
LINE
8
BLACK
6
CONTINUOUS
10
6.1851539370078736
20
-4.5661678346456691
11
6.1898465748031493
21
-4.5655500393700787
0
LINE
8
BLACK
6
CONTINUOUS
10
6.1898465748031493
20
-4.5655500393700787
11
6.195597716535433
21
-4.563167834645669
0
LINE
8
BLACK
6
CONTINUOUS
10
6.195597716535433
20
-4.563167834645669
11
6.2005363385826771
21
-4.5593783070866145
0
LINE
8
BLACK
6
CONTINUOUS
10
6.2005363385826771
20
-4.5593783070866145
11
6.2043258661417324
21
-4.5544396850393696
0
LINE
8
BLACK
6
CONTINUOUS
10
6.2043258661417324
20
-4.5544396850393696
11
6.2067080708661413
21
-4.5486885433070867
0
LINE
8
BLACK
6
CONTINUOUS
10
6.2067080708661413
20
-4.5486885433070867
11
6.207520590551181
21
-4.5425168110236216
0
LINE
8
BLACK
6
CONTINUOUS
10
6.207520590551181
20
-4.5425168110236216
11
6.2067080708661413
21
-4.5363450787401574
0
LINE
8
BLACK
6
CONTINUOUS
10
6.2067080708661413
20
-4.5363450787401574
11
6.2055046062992121
21
-4.5334396850393697
0
LINE
8
BLACK
6
CONTINUOUS
10
6.2055046062992121
20
-4.5334396850393697
11
6.2043259055118112
21
-4.5305940157480311
0
LINE
8
BLACK
6
CONTINUOUS
10
6.2043259055118112
20
-4.5305940157480311
11
6.2043259055118112
21
-4.5305939763779524
0
LINE
8
BLACK
6
CONTINUOUS
10
6.2043259055118112
20
-4.5305939763779524
11
6.2005364960629921
21
-4.5256555118110233
0
LINE
8
BLACK
6
CONTINUOUS
10
6.2005364960629921
20
-4.5256555118110233
11
6.2005364566929133
21
-4.5256554724409446
0
LINE
8
BLACK
6
CONTINUOUS
10
6.2005364566929133
20
-4.5256554724409446
11
6.2005363385826771
21
-4.5256553149606296
0
LINE
8
BLACK
6
CONTINUOUS
10
6.2005363385826771
20
-4.5256553149606296
11
6.2005361417322833
21
-4.5256551574803145
0
LINE
8
BLACK
6
CONTINUOUS
10
6.2005361417322833
20
-4.5256551574803145
11
6.2005361023622045
21
-4.5256551181102358
0
LINE
8
BLACK
6
CONTINUOUS
10
6.2005361023622045
20
-4.5256551181102358
11
6.1966471653543307
21
-4.5226710629921261
0
LINE
8
BLACK
6
CONTINUOUS
10
6.1966471653543307
20
-4.5226710629921261
11
6.195597716535433
21
-4.5218657874015751
0
LINE
8
BLACK
6
CONTINUOUS
10
6.195597716535433
20
-4.5218657874015751
11
6.1955976771653543
21
-4.5218657480314963
0
LINE
8
BLACK
6
CONTINUOUS
10
6.1955976771653543
20
-4.5218657480314963
11
6.1955975984251968
21
-4.5218657086614176
0
LINE
8
BLACK
6
CONTINUOUS
10
6.1955975984251968
20
-4.5218657086614176
11
6.1947552755905511
21
-4.5215168110236217
0
LINE
8
BLACK
6
CONTINUOUS
10
6.1947552755905511
20
-4.5215168110236217
11
6.1898467322834643
21
-4.5194836220472441
0
LINE
8
BLACK
6
CONTINUOUS
10
6.1898467322834643
20
-4.5194836220472441
11
6.1898464173228342
21
-4.5194835433070866
0
LINE
8
BLACK
6
CONTINUOUS
10
6.1898464173228342
20
-4.5194835433070866
11
6.1836748818897638
21
-4.5186710629921256
0
LINE
8
BLACK
6
CONTINUOUS
10
6.1836748818897638
20
-4.5186710629921256
11
6.1836748031496063
21
-4.5186710629921256
0
LINE
8
BLACK
6
CONTINUOUS
10
6.1836748031496063
20
-4.5186710629921256
11
6.1775032283464562
21
-4.5194835433070866
0
LINE
8
BLACK
6
CONTINUOUS
10
6.1775032283464562
20
-4.5194835433070866
11
6.177502913385827
21
-4.5194836220472441
0
LINE
8
BLACK
6
CONTINUOUS
10
6.177502913385827
20
-4.5194836220472441
11
6.1717520472440945
21
-4.5218657086614176
0
LINE
8
BLACK
6
CONTINUOUS
10
6.1717520472440945
20
-4.5218657086614176
11
6.1717520078740158
21
-4.5218657086614176
0
LINE
8
BLACK
6
CONTINUOUS
10
6.1717520078740158
20
-4.5218657086614176
11
6.1668135433070868
21
-4.5256551181102358
0
LINE
8
BLACK
6
CONTINUOUS
10
6.1668135433070868
20
-4.5256551181102358
11
6.1668131496062992
21
-4.5256555118110233
0
LINE
8
BLACK
6
CONTINUOUS
10
6.1668131496062992
20
-4.5256555118110233
11
6.1630237401574801
21
-4.5305939763779524
0
LINE
8
BLACK
6
CONTINUOUS
10
6.1630237401574801
20
-4.5305939763779524
11
6.1630237401574801
21
-4.5305940157480311
0
LINE
8
BLACK
6
CONTINUOUS
10
6.1630237401574801
20
-4.5305940157480311
11
6.1606416535433066
21
-4.5363448818897636
0
LINE
8
BLACK
6
CONTINUOUS
10
6.1606416535433066
20
-4.5363448818897636
11
6.1606415748031491
21
-4.5363451968503936
0
LINE
8
BLACK
6
CONTINUOUS
10
6.1606415748031491
20
-4.5363451968503936
11
6.159829094488189
21
-4.5425167716535428
0
LINE
8
BLACK
6
CONTINUOUS
10
6.159829094488189
20
-4.5425167716535428
11
6.159829094488189
21
-4.5425168110236216
0
LINE
8
BLACK
6
CONTINUOUS
10
6.159829094488189
20
-4.5425168110236216
11
6.1606415748031491
21
-4.5486883858267717
0
LINE
8
BLACK
6
CONTINUOUS
10
6.7946195275590551
20
-4.4630939763779525
11
6.7933909448818897
21
-4.4595828740157479
0
LINE
8
BLACK
6
CONTINUOUS
10
6.7933909448818897
20
-4.4595828740157479
11
6.7933009055118108
21
-4.4594396062992123
0
LINE
8
BLACK
6
CONTINUOUS
10
6.7933009055118108
20
-4.4594396062992123
11
6.7896125590551177
21
-4.4535696062992125
0
LINE
8
BLACK
6
CONTINUOUS
10
6.7896125590551177
20
-4.4535696062992125
11
6.789612519685039
21
-4.4535695669291337
0
LINE
8
BLACK
6
CONTINUOUS
10
6.789612519685039
20
-4.4535695669291337
11
6.7896124803149602
21
-4.4535694881889762
0
LINE
8
BLACK
6
CONTINUOUS
10
6.7896124803149602
20
-4.4535694881889762
11
6.7845906692913385
21
-4.4485476771653545
0
LINE
8
BLACK
6
CONTINUOUS
10
6.7845906692913385
20
-4.4485476771653545
11
6.7845905511811022
21
-4.448547598425197
0
LINE
8
BLACK
6
CONTINUOUS
10
6.7845905511811022
20
-4.448547598425197
11
6.7845905118110235
21
-4.4485475590551182
0
LINE
8
BLACK
6
CONTINUOUS
10
6.7845905118110235
20
-4.4485475590551182
11
6.7785773228346455
21
-4.4447692125984251
0
LINE
8
BLACK
6
CONTINUOUS
10
6.7785773228346455
20
-4.4447692125984251
11
6.7718740944881892
21
-4.4424236220472437
0
LINE
8
BLACK
6
CONTINUOUS
10
6.7718740944881892
20
-4.4424236220472437
11
6.7718739370078742
21
-4.442423582677165
0
LINE
8
BLACK
6
CONTINUOUS
10
6.7718739370078742
20
-4.442423582677165
11
6.7648165748031497
21
-4.4416284251968499
0
LINE
8
BLACK
6
CONTINUOUS
10
6.7648165748031497
20
-4.4416284251968499
11
6.7577591732283464
21
-4.442423582677165
0
LINE
8
BLACK
6
CONTINUOUS
10
6.7577591732283464
20
-4.442423582677165
11
6.7577590157480314
21
-4.4424236220472437
0
LINE
8
BLACK
6
CONTINUOUS
10
6.7577590157480314
20
-4.4424236220472437
11
6.7510558267716529
21
-4.4447692125984251
0
LINE
8
BLACK
6
CONTINUOUS
10
6.7510558267716529
20
-4.4447692125984251
11
6.7510557874015751
21
-4.4447692125984251
0
LINE
8
BLACK
6
CONTINUOUS
10
6.7510557874015751
20
-4.4447692125984251
11
6.7450425984251963
21
-4.4485475590551182
0
LINE
8
BLACK
6
CONTINUOUS
10
6.7450425984251963
20
-4.4485475590551182
11
6.740020551181102
21
-4.4535696062992125
0
LINE
8
BLACK
6
CONTINUOUS
10
6.740020551181102
20
-4.4535696062992125
11
6.7362422047244097
21
-4.4595827952755904
0
LINE
8
BLACK
6
CONTINUOUS
10
6.7362422047244097
20
-4.4595827952755904
11
6.7362422047244097
21
-4.4595828346456692
0
LINE
8
BLACK
6
CONTINUOUS
10
6.7362422047244097
20
-4.4595828346456692
11
6.7338966141732284
21
-4.4662860236220467
0
LINE
8
BLACK
6
CONTINUOUS
10
6.7338966141732284
20
-4.4662860236220467
11
6.7338965748031496
21
-4.4662861811023618
0
LINE
8
BLACK
6
CONTINUOUS
10
6.7338965748031496
20
-4.4662861811023618
11
6.7331014173228345
21
-4.473343582677165
0
LINE
8
BLACK
6
CONTINUOUS
10
6.7331014173228345
20
-4.473343582677165
11
6.7338965748031496
21
-4.4804009448818896
0
LINE
8
BLACK
6
CONTINUOUS
10
6.7338965748031496
20
-4.4804009448818896
11
6.7338966141732284
21
-4.4804011023622046
0
LINE
8
BLACK
6
CONTINUOUS
10
6.7338966141732284
20
-4.4804011023622046
11
6.7362422047244097
21
-4.487104291338583
0
LINE
8
BLACK
6
CONTINUOUS
10
6.7362422047244097
20
-4.487104291338583
11
6.7362422047244097
21
-4.4871043307086609
0
LINE
8
BLACK
6
CONTINUOUS
10
6.7362422047244097
20
-4.4871043307086609
11
6.740020551181102
21
-4.4931175196850397
0
LINE
8
BLACK
6
CONTINUOUS
10
6.740020551181102
20
-4.4931175196850397
11
6.7400206692913383
21
-4.4931176771653538
0
LINE
8
BLACK
6
CONTINUOUS
10
6.7400206692913383
20
-4.4931176771653538
11
6.7450424803149609
21
-4.4981394881889765
0
LINE
8
BLACK
6
CONTINUOUS
10
6.7450424803149609
20
-4.4981394881889765
11
6.7450425590551175
21
-4.4981395275590552
0
LINE
8
BLACK
6
CONTINUOUS
10
6.7450425590551175
20
-4.4981395275590552
11
6.7450425984251963
21
-4.498139566929134
0
LINE
8
BLACK
6
CONTINUOUS
10
6.7450425984251963
20
-4.498139566929134
11
6.7502779527559049
21
-4.5014291732283462
0
LINE
8
BLACK
6
CONTINUOUS
10
6.7502779527559049
20
-4.5014291732283462
11
6.7510558661417317
21
-4.501917952755905
0
LINE
8
BLACK
6
CONTINUOUS
10
6.7510558661417317
20
-4.501917952755905
11
6.7531498425196848
21
-4.5026506692913388
0
LINE
8
BLACK
6
CONTINUOUS
10
6.7531498425196848
20
-4.5026506692913388
11
6.7559225984251965
21
-4.503620905511811
0
LINE
8
BLACK
6
CONTINUOUS
10
6.7559225984251965
20
-4.503620905511811
11
6.7578391338582673
21
-4.5050801574803145
0
LINE
8
BLACK
6
CONTINUOUS
10
6.7578391338582673
20
-4.5050801574803145
11
6.7585319291338584
21
-4.507387283464567
0
LINE
8
BLACK
6
CONTINUOUS
10
6.7585319291338584
20
-4.507387283464567
11
6.757736338582677
21
-4.5096609448818894
0
LINE
8
BLACK
6
CONTINUOUS
10
6.757736338582677
20
-4.5096609448818894
11
6.757727519685039
21
-4.5096725196850391
0
LINE
8
BLACK
6
CONTINUOUS
10
6.757727519685039
20
-4.5096725196850391
11
6.7543157874015742
21
-4.5141188188976376
0
LINE
8
BLACK
6
CONTINUOUS
10
6.7543157874015742
20
-4.5141188188976376
11
6.7519337401574804
21
-4.5198696062992125
0
LINE
8
BLACK
6
CONTINUOUS
10
6.7519337401574804
20
-4.5198696062992125
11
6.7519336614173229
21
-4.5198699212598425
0
LINE
8
BLACK
6
CONTINUOUS
10
6.7519336614173229
20
-4.5198699212598425
11
6.7511211811023619
21
-4.5260414960629918
0
LINE
8
BLACK
6
CONTINUOUS
10
6.7511211811023619
20
-4.5260414960629918
11
6.7511211811023619
21
-4.5260415354330705
0
LINE
8
BLACK
6
CONTINUOUS
10
6.7511211811023619
20
-4.5260415354330705
11
6.7519336614173229
21
-4.5322131102362206
0
LINE
8
BLACK
6
CONTINUOUS
10
6.7519336614173229
20
-4.5322131102362206
11
6.7519337401574804
21
-4.5322134251968507
0
LINE
8
BLACK
6
CONTINUOUS
10
6.7519337401574804
20
-4.5322134251968507
11
6.754315826771653
21
-4.5379642913385823
0
LINE
8
BLACK
6
CONTINUOUS
10
6.754315826771653
20
-4.5379642913385823
11
6.754315826771653
21
-4.537964330708661
0
LINE
8
BLACK
6
CONTINUOUS
10
6.754315826771653
20
-4.537964330708661
11
6.7581052362204721
21
-4.54290279527559
0
LINE
8
BLACK
6
CONTINUOUS
10
6.7581052362204721
20
-4.54290279527559
11
6.7581054330708659
21
-4.5429030314960626
0
LINE
8
BLACK
6
CONTINUOUS
10
6.7581054330708659
20
-4.5429030314960626
11
6.7630440551181099
21
-4.5466925590551179
0
LINE
8
BLACK
6
CONTINUOUS
10
6.7630440551181099
20
-4.5466925590551179
11
6.7630440944881887
21
-4.5466925590551179
0
LINE
8
BLACK
6
CONTINUOUS
10
6.7630440944881887
20
-4.5466925590551179
11
6.7630441338582674
21
-4.5466925984251967
0
LINE
8
BLACK
6
CONTINUOUS
10
6.7630441338582674
20
-4.5466925984251967
11
6.7678631496062991
21
-4.5486887007874017
0
LINE
8
BLACK
6
CONTINUOUS
10
6.7678631496062991
20
-4.5486887007874017
11
6.7687951968503937
21
-4.5490747637795277
0
LINE
8
BLACK
6
CONTINUOUS
10
6.7687951968503937
20
-4.5490747637795277
11
6.7734239763779529
21
-4.5496841338582676
0
LINE
8
BLACK
6
CONTINUOUS
10
6.7734239763779529
20
-4.5496841338582676
11
6.7749668897637791
21
-4.5498872834645665
0
LINE
8
BLACK
6
CONTINUOUS
10
6.7749668897637791
20
-4.5498872834645665
11
6.7749669291338579
21
-4.5498872834645665
0
LINE
8
BLACK
6
CONTINUOUS
10
6.7749669291338579
20
-4.5498872834645665
11
6.7749669685039366
21
-4.5498872834645665
0
LINE
8
BLACK
6
CONTINUOUS
10
6.7749669685039366
20
-4.5498872834645665
11
6.7762012598425194
21
-4.5497247637795271
0
LINE
8
BLACK
6
CONTINUOUS
10
6.7762012598425194
20
-4.5497247637795271
11
6.781138661417323
21
-4.5490747637795277
0
LINE
8
BLACK
6
CONTINUOUS
10
6.781138661417323
20
-4.5490747637795277
11
6.7868898031496059
21
-4.5466925590551179
0
LINE
8
BLACK
6
CONTINUOUS
10
6.7868898031496059
20
-4.5466925590551179
11
6.7918284251968499
21
-4.5429030314960626
0
LINE
8
BLACK
6
CONTINUOUS
10
6.7918284251968499
20
-4.5429030314960626
11
6.7956179527559053
21
-4.5379644094488185
0
LINE
8
BLACK
6
CONTINUOUS
10
6.7956179527559053
20
-4.5379644094488185
11
6.7980001574803151
21
-4.5322132677165357
0
LINE
8
BLACK
6
CONTINUOUS
10
6.7980001574803151
20
-4.5322132677165357
11
6.7988126771653539
21
-4.5260415354330705
0
LINE
8
BLACK
6
CONTINUOUS
10
6.7988126771653539
20
-4.5260415354330705
11
6.7987618110236223
21
-4.5256553149606296
0
LINE
8
BLACK
6
CONTINUOUS
10
6.7987618110236223
20
-4.5256553149606296
11
6.7982372834645668
21
-4.5216710629921257
0
LINE
8
BLACK
6
CONTINUOUS
10
6.7982372834645668
20
-4.5216710629921257
11
6.7980001574803151
21
-4.5198698031496063
0
LINE
8
BLACK
6
CONTINUOUS
10
6.7980001574803151
20
-4.5198698031496063
11
6.7962285826771653
21
-4.5155928346456689
0
LINE
8
BLACK
6
CONTINUOUS
10
6.7962285826771653
20
-4.5155928346456689
11
6.7956179921259841
21
-4.51411874015748
0
LINE
8
BLACK
6
CONTINUOUS
10
6.7956179921259841
20
-4.51411874015748
11
6.7956179921259841
21
-4.5141187007874013
0
LINE
8
BLACK
6
CONTINUOUS
10
6.7956179921259841
20
-4.5141187007874013
11
6.7918285826771649
21
-4.5091802362204723
0
LINE
8
BLACK
6
CONTINUOUS
10
6.7918285826771649
20
-4.5091802362204723
11
6.7918285433070862
21
-4.5091801968503935
0
LINE
8
BLACK
6
CONTINUOUS
10
6.7918285433070862
20
-4.5091801968503935
11
6.7918284251968499
21
-4.5091800393700785
0
LINE
8
BLACK
6
CONTINUOUS
10
6.7918284251968499
20
-4.5091800393700785
11
6.7918282283464562
21
-4.5091798818897635
0
LINE
8
BLACK
6
CONTINUOUS
10
6.7918282283464562
20
-4.5091798818897635
11
6.7918281889763774
21
-4.5091798425196847
0
LINE
8
BLACK
6
CONTINUOUS
10
6.7918281889763774
20
-4.5091798425196847
11
6.7875526377952751
21
-4.5058991338582679
0
LINE
8
BLACK
6
CONTINUOUS
10
6.7875526377952751
20
-4.5058991338582679
11
6.7868898031496059
21
-4.5053905118110231
0
LINE
8
BLACK
6
CONTINUOUS
10
6.7868898031496059
20
-4.5053905118110231
11
6.785881062992126
21
-4.5049726771653544
0
LINE
8
BLACK
6
CONTINUOUS
10
6.785881062992126
20
-4.5049726771653544
11
6.7854968110236218
21
-4.5048135039370081
0
LINE
8
BLACK
6
CONTINUOUS
10
6.7854968110236218
20
-4.5048135039370081
11
6.7836651181102363
21
-4.5032490157480316
0
LINE
8
BLACK
6
CONTINUOUS
10
6.7836651181102363
20
-4.5032490157480316
11
6.7831027952755907
21
-4.5009067322834646
0
LINE
8
BLACK
6
CONTINUOUS
10
6.7831027952755907
20
-4.5009067322834646
11
6.784024645669291
21
-4.4986812204724407
0
LINE
8
BLACK
6
CONTINUOUS
10
6.784024645669291
20
-4.4986812204724407
11
6.7845587007874011
21
-4.4981649212598427
0
LINE
8
BLACK
6
CONTINUOUS
10
6.7845587007874011
20
-4.4981649212598427
11
6.7845901574803147
21
-4.4981398031496065
0
LINE
8
BLACK
6
CONTINUOUS
10
6.7845901574803147
20
-4.4981398031496065
11
6.7845906692913385
21
-4.4981394881889765
0
LINE
8
BLACK
6
CONTINUOUS
10
6.7845906692913385
20
-4.4981394881889765
11
6.7852138976377949
21
-4.49751625984252
0
LINE
8
BLACK
6
CONTINUOUS
10
6.7852138976377949
20
-4.49751625984252
11
6.7896124803149602
21
-4.4931176771653538
0
LINE
8
BLACK
6
CONTINUOUS
10
6.7896124803149602
20
-4.4931176771653538
11
6.7933909448818897
21
-4.487104291338583
0
LINE
8
BLACK
6
CONTINUOUS
10
6.7933909448818897
20
-4.487104291338583
11
6.7957365748031497
21
-4.4804008661417321
0
LINE
8
BLACK
6
CONTINUOUS
10
6.7957365748031497
20
-4.4804008661417321
11
6.7965317322834649
21
-4.473343582677165
0
LINE
8
BLACK
6
CONTINUOUS
10
6.7965317322834649
20
-4.473343582677165
11
6.7957365748031497
21
-4.466286299212598
0
LINE
8
BLACK
6
CONTINUOUS
10
6.7957365748031497
20
-4.466286299212598
11
6.7950689763779524
21
-4.4643784645669289
0
LINE
8
BLACK
6
CONTINUOUS
10
6.7950689763779524
20
-4.4643784645669289
11
6.7948162598425199
21
-4.4636562598425193
0
LINE
8
BLACK
6
CONTINUOUS
10
6.7948162598425199
20
-4.4636562598425193
11
6.7946195275590551
21
-4.4630939763779525
0
LINE
8
BLACK
6
CONTINUOUS
10
6.2676415748031493
20
-4.5276883858267718
11
6.2676416535433068
21
-4.5276887007874018
0
LINE
8
BLACK
6
CONTINUOUS
10
6.2676416535433068
20
-4.5276887007874018
11
6.2700237401574803
21
-4.5334395669291334
0
LINE
8
BLACK
6
CONTINUOUS
10
6.2700237401574803
20
-4.5334395669291334
11
6.2700237401574803
21
-4.5334396062992122
0
LINE
8
BLACK
6
CONTINUOUS
10
6.2700237401574803
20
-4.5334396062992122
11
6.2734957480314959
21
-4.5379644094488185
0
LINE
8
BLACK
6
CONTINUOUS
10
6.2734957480314959
20
-4.5379644094488185
11
6.2738133464566932
21
-4.5383783070866137
0
LINE
8
BLACK
6
CONTINUOUS
10
6.2738133464566932
20
-4.5383783070866137
11
6.2787519685039372
21
-4.5421678346456691
0
LINE
8
BLACK
6
CONTINUOUS
10
6.2787519685039372
20
-4.5421678346456691
11
6.278752007874016
21
-4.5421678346456691
0
LINE
8
BLACK
6
CONTINUOUS
10
6.278752007874016
20
-4.5421678346456691
11
6.2787520472440947
21
-4.5421678740157478
0
LINE
8
BLACK
6
CONTINUOUS
10
6.2787520472440947
20
-4.5421678740157478
11
6.2845029133858263
21
-4.5445499606299213
0
LINE
8
BLACK
6
CONTINUOUS
10
6.2845029133858263
20
-4.5445499606299213
11
6.2845031102362201
21
-4.5445500393700788
0
LINE
8
BLACK
6
CONTINUOUS
10
6.2845031102362201
20
-4.5445500393700788
11
6.2891318897637793
21
-4.5451594094488188
0
LINE
8
BLACK
6
CONTINUOUS
10
6.2891318897637793
20
-4.5451594094488188
11
6.2906748031496065
21
-4.5453625590551177
0
LINE
8
BLACK
6
CONTINUOUS
10
6.2906748031496065
20
-4.5453625590551177
11
6.2906748425196852
21
-4.5453625590551177
0
LINE
8
BLACK
6
CONTINUOUS
10
6.2906748425196852
20
-4.5453625590551177
11
6.290674881889764
21
-4.5453625590551177
0
LINE
8
BLACK
6
CONTINUOUS
10
6.290674881889764
20
-4.5453625590551177
11
6.2919091732283468
21
-4.5452000393700782
0
LINE
8
BLACK
6
CONTINUOUS
10
6.2919091732283468
20
-4.5452000393700782
11
6.2968465748031495
21
-4.5445500393700788
0
LINE
8
BLACK
6
CONTINUOUS
10
6.2968465748031495
20
-4.5445500393700788
11
6.3025977165354332
21
-4.5421678346456691
0
LINE
8
BLACK
6
CONTINUOUS
10
6.3025977165354332
20
-4.5421678346456691
11
6.3075363385826773
21
-4.5383783070866137
0
LINE
8
BLACK
6
CONTINUOUS
10
6.3075363385826773
20
-4.5383783070866137
11
6.3113258661417317
21
-4.5334396850393697
0
LINE
8
BLACK
6
CONTINUOUS
10
6.3113258661417317
20
-4.5334396850393697
11
6.3137080708661415
21
-4.5276885433070868
0
LINE
8
BLACK
6
CONTINUOUS
10
6.3137080708661415
20
-4.5276885433070868
11
6.3145205905511812
21
-4.5215168110236217
0
LINE
8
BLACK
6
CONTINUOUS
10
6.3145205905511812
20
-4.5215168110236217
11
6.3137080708661415
21
-4.5153450787401574
0
LINE
8
BLACK
6
CONTINUOUS
10
6.3137080708661415
20
-4.5153450787401574
11
6.313707992125984
21
-4.5153448818897637
0
LINE
8
BLACK
6
CONTINUOUS
10
6.313707992125984
20
-4.5153448818897637
11
6.3113259055118105
21
-4.5095940157480312
0
LINE
8
BLACK
6
CONTINUOUS
10
6.3113259055118105
20
-4.5095940157480312
11
6.3113259055118105
21
-4.5095939763779525
0
LINE
8
BLACK
6
CONTINUOUS
10
6.3113259055118105
20
-4.5095939763779525
11
6.3075364960629923
21
-4.5046555118110234
0
LINE
8
BLACK
6
CONTINUOUS
10
6.3075364960629923
20
-4.5046555118110234
11
6.3075364566929135
21
-4.5046554724409447
0
LINE
8
BLACK
6
CONTINUOUS
10
6.3075364566929135
20
-4.5046554724409447
11
6.3075363385826773
21
-4.5046553149606297
0
LINE
8
BLACK
6
CONTINUOUS
10
6.3075363385826773
20
-4.5046553149606297
11
6.3075361417322835
21
-4.5046551574803146
0
LINE
8
BLACK
6
CONTINUOUS
10
6.3075361417322835
20
-4.5046551574803146
11
6.3075361023622047
21
-4.5046551181102359
0
LINE
8
BLACK
6
CONTINUOUS
10
6.3075361023622047
20
-4.5046551181102359
11
6.3033319291338579
21
-4.5014291732283462
0
LINE
8
BLACK
6
CONTINUOUS
10
6.3033319291338579
20
-4.5014291732283462
11
6.3025977165354332
21
-4.5008657874015743
0
LINE
8
BLACK
6
CONTINUOUS
10
6.3025977165354332
20
-4.5008657874015743
11
6.3025976771653545
21
-4.5008657480314955
0
LINE
8
BLACK
6
CONTINUOUS
10
6.3025976771653545
20
-4.5008657480314955
11
6.302597598425197
21
-4.5008657086614177
0
LINE
8
BLACK
6
CONTINUOUS
10
6.302597598425197
20
-4.5008657086614177
11
6.2968467322834645
21
-4.4984836220472442
0
LINE
8
BLACK
6
CONTINUOUS
10
6.2968467322834645
20
-4.4984836220472442
11
6.2968464173228345
21
-4.4984835433070867
0
LINE
8
BLACK
6
CONTINUOUS
10
6.2968464173228345
20
-4.4984835433070867
11
6.290674881889764
21
-4.4976710629921257
0
LINE
8
BLACK
6
CONTINUOUS
10
6.290674881889764
20
-4.4976710629921257
11
6.2906748031496065
21
-4.4976710629921257
0
LINE
8
BLACK
6
CONTINUOUS
10
6.2906748031496065
20
-4.4976710629921257
11
6.2845032283464564
21
-4.4984835433070867
0
LINE
8
BLACK
6
CONTINUOUS
10
6.2845032283464564
20
-4.4984835433070867
11
6.2845029133858263
21
-4.4984836220472442
0
LINE
8
BLACK
6
CONTINUOUS
10
6.2845029133858263
20
-4.4984836220472442
11
6.2787520472440947
21
-4.5008657086614177
0
LINE
8
BLACK
6
CONTINUOUS
10
6.2787520472440947
20
-4.5008657086614177
11
6.278752007874016
21
-4.5008657086614177
0
LINE
8
BLACK
6
CONTINUOUS
10
6.278752007874016
20
-4.5008657086614177
11
6.2738135433070861
21
-4.5046551181102359
0
LINE
8
BLACK
6
CONTINUOUS
10
6.2738135433070861
20
-4.5046551181102359
11
6.2738131496062994
21
-4.5046555118110234
0
LINE
8
BLACK
6
CONTINUOUS
10
6.2738131496062994
20
-4.5046555118110234
11
6.2700237401574803
21
-4.5095939763779525
0
LINE
8
BLACK
6
CONTINUOUS
10
6.2700237401574803
20
-4.5095939763779525
11
6.2700237401574803
21
-4.5095940157480312
0
LINE
8
BLACK
6
CONTINUOUS
10
6.2700237401574803
20
-4.5095940157480312
11
6.2676416535433068
21
-4.5153448818897637
0
LINE
8
BLACK
6
CONTINUOUS
10
6.2676416535433068
20
-4.5153448818897637
11
6.2676415748031493
21
-4.5153451968503937
0
LINE
8
BLACK
6
CONTINUOUS
10
6.2676415748031493
20
-4.5153451968503937
11
6.2668290944881893
21
-4.5215167716535429
0
LINE
8
BLACK
6
CONTINUOUS
10
6.2668290944881893
20
-4.5215167716535429
11
6.2668290944881893
21
-4.5215168110236217
0
LINE
8
BLACK
6
CONTINUOUS
10
6.2668290944881893
20
-4.5215168110236217
11
6.2676415748031493
21
-4.5276883858267718
0
LINE
8
BLACK
6
CONTINUOUS
10
7.0416421259842519
20
-4.5036878346456692
11
7.0416422047244094
21
-4.5036881496062993
0
LINE
8
BLACK
6
CONTINUOUS
10
7.0416422047244094
20
-4.5036881496062993
11
7.0440242913385829
21
-4.5094390157480317
0
LINE
8
BLACK
6
CONTINUOUS
10
7.0440242913385829
20
-4.5094390157480317
11
7.0440242913385829
21
-4.5094390551181105
0
LINE
8
BLACK
6
CONTINUOUS
10
7.0440242913385829
20
-4.5094390551181105
11
7.0476151968503933
21
-4.5141188188976376
0
LINE
8
BLACK
6
CONTINUOUS
10
7.0476151968503933
20
-4.5141188188976376
11
7.0478138976377949
21
-4.514377755905512
0
LINE
8
BLACK
6
CONTINUOUS
10
7.0478138976377949
20
-4.514377755905512
11
7.0527525196850389
21
-4.5181672834645665
0
LINE
8
BLACK
6
CONTINUOUS
10
7.0527525196850389
20
-4.5181672834645665
11
7.0527525590551177
21
-4.5181672834645665
0
LINE
8
BLACK
6
CONTINUOUS
10
7.0527525590551177
20
-4.5181672834645665
11
7.0527525984251964
21
-4.5181673228346453
0
LINE
8
BLACK
6
CONTINUOUS
10
7.0527525984251964
20
-4.5181673228346453
11
7.0578594094488185
21
-4.5202826377952752
0
LINE
8
BLACK
6
CONTINUOUS
10
7.0578594094488185
20
-4.5202826377952752
11
7.0585036614173227
21
-4.5205494881889763
0
LINE
8
BLACK
6
CONTINUOUS
10
7.0585036614173227
20
-4.5205494881889763
11
7.0626484645669292
21
-4.5210951574803149
0
LINE
8
BLACK
6
CONTINUOUS
10
7.0626484645669292
20
-4.5210951574803149
11
7.0646753543307081
21
-4.521362007874016
0
LINE
8
BLACK
6
CONTINUOUS
10
7.0646753543307081
20
-4.521362007874016
11
7.0646753937007869
21
-4.521362007874016
0
LINE
8
BLACK
6
CONTINUOUS
10
7.0646753937007869
20
-4.521362007874016
11
7.0646754330708657
21
-4.521362007874016
0
LINE
8
BLACK
6
CONTINUOUS
10
7.0646754330708657
20
-4.521362007874016
11
7.0667023228346455
21
-4.5210951574803149
0
LINE
8
BLACK
6
CONTINUOUS
10
7.0667023228346455
20
-4.5210951574803149
11
7.070847125984252
21
-4.5205494881889763
0
LINE
8
BLACK
6
CONTINUOUS
10
7.070847125984252
20
-4.5205494881889763
11
7.0765982677165349
21
-4.5181672834645665
0
LINE
8
BLACK
6
CONTINUOUS
10
7.0765982677165349
20
-4.5181672834645665
11
7.0815368897637789
21
-4.514377755905512
0
LINE
8
BLACK
6
CONTINUOUS
10
7.0815368897637789
20
-4.514377755905512
11
7.0843706692913386
21
-4.5106846456692908
0
LINE
8
BLACK
6
CONTINUOUS
10
7.0843706692913386
20
-4.5106846456692908
11
7.0863557480314956
21
-4.5093203149606298
0
LINE
8
BLACK
6
CONTINUOUS
10
7.0863557480314956
20
-4.5093203149606298
11
7.0887638188976378
21
-4.5093833464566933
0
LINE
8
BLACK
6
CONTINUOUS
10
7.0887638188976378
20
-4.5093833464566933
11
7.0905550000000002
21
-4.5106847244094483
0
LINE
8
BLACK
6
CONTINUOUS
10
7.0905550000000002
20
-4.5106847244094483
11
7.0905550393700789
21
-4.5106847637795271
0
LINE
8
BLACK
6
CONTINUOUS
10
7.0905550393700789
20
-4.5106847637795271
11
7.0931840157480313
21
-4.5141109055118109
0
LINE
8
BLACK
6
CONTINUOUS
10
7.0931840157480313
20
-4.5141109055118109
11
7.0981226377952753
21
-4.5179004330708663
0
LINE
8
BLACK
6
CONTINUOUS
10
7.0981226377952753
20
-4.5179004330708663
11
7.0981226771653541
21
-4.5179004330708663
0
LINE
8
BLACK
6
CONTINUOUS
10
7.0981226771653541
20
-4.5179004330708663
11
7.0981227165354328
21
-4.5179004724409451
0
LINE
8
BLACK
6
CONTINUOUS
10
7.0981227165354328
20
-4.5179004724409451
11
7.1028774015748031
21
-4.5198699212598425
0
LINE
8
BLACK
6
CONTINUOUS
10
7.1028774015748031
20
-4.5198699212598425
11
7.1038737795275591
21
-4.5202826377952752
0
LINE
8
BLACK
6
CONTINUOUS
10
7.1038737795275591
20
-4.5202826377952752
11
7.1085025590551183
21
-4.520892007874016
0
LINE
8
BLACK
6
CONTINUOUS
10
7.1085025590551183
20
-4.520892007874016
11
7.1100454724409445
21
-4.5210951574803149
0
LINE
8
BLACK
6
CONTINUOUS
10
7.1100454724409445
20
-4.5210951574803149
11
7.1100455118110233
21
-4.5210951574803149
0
LINE
8
BLACK
6
CONTINUOUS
10
7.1100455118110233
20
-4.5210951574803149
11
7.110045551181102
21
-4.5210951574803149
0
LINE
8
BLACK
6
CONTINUOUS
10
7.110045551181102
20
-4.5210951574803149
11
7.1109491338582673
21
-4.5209761811023625
0
LINE
8
BLACK
6
CONTINUOUS
10
7.1109491338582673
20
-4.5209761811023625
11
7.1112798425196848
21
-4.5209326377952754
0
LINE
8
BLACK
6
CONTINUOUS
10
7.1112798425196848
20
-4.5209326377952754
11
7.1162172440944884
21
-4.5202826377952752
0
LINE
8
BLACK
6
CONTINUOUS
10
7.1162172440944884
20
-4.5202826377952752
11
7.1219683858267713
21
-4.5179004330708663
0
LINE
8
BLACK
6
CONTINUOUS
10
7.1219683858267713
20
-4.5179004330708663
11
7.1269070078740153
21
-4.5141109055118109
0
LINE
8
BLACK
6
CONTINUOUS
10
7.1269070078740153
20
-4.5141109055118109
11
7.1306965354330707
21
-4.5091722834645669
0
LINE
8
BLACK
6
CONTINUOUS
10
7.1306965354330707
20
-4.5091722834645669
11
7.1330787401574804
21
-4.5034211417322831
0
LINE
8
BLACK
6
CONTINUOUS
10
7.1330787401574804
20
-4.5034211417322831
11
7.1338912598425193
21
-4.4972494094488189
0
LINE
8
BLACK
6
CONTINUOUS
10
7.1338912598425193
20
-4.4972494094488189
11
7.1330787401574804
21
-4.4910776771653547
0
LINE
8
BLACK
6
CONTINUOUS
10
7.1330787401574804
20
-4.4910776771653547
11
7.1328512992125983
21
-4.4905286220472442
0
LINE
8
BLACK
6
CONTINUOUS
10
7.1328512992125983
20
-4.4905286220472442
11
7.1314329133858267
21
-4.487104291338583
0
LINE
8
BLACK
6
CONTINUOUS
10
7.1314329133858267
20
-4.487104291338583
11
7.1306965748031494
21
-4.4853266141732284
0
LINE
8
BLACK
6
CONTINUOUS
10
7.1306965748031494
20
-4.4853266141732284
11
7.1306965748031494
21
-4.4853265748031497
0
LINE
8
BLACK
6
CONTINUOUS
10
7.1306965748031494
20
-4.4853265748031497
11
7.1269071653543303
21
-4.4803881102362206
0
LINE
8
BLACK
6
CONTINUOUS
10
7.1269071653543303
20
-4.4803881102362206
11
7.1269071259842516
21
-4.4803880708661419
0
LINE
8
BLACK
6
CONTINUOUS
10
7.1269071259842516
20
-4.4803880708661419
11
7.1269070078740153
21
-4.4803879133858269
0
LINE
8
BLACK
6
CONTINUOUS
10
7.1269070078740153
20
-4.4803879133858269
11
7.1269068110236216
21
-4.4803877559055119
0
LINE
8
BLACK
6
CONTINUOUS
10
7.1269068110236216
20
-4.4803877559055119
11
7.1269067716535428
21
-4.4803877165354331
0
LINE
8
BLACK
6
CONTINUOUS
10
7.1269067716535428
20
-4.4803877165354331
11
7.1223161417322833
21
-4.4768652362204726
0
LINE
8
BLACK
6
CONTINUOUS
10
7.1223161417322833
20
-4.4768652362204726
11
7.1219683858267713
21
-4.4765983858267715
0
LINE
8
BLACK
6
CONTINUOUS
10
7.1219683858267713
20
-4.4765983858267715
11
7.1219683464566925
21
-4.4765983464566927
0
LINE
8
BLACK
6
CONTINUOUS
10
7.1219683464566925
20
-4.4765983464566927
11
7.121968267716535
21
-4.476598307086614
0
LINE
8
BLACK
6
CONTINUOUS
10
7.121968267716535
20
-4.476598307086614
11
7.1162174015748034
21
-4.4742162204724405
0
LINE
8
BLACK
6
CONTINUOUS
10
7.1162174015748034
20
-4.4742162204724405
11
7.1162170866141734
21
-4.474216141732283
0
LINE
8
BLACK
6
CONTINUOUS
10
7.1162170866141734
20
-4.474216141732283
11
7.110045551181102
21
-4.4734036614173229
0
LINE
8
BLACK
6
CONTINUOUS
10
7.110045551181102
20
-4.4734036614173229
11
7.1100454724409445
21
-4.4734036614173229
0
LINE
8
BLACK
6
CONTINUOUS
10
7.1100454724409445
20
-4.4734036614173229
11
7.1038738976377953
21
-4.474216141732283
0
LINE
8
BLACK
6
CONTINUOUS
10
7.1038738976377953
20
-4.474216141732283
11
7.1038735826771653
21
-4.4742162204724405
0
LINE
8
BLACK
6
CONTINUOUS
10
7.1038735826771653
20
-4.4742162204724405
11
7.0981227165354328
21
-4.476598307086614
0
LINE
8
BLACK
6
CONTINUOUS
10
7.0981227165354328
20
-4.476598307086614
11
7.0981226771653541
21
-4.476598307086614
0
LINE
8
BLACK
6
CONTINUOUS
10
7.0981226771653541
20
-4.476598307086614
11
7.093184212598425
21
-4.4803877165354331
0
LINE
8
BLACK
6
CONTINUOUS
10
7.093184212598425
20
-4.4803877165354331
11
7.0931839370078738
21
-4.4803879921259844
0
LINE
8
BLACK
6
CONTINUOUS
10
7.0931839370078738
20
-4.4803879921259844
11
7.0903502362204724
21
-4.4840809448818897
0
LINE
8
BLACK
6
CONTINUOUS
10
7.0903502362204724
20
-4.4840809448818897
11
7.0883649999999996
21
-4.4854453149606295
0
LINE
8
BLACK
6
CONTINUOUS
10
7.0883649999999996
20
-4.4854453149606295
11
7.085956968503937
21
-4.4853822440944882
0
LINE
8
BLACK
6
CONTINUOUS
10
7.085956968503937
20
-4.4853822440944882
11
7.0841658661417322
21
-4.4840809448818897
0
LINE
8
BLACK
6
CONTINUOUS
10
7.0841658661417322
20
-4.4840809448818897
11
7.0815368897637789
21
-4.4806547637795271
0
LINE
8
BLACK
6
CONTINUOUS
10
7.0815368897637789
20
-4.4806547637795271
11
7.0815366929133861
21
-4.4806546062992121
0
LINE
8
BLACK
6
CONTINUOUS
10
7.0815366929133861
20
-4.4806546062992121
11
7.0815366535433073
21
-4.4806545669291333
0
LINE
8
BLACK
6
CONTINUOUS
10
7.0815366535433073
20
-4.4806545669291333
11
7.0765981496062986
21
-4.4768651574803151
0
LINE
8
BLACK
6
CONTINUOUS
10
7.0765981496062986
20
-4.4768651574803151
11
7.070847283464567
21
-4.4744830708661416
0
LINE
8
BLACK
6
CONTINUOUS
10
7.070847283464567
20
-4.4744830708661416
11
7.070846968503937
21
-4.4744829921259841
0
LINE
8
BLACK
6
CONTINUOUS
10
7.070846968503937
20
-4.4744829921259841
11
7.0646754330708657
21
-4.4736705118110232
0
LINE
8
BLACK
6
CONTINUOUS
10
7.0646754330708657
20
-4.4736705118110232
11
7.0646753543307081
21
-4.4736705118110232
0
LINE
8
BLACK
6
CONTINUOUS
10
7.0646753543307081
20
-4.4736705118110232
11
7.0585037795275589
21
-4.4744829921259841
0
LINE
8
BLACK
6
CONTINUOUS
10
7.0585037795275589
20
-4.4744829921259841
11
7.0585034645669289
21
-4.4744830708661416
0
LINE
8
BLACK
6
CONTINUOUS
10
7.0585034645669289
20
-4.4744830708661416
11
7.0527525984251964
21
-4.4768651574803151
0
LINE
8
BLACK
6
CONTINUOUS
10
7.0527525984251964
20
-4.4768651574803151
11
7.0527525590551177
21
-4.4768651574803151
0
LINE
8
BLACK
6
CONTINUOUS
10
7.0527525590551177
20
-4.4768651574803151
11
7.0478140944881886
21
-4.4806545669291333
0
LINE
8
BLACK
6
CONTINUOUS
10
7.0478140944881886
20
-4.4806545669291333
11
7.0478137007874011
21
-4.4806549606299209
0
LINE
8
BLACK
6
CONTINUOUS
10
7.0478137007874011
20
-4.4806549606299209
11
7.0440242913385829
21
-4.4855934251968499
0
LINE
8
BLACK
6
CONTINUOUS
10
7.0440242913385829
20
-4.4855934251968499
11
7.0440242913385829
21
-4.4855934645669286
0
LINE
8
BLACK
6
CONTINUOUS
10
7.0440242913385829
20
-4.4855934645669286
11
7.0416422047244094
21
-4.4913443307086611
0
LINE
8
BLACK
6
CONTINUOUS
10
7.0416422047244094
20
-4.4913443307086611
11
7.0416421259842519
21
-4.4913446456692911
0
LINE
8
BLACK
6
CONTINUOUS
10
7.0416421259842519
20
-4.4913446456692911
11
7.0408296456692909
21
-4.4975162204724413
0
LINE
8
BLACK
6
CONTINUOUS
10
7.0408296456692909
20
-4.4975162204724413
11
7.0408296456692909
21
-4.49751625984252
0
LINE
8
BLACK
6
CONTINUOUS
10
7.0408296456692909
20
-4.49751625984252
11
7.0416421259842519
21
-4.5036878346456692
0
LINE
8
BLACK
6
CONTINUOUS
10
7.3096474015748027
20
-4.4719853149606301
11
7.3113440944881889
21
-4.477578661417323
0
LINE
8
BLACK
6
CONTINUOUS
10
7.3113440944881889
20
-4.477578661417323
11
7.3151095275590547
21
-4.4846233070866139
0
LINE
8
BLACK
6
CONTINUOUS
10
7.3151095275590547
20
-4.4846233070866139
11
7.3201768503937004
21
-4.4907978740157484
0
LINE
8
BLACK
6
CONTINUOUS
10
7.3201768503937004
20
-4.4907978740157484
11
7.3201772047244091
21
-4.4907982283464563
0
LINE
8
BLACK
6
CONTINUOUS
10
7.3201772047244091
20
-4.4907982283464563
11
7.3263517716535436
21
-4.4958655511811019
0
LINE
8
BLACK
6
CONTINUOUS
10
7.3263517716535436
20
-4.4958655511811019
11
7.3333964173228345
21
-4.4996309842519686
0
LINE
8
BLACK
6
CONTINUOUS
10
7.3333964173228345
20
-4.4996309842519686
11
7.3410403543307083
21
-4.5019497637795274
0
LINE
8
BLACK
6
CONTINUOUS
10
7.3410403543307083
20
-4.5019497637795274
11
7.3410405905511809
21
-4.5019498031496061
0
LINE
8
BLACK
6
CONTINUOUS
10
7.3410405905511809
20
-4.5019498031496061
11
7.3469975984251965
21
-4.5025364960629917
0
LINE
8
BLACK
6
CONTINUOUS
10
7.3469975984251965
20
-4.5025364960629917
11
7.3586748031496061
21
-4.5025364960629917
0
LINE
8
BLACK
6
CONTINUOUS
10
7.3586748031496061
20
-4.5025364960629917
11
7.3586748425196848
21
-4.5025364566929129
0
LINE
8
BLACK
6
CONTINUOUS
10
7.3586748425196848
20
-4.5025364566929129
11
7.3586748425196848
21
-4.4816703543307082
0
LINE
8
BLACK
6
CONTINUOUS
10
7.3586748425196848
20
-4.4816703543307082
11
7.3489898031496059
21
-4.4816703543307082
0
LINE
8
BLACK
6
CONTINUOUS
10
7.3489898031496059
20
-4.4816703543307082
11
7.3464203937007868
21
-4.4815019291338585
0
LINE
8
BLACK
6
CONTINUOUS
10
7.3464203937007868
20
-4.4815019291338585
11
7.3414566535433066
21
-4.4801719291338582
0
LINE
8
BLACK
6
CONTINUOUS
10
7.3414566535433066
20
-4.4801719291338582
11
7.3370062992125984
21
-4.4776025196850391
0
LINE
8
BLACK
6
CONTINUOUS
10
7.3370062992125984
20
-4.4776025196850391
11
7.3333725984251963
21
-4.4739688188976379
0
LINE
8
BLACK
6
CONTINUOUS
10
7.3333725984251963
20
-4.4739688188976379
11
7.332227440944882
21
-4.4719853149606301
0
LINE
8
BLACK
6
CONTINUOUS
10
7.332227440944882
20
-4.4719853149606301
11
7.3096474015748027
21
-4.4719853149606301
0
LINE
8
BLACK
6
CONTINUOUS
10
7.403977086614173
20
-4.4739688188976379
11
7.4003433858267718
21
-4.4776025196850391
0
LINE
8
BLACK
6
CONTINUOUS
10
7.4003433858267718
20
-4.4776025196850391
11
7.3958930314960627
21
-4.4801719291338582
0
LINE
8
BLACK
6
CONTINUOUS
10
7.3958930314960627
20
-4.4801719291338582
11
7.3909292913385825
21
-4.4815019291338585
0
LINE
8
BLACK
6
CONTINUOUS
10
7.3909292913385825
20
-4.4815019291338585
11
7.3883598818897633
21
-4.4816703543307082
0
LINE
8
BLACK
6
CONTINUOUS
10
7.3883598818897633
20
-4.4816703543307082
11
7.3786748425196853
21
-4.4816703543307082
0
LINE
8
BLACK
6
CONTINUOUS
10
7.3786748425196853
20
-4.4816703543307082
11
7.3786748425196853
21
-4.5025364566929129
0
LINE
8
BLACK
6
CONTINUOUS
10
7.3786748425196853
20
-4.5025364566929129
11
7.3786748818897632
21
-4.5025364960629917
0
LINE
8
BLACK
6
CONTINUOUS
10
7.3786748818897632
20
-4.5025364960629917
11
7.3903520866141728
21
-4.5025364960629917
0
LINE
8
BLACK
6
CONTINUOUS
10
7.3903520866141728
20
-4.5025364960629917
11
7.3963090551181097
21
-4.5019498031496061
0
LINE
8
BLACK
6
CONTINUOUS
10
7.3963090551181097
20
-4.5019498031496061
11
7.3963092913385822
21
-4.5019497637795274
0
LINE
8
BLACK
6
CONTINUOUS
10
7.3963092913385822
20
-4.5019497637795274
11
7.4039532283464569
21
-4.4996309842519686
0
LINE
8
BLACK
6
CONTINUOUS
10
7.4039532283464569
20
-4.4996309842519686
11
7.4109978740157478
21
-4.4958655511811019
0
LINE
8
BLACK
6
CONTINUOUS
10
7.4109978740157478
20
-4.4958655511811019
11
7.4171724409448814
21
-4.4907982283464563
0
LINE
8
BLACK
6
CONTINUOUS
10
7.4171724409448814
20
-4.4907982283464563
11
7.4171727952755901
21
-4.4907978740157484
0
LINE
8
BLACK
6
CONTINUOUS
10
7.4171727952755901
20
-4.4907978740157484
11
7.4222401181102358
21
-4.4846233070866139
0
LINE
8
BLACK
6
CONTINUOUS
10
7.4222401181102358
20
-4.4846233070866139
11
7.4260055511811025
21
-4.477578661417323
0
LINE
8
BLACK
6
CONTINUOUS
10
7.4260055511811025
20
-4.477578661417323
11
7.4277022834645665
21
-4.4719853149606301
0
LINE
8
BLACK
6
CONTINUOUS
10
7.4277022834645665
20
-4.4719853149606301
11
7.4051222440944882
21
-4.4719853149606301
0
LINE
8
BLACK
6
CONTINUOUS
10
7.4051222440944882
20
-4.4719853149606301
11
7.403977086614173
21
-4.4739688188976379
0
LINE
8
BLACK
6
CONTINUOUS
10
7.2496646850393702
20
-4.4476164566929137
11
7.2456801968503939
21
-4.4422643700787399
0
LINE
8
BLACK
6
CONTINUOUS
10
7.2456801968503939
20
-4.4422643700787399
11
7.2456801181102364
21
-4.4422642913385824
0
LINE
8
BLACK
6
CONTINUOUS
10
7.2456801181102364
20
-4.4422642913385824
11
7.2413672440944881
21
-4.4386453149606302
0
LINE
8
BLACK
6
CONTINUOUS
10
7.2413672440944881
20
-4.4386453149606302
11
7.2413672047244093
21
-4.4386453543307089
0
LINE
8
BLACK
6
CONTINUOUS
10
7.2413672047244093
20
-4.4386453543307089
11
7.2354994094488188
21
-4.4445131102362208
0
LINE
8
BLACK
6
CONTINUOUS
10
7.2354994094488188
20
-4.4445131102362208
11
7.2373598818897635
21
-4.4455872440944884
0
LINE
8
BLACK
6
CONTINUOUS
10
7.2373598818897635
20
-4.4455872440944884
11
7.2411752755905514
21
-4.4494026377952753
0
LINE
8
BLACK
6
CONTINUOUS
10
7.2411752755905514
20
-4.4494026377952753
11
7.2438731496062987
21
-4.4540755118110233
0
LINE
8
BLACK
6
CONTINUOUS
10
7.2438731496062987
20
-4.4540755118110233
11
7.2452696850393696
21
-4.4592874409448822
0
LINE
8
BLACK
6
CONTINUOUS
10
7.2452696850393696
20
-4.4592874409448822
11
7.2452696850393696
21
-4.4646831889763776
0
LINE
8
BLACK
6
CONTINUOUS
10
7.2452696850393696
20
-4.4646831889763776
11
7.2438731496062987
21
-4.4698951181102364
0
LINE
8
BLACK
6
CONTINUOUS
10
7.2438731496062987
20
-4.4698951181102364
11
7.2411752755905514
21
-4.4745679921259844
0
LINE
8
BLACK
6
CONTINUOUS
10
7.2411752755905514
20
-4.4745679921259844
11
7.2373598818897635
21
-4.4783833858267714
0
LINE
8
BLACK
6
CONTINUOUS
10
7.2373598818897635
20
-4.4783833858267714
11
7.2354994881889763
21
-4.4794574409448815
0
LINE
8
BLACK
6
CONTINUOUS
10
7.2354994881889763
20
-4.4794574409448815
11
7.2413143307086614
21
-4.4852722834645666
0
LINE
8
BLACK
6
CONTINUOUS
10
7.2413143307086614
20
-4.4852722834645666
11
7.2432494094488185
21
-4.4839995669291337
0
LINE
8
BLACK
6
CONTINUOUS
10
7.2432494094488185
20
-4.4839995669291337
11
7.2478282677165353
21
-4.4791462992125979
0
LINE
8
BLACK
6
CONTINUOUS
10
7.2478282677165353
20
-4.4791462992125979
11
7.2478283070866141
21
-4.4791462992125979
0
LINE
8
BLACK
6
CONTINUOUS
10
7.2478283070866141
20
-4.4791462992125979
11
7.2511645275590553
21
-4.4733677165354333
0
LINE
8
BLACK
6
CONTINUOUS
10
7.2511645275590553
20
-4.4733677165354333
11
7.2530782283464568
21
-4.4669756692913385
0
LINE
8
BLACK
6
CONTINUOUS
10
7.2530782283464568
20
-4.4669756692913385
11
7.253466181102362
21
-4.4603143307086617
0
LINE
8
BLACK
6
CONTINUOUS
10
7.253466181102362
20
-4.4603143307086617
11
7.2523075984251966
21
-4.4537434645669292
0
LINE
8
BLACK
6
CONTINUOUS
10
7.2523075984251966
20
-4.4537434645669292
11
7.2515492125984249
21
-4.4519852755905509
0
LINE
8
BLACK
6
CONTINUOUS
10
7.2515492125984249
20
-4.4519852755905509
11
7.2496646850393702
21
-4.4476164566929137
0
LINE
8
BLACK
6
CONTINUOUS
10
5.8656415748031492
20
-4.453688385826772
11
5.8656416535433067
21
-4.4536887007874011
0
LINE
8
BLACK
6
CONTINUOUS
10
5.8656416535433067
20
-4.4536887007874011
11
5.8680237401574802
21
-4.4594395669291336
0
LINE
8
BLACK
6
CONTINUOUS
10
5.8680237401574802
20
-4.4594395669291336
11
5.8680237401574802
21
-4.4594396062992123
0
LINE
8
BLACK
6
CONTINUOUS
10
5.8680237401574802
20
-4.4594396062992123
11
5.8699771259842519
21
-4.4619853149606294
0
LINE
8
BLACK
6
CONTINUOUS
10
5.8699771259842519
20
-4.4619853149606294
11
5.8718133464566931
21
-4.4643783070866139
0
LINE
8
BLACK
6
CONTINUOUS
10
5.8718133464566931
20
-4.4643783070866139
11
5.8767519685039371
21
-4.4681678346456692
0
LINE
8
BLACK
6
CONTINUOUS
10
5.8767519685039371
20
-4.4681678346456692
11
5.8767520078740159
21
-4.4681678346456692
0
LINE
8
BLACK
6
CONTINUOUS
10
5.8767520078740159
20
-4.4681678346456692
11
5.8767520472440946
21
-4.468167874015748
0
LINE
8
BLACK
6
CONTINUOUS
10
5.8767520472440946
20
-4.468167874015748
11
5.8825029133858262
21
-4.4705499606299215
0
LINE
8
BLACK
6
CONTINUOUS
10
5.8825029133858262
20
-4.4705499606299215
11
5.88250311023622
21
-4.470550039370079
0
LINE
8
BLACK
6
CONTINUOUS
10
5.88250311023622
20
-4.470550039370079
11
5.8871318897637792
21
-4.471159409448819
0
LINE
8
BLACK
6
CONTINUOUS
10
5.8871318897637792
20
-4.471159409448819
11
5.8886748031496063
21
-4.4713625590551178
0
LINE
8
BLACK
6
CONTINUOUS
10
5.8886748031496063
20
-4.4713625590551178
11
5.8886748425196851
21
-4.4713625590551178
0
LINE
8
BLACK
6
CONTINUOUS
10
5.8886748425196851
20
-4.4713625590551178
11
5.8886748818897638
21
-4.4713625590551178
0
LINE
8
BLACK
6
CONTINUOUS
10
5.8886748818897638
20
-4.4713625590551178
11
5.8899091732283466
21
-4.4712000393700784
0
LINE
8
BLACK
6
CONTINUOUS
10
5.8899091732283466
20
-4.4712000393700784
11
5.8948465748031493
21
-4.470550039370079
0
LINE
8
BLACK
6
CONTINUOUS
10
5.8948465748031493
20
-4.470550039370079
11
5.9005977165354331
21
-4.4681678346456692
0
LINE
8
BLACK
6
CONTINUOUS
10
5.9005977165354331
20
-4.4681678346456692
11
5.9055363385826771
21
-4.4643783070866139
0
LINE
8
BLACK
6
CONTINUOUS
10
5.9055363385826771
20
-4.4643783070866139
11
5.9093258661417325
21
-4.4594396850393698
0
LINE
8
BLACK
6
CONTINUOUS
10
5.9093258661417325
20
-4.4594396850393698
11
5.9117080708661414
21
-4.4536885433070861
0
LINE
8
BLACK
6
CONTINUOUS
10
5.9117080708661414
20
-4.4536885433070861
11
5.9125205905511811
21
-4.4475168110236218
0
LINE
8
BLACK
6
CONTINUOUS
10
5.9125205905511811
20
-4.4475168110236218
11
5.9117080708661414
21
-4.4413450787401576
0
LINE
8
BLACK
6
CONTINUOUS
10
5.9117080708661414
20
-4.4413450787401576
11
5.9100055905511812
21
-4.4372349606299215
0
LINE
8
BLACK
6
CONTINUOUS
10
5.9100055905511812
20
-4.4372349606299215
11
5.9093259055118112
21
-4.4355940157480314
0
LINE
8
BLACK
6
CONTINUOUS
10
5.9093259055118112
20
-4.4355940157480314
11
5.9093259055118112
21
-4.4355939763779526
0
LINE
8
BLACK
6
CONTINUOUS
10
5.9093259055118112
20
-4.4355939763779526
11
5.9055364960629921
21
-4.4306555118110236
0
LINE
8
BLACK
6
CONTINUOUS
10
5.9055364960629921
20
-4.4306555118110236
11
5.9055364566929134
21
-4.4306554724409448
0
LINE
8
BLACK
6
CONTINUOUS
10
5.9055364566929134
20
-4.4306554724409448
11
5.9055363385826771
21
-4.4306553149606298
0
LINE
8
BLACK
6
CONTINUOUS
10
5.9055363385826771
20
-4.4306553149606298
11
5.9055361417322834
21
-4.4306551574803148
0
LINE
8
BLACK
6
CONTINUOUS
10
5.9055361417322834
20
-4.4306551574803148
11
5.9055361023622046
21
-4.430655118110236
0
LINE
8
BLACK
6
CONTINUOUS
10
5.9055361023622046
20
-4.430655118110236
11
5.9005975984251968
21
-4.4268657086614169
0
LINE
8
BLACK
6
CONTINUOUS
10
5.9005975984251968
20
-4.4268657086614169
11
5.8968468110236216
21
-4.4253120866141735
0
LINE
8
BLACK
6
CONTINUOUS
10
5.8968468110236216
20
-4.4253120866141735
11
5.8948467322834643
21
-4.4244836220472443
0
LINE
8
BLACK
6
CONTINUOUS
10
5.8948467322834643
20
-4.4244836220472443
11
5.8948464173228343
21
-4.4244835433070868
0
LINE
8
BLACK
6
CONTINUOUS
10
5.8948464173228343
20
-4.4244835433070868
11
5.8886748818897638
21
-4.4236710629921259
0
LINE
8
BLACK
6
CONTINUOUS
10
5.8886748818897638
20
-4.4236710629921259
11
5.8886748031496063
21
-4.4236710629921259
0
LINE
8
BLACK
6
CONTINUOUS
10
5.8886748031496063
20
-4.4236710629921259
11
5.8825032283464562
21
-4.4244835433070868
0
LINE
8
BLACK
6
CONTINUOUS
10
5.8825032283464562
20
-4.4244835433070868
11
5.8825029133858262
21
-4.4244836220472443
0
LINE
8
BLACK
6
CONTINUOUS
10
5.8825029133858262
20
-4.4244836220472443
11
5.8767520472440946
21
-4.4268657086614169
0
LINE
8
BLACK
6
CONTINUOUS
10
5.8767520472440946
20
-4.4268657086614169
11
5.8767520078740159
21
-4.4268657086614169
0
LINE
8
BLACK
6
CONTINUOUS
10
5.8767520078740159
20
-4.4268657086614169
11
5.8718135433070868
21
-4.430655118110236
0
LINE
8
BLACK
6
CONTINUOUS
10
5.8718135433070868
20
-4.430655118110236
11
5.8718131496062993
21
-4.4306555118110236
0
LINE
8
BLACK
6
CONTINUOUS
10
5.8718131496062993
20
-4.4306555118110236
11
5.8680237401574802
21
-4.4355939763779526
0
LINE
8
BLACK
6
CONTINUOUS
10
5.8680237401574802
20
-4.4355939763779526
11
5.8680237401574802
21
-4.4355940157480314
0
LINE
8
BLACK
6
CONTINUOUS
10
5.8680237401574802
20
-4.4355940157480314
11
5.8656416535433067
21
-4.4413448818897638
0
LINE
8
BLACK
6
CONTINUOUS
10
5.8656416535433067
20
-4.4413448818897638
11
5.8656415748031492
21
-4.4413451968503939
0
LINE
8
BLACK
6
CONTINUOUS
10
5.8656415748031492
20
-4.4413451968503939
11
5.8648290944881891
21
-4.4475167716535431
0
LINE
8
BLACK
6
CONTINUOUS
10
5.8648290944881891
20
-4.4475167716535431
11
5.8648290944881891
21
-4.4475168110236218
0
LINE
8
BLACK
6
CONTINUOUS
10
5.8648290944881891
20
-4.4475168110236218
11
5.8656415748031492
21
-4.453688385826772
0
LINE
8
BLACK
6
CONTINUOUS
10
7.3786748425196853
20
-4.421434173228346
11
7.3786748425196853
21
-4.4423002755905507
0
LINE
8
BLACK
6
CONTINUOUS
10
7.3786748425196853
20
-4.4423002755905507
11
7.3883598818897633
21
-4.4423002755905507
0
LINE
8
BLACK
6
CONTINUOUS
10
7.3883598818897633
20
-4.4423002755905507
11
7.3909292913385825
21
-4.4424687007874013
0
LINE
8
BLACK
6
CONTINUOUS
10
7.3909292913385825
20
-4.4424687007874013
11
7.3958930314960627
21
-4.4437987007874016
0
LINE
8
BLACK
6
CONTINUOUS
10
7.3958930314960627
20
-4.4437987007874016
11
7.4003433858267718
21
-4.4463681102362207
0
LINE
8
BLACK
6
CONTINUOUS
10
7.4003433858267718
20
-4.4463681102362207
11
7.403977086614173
21
-4.4500018110236219
0
LINE
8
BLACK
6
CONTINUOUS
10
7.403977086614173
20
-4.4500018110236219
11
7.4051222440944882
21
-4.4519853149606297
0
LINE
8
BLACK
6
CONTINUOUS
10
7.4051222440944882
20
-4.4519853149606297
11
7.4277022834645665
21
-4.4519853149606297
0
LINE
8
BLACK
6
CONTINUOUS
10
7.4277022834645665
20
-4.4519853149606297
11
7.4277022834645665
21
-4.4519852755905509
0
LINE
8
BLACK
6
CONTINUOUS
10
7.4277022834645665
20
-4.4519852755905509
11
7.4260055511811025
21
-4.4463919291338581
0
LINE
8
BLACK
6
CONTINUOUS
10
7.4260055511811025
20
-4.4463919291338581
11
7.4222401181102358
21
-4.4393472834645671
0
LINE
8
BLACK
6
CONTINUOUS
10
7.4222401181102358
20
-4.4393472834645671
11
7.4171727952755901
21
-4.4331727165354327
0
LINE
8
BLACK
6
CONTINUOUS
10
7.4171727952755901
20
-4.4331727165354327
11
7.4171724409448814
21
-4.4331723622047239
0
LINE
8
BLACK
6
CONTINUOUS
10
7.4171724409448814
20
-4.4331723622047239
11
7.4109978740157478
21
-4.4281050393700783
0
LINE
8
BLACK
6
CONTINUOUS
10
7.4109978740157478
20
-4.4281050393700783
11
7.4039532283464569
21
-4.4243396062992124
0
LINE
8
BLACK
6
CONTINUOUS
10
7.4039532283464569
20
-4.4243396062992124
11
7.3963092913385822
21
-4.4220208267716536
0
LINE
8
BLACK
6
CONTINUOUS
10
7.3963092913385822
20
-4.4220208267716536
11
7.3963090551181097
21
-4.4220207874015749
0
LINE
8
BLACK
6
CONTINUOUS
10
7.3963090551181097
20
-4.4220207874015749
11
7.3903520866141728
21
-4.4214341338582672
0
LINE
8
BLACK
6
CONTINUOUS
10
7.3903520866141728
20
-4.4214341338582672
11
7.3786748818897632
21
-4.4214341338582672
0
LINE
8
BLACK
6
CONTINUOUS
10
7.3786748818897632
20
-4.4214341338582672
11
7.3786748425196853
21
-4.421434173228346
0
LINE
8
BLACK
6
CONTINUOUS
10
6.6200622834645664
20
-4.4022788188976376
11
6.6200619685039372
21
-4.4022788976377951
0
LINE
8
BLACK
6
CONTINUOUS
10
6.6200619685039372
20
-4.4022788976377951
11
6.6143111023622048
21
-4.4046609842519686
0
LINE
8
BLACK
6
CONTINUOUS
10
6.6143111023622048
20
-4.4046609842519686
11
6.614311062992126
21
-4.4046609842519686
0
LINE
8
BLACK
6
CONTINUOUS
10
6.614311062992126
20
-4.4046609842519686
11
6.609372598425197
21
-4.4084503937007877
0
LINE
8
BLACK
6
CONTINUOUS
10
6.609372598425197
20
-4.4084503937007877
11
6.6093722047244094
21
-4.4084507874015744
0
LINE
8
BLACK
6
CONTINUOUS
10
6.6093722047244094
20
-4.4084507874015744
11
6.6055827952755903
21
-4.4133892519685034
0
LINE
8
BLACK
6
CONTINUOUS
10
6.6055827952755903
20
-4.4133892519685034
11
6.6055827952755903
21
-4.4133892913385822
0
LINE
8
BLACK
6
CONTINUOUS
10
6.6055827952755903
20
-4.4133892913385822
11
6.6032007086614168
21
-4.4191401574803146
0
LINE
8
BLACK
6
CONTINUOUS
10
6.6032007086614168
20
-4.4191401574803146
11
6.6032006299212593
21
-4.4191404724409447
0
LINE
8
BLACK
6
CONTINUOUS
10
6.6032006299212593
20
-4.4191404724409447
11
6.6023881496062993
21
-4.4253120472440948
0
LINE
8
BLACK
6
CONTINUOUS
10
6.6023881496062993
20
-4.4253120472440948
11
6.6023881496062993
21
-4.4253120866141735
0
LINE
8
BLACK
6
CONTINUOUS
10
6.6023881496062993
20
-4.4253120866141735
11
6.6032006299212593
21
-4.4314836614173228
0
LINE
8
BLACK
6
CONTINUOUS
10
6.6032006299212593
20
-4.4314836614173228
11
6.6032007086614168
21
-4.4314839763779528
0
LINE
8
BLACK
6
CONTINUOUS
10
6.6032007086614168
20
-4.4314839763779528
11
6.6055827952755903
21
-4.4372348425196853
0
LINE
8
BLACK
6
CONTINUOUS
10
6.6055827952755903
20
-4.4372348425196853
11
6.6055827952755903
21
-4.437234881889764
0
LINE
8
BLACK
6
CONTINUOUS
10
6.6055827952755903
20
-4.437234881889764
11
6.6093722047244094
21
-4.442173346456693
0
LINE
8
BLACK
6
CONTINUOUS
10
6.6093722047244094
20
-4.442173346456693
11
6.6093724015748032
21
-4.4421735826771656
0
LINE
8
BLACK
6
CONTINUOUS
10
6.6093724015748032
20
-4.4421735826771656
11
6.6093725590551182
21
-4.4421737007874018
0
LINE
8
BLACK
6
CONTINUOUS
10
6.6093725590551182
20
-4.4421737007874018
11
6.609372598425197
21
-4.4421737401574806
0
LINE
8
BLACK
6
CONTINUOUS
10
6.609372598425197
20
-4.4421737401574806
11
6.609698267716535
21
-4.4424236220472437
0
LINE
8
BLACK
6
CONTINUOUS
10
6.609698267716535
20
-4.4424236220472437
11
6.6143110236220473
21
-4.44596311023622
0
LINE
8
BLACK
6
CONTINUOUS
10
6.6143110236220473
20
-4.44596311023622
11
6.614311062992126
21
-4.44596311023622
0
LINE
8
BLACK
6
CONTINUOUS
10
6.614311062992126
20
-4.44596311023622
11
6.6143111023622048
21
-4.4459631496062988
0
LINE
8
BLACK
6
CONTINUOUS
10
6.6143111023622048
20
-4.4459631496062988
11
6.6193875196850396
21
-4.4480658661417323
0
LINE
8
BLACK
6
CONTINUOUS
10
6.6193875196850396
20
-4.4480658661417323
11
6.6200621653543301
21
-4.4483453149606298
0
LINE
8
BLACK
6
CONTINUOUS
10
6.6200621653543301
20
-4.4483453149606298
11
6.6246909448818894
21
-4.4489546850393697
0
LINE
8
BLACK
6
CONTINUOUS
10
6.6246909448818894
20
-4.4489546850393697
11
6.6262338582677165
21
-4.4491578346456695
0
LINE
8
BLACK
6
CONTINUOUS
10
6.6262338582677165
20
-4.4491578346456695
11
6.6262338976377952
21
-4.4491578346456695
0
LINE
8
BLACK
6
CONTINUOUS
10
6.6262338976377952
20
-4.4491578346456695
11
6.626233937007874
21
-4.4491578346456695
0
LINE
8
BLACK
6
CONTINUOUS
10
6.626233937007874
20
-4.4491578346456695
11
6.6274682283464568
21
-4.4489953149606301
0
LINE
8
BLACK
6
CONTINUOUS
10
6.6274682283464568
20
-4.4489953149606301
11
6.6324056299212595
21
-4.4483453149606298
0
LINE
8
BLACK
6
CONTINUOUS
10
6.6324056299212595
20
-4.4483453149606298
11
6.6381567716535432
21
-4.44596311023622
0
LINE
8
BLACK
6
CONTINUOUS
10
6.6381567716535432
20
-4.44596311023622
11
6.6430953937007873
21
-4.4421735826771656
0
LINE
8
BLACK
6
CONTINUOUS
10
6.6430953937007873
20
-4.4421735826771656
11
6.6468849212598426
21
-4.4372349606299215
0
LINE
8
BLACK
6
CONTINUOUS
10
6.6468849212598426
20
-4.4372349606299215
11
6.6484560236220469
21
-4.4334420078740155
0
LINE
8
BLACK
6
CONTINUOUS
10
6.6484560236220469
20
-4.4334420078740155
11
6.6492671259842515
21
-4.4314838188976378
0
LINE
8
BLACK
6
CONTINUOUS
10
6.6492671259842515
20
-4.4314838188976378
11
6.6500796456692912
21
-4.4253120866141735
0
LINE
8
BLACK
6
CONTINUOUS
10
6.6500796456692912
20
-4.4253120866141735
11
6.6492671259842515
21
-4.4191403543307084
0
LINE
8
BLACK
6
CONTINUOUS
10
6.6492671259842515
20
-4.4191403543307084
11
6.6468849606299214
21
-4.4133892913385822
0
LINE
8
BLACK
6
CONTINUOUS
10
6.6468849606299214
20
-4.4133892913385822
11
6.6468849606299214
21
-4.4133892519685034
0
LINE
8
BLACK
6
CONTINUOUS
10
6.6468849606299214
20
-4.4133892519685034
11
6.6430955511811023
21
-4.4084507874015744
0
LINE
8
BLACK
6
CONTINUOUS
10
6.6430955511811023
20
-4.4084507874015744
11
6.6430955118110235
21
-4.4084507480314956
0
LINE
8
BLACK
6
CONTINUOUS
10
6.6430955118110235
20
-4.4084507480314956
11
6.6430953937007873
21
-4.4084505905511806
0
LINE
8
BLACK
6
CONTINUOUS
10
6.6430953937007873
20
-4.4084505905511806
11
6.6430951968503935
21
-4.4084504330708665
0
LINE
8
BLACK
6
CONTINUOUS
10
6.6430951968503935
20
-4.4084504330708665
11
6.6430951574803148
21
-4.4084503937007877
0
LINE
8
BLACK
6
CONTINUOUS
10
6.6430951574803148
20
-4.4084503937007877
11
6.638156653543307
21
-4.4046609842519686
0
LINE
8
BLACK
6
CONTINUOUS
10
6.638156653543307
20
-4.4046609842519686
11
6.6324057874015745
21
-4.4022788976377951
0
LINE
8
BLACK
6
CONTINUOUS
10
6.6324057874015745
20
-4.4022788976377951
11
6.6324054724409445
21
-4.4022788188976376
0
LINE
8
BLACK
6
CONTINUOUS
10
6.6324054724409445
20
-4.4022788188976376
11
6.626233937007874
21
-4.4014663385826767
0
LINE
8
BLACK
6
CONTINUOUS
10
6.626233937007874
20
-4.4014663385826767
11
6.6262338582677165
21
-4.4014663385826767
0
LINE
8
BLACK
6
CONTINUOUS
10
6.6262338582677165
20
-4.4014663385826767
11
6.6200622834645664
21
-4.4022788188976376
0
LINE
8
BLACK
6
CONTINUOUS
10
7.1973580708661418
20
-4.441316023622047
11
7.2108577559055114
21
-4.441316023622047
0
LINE
8
BLACK
6
CONTINUOUS
10
7.2108577559055114
20
-4.441316023622047
11
7.2187317716535429
21
-4.4334420078740155
0
LINE
8
BLACK
6
CONTINUOUS
10
7.2187317716535429
20
-4.4334420078740155
11
7.1894840551181103
21
-4.4334420078740155
0
LINE
8
BLACK
6
CONTINUOUS
10
7.1894840551181103
20
-4.4334420078740155
11
7.1973580708661418
21
-4.441316023622047
0
LINE
8
BLACK
6
CONTINUOUS
10
6.7577591732283464
20
-4.3380928740157483
11
6.7577590157480314
21
-4.338092913385827
0
LINE
8
BLACK
6
CONTINUOUS
10
6.7577590157480314
20
-4.338092913385827
11
6.7510558267716529
21
-4.3404385039370075
0
LINE
8
BLACK
6
CONTINUOUS
10
6.7510558267716529
20
-4.3404385039370075
11
6.7510557874015751
21
-4.3404385039370075
0
LINE
8
BLACK
6
CONTINUOUS
10
6.7510557874015751
20
-4.3404385039370075
11
6.7450425984251963
21
-4.3442168503937006
0
LINE
8
BLACK
6
CONTINUOUS
10
6.7450425984251963
20
-4.3442168503937006
11
6.740020551181102
21
-4.3492388976377949
0
LINE
8
BLACK
6
CONTINUOUS
10
6.740020551181102
20
-4.3492388976377949
11
6.7362422047244097
21
-4.3552520866141728
0
LINE
8
BLACK
6
CONTINUOUS
10
6.7362422047244097
20
-4.3552520866141728
11
6.7362422047244097
21
-4.3552521259842516
0
LINE
8
BLACK
6
CONTINUOUS
10
6.7362422047244097
20
-4.3552521259842516
11
6.7338966141732284
21
-4.36195531496063
0
LINE
8
BLACK
6
CONTINUOUS
10
6.7338966141732284
20
-4.36195531496063
11
6.7338965748031496
21
-4.3619554724409451
0
LINE
8
BLACK
6
CONTINUOUS
10
6.7338965748031496
20
-4.3619554724409451
11
6.7331014173228345
21
-4.3690128740157483
0
LINE
8
BLACK
6
CONTINUOUS
10
6.7331014173228345
20
-4.3690128740157483
11
6.7338965748031496
21
-4.376070236220472
0
LINE
8
BLACK
6
CONTINUOUS
10
6.7338965748031496
20
-4.376070236220472
11
6.7338966141732284
21
-4.376070393700787
0
LINE
8
BLACK
6
CONTINUOUS
10
6.7338966141732284
20
-4.376070393700787
11
6.7362422047244097
21
-4.3827735826771654
0
LINE
8
BLACK
6
CONTINUOUS
10
6.7362422047244097
20
-4.3827735826771654
11
6.7362422047244097
21
-4.3827736220472442
0
LINE
8
BLACK
6
CONTINUOUS
10
6.7362422047244097
20
-4.3827736220472442
11
6.740020551181102
21
-4.3887868110236221
0
LINE
8
BLACK
6
CONTINUOUS
10
6.740020551181102
20
-4.3887868110236221
11
6.7400206692913383
21
-4.3887869685039371
0
LINE
8
BLACK
6
CONTINUOUS
10
6.7400206692913383
20
-4.3887869685039371
11
6.7450424803149609
21
-4.3938087795275589
0
LINE
8
BLACK
6
CONTINUOUS
10
6.7450424803149609
20
-4.3938087795275589
11
6.7510558661417317
21
-4.3975872440944883
0
LINE
8
BLACK
6
CONTINUOUS
10
6.7510558661417317
20
-4.3975872440944883
11
6.7537400787401571
21
-4.398526496062992
0
LINE
8
BLACK
6
CONTINUOUS
10
6.7537400787401571
20
-4.398526496062992
11
6.7577590157480314
21
-4.3999327952755909
0
LINE
8
BLACK
6
CONTINUOUS
10
6.7577590157480314
20
-4.3999327952755909
11
6.7577591732283464
21
-4.3999328346456688
0
LINE
8
BLACK
6
CONTINUOUS
10
6.7577591732283464
20
-4.3999328346456688
11
6.7577592913385827
21
-4.3999328740157475
0
LINE
8
BLACK
6
CONTINUOUS
10
6.7577592913385827
20
-4.3999328740157475
11
6.7648165748031497
21
-4.4007280314960626
0
LINE
8
BLACK
6
CONTINUOUS
10
6.7648165748031497
20
-4.4007280314960626
11
6.7718738582677167
21
-4.3999328740157475
0
LINE
8
BLACK
6
CONTINUOUS
10
6.7718738582677167
20
-4.3999328740157475
11
6.7785772834645668
21
-4.3975872440944883
0
LINE
8
BLACK
6
CONTINUOUS
10
6.7785772834645668
20
-4.3975872440944883
11
6.7845906692913385
21
-4.3938087795275589
0
LINE
8
BLACK
6
CONTINUOUS
10
6.7845906692913385
20
-4.3938087795275589
11
6.7896124803149602
21
-4.3887869685039371
0
LINE
8
BLACK
6
CONTINUOUS
10
6.7896124803149602
20
-4.3887869685039371
11
6.7933909448818897
21
-4.3827735826771654
0
LINE
8
BLACK
6
CONTINUOUS
10
6.7933909448818897
20
-4.3827735826771654
11
6.7957365748031497
21
-4.3760701574803145
0
LINE
8
BLACK
6
CONTINUOUS
10
6.7957365748031497
20
-4.3760701574803145
11
6.7965317322834649
21
-4.3690128740157483
0
LINE
8
BLACK
6
CONTINUOUS
10
6.7965317322834649
20
-4.3690128740157483
11
6.7957365748031497
21
-4.3619555905511813
0
LINE
8
BLACK
6
CONTINUOUS
10
6.7957365748031497
20
-4.3619555905511813
11
6.7933909448818897
21
-4.3552521653543304
0
LINE
8
BLACK
6
CONTINUOUS
10
6.7933909448818897
20
-4.3552521653543304
11
6.7896124803149602
21
-4.3492387795275587
0
LINE
8
BLACK
6
CONTINUOUS
10
6.7896124803149602
20
-4.3492387795275587
11
6.7845906692913385
21
-4.3442169685039369
0
LINE
8
BLACK
6
CONTINUOUS
10
6.7845906692913385
20
-4.3442169685039369
11
6.7845905511811022
21
-4.3442168897637794
0
LINE
8
BLACK
6
CONTINUOUS
10
6.7845905511811022
20
-4.3442168897637794
11
6.7845905118110235
21
-4.3442168503937006
0
LINE
8
BLACK
6
CONTINUOUS
10
6.7845905118110235
20
-4.3442168503937006
11
6.7785773228346455
21
-4.3404385039370075
0
LINE
8
BLACK
6
CONTINUOUS
10
6.7785773228346455
20
-4.3404385039370075
11
6.7718740944881892
21
-4.338092913385827
0
LINE
8
BLACK
6
CONTINUOUS
10
6.7718740944881892
20
-4.338092913385827
11
6.7718739370078742
21
-4.3380928740157483
0
LINE
8
BLACK
6
CONTINUOUS
10
6.7718739370078742
20
-4.3380928740157483
11
6.7648165748031497
21
-4.3372977165354332
0
LINE
8
BLACK
6
CONTINUOUS
10
6.7648165748031497
20
-4.3372977165354332
11
6.7577591732283464
21
-4.3380928740157483
0
LINE
8
BLACK
6
CONTINUOUS
10
6.9732118897637791
20
-4.2888929921259837
11
6.9732115748031491
21
-4.2888930708661412
0
LINE
8
BLACK
6
CONTINUOUS
10
6.9732115748031491
20
-4.2888930708661412
11
6.9674607086614175
21
-4.2912751574803147
0
LINE
8
BLACK
6
CONTINUOUS
10
6.9674607086614175
20
-4.2912751574803147
11
6.9674606692913388
21
-4.2912751574803147
0
LINE
8
BLACK
6
CONTINUOUS
10
6.9674606692913388
20
-4.2912751574803147
11
6.9625222047244089
21
-4.2950645669291339
0
LINE
8
BLACK
6
CONTINUOUS
10
6.9625222047244089
20
-4.2950645669291339
11
6.9625218110236222
21
-4.2950649606299214
0
LINE
8
BLACK
6
CONTINUOUS
10
6.9625218110236222
20
-4.2950649606299214
11
6.9587324015748031
21
-4.3000034251968504
0
LINE
8
BLACK
6
CONTINUOUS
10
6.9587324015748031
20
-4.3000034251968504
11
6.9587324015748031
21
-4.3000034645669292
0
LINE
8
BLACK
6
CONTINUOUS
10
6.9587324015748031
20
-4.3000034645669292
11
6.9563503149606296
21
-4.3057543307086616
0
LINE
8
BLACK
6
CONTINUOUS
10
6.9563503149606296
20
-4.3057543307086616
11
6.9563502362204721
21
-4.3057546456692917
0
LINE
8
BLACK
6
CONTINUOUS
10
6.9563502362204721
20
-4.3057546456692917
11
6.955537755905512
21
-4.3119262204724409
0
LINE
8
BLACK
6
CONTINUOUS
10
6.955537755905512
20
-4.3119262204724409
11
6.955537755905512
21
-4.3119262598425196
0
LINE
8
BLACK
6
CONTINUOUS
10
6.955537755905512
20
-4.3119262598425196
11
6.9563502362204721
21
-4.3180978346456689
0
LINE
8
BLACK
6
CONTINUOUS
10
6.9563502362204721
20
-4.3180978346456689
11
6.9563503149606296
21
-4.3180981496062989
0
LINE
8
BLACK
6
CONTINUOUS
10
6.9563503149606296
20
-4.3180981496062989
11
6.9587324015748031
21
-4.3238490157480314
0
LINE
8
BLACK
6
CONTINUOUS
10
6.9587324015748031
20
-4.3238490157480314
11
6.9587324015748031
21
-4.3238490551181101
0
LINE
8
BLACK
6
CONTINUOUS
10
6.9587324015748031
20
-4.3238490551181101
11
6.9625218110236222
21
-4.3287875196850392
0
LINE
8
BLACK
6
CONTINUOUS
10
6.9625218110236222
20
-4.3287875196850392
11
6.962522007874016
21
-4.3287877559055117
0
LINE
8
BLACK
6
CONTINUOUS
10
6.962522007874016
20
-4.3287877559055117
11
6.96746062992126
21
-4.3325772834645671
0
LINE
8
BLACK
6
CONTINUOUS
10
6.96746062992126
20
-4.3325772834645671
11
6.9674606692913388
21
-4.3325772834645671
0
LINE
8
BLACK
6
CONTINUOUS
10
6.9674606692913388
20
-4.3325772834645671
11
6.9674607086614175
21
-4.3325773228346458
0
LINE
8
BLACK
6
CONTINUOUS
10
6.9674607086614175
20
-4.3325773228346458
11
6.9732115748031491
21
-4.3349594094488184
0
LINE
8
BLACK
6
CONTINUOUS
10
6.9732115748031491
20
-4.3349594094488184
11
6.9732117716535429
21
-4.3349594881889759
0
LINE
8
BLACK
6
CONTINUOUS
10
6.9732117716535429
20
-4.3349594881889759
11
6.977696889763779
21
-4.3355499606299208
0
LINE
8
BLACK
6
CONTINUOUS
10
6.977696889763779
20
-4.3355499606299208
11
6.9793834645669293
21
-4.3357720078740156
0
LINE
8
BLACK
6
CONTINUOUS
10
6.9793834645669293
20
-4.3357720078740156
11
6.979383503937008
21
-4.3357720078740156
0
LINE
8
BLACK
6
CONTINUOUS
10
6.979383503937008
20
-4.3357720078740156
11
6.9793835433070868
21
-4.3357720078740156
0
LINE
8
BLACK
6
CONTINUOUS
10
6.9793835433070868
20
-4.3357720078740156
11
6.9810701181102361
21
-4.3355499606299208
0
LINE
8
BLACK
6
CONTINUOUS
10
6.9810701181102361
20
-4.3355499606299208
11
6.9855552362204723
21
-4.3349594881889759
0
LINE
8
BLACK
6
CONTINUOUS
10
6.9855552362204723
20
-4.3349594881889759
11
6.991306377952756
21
-4.3325772834645671
0
LINE
8
BLACK
6
CONTINUOUS
10
6.991306377952756
20
-4.3325772834645671
11
6.996245
21
-4.3287877559055117
0
LINE
8
BLACK
6
CONTINUOUS
10
6.996245
20
-4.3287877559055117
11
7.0000345275590545
21
-4.3238491338582676
0
LINE
8
BLACK
6
CONTINUOUS
10
7.0000345275590545
20
-4.3238491338582676
11
7.0024167322834643
21
-4.3180979921259839
0
LINE
8
BLACK
6
CONTINUOUS
10
7.0024167322834643
20
-4.3180979921259839
11
7.003229251968504
21
-4.3119262598425196
0
LINE
8
BLACK
6
CONTINUOUS
10
7.003229251968504
20
-4.3119262598425196
11
7.0024167322834643
21
-4.3057545275590554
0
LINE
8
BLACK
6
CONTINUOUS
10
7.0024167322834643
20
-4.3057545275590554
11
7.0001026377952753
21
-4.3001677952755903
0
LINE
8
BLACK
6
CONTINUOUS
10
7.0001026377952753
20
-4.3001677952755903
11
7.0000345669291333
21
-4.3000034645669292
0
LINE
8
BLACK
6
CONTINUOUS
10
7.0000345669291333
20
-4.3000034645669292
11
7.0000345669291333
21
-4.3000034251968504
0
LINE
8
BLACK
6
CONTINUOUS
10
7.0000345669291333
20
-4.3000034251968504
11
6.9962451574803151
21
-4.2950649606299214
0
LINE
8
BLACK
6
CONTINUOUS
10
6.9962451574803151
20
-4.2950649606299214
11
6.9962451181102363
21
-4.2950649212598426
0
LINE
8
BLACK
6
CONTINUOUS
10
6.9962451181102363
20
-4.2950649212598426
11
6.996245
21
-4.2950647637795276
0
LINE
8
BLACK
6
CONTINUOUS
10
6.996245
20
-4.2950647637795276
11
6.9962448031496063
21
-4.2950646062992126
0
LINE
8
BLACK
6
CONTINUOUS
10
6.9962448031496063
20
-4.2950646062992126
11
6.9962447637795275
21
-4.2950645669291339
0
LINE
8
BLACK
6
CONTINUOUS
10
6.9962447637795275
20
-4.2950645669291339
11
6.9913062598425197
21
-4.2912751574803147
0
LINE
8
BLACK
6
CONTINUOUS
10
6.9913062598425197
20
-4.2912751574803147
11
6.9855553937007873
21
-4.2888930708661412
0
LINE
8
BLACK
6
CONTINUOUS
10
6.9855553937007873
20
-4.2888930708661412
11
6.9855550787401572
21
-4.2888929921259837
0
LINE
8
BLACK
6
CONTINUOUS
10
6.9855550787401572
20
-4.2888929921259837
11
6.9793835433070868
21
-4.2880805118110237
0
LINE
8
BLACK
6
CONTINUOUS
10
6.9793835433070868
20
-4.2880805118110237
11
6.9793834645669293
21
-4.2880805118110237
0
LINE
8
BLACK
6
CONTINUOUS
10
6.9793834645669293
20
-4.2880805118110237
11
6.9732118897637791
21
-4.2888929921259837
0
LINE
8
BLACK
6
CONTINUOUS
10
6.1666415748031493
20
-4.3186883858267713
11
6.1666416535433068
21
-4.3186887007874013
0
LINE
8
BLACK
6
CONTINUOUS
10
6.1666416535433068
20
-4.3186887007874013
11
6.1690237401574803
21
-4.3244395669291338
0
LINE
8
BLACK
6
CONTINUOUS
10
6.1690237401574803
20
-4.3244395669291338
11
6.1690237401574803
21
-4.3244396062992125
0
LINE
8
BLACK
6
CONTINUOUS
10
6.1690237401574803
20
-4.3244396062992125
11
6.1723601968503932
21
-4.3287877559055117
0
LINE
8
BLACK
6
CONTINUOUS
10
6.1723601968503932
20
-4.3287877559055117
11
6.1728133464566923
21
-4.3293783070866141
0
LINE
8
BLACK
6
CONTINUOUS
10
6.1728133464566923
20
-4.3293783070866141
11
6.1777519685039373
21
-4.3331678346456695
0
LINE
8
BLACK
6
CONTINUOUS
10
6.1777519685039373
20
-4.3331678346456695
11
6.1835031102362201
21
-4.3355500393700783
0
LINE
8
BLACK
6
CONTINUOUS
10
6.1835031102362201
20
-4.3355500393700783
11
6.1881318897637794
21
-4.3361594094488192
0
LINE
8
BLACK
6
CONTINUOUS
10
6.1881318897637794
20
-4.3361594094488192
11
6.1896748031496065
21
-4.336362559055118
0
LINE
8
BLACK
6
CONTINUOUS
10
6.1896748031496065
20
-4.336362559055118
11
6.1896748425196852
21
-4.336362559055118
0
LINE
8
BLACK
6
CONTINUOUS
10
6.1896748425196852
20
-4.336362559055118
11
6.189674881889764
21
-4.336362559055118
0
LINE
8
BLACK
6
CONTINUOUS
10
6.189674881889764
20
-4.336362559055118
11
6.1909091732283459
21
-4.3362000393700786
0
LINE
8
BLACK
6
CONTINUOUS
10
6.1909091732283459
20
-4.3362000393700786
11
6.1958465748031495
21
-4.3355500393700783
0
LINE
8
BLACK
6
CONTINUOUS
10
6.1958465748031495
20
-4.3355500393700783
11
6.2015977165354332
21
-4.3331678346456695
0
LINE
8
BLACK
6
CONTINUOUS
10
6.2015977165354332
20
-4.3331678346456695
11
6.2065363385826773
21
-4.3293783070866141
0
LINE
8
BLACK
6
CONTINUOUS
10
6.2065363385826773
20
-4.3293783070866141
11
6.2103258661417318
21
-4.32443968503937
0
LINE
8
BLACK
6
CONTINUOUS
10
6.2103258661417318
20
-4.32443968503937
11
6.2127080708661415
21
-4.3186885433070863
0
LINE
8
BLACK
6
CONTINUOUS
10
6.2127080708661415
20
-4.3186885433070863
11
6.2135205905511812
21
-4.3125168110236221
0
LINE
8
BLACK
6
CONTINUOUS
10
6.2135205905511812
20
-4.3125168110236221
11
6.2134428346456687
21
-4.3119262598425196
0
LINE
8
BLACK
6
CONTINUOUS
10
6.2134428346456687
20
-4.3119262598425196
11
6.2127080708661415
21
-4.3063450787401578
0
LINE
8
BLACK
6
CONTINUOUS
10
6.2127080708661415
20
-4.3063450787401578
11
6.2114726377952758
21
-4.3033624803149602
0
LINE
8
BLACK
6
CONTINUOUS
10
6.2114726377952758
20
-4.3033624803149602
11
6.2103259055118105
21
-4.3005940157480316
0
LINE
8
BLACK
6
CONTINUOUS
10
6.2103259055118105
20
-4.3005940157480316
11
6.2103259055118105
21
-4.3005939763779528
0
LINE
8
BLACK
6
CONTINUOUS
10
6.2103259055118105
20
-4.3005939763779528
11
6.2065364960629923
21
-4.2956555118110238
0
LINE
8
BLACK
6
CONTINUOUS
10
6.2065364960629923
20
-4.2956555118110238
11
6.2065364566929135
21
-4.295655472440945
0
LINE
8
BLACK
6
CONTINUOUS
10
6.2065364566929135
20
-4.295655472440945
11
6.2065363385826773
21
-4.29565531496063
0
LINE
8
BLACK
6
CONTINUOUS
10
6.2065363385826773
20
-4.29565531496063
11
6.2065361417322835
21
-4.295655157480315
0
LINE
8
BLACK
6
CONTINUOUS
10
6.2065361417322835
20
-4.295655157480315
11
6.2065361023622048
21
-4.2956551181102363
0
LINE
8
BLACK
6
CONTINUOUS
10
6.2065361023622048
20
-4.2956551181102363
11
6.201597598425197
21
-4.2918657086614171
0
LINE
8
BLACK
6
CONTINUOUS
10
6.201597598425197
20
-4.2918657086614171
11
6.1958467322834645
21
-4.2894836220472436
0
LINE
8
BLACK
6
CONTINUOUS
10
6.1958467322834645
20
-4.2894836220472436
11
6.1958464173228345
21
-4.2894835433070861
0
LINE
8
BLACK
6
CONTINUOUS
10
6.1958464173228345
20
-4.2894835433070861
11
6.189674881889764
21
-4.2886710629921261
0
LINE
8
BLACK
6
CONTINUOUS
10
6.189674881889764
20
-4.2886710629921261
11
6.1896748031496065
21
-4.2886710629921261
0
LINE
8
BLACK
6
CONTINUOUS
10
6.1896748031496065
20
-4.2886710629921261
11
6.1835032283464564
21
-4.2894835433070861
0
LINE
8
BLACK
6
CONTINUOUS
10
6.1835032283464564
20
-4.2894835433070861
11
6.1835029133858264
21
-4.2894836220472436
0
LINE
8
BLACK
6
CONTINUOUS
10
6.1835029133858264
20
-4.2894836220472436
11
6.1777520472440948
21
-4.2918657086614171
0
LINE
8
BLACK
6
CONTINUOUS
10
6.1777520472440948
20
-4.2918657086614171
11
6.177752007874016
21
-4.2918657086614171
0
LINE
8
BLACK
6
CONTINUOUS
10
6.177752007874016
20
-4.2918657086614171
11
6.1728135433070861
21
-4.2956551181102363
0
LINE
8
BLACK
6
CONTINUOUS
10
6.1728135433070861
20
-4.2956551181102363
11
6.1728131496062995
21
-4.2956555118110238
0
LINE
8
BLACK
6
CONTINUOUS
10
6.1728131496062995
20
-4.2956555118110238
11
6.1690237401574803
21
-4.3005939763779528
0
LINE
8
BLACK
6
CONTINUOUS
10
6.1690237401574803
20
-4.3005939763779528
11
6.1690237401574803
21
-4.3005940157480316
0
LINE
8
BLACK
6
CONTINUOUS
10
6.1690237401574803
20
-4.3005940157480316
11
6.1666416535433068
21
-4.3063448818897641
0
LINE
8
BLACK
6
CONTINUOUS
10
6.1666416535433068
20
-4.3063448818897641
11
6.1666415748031493
21
-4.3063451968503932
0
LINE
8
BLACK
6
CONTINUOUS
10
6.1666415748031493
20
-4.3063451968503932
11
6.1658290944881893
21
-4.3125167716535433
0
LINE
8
BLACK
6
CONTINUOUS
10
6.1658290944881893
20
-4.3125167716535433
11
6.1658290944881893
21
-4.3125168110236221
0
LINE
8
BLACK
6
CONTINUOUS
10
6.1658290944881893
20
-4.3125168110236221
11
6.1666415748031493
21
-4.3186883858267713
0
LINE
8
BLACK
6
CONTINUOUS
10
6.7098559448818893
20
-4.2073406692913382
11
6.7099987007874011
21
-4.207935157480315
0
LINE
8
BLACK
6
CONTINUOUS
10
6.7099987007874011
20
-4.207935157480315
11
6.7101473228346453
21
-4.2088734251968507
0
LINE
8
BLACK
6
CONTINUOUS
10
6.7101473228346453
20
-4.2088734251968507
11
6.7105783070866138
21
-4.2097191732283461
0
LINE
8
BLACK
6
CONTINUOUS
10
6.7105783070866138
20
-4.2097191732283461
11
6.7108124015748034
21
-4.2102842913385823
0
LINE
8
BLACK
6
CONTINUOUS
10
6.7108124015748034
20
-4.2102842913385823
11
6.7111059448818899
21
-4.2111876771653538
0
LINE
8
BLACK
6
CONTINUOUS
10
6.7111059448818899
20
-4.2111876771653538
11
6.7111059055118112
21
-4.2111876771653538
0
LINE
8
BLACK
6
CONTINUOUS
10
6.7111059055118112
20
-4.2111876771653538
11
6.7116642519685037
21
-4.2119561811023623
0
LINE
8
BLACK
6
CONTINUOUS
10
6.7116642519685037
20
-4.2119561811023623
11
6.7119836614173227
21
-4.2124774015748034
0
LINE
8
BLACK
6
CONTINUOUS
10
6.7119836614173227
20
-4.2124774015748034
11
6.7124148818897638
21
-4.2133236614173226
0
LINE
8
BLACK
6
CONTINUOUS
10
6.7124148818897638
20
-4.2133236614173226
11
6.7124149212598425
21
-4.2133237007874014
0
LINE
8
BLACK
6
CONTINUOUS
10
6.7124149212598425
20
-4.2133237007874014
11
6.7132054724409445
21
-4.214114291338583
0
LINE
8
BLACK
6
CONTINUOUS
10
6.7132054724409445
20
-4.214114291338583
11
6.713303267716535
21
-4.2142120472440947
0
LINE
8
BLACK
6
CONTINUOUS
10
6.713303267716535
20
-4.2142120472440947
11
6.7133033070866137
21
-4.2142121259842522
0
LINE
8
BLACK
6
CONTINUOUS
10
6.7133033070866137
20
-4.2142121259842522
11
6.7135332283464564
21
-4.214442047244094
0
LINE
8
BLACK
6
CONTINUOUS
10
6.7135332283464564
20
-4.214442047244094
11
6.7146267716535428
21
-4.2165883070866137
0
LINE
8
BLACK
6
CONTINUOUS
10
6.7146267716535428
20
-4.2165883070866137
11
6.714661496062992
21
-4.217029881889764
0
LINE
8
BLACK
6
CONTINUOUS
10
6.714661496062992
20
-4.217029881889764
11
6.7154872440944882
21
-4.2233019685039368
0
LINE
8
BLACK
6
CONTINUOUS
10
6.7154872440944882
20
-4.2233019685039368
11
6.7154873228346457
21
-4.2233022834645668
0
LINE
8
BLACK
6
CONTINUOUS
10
6.7154873228346457
20
-4.2233022834645668
11
6.7178694094488192
21
-4.2290531496062993
0
LINE
8
BLACK
6
CONTINUOUS
10
6.7178694094488192
20
-4.2290531496062993
11
6.7178694094488192
21
-4.2290531889763781
0
LINE
8
BLACK
6
CONTINUOUS
10
6.7178694094488192
20
-4.2290531889763781
11
6.7178694881889767
21
-4.2290532677165356
0
LINE
8
BLACK
6
CONTINUOUS
10
6.7178694881889767
20
-4.2290532677165356
11
6.7216590157480312
21
-4.2339918897637796
0
LINE
8
BLACK
6
CONTINUOUS
10
6.7216590157480312
20
-4.2339918897637796
11
6.7265976377952752
21
-4.237781417322835
0
LINE
8
BLACK
6
CONTINUOUS
10
6.7265976377952752
20
-4.237781417322835
11
6.7323487795275589
21
-4.2401636220472438
0
LINE
8
BLACK
6
CONTINUOUS
10
6.7323487795275589
20
-4.2401636220472438
11
6.7369775590551182
21
-4.2407729921259838
0
LINE
8
BLACK
6
CONTINUOUS
10
6.7369775590551182
20
-4.2407729921259838
11
6.7385204724409444
21
-4.2409761417322835
0
LINE
8
BLACK
6
CONTINUOUS
10
6.7385204724409444
20
-4.2409761417322835
11
6.7385205118110232
21
-4.2409761417322835
0
LINE
8
BLACK
6
CONTINUOUS
10
6.7385205118110232
20
-4.2409761417322835
11
6.7385205511811019
21
-4.2409761417322835
0
LINE
8
BLACK
6
CONTINUOUS
10
6.7385205511811019
20
-4.2409761417322835
11
6.7397548425196847
21
-4.2408136220472441
0
LINE
8
BLACK
6
CONTINUOUS
10
6.7397548425196847
20
-4.2408136220472441
11
6.7446922440944883
21
-4.2401636220472438
0
LINE
8
BLACK
6
CONTINUOUS
10
6.7446922440944883
20
-4.2401636220472438
11
6.7504433858267712
21
-4.237781417322835
0
LINE
8
BLACK
6
CONTINUOUS
10
6.7504433858267712
20
-4.237781417322835
11
6.7553820078740152
21
-4.2339918897637796
0
LINE
8
BLACK
6
CONTINUOUS
10
6.7553820078740152
20
-4.2339918897637796
11
6.7591715354330706
21
-4.2290532677165356
0
LINE
8
BLACK
6
CONTINUOUS
10
6.7591715354330706
20
-4.2290532677165356
11
6.7615537401574803
21
-4.2233021259842518
0
LINE
8
BLACK
6
CONTINUOUS
10
6.7615537401574803
20
-4.2233021259842518
11
6.7621966535433069
21
-4.2184186220472437
0
LINE
8
BLACK
6
CONTINUOUS
10
6.7621966535433069
20
-4.2184186220472437
11
6.763233700787401
21
-4.2162444488188973
0
LINE
8
BLACK
6
CONTINUOUS
10
6.763233700787401
20
-4.2162444488188973
11
6.7653506692913385
21
-4.2150950393700786
0
LINE
8
BLACK
6
CONTINUOUS
10
6.7653506692913385
20
-4.2150950393700786
11
6.766569488188976
21
-4.2150631102362199
0
LINE
8
BLACK
6
CONTINUOUS
10
6.766569488188976
20
-4.2150631102362199
11
6.7683655118110231
21
-4.2152995669291338
0
LINE
8
BLACK
6
CONTINUOUS
10
6.7683655118110231
20
-4.2152995669291338
11
6.7745372440944882
21
-4.2144870472440941
0
LINE
8
BLACK
6
CONTINUOUS
10
6.7745372440944882
20
-4.2144870472440941
11
6.7802883858267711
21
-4.2121048425196852
0
LINE
8
BLACK
6
CONTINUOUS
10
6.7802883858267711
20
-4.2121048425196852
11
6.785227007874016
21
-4.2083153149606298
0
LINE
8
BLACK
6
CONTINUOUS
10
6.785227007874016
20
-4.2083153149606298
11
6.7890165354330705
21
-4.2033766929133858
0
LINE
8
BLACK
6
CONTINUOUS
10
6.7890165354330705
20
-4.2033766929133858
11
6.7913987401574802
21
-4.197625551181102
0
LINE
8
BLACK
6
CONTINUOUS
10
6.7913987401574802
20
-4.197625551181102
11
6.7922112598425199
21
-4.1914538188976378
0
LINE
8
BLACK
6
CONTINUOUS
10
6.7922112598425199
20
-4.1914538188976378
11
6.7913987401574802
21
-4.1852820866141736
0
LINE
8
BLACK
6
CONTINUOUS
10
6.7913987401574802
20
-4.1852820866141736
11
6.7890165748031492
21
-4.1795310236220473
0
LINE
8
BLACK
6
CONTINUOUS
10
6.7890165748031492
20
-4.1795310236220473
11
6.7890165748031492
21
-4.1795309842519686
0
LINE
8
BLACK
6
CONTINUOUS
10
6.7890165748031492
20
-4.1795309842519686
11
6.7852271653543301
21
-4.1745925196850395
0
LINE
8
BLACK
6
CONTINUOUS
10
6.7852271653543301
20
-4.1745925196850395
11
6.7852271259842514
21
-4.1745924803149608
0
LINE
8
BLACK
6
CONTINUOUS
10
6.7852271259842514
20
-4.1745924803149608
11
6.785227007874016
21
-4.1745923228346458
0
LINE
8
BLACK
6
CONTINUOUS
10
6.785227007874016
20
-4.1745923228346458
11
6.7852268110236222
21
-4.1745921653543308
0
LINE
8
BLACK
6
CONTINUOUS
10
6.7852268110236222
20
-4.1745921653543308
11
6.7852267716535435
21
-4.174592125984252
0
LINE
8
BLACK
6
CONTINUOUS
10
6.7852267716535435
20
-4.174592125984252
11
6.7822980708661413
21
-4.1723448818897637
0
LINE
8
BLACK
6
CONTINUOUS
10
6.7822980708661413
20
-4.1723448818897637
11
6.7802883858267711
21
-4.1708027952755904
0
LINE
8
BLACK
6
CONTINUOUS
10
6.7802883858267711
20
-4.1708027952755904
11
6.7802883464566923
21
-4.1708027559055116
0
LINE
8
BLACK
6
CONTINUOUS
10
6.7802883464566923
20
-4.1708027559055116
11
6.7802882677165357
21
-4.1708027165354329
0
LINE
8
BLACK
6
CONTINUOUS
10
6.7802882677165357
20
-4.1708027165354329
11
6.7745374015748032
21
-4.1684206299212594
0
LINE
8
BLACK
6
CONTINUOUS
10
6.7745374015748032
20
-4.1684206299212594
11
6.7745370866141732
21
-4.1684205511811019
0
LINE
8
BLACK
6
CONTINUOUS
10
6.7745370866141732
20
-4.1684205511811019
11
6.7683655511811018
21
-4.1676080708661418
0
LINE
8
BLACK
6
CONTINUOUS
10
6.7683655511811018
20
-4.1676080708661418
11
6.7683654724409443
21
-4.1676080708661418
0
LINE
8
BLACK
6
CONTINUOUS
10
6.7683654724409443
20
-4.1676080708661418
11
6.7621938976377951
21
-4.1684205511811019
0
LINE
8
BLACK
6
CONTINUOUS
10
6.7621938976377951
20
-4.1684205511811019
11
6.7621935826771651
21
-4.1684206299212594
0
LINE
8
BLACK
6
CONTINUOUS
10
6.7621935826771651
20
-4.1684206299212594
11
6.7564427165354326
21
-4.1708027165354329
0
LINE
8
BLACK
6
CONTINUOUS
10
6.7564427165354326
20
-4.1708027165354329
11
6.7564426771653538
21
-4.1708027165354329
0
LINE
8
BLACK
6
CONTINUOUS
10
6.7564426771653538
20
-4.1708027165354329
11
6.7515042125984248
21
-4.174592125984252
0
LINE
8
BLACK
6
CONTINUOUS
10
6.7515042125984248
20
-4.174592125984252
11
6.7515038188976373
21
-4.1745925196850395
0
LINE
8
BLACK
6
CONTINUOUS
10
6.7515038188976373
20
-4.1745925196850395
11
6.7480877952755902
21
-4.1790444094488191
0
LINE
8
BLACK
6
CONTINUOUS
10
6.7480877952755902
20
-4.1790444094488191
11
6.7461025590551182
21
-4.1804088188976376
0
LINE
8
BLACK
6
CONTINUOUS
10
6.7461025590551182
20
-4.1804088188976376
11
6.7436945275590547
21
-4.1803457480314963
0
LINE
8
BLACK
6
CONTINUOUS
10
6.7436945275590547
20
-4.1803457480314963
11
6.74178342519685
21
-4.1788793307086616
0
LINE
8
BLACK
6
CONTINUOUS
10
6.74178342519685
20
-4.1788793307086616
11
6.7410979527559052
21
-4.176671692913386
0
LINE
8
BLACK
6
CONTINUOUS
10
6.7410979527559052
20
-4.176671692913386
11
6.7410979527559052
21
-4.1405168110236223
0
LINE
8
BLACK
6
CONTINUOUS
10
6.7410979527559052
20
-4.1405168110236223
11
6.7410979527559052
21
-4.1386921259842522
0
LINE
8
BLACK
6
CONTINUOUS
10
6.7410979527559052
20
-4.1386921259842522
11
6.7418423228346454
21
-4.136401141732283
0
LINE
8
BLACK
6
CONTINUOUS
10
6.7418423228346454
20
-4.136401141732283
11
6.7422392913385822
21
-4.1359362992125988
0
LINE
8
BLACK
6
CONTINUOUS
10
6.7422392913385822
20
-4.1359362992125988
11
6.7934146850393695
21
-4.0847609055118106
0
LINE
8
BLACK
6
CONTINUOUS
10
6.7934146850393695
20
-4.0847609055118106
11
6.985957204724409
21
-3.8922183464566928
0
LINE
8
BLACK
6
CONTINUOUS
10
6.985957204724409
20
-3.8922183464566928
11
6.9881034645669287
21
-3.8911248425196852
0
LINE
8
BLACK
6
CONTINUOUS
10
6.9881034645669287
20
-3.8911248425196852
11
6.9904826771653541
21
-3.8915016535433069
0
LINE
8
BLACK
6
CONTINUOUS
10
6.9904826771653541
20
-3.8915016535433069
11
6.9921860236220468
21
-3.893205
0
LINE
8
BLACK
6
CONTINUOUS
10
6.9921860236220468
20
-3.893205
11
6.9925774803149601
21
-3.8944657086614174
0
LINE
8
BLACK
6
CONTINUOUS
10
6.9925774803149601
20
-3.8944657086614174
11
6.992904763779527
21
-3.8969516929133858
0
LINE
8
BLACK
6
CONTINUOUS
10
6.992904763779527
20
-3.8969516929133858
11
6.9929048425196845
21
-3.8969519685039371
0
LINE
8
BLACK
6
CONTINUOUS
10
6.9929048425196845
20
-3.8969519685039371
11
6.995286929133858
21
-3.9027028346456691
0
LINE
8
BLACK
6
CONTINUOUS
10
6.995286929133858
20
-3.9027028346456691
11
6.995286929133858
21
-3.9027028740157479
0
LINE
8
BLACK
6
CONTINUOUS
10
6.995286929133858
20
-3.9027028740157479
11
6.9990763385826771
21
-3.9076413385826769
0
LINE
8
BLACK
6
CONTINUOUS
10
6.9990763385826771
20
-3.9076413385826769
11
6.9990765354330708
21
-3.9076415748031494
0
LINE
8
BLACK
6
CONTINUOUS
10
6.9990765354330708
20
-3.9076415748031494
11
7.0040151574803149
21
-3.9114311023622048
0
LINE
8
BLACK
6
CONTINUOUS
10
7.0040151574803149
20
-3.9114311023622048
11
7.0097662992125986
21
-3.9138133070866141
0
LINE
8
BLACK
6
CONTINUOUS
10
7.0097662992125986
20
-3.9138133070866141
11
7.014395078740157
21
-3.9144226771653541
0
LINE
8
BLACK
6
CONTINUOUS
10
7.014395078740157
20
-3.9144226771653541
11
7.0159379921259841
21
-3.9146258267716534
0
LINE
8
BLACK
6
CONTINUOUS
10
7.0159379921259841
20
-3.9146258267716534
11
7.0159380314960629
21
-3.9146258267716534
0
LINE
8
BLACK
6
CONTINUOUS
10
7.0159380314960629
20
-3.9146258267716534
11
7.0159380708661416
21
-3.9146258267716534
0
LINE
8
BLACK
6
CONTINUOUS
10
7.0159380708661416
20
-3.9146258267716534
11
7.0171723622047244
21
-3.9144633070866139
0
LINE
8
BLACK
6
CONTINUOUS
10
7.0171723622047244
20
-3.9144633070866139
11
7.0221097637795271
21
-3.9138133070866141
0
LINE
8
BLACK
6
CONTINUOUS
10
7.0221097637795271
20
-3.9138133070866141
11
7.0278609055118109
21
-3.9114311023622048
0
LINE
8
BLACK
6
CONTINUOUS
10
7.0278609055118109
20
-3.9114311023622048
11
7.0327995275590549
21
-3.9076415748031494
0
LINE
8
BLACK
6
CONTINUOUS
10
7.0327995275590549
20
-3.9076415748031494
11
7.0365890551181103
21
-3.9027029527559054
0
LINE
8
BLACK
6
CONTINUOUS
10
7.0365890551181103
20
-3.9027029527559054
11
7.0389712598425191
21
-3.8969518110236221
0
LINE
8
BLACK
6
CONTINUOUS
10
7.0389712598425191
20
-3.8969518110236221
11
7.0397837795275588
21
-3.8907800787401574
0
LINE
8
BLACK
6
CONTINUOUS
10
7.0397837795275588
20
-3.8907800787401574
11
7.0397389370078738
21
-3.8904396062992124
0
LINE
8
BLACK
6
CONTINUOUS
10
7.0397389370078738
20
-3.8904396062992124
11
7.0390716929133861
21
-3.8853712598425196
0
LINE
8
BLACK
6
CONTINUOUS
10
7.0390716929133861
20
-3.8853712598425196
11
7.0389712598425191
21
-3.8846083464566927
0
LINE
8
BLACK
6
CONTINUOUS
10
7.0389712598425191
20
-3.8846083464566927
11
7.0389711811023616
21
-3.884608149606299
0
LINE
8
BLACK
6
CONTINUOUS
10
7.0389711811023616
20
-3.884608149606299
11
7.036589094488189
21
-3.8788572834645669
0
LINE
8
BLACK
6
CONTINUOUS
10
7.036589094488189
20
-3.8788572834645669
11
7.036589094488189
21
-3.8788572440944882
0
LINE
8
BLACK
6
CONTINUOUS
10
7.036589094488189
20
-3.8788572440944882
11
7.0327996850393699
21
-3.8739187795275591
0
LINE
8
BLACK
6
CONTINUOUS
10
7.0327996850393699
20
-3.8739187795275591
11
7.0327996456692912
21
-3.8739187401574804
0
LINE
8
BLACK
6
CONTINUOUS
10
7.0327996456692912
20
-3.8739187401574804
11
7.0327995275590549
21
-3.8739185826771654
0
LINE
8
BLACK
6
CONTINUOUS
10
7.0327995275590549
20
-3.8739185826771654
11
7.0327993307086611
21
-3.8739184251968504
0
LINE
8
BLACK
6
CONTINUOUS
10
7.0327993307086611
20
-3.8739184251968504
11
7.0327992913385824
21
-3.8739183858267716
0
LINE
8
BLACK
6
CONTINUOUS
10
7.0327992913385824
20
-3.8739183858267716
11
7.0278607874015746
21
-3.8701289763779525
0
LINE
8
BLACK
6
CONTINUOUS
10
7.0278607874015746
20
-3.8701289763779525
11
7.0221099212598421
21
-3.8677468897637794
0
LINE
8
BLACK
6
CONTINUOUS
10
7.0221099212598421
20
-3.8677468897637794
11
7.0221096456692909
21
-3.8677468110236219
0
LINE
8
BLACK
6
CONTINUOUS
10
7.0221096456692909
20
-3.8677468110236219
11
7.0196236614173229
21
-3.867419527559055
0
LINE
8
BLACK
6
CONTINUOUS
10
7.0196236614173229
20
-3.867419527559055
11
7.0174494488188977
21
-3.8663824409448817
0
LINE
8
BLACK
6
CONTINUOUS
10
7.0174494488188977
20
-3.8663824409448817
11
7.0163000787401577
21
-3.8642654724409446
0
LINE
8
BLACK
6
CONTINUOUS
10
7.0163000787401577
20
-3.8642654724409446
11
7.0166145275590548
21
-3.8618772047244092
0
LINE
8
BLACK
6
CONTINUOUS
10
7.0166145275590548
20
-3.8618772047244092
11
7.0173764173228346
21
-3.8607991732283464
0
LINE
8
BLACK
6
CONTINUOUS
10
7.0173764173228346
20
-3.8607991732283464
11
7.020595669291338
21
-3.8575799606299213
0
LINE
8
BLACK
6
CONTINUOUS
10
7.020595669291338
20
-3.8575799606299213
11
7.0267017716535429
21
-3.8514738582677164
0
LINE
8
BLACK
6
CONTINUOUS
10
7.0267017716535429
20
-3.8514738582677164
11
7.0267017716535429
21
-3.8514738188976376
0
LINE
8
BLACK
6
CONTINUOUS
10
7.0267017716535429
20
-3.8514738188976376
11
7.0269237007874015
21
-3.8512519291338583
0
LINE
8
BLACK
6
CONTINUOUS
10
7.0269237007874015
20
-3.8512519291338583
11
7.0269240551181102
21
-3.8512514566929132
0
LINE
8
BLACK
6
CONTINUOUS
10
7.0269240551181102
20
-3.8512514566929132
11
7.0275901968503938
21
-3.8505853937007872
0
LINE
8
BLACK
6
CONTINUOUS
10
7.0275901968503938
20
-3.8505853937007872
11
7.0280214566929136
21
-3.8497388976377951
0
LINE
8
BLACK
6
CONTINUOUS
10
7.0280214566929136
20
-3.8497388976377951
11
7.0283405905511813
21
-3.8492181102362202
0
LINE
8
BLACK
6
CONTINUOUS
10
7.0283405905511813
20
-3.8492181102362202
11
7.0288990944881888
21
-3.8484494488188976
0
LINE
8
BLACK
6
CONTINUOUS
10
7.0288990944881888
20
-3.8484494488188976
11
7.0291925590551179
21
-3.8475461811023619
0
LINE
8
BLACK
6
CONTINUOUS
10
7.0291925590551179
20
-3.8475461811023619
11
7.0294264566929137
21
-3.8469814566929132
0
LINE
8
BLACK
6
CONTINUOUS
10
7.0294264566929137
20
-3.8469814566929132
11
7.0298577559055113
21
-3.8461350787401574
0
LINE
8
BLACK
6
CONTINUOUS
10
7.0298577559055113
20
-3.8461350787401574
11
7.0300063779527555
21
-3.8451966141732283
0
LINE
8
BLACK
6
CONTINUOUS
10
7.0300063779527555
20
-3.8451966141732283
11
7.0301490944881886
21
-3.844602283464567
0
LINE
8
BLACK
6
CONTINUOUS
10
7.0301490944881886
20
-3.844602283464567
11
7.0304425590551176
21
-3.8436992125984251
0
LINE
8
BLACK
6
CONTINUOUS
10
7.0304425590551176
20
-3.8436992125984251
11
7.0304425590551176
21
-3.8387044881889762
0
LINE
8
BLACK
6
CONTINUOUS
10
7.0304425590551176
20
-3.8387044881889762
11
7.0304425590551176
21
-3.825086535433071
0
LINE
8
BLACK
6
CONTINUOUS
10
7.0304425590551176
20
-3.825086535433071
11
7.0311869291338578
21
-3.8227955511811023
0
LINE
8
BLACK
6
CONTINUOUS
10
7.0311869291338578
20
-3.8227955511811023
11
7.0314746456692916
21
-3.8224587007874016
0
LINE
8
BLACK
6
CONTINUOUS
10
7.0314746456692916
20
-3.8224587007874016
11
7.0315363385826766
21
-3.822378307086614
0
LINE
8
BLACK
6
CONTINUOUS
10
7.0315363385826766
20
-3.822378307086614
11
7.0353258661417319
21
-3.8174396850393699
0
LINE
8
BLACK
6
CONTINUOUS
10
7.0353258661417319
20
-3.8174396850393699
11
7.0377080708661417
21
-3.8116885433070866
0
LINE
8
BLACK
6
CONTINUOUS
10
7.0377080708661417
20
-3.8116885433070866
11
7.0385205905511805
21
-3.8055168110236219
0
LINE
8
BLACK
6
CONTINUOUS
10
7.0385205905511805
20
-3.8055168110236219
11
7.0377080708661417
21
-3.7993450787401573
0
LINE
8
BLACK
6
CONTINUOUS
10
7.0377080708661417
20
-3.7993450787401573
11
7.0353259055118107
21
-3.7935940157480315
0
LINE
8
BLACK
6
CONTINUOUS
10
7.0353259055118107
20
-3.7935940157480315
11
7.0353259055118107
21
-3.7935939763779527
0
LINE
8
BLACK
6
CONTINUOUS
10
7.0353259055118107
20
-3.7935939763779527
11
7.0315364960629916
21
-3.7886555118110237
0
LINE
8
BLACK
6
CONTINUOUS
10
7.0315364960629916
20
-3.7886555118110237
11
7.0315364566929128
21
-3.7886554724409449
0
LINE
8
BLACK
6
CONTINUOUS
10
7.0315364566929128
20
-3.7886554724409449
11
7.0315363385826766
21
-3.7886553149606299
0
LINE
8
BLACK
6
CONTINUOUS
10
7.0315363385826766
20
-3.7886553149606299
11
7.0315361417322837
21
-3.7886551574803149
0
LINE
8
BLACK
6
CONTINUOUS
10
7.0315361417322837
20
-3.7886551574803149
11
7.0315361023622049
21
-3.7886551181102361
0
LINE
8
BLACK
6
CONTINUOUS
10
7.0315361023622049
20
-3.7886551181102361
11
7.0265975984251963
21
-3.784865708661417
0
LINE
8
BLACK
6
CONTINUOUS
10
7.0265975984251963
20
-3.784865708661417
11
7.0208467322834647
21
-3.782483622047244
0
LINE
8
BLACK
6
CONTINUOUS
10
7.0208467322834647
20
-3.782483622047244
11
7.0208464173228347
21
-3.7824835433070865
0
LINE
8
BLACK
6
CONTINUOUS
10
7.0208464173228347
20
-3.7824835433070865
11
7.0146748818897633
21
-3.781671062992126
0
LINE
8
BLACK
6
CONTINUOUS
10
7.0146748818897633
20
-3.781671062992126
11
7.0146748031496058
21
-3.781671062992126
0
LINE
8
BLACK
6
CONTINUOUS
10
7.0146748031496058
20
-3.781671062992126
11
7.0085032283464566
21
-3.7824835433070865
0
LINE
8
BLACK
6
CONTINUOUS
10
7.0085032283464566
20
-3.7824835433070865
11
7.0085029133858265
21
-3.782483622047244
0
LINE
8
BLACK
6
CONTINUOUS
10
7.0085029133858265
20
-3.782483622047244
11
7.0027520472440941
21
-3.784865708661417
0
LINE
8
BLACK
6
CONTINUOUS
10
7.0027520472440941
20
-3.784865708661417
11
7.0027520078740153
21
-3.784865708661417
0
LINE
8
BLACK
6
CONTINUOUS
10
7.0027520078740153
20
-3.784865708661417
11
6.9978135433070863
21
-3.7886551181102361
0
LINE
8
BLACK
6
CONTINUOUS
10
6.9978135433070863
20
-3.7886551181102361
11
6.9978131496062987
21
-3.7886555118110237
0
LINE
8
BLACK
6
CONTINUOUS
10
6.9978131496062987
20
-3.7886555118110237
11
6.9940237401574805
21
-3.7935939763779527
0
LINE
8
BLACK
6
CONTINUOUS
10
6.9940237401574805
20
-3.7935939763779527
11
6.9940237401574805
21
-3.7935940157480315
0
LINE
8
BLACK
6
CONTINUOUS
10
6.9940237401574805
20
-3.7935940157480315
11
6.991641653543307
21
-3.7993448818897635
0
LINE
8
BLACK
6
CONTINUOUS
10
6.991641653543307
20
-3.7993448818897635
11
6.9916415748031495
21
-3.7993451968503935
0
LINE
8
BLACK
6
CONTINUOUS
10
6.9916415748031495
20
-3.7993451968503935
11
6.9908290944881886
21
-3.8055167716535432
0
LINE
8
BLACK
6
CONTINUOUS
10
6.9908290944881886
20
-3.8055167716535432
11
6.9908290944881886
21
-3.8055168110236219
0
LINE
8
BLACK
6
CONTINUOUS
10
6.9908290944881886
20
-3.8055168110236219
11
6.9916415748031495
21
-3.8116883858267716
0
LINE
8
BLACK
6
CONTINUOUS
10
6.9916415748031495
20
-3.8116883858267716
11
6.991641653543307
21
-3.8116887007874016
0
LINE
8
BLACK
6
CONTINUOUS
10
6.991641653543307
20
-3.8116887007874016
11
6.9940237401574805
21
-3.8174395669291337
0
LINE
8
BLACK
6
CONTINUOUS
10
6.9940237401574805
20
-3.8174395669291337
11
6.9940237401574805
21
-3.8174396062992124
0
LINE
8
BLACK
6
CONTINUOUS
10
6.9940237401574805
20
-3.8174396062992124
11
6.9979688582677166
21
-3.822581023622047
0
LINE
8
BLACK
6
CONTINUOUS
10
6.9979688582677166
20
-3.822581023622047
11
6.9979143307086611
21
-3.822622834645669
0
LINE
8
BLACK
6
CONTINUOUS
10
6.9979143307086611
20
-3.822622834645669
11
6.9988590551181105
21
-3.824476220472441
0
LINE
8
BLACK
6
CONTINUOUS
10
6.9988590551181105
20
-3.824476220472441
11
6.9989071259842515
21
-3.825086535433071
0
LINE
8
BLACK
6
CONTINUOUS
10
6.9989071259842515
20
-3.825086535433071
11
6.9989071259842515
21
-3.8330561417322833
0
LINE
8
BLACK
6
CONTINUOUS
10
6.9989071259842515
20
-3.8330561417322833
11
6.9981627559055113
21
-3.835347125984252
0
LINE
8
BLACK
6
CONTINUOUS
10
6.9981627559055113
20
-3.835347125984252
11
6.9977655511811019
21
-3.8358122047244092
0
LINE
8
BLACK
6
CONTINUOUS
10
6.9977655511811019
20
-3.8358122047244092
11
6.713303267716535
21
-4.1202744881889766
0
LINE
8
BLACK
6
CONTINUOUS
10
6.713303267716535
20
-4.1202744881889766
11
6.7124148818897638
21
-4.1211629133858265
0
LINE
8
BLACK
6
CONTINUOUS
10
6.7124148818897638
20
-4.1211629133858265
11
6.7124148031496063
21
-4.121162992125984
0
LINE
8
BLACK
6
CONTINUOUS
10
6.7124148031496063
20
-4.121162992125984
11
6.7119836614173227
21
-4.1220090944881891
0
LINE
8
BLACK
6
CONTINUOUS
10
6.7119836614173227
20
-4.1220090944881891
11
6.7116643700787399
21
-4.1225301181102365
0
LINE
8
BLACK
6
CONTINUOUS
10
6.7116643700787399
20
-4.1225301181102365
11
6.7111060629921262
21
-4.1232986614173228
0
LINE
8
BLACK
6
CONTINUOUS
10
6.7111060629921262
20
-4.1232986614173228
11
6.7111058661417324
21
-4.1232990157480316
0
LINE
8
BLACK
6
CONTINUOUS
10
6.7111058661417324
20
-4.1232990157480316
11
6.7108124803149609
21
-4.1242020472440943
0
LINE
8
BLACK
6
CONTINUOUS
10
6.7108124803149609
20
-4.1242020472440943
11
6.7105784645669289
21
-4.1247670078740155
0
LINE
8
BLACK
6
CONTINUOUS
10
6.7105784645669289
20
-4.1247670078740155
11
6.7101473622047241
21
-4.1256130314960631
0
LINE
8
BLACK
6
CONTINUOUS
10
6.7101473622047241
20
-4.1256130314960631
11
6.7101472440944878
21
-4.1256134251968506
0
LINE
8
BLACK
6
CONTINUOUS
10
6.7101472440944878
20
-4.1256134251968506
11
6.7099986220472436
21
-4.1265515354330704
0
LINE
8
BLACK
6
CONTINUOUS
10
6.7099986220472436
20
-4.1265515354330704
11
6.7098559448818893
21
-4.1271458267716534
0
LINE
8
BLACK
6
CONTINUOUS
10
6.7098559448818893
20
-4.1271458267716534
11
6.7095625590551178
21
-4.1280488976377949
0
LINE
8
BLACK
6
CONTINUOUS
10
6.7095625590551178
20
-4.1280488976377949
11
6.709562519685039
21
-4.1280491732283462
0
LINE
8
BLACK
6
CONTINUOUS
10
6.709562519685039
20
-4.1280491732283462
11
6.709562519685039
21
-4.2064376377952755
0
LINE
8
BLACK
6
CONTINUOUS
10
6.709562519685039
20
-4.2064376377952755
11
6.7098559448818893
21
-4.2073406692913382
0
LINE
8
BLACK
6
CONTINUOUS
10
6.9356415748031495
20
-4.1696883858267713
11
6.935641653543307
21
-4.1696887007874013
0
LINE
8
BLACK
6
CONTINUOUS
10
6.935641653543307
20
-4.1696887007874013
11
6.9380237401574805
21
-4.1754395669291338
0
LINE
8
BLACK
6
CONTINUOUS
10
6.9380237401574805
20
-4.1754395669291338
11
6.9380237401574805
21
-4.1754396062992125
0
LINE
8
BLACK
6
CONTINUOUS
10
6.9380237401574805
20
-4.1754396062992125
11
6.9411631889763781
21
-4.1795310236220473
0
LINE
8
BLACK
6
CONTINUOUS
10
6.9411631889763781
20
-4.1795310236220473
11
6.9418133464566925
21
-4.1803783070866141
0
LINE
8
BLACK
6
CONTINUOUS
10
6.9418133464566925
20
-4.1803783070866141
11
6.9467519685039365
21
-4.1841678346456694
0
LINE
8
BLACK
6
CONTINUOUS
10
6.9467519685039365
20
-4.1841678346456694
11
6.9467520078740153
21
-4.1841678346456694
0
LINE
8
BLACK
6
CONTINUOUS
10
6.9467520078740153
20
-4.1841678346456694
11
6.946752047244094
21
-4.1841678740157482
0
LINE
8
BLACK
6
CONTINUOUS
10
6.946752047244094
20
-4.1841678740157482
11
6.94800905511811
21
-4.1846885433070868
0
LINE
8
BLACK
6
CONTINUOUS
10
6.94800905511811
20
-4.1846885433070868
11
6.9525031102362203
21
-4.1865500393700783
0
LINE
8
BLACK
6
CONTINUOUS
10
6.9525031102362203
20
-4.1865500393700783
11
6.9571318897637795
21
-4.1871594094488191
0
LINE
8
BLACK
6
CONTINUOUS
10
6.9571318897637795
20
-4.1871594094488191
11
6.9586748031496057
21
-4.187362559055118
0
LINE
8
BLACK
6
CONTINUOUS
10
6.9586748031496057
20
-4.187362559055118
11
6.9586748425196845
21
-4.187362559055118
0
LINE
8
BLACK
6
CONTINUOUS
10
6.9586748425196845
20
-4.187362559055118
11
6.9586748818897632
21
-4.187362559055118
0
LINE
8
BLACK
6
CONTINUOUS
10
6.9586748818897632
20
-4.187362559055118
11
6.959909173228346
21
-4.1872000393700786
0
LINE
8
BLACK
6
CONTINUOUS
10
6.959909173228346
20
-4.1872000393700786
11
6.9648465748031496
21
-4.1865500393700783
0
LINE
8
BLACK
6
CONTINUOUS
10
6.9648465748031496
20
-4.1865500393700783
11
6.9705977165354325
21
-4.1841678346456694
0
LINE
8
BLACK
6
CONTINUOUS
10
6.9705977165354325
20
-4.1841678346456694
11
6.9755363385826774
21
-4.1803783070866141
0
LINE
8
BLACK
6
CONTINUOUS
10
6.9755363385826774
20
-4.1803783070866141
11
6.9793258661417319
21
-4.17543968503937
0
LINE
8
BLACK
6
CONTINUOUS
10
6.9793258661417319
20
-4.17543968503937
11
6.9817080708661416
21
-4.1696885433070863
0
LINE
8
BLACK
6
CONTINUOUS
10
6.9817080708661416
20
-4.1696885433070863
11
6.9825205905511813
21
-4.163516811023622
0
LINE
8
BLACK
6
CONTINUOUS
10
6.9825205905511813
20
-4.163516811023622
11
6.9817080708661416
21
-4.1573450787401578
0
LINE
8
BLACK
6
CONTINUOUS
10
6.9817080708661416
20
-4.1573450787401578
11
6.9806004724409449
21
-4.1546710629921257
0
LINE
8
BLACK
6
CONTINUOUS
10
6.9806004724409449
20
-4.1546710629921257
11
6.9793259055118106
21
-4.1515940157480316
0
LINE
8
BLACK
6
CONTINUOUS
10
6.9793259055118106
20
-4.1515940157480316
11
6.9793259055118106
21
-4.1515939763779528
0
LINE
8
BLACK
6
CONTINUOUS
10
6.9793259055118106
20
-4.1515939763779528
11
6.9755364960629915
21
-4.1466555118110238
0
LINE
8
BLACK
6
CONTINUOUS
10
6.9755364960629915
20
-4.1466555118110238
11
6.9755364566929137
21
-4.146655472440945
0
LINE
8
BLACK
6
CONTINUOUS
10
6.9755364566929137
20
-4.146655472440945
11
6.9755363385826774
21
-4.14665531496063
0
LINE
8
BLACK
6
CONTINUOUS
10
6.9755363385826774
20
-4.14665531496063
11
6.9755361417322836
21
-4.146655157480315
0
LINE
8
BLACK
6
CONTINUOUS
10
6.9755361417322836
20
-4.146655157480315
11
6.9755361023622049
21
-4.1466551181102362
0
LINE
8
BLACK
6
CONTINUOUS
10
6.9755361023622049
20
-4.1466551181102362
11
6.9705975984251971
21
-4.1428657086614171
0
LINE
8
BLACK
6
CONTINUOUS
10
6.9705975984251971
20
-4.1428657086614171
11
6.9648467322834646
21
-4.1404836220472436
0
LINE
8
BLACK
6
CONTINUOUS
10
6.9648467322834646
20
-4.1404836220472436
11
6.9648464173228346
21
-4.1404835433070861
0
LINE
8
BLACK
6
CONTINUOUS
10
6.9648464173228346
20
-4.1404835433070861
11
6.9586748818897632
21
-4.1396710629921261
0
LINE
8
BLACK
6
CONTINUOUS
10
6.9586748818897632
20
-4.1396710629921261
11
6.9586748031496057
21
-4.1396710629921261
0
LINE
8
BLACK
6
CONTINUOUS
10
6.9586748031496057
20
-4.1396710629921261
11
6.9525032283464565
21
-4.1404835433070861
0
LINE
8
BLACK
6
CONTINUOUS
10
6.9525032283464565
20
-4.1404835433070861
11
6.9525029133858265
21
-4.1404836220472436
0
LINE
8
BLACK
6
CONTINUOUS
10
6.9525029133858265
20
-4.1404836220472436
11
6.946752047244094
21
-4.1428657086614171
0
LINE
8
BLACK
6
CONTINUOUS
10
6.946752047244094
20
-4.1428657086614171
11
6.9467520078740153
21
-4.1428657086614171
0
LINE
8
BLACK
6
CONTINUOUS
10
6.9467520078740153
20
-4.1428657086614171
11
6.9418135433070862
21
-4.1466551181102362
0
LINE
8
BLACK
6
CONTINUOUS
10
6.9418135433070862
20
-4.1466551181102362
11
6.9418131496062987
21
-4.1466555118110238
0
LINE
8
BLACK
6
CONTINUOUS
10
6.9418131496062987
20
-4.1466555118110238
11
6.9380237401574805
21
-4.1515939763779528
0
LINE
8
BLACK
6
CONTINUOUS
10
6.9380237401574805
20
-4.1515939763779528
11
6.9380237401574805
21
-4.1515940157480316
0
LINE
8
BLACK
6
CONTINUOUS
10
6.9380237401574805
20
-4.1515940157480316
11
6.935641653543307
21
-4.157344881889764
0
LINE
8
BLACK
6
CONTINUOUS
10
6.935641653543307
20
-4.157344881889764
11
6.9356415748031495
21
-4.1573451968503932
0
LINE
8
BLACK
6
CONTINUOUS
10
6.9356415748031495
20
-4.1573451968503932
11
6.9348290944881885
21
-4.1635167716535433
0
LINE
8
BLACK
6
CONTINUOUS
10
6.9348290944881885
20
-4.1635167716535433
11
6.9348290944881885
21
-4.163516811023622
0
LINE
8
BLACK
6
CONTINUOUS
10
6.9348290944881885
20
-4.163516811023622
11
6.9356415748031495
21
-4.1696883858267713
0
LINE
8
BLACK
6
CONTINUOUS
10
6.8806415748031498
20
-4.1586883858267711
11
6.8806416535433073
21
-4.1586887007874012
0
LINE
8
BLACK
6
CONTINUOUS
10
6.8806416535433073
20
-4.1586887007874012
11
6.8830237401574799
21
-4.1644395669291336
0
LINE
8
BLACK
6
CONTINUOUS
10
6.8830237401574799
20
-4.1644395669291336
11
6.8830237401574799
21
-4.1644396062992124
0
LINE
8
BLACK
6
CONTINUOUS
10
6.8830237401574799
20
-4.1644396062992124
11
6.886813149606299
21
-4.1693780708661414
0
LINE
8
BLACK
6
CONTINUOUS
10
6.886813149606299
20
-4.1693780708661414
11
6.8868133464566927
21
-4.1693783070866139
0
LINE
8
BLACK
6
CONTINUOUS
10
6.8868133464566927
20
-4.1693783070866139
11
6.8917519685039368
21
-4.1731678346456693
0
LINE
8
BLACK
6
CONTINUOUS
10
6.8917519685039368
20
-4.1731678346456693
11
6.8975031102362205
21
-4.1755500393700791
0
LINE
8
BLACK
6
CONTINUOUS
10
6.8975031102362205
20
-4.1755500393700791
11
6.9021318897637798
21
-4.176159409448819
0
LINE
8
BLACK
6
CONTINUOUS
10
6.9021318897637798
20
-4.176159409448819
11
6.903674803149606
21
-4.1763625590551179
0
LINE
8
BLACK
6
CONTINUOUS
10
6.903674803149606
20
-4.1763625590551179
11
6.9036748425196848
21
-4.1763625590551179
0
LINE
8
BLACK
6
CONTINUOUS
10
6.9036748425196848
20
-4.1763625590551179
11
6.9036748818897635
21
-4.1763625590551179
0
LINE
8
BLACK
6
CONTINUOUS
10
6.9036748818897635
20
-4.1763625590551179
11
6.9049091732283463
21
-4.1762000393700784
0
LINE
8
BLACK
6
CONTINUOUS
10
6.9049091732283463
20
-4.1762000393700784
11
6.909846574803149
21
-4.1755500393700791
0
LINE
8
BLACK
6
CONTINUOUS
10
6.909846574803149
20
-4.1755500393700791
11
6.9155977165354328
21
-4.1731678346456693
0
LINE
8
BLACK
6
CONTINUOUS
10
6.9155977165354328
20
-4.1731678346456693
11
6.9205363385826768
21
-4.1693783070866139
0
LINE
8
BLACK
6
CONTINUOUS
10
6.9205363385826768
20
-4.1693783070866139
11
6.9243258661417322
21
-4.1644396850393699
0
LINE
8
BLACK
6
CONTINUOUS
10
6.9243258661417322
20
-4.1644396850393699
11
6.9247081496062988
21
-4.163516811023622
0
LINE
8
BLACK
6
CONTINUOUS
10
6.9247081496062988
20
-4.163516811023622
11
6.9267080708661419
21
-4.1586885433070861
0
LINE
8
BLACK
6
CONTINUOUS
10
6.9267080708661419
20
-4.1586885433070861
11
6.9275205905511807
21
-4.1525168110236219
0
LINE
8
BLACK
6
CONTINUOUS
10
6.9275205905511807
20
-4.1525168110236219
11
6.9267080708661419
21
-4.1463450787401577
0
LINE
8
BLACK
6
CONTINUOUS
10
6.9267080708661419
20
-4.1463450787401577
11
6.9252668897637797
21
-4.1428657874015746
0
LINE
8
BLACK
6
CONTINUOUS
10
6.9252668897637797
20
-4.1428657874015746
11
6.9243259055118109
21
-4.1405940157480314
0
LINE
8
BLACK
6
CONTINUOUS
10
6.9243259055118109
20
-4.1405940157480314
11
6.9243259055118109
21
-4.1405939763779527
0
LINE
8
BLACK
6
CONTINUOUS
10
6.9243259055118109
20
-4.1405939763779527
11
6.9205364960629918
21
-4.1356555118110236
0
LINE
8
BLACK
6
CONTINUOUS
10
6.9205364960629918
20
-4.1356555118110236
11
6.9205364566929131
21
-4.1356554724409449
0
LINE
8
BLACK
6
CONTINUOUS
10
6.9205364566929131
20
-4.1356554724409449
11
6.9205363385826768
21
-4.1356553149606299
0
LINE
8
BLACK
6
CONTINUOUS
10
6.9205363385826768
20
-4.1356553149606299
11
6.920536141732283
21
-4.1356551574803149
0
LINE
8
BLACK
6
CONTINUOUS
10
6.920536141732283
20
-4.1356551574803149
11
6.9205361023622043
21
-4.1356551181102361
0
LINE
8
BLACK
6
CONTINUOUS
10
6.9205361023622043
20
-4.1356551181102361
11
6.9155975984251965
21
-4.131865708661417
0
LINE
8
BLACK
6
CONTINUOUS
10
6.9155975984251965
20
-4.131865708661417
11
6.909846732283464
21
-4.1294836220472444
0
LINE
8
BLACK
6
CONTINUOUS
10
6.909846732283464
20
-4.1294836220472444
11
6.9098464173228349
21
-4.1294835433070869
0
LINE
8
BLACK
6
CONTINUOUS
10
6.9098464173228349
20
-4.1294835433070869
11
6.9036748818897635
21
-4.1286710629921259
0
LINE
8
BLACK
6
CONTINUOUS
10
6.9036748818897635
20
-4.1286710629921259
11
6.903674803149606
21
-4.1286710629921259
0
LINE
8
BLACK
6
CONTINUOUS
10
6.903674803149606
20
-4.1286710629921259
11
6.8975032283464568
21
-4.1294835433070869
0
LINE
8
BLACK
6
CONTINUOUS
10
6.8975032283464568
20
-4.1294835433070869
11
6.8975029133858268
21
-4.1294836220472444
0
LINE
8
BLACK
6
CONTINUOUS
10
6.8975029133858268
20
-4.1294836220472444
11
6.8917520472440943
21
-4.131865708661417
0
LINE
8
BLACK
6
CONTINUOUS
10
6.8917520472440943
20
-4.131865708661417
11
6.8917520078740155
21
-4.131865708661417
0
LINE
8
BLACK
6
CONTINUOUS
10
6.8917520078740155
20
-4.131865708661417
11
6.8868135433070865
21
-4.1356551181102361
0
LINE
8
BLACK
6
CONTINUOUS
10
6.8868135433070865
20
-4.1356551181102361
11
6.886813149606299
21
-4.1356555118110236
0
LINE
8
BLACK
6
CONTINUOUS
10
6.886813149606299
20
-4.1356555118110236
11
6.8830237401574799
21
-4.1405939763779527
0
LINE
8
BLACK
6
CONTINUOUS
10
6.8830237401574799
20
-4.1405939763779527
11
6.8830237401574799
21
-4.1405940157480314
0
LINE
8
BLACK
6
CONTINUOUS
10
6.8830237401574799
20
-4.1405940157480314
11
6.8806416535433073
21
-4.1463448818897639
0
LINE
8
BLACK
6
CONTINUOUS
10
6.8806416535433073
20
-4.1463448818897639
11
6.8806415748031498
21
-4.1463451968503939
0
LINE
8
BLACK
6
CONTINUOUS
10
6.8806415748031498
20
-4.1463451968503939
11
6.8798290944881888
21
-4.1525167716535432
0
LINE
8
BLACK
6
CONTINUOUS
10
6.8798290944881888
20
-4.1525167716535432
11
6.8798290944881888
21
-4.1525168110236219
0
LINE
8
BLACK
6
CONTINUOUS
10
6.8798290944881888
20
-4.1525168110236219
11
6.8806415748031498
21
-4.1586883858267711
0
LINE
8
BLACK
6
CONTINUOUS
10
6.7877548425196848
20
-4.147574173228346
11
6.7877548818897635
21
-4.147574330708661
0
LINE
8
BLACK
6
CONTINUOUS
10
6.7877548818897635
20
-4.147574330708661
11
6.7901004724409448
21
-4.1542775196850394
0
LINE
8
BLACK
6
CONTINUOUS
10
6.7901004724409448
20
-4.1542775196850394
11
6.7901004724409448
21
-4.1542775590551182
0
LINE
8
BLACK
6
CONTINUOUS
10
6.7901004724409448
20
-4.1542775590551182
11
6.793878818897638
21
-4.1602907480314961
0
LINE
8
BLACK
6
CONTINUOUS
10
6.793878818897638
20
-4.1602907480314961
11
6.7938789370078743
21
-4.1602909055118111
0
LINE
8
BLACK
6
CONTINUOUS
10
6.7938789370078743
20
-4.1602909055118111
11
6.798900748031496
21
-4.1653127165354329
0
LINE
8
BLACK
6
CONTINUOUS
10
6.798900748031496
20
-4.1653127165354329
11
6.7989008267716535
21
-4.1653127559055116
0
LINE
8
BLACK
6
CONTINUOUS
10
6.7989008267716535
20
-4.1653127559055116
11
6.7989008661417323
21
-4.1653127952755904
0
LINE
8
BLACK
6
CONTINUOUS
10
6.7989008661417323
20
-4.1653127952755904
11
6.8038469291338579
21
-4.1684206299212594
0
LINE
8
BLACK
6
CONTINUOUS
10
6.8038469291338579
20
-4.1684206299212594
11
6.8049141338582677
21
-4.1690911811023623
0
LINE
8
BLACK
6
CONTINUOUS
10
6.8049141338582677
20
-4.1690911811023623
11
6.8075983464566932
21
-4.170030433070866
0
LINE
8
BLACK
6
CONTINUOUS
10
6.8075983464566932
20
-4.170030433070866
11
6.8116172834645665
21
-4.1714367322834649
0
LINE
8
BLACK
6
CONTINUOUS
10
6.8116172834645665
20
-4.1714367322834649
11
6.8116174409448815
21
-4.1714367716535437
0
LINE
8
BLACK
6
CONTINUOUS
10
6.8116174409448815
20
-4.1714367716535437
11
6.8116175590551178
21
-4.1714368110236215
0
LINE
8
BLACK
6
CONTINUOUS
10
6.8116175590551178
20
-4.1714368110236215
11
6.8186748425196848
21
-4.1722319685039366
0
LINE
8
BLACK
6
CONTINUOUS
10
6.8186748425196848
20
-4.1722319685039366
11
6.8257321259842518
21
-4.1714368110236215
0
LINE
8
BLACK
6
CONTINUOUS
10
6.8257321259842518
20
-4.1714368110236215
11
6.8324355511811019
21
-4.1690911811023623
0
LINE
8
BLACK
6
CONTINUOUS
10
6.8324355511811019
20
-4.1690911811023623
11
6.8384489370078736
21
-4.1653127165354329
0
LINE
8
BLACK
6
CONTINUOUS
10
6.8384489370078736
20
-4.1653127165354329
11
6.8434707480314962
21
-4.1602909055118111
0
LINE
8
BLACK
6
CONTINUOUS
10
6.8434707480314962
20
-4.1602909055118111
11
6.8472492125984248
21
-4.1542775196850394
0
LINE
8
BLACK
6
CONTINUOUS
10
6.8472492125984248
20
-4.1542775196850394
11
6.8478653149606297
21
-4.1525168110236219
0
LINE
8
BLACK
6
CONTINUOUS
10
6.8478653149606297
20
-4.1525168110236219
11
6.8495948425196849
21
-4.1475740944881885
0
LINE
8
BLACK
6
CONTINUOUS
10
6.8495948425196849
20
-4.1475740944881885
11
6.85039
21
-4.1405168110236223
0
LINE
8
BLACK
6
CONTINUOUS
10
6.85039
20
-4.1405168110236223
11
6.8495948425196849
21
-4.1334595275590553
0
LINE
8
BLACK
6
CONTINUOUS
10
6.8495948425196849
20
-4.1334595275590553
11
6.8490371259842515
21
-4.131865708661417
0
LINE
8
BLACK
6
CONTINUOUS
10
6.8490371259842515
20
-4.131865708661417
11
6.8479192913385827
21
-4.1286710629921259
0
LINE
8
BLACK
6
CONTINUOUS
10
6.8479192913385827
20
-4.1286710629921259
11
6.8472492125984248
21
-4.1267561023622044
0
LINE
8
BLACK
6
CONTINUOUS
10
6.8472492125984248
20
-4.1267561023622044
11
6.8434707480314962
21
-4.1207427165354327
0
LINE
8
BLACK
6
CONTINUOUS
10
6.8434707480314962
20
-4.1207427165354327
11
6.8384489370078736
21
-4.1157209055118109
0
LINE
8
BLACK
6
CONTINUOUS
10
6.8384489370078736
20
-4.1157209055118109
11
6.8384488188976373
21
-4.1157208267716534
0
LINE
8
BLACK
6
CONTINUOUS
10
6.8384488188976373
20
-4.1157208267716534
11
6.8384487795275586
21
-4.1157207874015747
0
LINE
8
BLACK
6
CONTINUOUS
10
6.8384487795275586
20
-4.1157207874015747
11
6.8324355905511807
21
-4.1119424409448815
0
LINE
8
BLACK
6
CONTINUOUS
10
6.8324355905511807
20
-4.1119424409448815
11
6.8257323622047243
21
-4.109596850393701
0
LINE
8
BLACK
6
CONTINUOUS
10
6.8257323622047243
20
-4.109596850393701
11
6.8257322047244093
21
-4.1095968110236223
0
LINE
8
BLACK
6
CONTINUOUS
10
6.8257322047244093
20
-4.1095968110236223
11
6.8186748425196848
21
-4.1088016535433072
0
LINE
8
BLACK
6
CONTINUOUS
10
6.8186748425196848
20
-4.1088016535433072
11
6.8116174409448815
21
-4.1095968110236223
0
LINE
8
BLACK
6
CONTINUOUS
10
6.8116174409448815
20
-4.1095968110236223
11
6.8116172834645665
21
-4.109596850393701
0
LINE
8
BLACK
6
CONTINUOUS
10
6.8116172834645665
20
-4.109596850393701
11
6.804914094488189
21
-4.1119424409448815
0
LINE
8
BLACK
6
CONTINUOUS
10
6.804914094488189
20
-4.1119424409448815
11
6.8049140551181102
21
-4.1119424409448815
0
LINE
8
BLACK
6
CONTINUOUS
10
6.8049140551181102
20
-4.1119424409448815
11
6.7989008661417323
21
-4.1157207874015747
0
LINE
8
BLACK
6
CONTINUOUS
10
6.7989008661417323
20
-4.1157207874015747
11
6.793878818897638
21
-4.1207428346456689
0
LINE
8
BLACK
6
CONTINUOUS
10
6.793878818897638
20
-4.1207428346456689
11
6.7901004724409448
21
-4.1267560236220469
0
LINE
8
BLACK
6
CONTINUOUS
10
6.7901004724409448
20
-4.1267560236220469
11
6.7901004724409448
21
-4.1267560629921256
0
LINE
8
BLACK
6
CONTINUOUS
10
6.7901004724409448
20
-4.1267560629921256
11
6.7877548818897635
21
-4.1334592519685041
0
LINE
8
BLACK
6
CONTINUOUS
10
6.7877548818897635
20
-4.1334592519685041
11
6.7877548425196848
21
-4.1334594094488191
0
LINE
8
BLACK
6
CONTINUOUS
10
6.7877548425196848
20
-4.1334594094488191
11
6.7869596850393696
21
-4.1405168110236223
0
LINE
8
BLACK
6
CONTINUOUS
10
6.7869596850393696
20
-4.1405168110236223
11
6.7877548425196848
21
-4.147574173228346
0
LINE
8
BLACK
6
CONTINUOUS
10
7.0610619291338583
20
-4.0918182677165351
11
7.0610619685039371
21
-4.0918184251968501
0
LINE
8
BLACK
6
CONTINUOUS
10
7.0610619685039371
20
-4.0918184251968501
11
7.0634075590551175
21
-4.0985216141732286
0
LINE
8
BLACK
6
CONTINUOUS
10
7.0634075590551175
20
-4.0985216141732286
11
7.0634075590551175
21
-4.0985216535433073
0
LINE
8
BLACK
6
CONTINUOUS
10
7.0634075590551175
20
-4.0985216535433073
11
7.0671859055118107
21
-4.1045348425196853
0
LINE
8
BLACK
6
CONTINUOUS
10
7.0671859055118107
20
-4.1045348425196853
11
7.067186023622047
21
-4.1045350000000003
0
LINE
8
BLACK
6
CONTINUOUS
10
7.067186023622047
20
-4.1045350000000003
11
7.0722078346456687
21
-4.109556811023622
0
LINE
8
BLACK
6
CONTINUOUS
10
7.0722078346456687
20
-4.109556811023622
11
7.0722079133858262
21
-4.1095568503937008
0
LINE
8
BLACK
6
CONTINUOUS
10
7.0722079133858262
20
-4.1095568503937008
11
7.072207952755905
21
-4.1095568897637795
0
LINE
8
BLACK
6
CONTINUOUS
10
7.072207952755905
20
-4.1095568897637795
11
7.072271535433071
21
-4.109596850393701
0
LINE
8
BLACK
6
CONTINUOUS
10
7.072271535433071
20
-4.109596850393701
11
7.0782212204724404
21
-4.1133352755905515
0
LINE
8
BLACK
6
CONTINUOUS
10
7.0782212204724404
20
-4.1133352755905515
11
7.0809054330708658
21
-4.1142745275590551
0
LINE
8
BLACK
6
CONTINUOUS
10
7.0809054330708658
20
-4.1142745275590551
11
7.0849243700787401
21
-4.1156808267716531
0
LINE
8
BLACK
6
CONTINUOUS
10
7.0849243700787401
20
-4.1156808267716531
11
7.0849245275590551
21
-4.1156808661417319
0
LINE
8
BLACK
6
CONTINUOUS
10
7.0849245275590551
20
-4.1156808661417319
11
7.0849246456692914
21
-4.1156809055118106
0
LINE
8
BLACK
6
CONTINUOUS
10
7.0849246456692914
20
-4.1156809055118106
11
7.0919819291338584
21
-4.1164760629921258
0
LINE
8
BLACK
6
CONTINUOUS
10
7.0919819291338584
20
-4.1164760629921258
11
7.0990392125984254
21
-4.1156809055118106
0
LINE
8
BLACK
6
CONTINUOUS
10
7.0990392125984254
20
-4.1156809055118106
11
7.1057426377952755
21
-4.1133352755905515
0
LINE
8
BLACK
6
CONTINUOUS
10
7.1057426377952755
20
-4.1133352755905515
11
7.1117560236220472
21
-4.109556811023622
0
LINE
8
BLACK
6
CONTINUOUS
10
7.1117560236220472
20
-4.109556811023622
11
7.1167778346456689
21
-4.1045350000000003
0
LINE
8
BLACK
6
CONTINUOUS
10
7.1167778346456689
20
-4.1045350000000003
11
7.1205562992125984
21
-4.0985216141732286
0
LINE
8
BLACK
6
CONTINUOUS
10
7.1205562992125984
20
-4.0985216141732286
11
7.1229019291338584
21
-4.0918181889763776
0
LINE
8
BLACK
6
CONTINUOUS
10
7.1229019291338584
20
-4.0918181889763776
11
7.1236970866141727
21
-4.0847609055118106
0
LINE
8
BLACK
6
CONTINUOUS
10
7.1236970866141727
20
-4.0847609055118106
11
7.1229019291338584
21
-4.0777036220472436
0
LINE
8
BLACK
6
CONTINUOUS
10
7.1229019291338584
20
-4.0777036220472436
11
7.1228055905511809
21
-4.0774283464566929
0
LINE
8
BLACK
6
CONTINUOUS
10
7.1228055905511809
20
-4.0774283464566929
11
7.1219398425196845
21
-4.0749541732283463
0
LINE
8
BLACK
6
CONTINUOUS
10
7.1219398425196845
20
-4.0749541732283463
11
7.1205562992125984
21
-4.0710001968503935
0
LINE
8
BLACK
6
CONTINUOUS
10
7.1205562992125984
20
-4.0710001968503935
11
7.1199497637795277
21
-4.0700349212598423
0
LINE
8
BLACK
6
CONTINUOUS
10
7.1199497637795277
20
-4.0700349212598423
11
7.1167779133858264
21
-4.0649869291338581
0
LINE
8
BLACK
6
CONTINUOUS
10
7.1167779133858264
20
-4.0649869291338581
11
7.1167778740157477
21
-4.0649868897637793
0
LINE
8
BLACK
6
CONTINUOUS
10
7.1167778740157477
20
-4.0649868897637793
11
7.1167778346456689
21
-4.0649868110236218
0
LINE
8
BLACK
6
CONTINUOUS
10
7.1167778346456689
20
-4.0649868110236218
11
7.1117560236220472
21
-4.059965
0
LINE
8
BLACK
6
CONTINUOUS
10
7.1117560236220472
20
-4.059965
11
7.1117559055118109
21
-4.0599649212598425
0
LINE
8
BLACK
6
CONTINUOUS
10
7.1117559055118109
20
-4.0599649212598425
11
7.1117558661417322
21
-4.0599648818897638
0
LINE
8
BLACK
6
CONTINUOUS
10
7.1117558661417322
20
-4.0599648818897638
11
7.1057426771653542
21
-4.0561865354330706
0
LINE
8
BLACK
6
CONTINUOUS
10
7.1057426771653542
20
-4.0561865354330706
11
7.099039448818897
21
-4.0538409448818893
0
LINE
8
BLACK
6
CONTINUOUS
10
7.099039448818897
20
-4.0538409448818893
11
7.0990392913385829
21
-4.0538409055118105
0
LINE
8
BLACK
6
CONTINUOUS
10
7.0990392913385829
20
-4.0538409055118105
11
7.0919819291338584
21
-4.0530457480314963
0
LINE
8
BLACK
6
CONTINUOUS
10
7.0919819291338584
20
-4.0530457480314963
11
7.0849245275590551
21
-4.0538409055118105
0
LINE
8
BLACK
6
CONTINUOUS
10
7.0849245275590551
20
-4.0538409055118105
11
7.0849243700787401
21
-4.0538409448818893
0
LINE
8
BLACK
6
CONTINUOUS
10
7.0849243700787401
20
-4.0538409448818893
11
7.0782211811023616
21
-4.0561865354330706
0
LINE
8
BLACK
6
CONTINUOUS
10
7.0782211811023616
20
-4.0561865354330706
11
7.0782211417322829
21
-4.0561865354330706
0
LINE
8
BLACK
6
CONTINUOUS
10
7.0782211417322829
20
-4.0561865354330706
11
7.072207952755905
21
-4.0599648818897638
0
LINE
8
BLACK
6
CONTINUOUS
10
7.072207952755905
20
-4.0599648818897638
11
7.0671859055118107
21
-4.0649869291338581
0
LINE
8
BLACK
6
CONTINUOUS
10
7.0671859055118107
20
-4.0649869291338581
11
7.0634075590551175
21
-4.071000118110236
0
LINE
8
BLACK
6
CONTINUOUS
10
7.0634075590551175
20
-4.071000118110236
11
7.0634075590551175
21
-4.0710001574803147
0
LINE
8
BLACK
6
CONTINUOUS
10
7.0634075590551175
20
-4.0710001574803147
11
7.0610619685039371
21
-4.0777033464566932
0
LINE
8
BLACK
6
CONTINUOUS
10
7.0610619685039371
20
-4.0777033464566932
11
7.0610619291338583
21
-4.0777035039370082
0
LINE
8
BLACK
6
CONTINUOUS
10
7.0610619291338583
20
-4.0777035039370082
11
7.0602667716535432
21
-4.0847609055118106
0
LINE
8
BLACK
6
CONTINUOUS
10
7.0602667716535432
20
-4.0847609055118106
11
7.0610619291338583
21
-4.0918182677165351
0
LINE
8
BLACK
6
CONTINUOUS
10
6.7776415748031491
20
-3.908286811023622
11
6.7776416535433066
21
-3.908287125984252
0
LINE
8
BLACK
6
CONTINUOUS
10
6.7776416535433066
20
-3.908287125984252
11
6.7800237401574801
21
-3.914037992125984
0
LINE
8
BLACK
6
CONTINUOUS
10
6.7800237401574801
20
-3.914037992125984
11
6.7800237401574801
21
-3.9140380314960628
0
LINE
8
BLACK
6
CONTINUOUS
10
6.7800237401574801
20
-3.9140380314960628
11
6.7838131496062992
21
-3.9189764960629923
0
LINE
8
BLACK
6
CONTINUOUS
10
6.7838131496062992
20
-3.9189764960629923
11
6.783813346456693
21
-3.9189767322834643
0
LINE
8
BLACK
6
CONTINUOUS
10
6.783813346456693
20
-3.9189767322834643
11
6.788751968503937
21
-3.9227662598425197
0
LINE
8
BLACK
6
CONTINUOUS
10
6.788751968503937
20
-3.9227662598425197
11
6.7945031102362199
21
-3.925148464566929
0
LINE
8
BLACK
6
CONTINUOUS
10
6.7945031102362199
20
-3.925148464566929
11
6.7991318897637791
21
-3.9257578346456694
0
LINE
8
BLACK
6
CONTINUOUS
10
6.7991318897637791
20
-3.9257578346456694
11
6.8006748031496063
21
-3.9259609842519683
0
LINE
8
BLACK
6
CONTINUOUS
10
6.8006748031496063
20
-3.9259609842519683
11
6.800674842519685
21
-3.9259609842519683
0
LINE
8
BLACK
6
CONTINUOUS
10
6.800674842519685
20
-3.9259609842519683
11
6.8006748818897638
21
-3.9259609842519683
0
LINE
8
BLACK
6
CONTINUOUS
10
6.8006748818897638
20
-3.9259609842519683
11
6.8019091732283465
21
-3.9257984645669288
0
LINE
8
BLACK
6
CONTINUOUS
10
6.8019091732283465
20
-3.9257984645669288
11
6.8068465748031493
21
-3.925148464566929
0
LINE
8
BLACK
6
CONTINUOUS
10
6.8068465748031493
20
-3.925148464566929
11
6.812597716535433
21
-3.9227662598425197
0
LINE
8
BLACK
6
CONTINUOUS
10
6.812597716535433
20
-3.9227662598425197
11
6.817536338582677
21
-3.9189767322834643
0
LINE
8
BLACK
6
CONTINUOUS
10
6.817536338582677
20
-3.9189767322834643
11
6.8213258661417324
21
-3.9140381102362203
0
LINE
8
BLACK
6
CONTINUOUS
10
6.8213258661417324
20
-3.9140381102362203
11
6.8237080708661413
21
-3.908286968503937
0
LINE
8
BLACK
6
CONTINUOUS
10
6.8237080708661413
20
-3.908286968503937
11
6.824520590551181
21
-3.9021152362204723
0
LINE
8
BLACK
6
CONTINUOUS
10
6.824520590551181
20
-3.9021152362204723
11
6.8237080708661413
21
-3.8959435039370076
0
LINE
8
BLACK
6
CONTINUOUS
10
6.8237080708661413
20
-3.8959435039370076
11
6.8217121259842521
21
-3.8911248425196852
0
LINE
8
BLACK
6
CONTINUOUS
10
6.8217121259842521
20
-3.8911248425196852
11
6.8213259055118112
21
-3.8901924409448818
0
LINE
8
BLACK
6
CONTINUOUS
10
6.8213259055118112
20
-3.8901924409448818
11
6.8213259055118112
21
-3.8901924015748031
0
LINE
8
BLACK
6
CONTINUOUS
10
6.8213259055118112
20
-3.8901924015748031
11
6.8175364960629921
21
-3.885253937007874
0
LINE
8
BLACK
6
CONTINUOUS
10
6.8175364960629921
20
-3.885253937007874
11
6.8175364566929133
21
-3.8852538976377953
0
LINE
8
BLACK
6
CONTINUOUS
10
6.8175364566929133
20
-3.8852538976377953
11
6.817536338582677
21
-3.8852537401574803
0
LINE
8
BLACK
6
CONTINUOUS
10
6.817536338582677
20
-3.8852537401574803
11
6.8175361417322833
21
-3.8852535826771653
0
LINE
8
BLACK
6
CONTINUOUS
10
6.8175361417322833
20
-3.8852535826771653
11
6.8175361023622045
21
-3.8852535433070865
0
LINE
8
BLACK
6
CONTINUOUS
10
6.8175361023622045
20
-3.8852535433070865
11
6.8125975984251967
21
-3.8814641338582678
0
LINE
8
BLACK
6
CONTINUOUS
10
6.8125975984251967
20
-3.8814641338582678
11
6.8068467322834643
21
-3.8790820472440943
0
LINE
8
BLACK
6
CONTINUOUS
10
6.8068467322834643
20
-3.8790820472440943
11
6.8068464173228342
21
-3.8790819685039368
0
LINE
8
BLACK
6
CONTINUOUS
10
6.8068464173228342
20
-3.8790819685039368
11
6.8006748818897638
21
-3.8782694881889763
0
LINE
8
BLACK
6
CONTINUOUS
10
6.8006748818897638
20
-3.8782694881889763
11
6.8006748031496063
21
-3.8782694881889763
0
LINE
8
BLACK
6
CONTINUOUS
10
6.8006748031496063
20
-3.8782694881889763
11
6.7945032283464561
21
-3.8790819685039368
0
LINE
8
BLACK
6
CONTINUOUS
10
6.7945032283464561
20
-3.8790819685039368
11
6.794502913385827
21
-3.8790820472440943
0
LINE
8
BLACK
6
CONTINUOUS
10
6.794502913385827
20
-3.8790820472440943
11
6.7887520472440945
21
-3.8814641338582678
0
LINE
8
BLACK
6
CONTINUOUS
10
6.7887520472440945
20
-3.8814641338582678
11
6.7887520078740158
21
-3.8814641338582678
0
LINE
8
BLACK
6
CONTINUOUS
10
6.7887520078740158
20
-3.8814641338582678
11
6.7838135433070867
21
-3.8852535433070865
0
LINE
8
BLACK
6
CONTINUOUS
10
6.7838135433070867
20
-3.8852535433070865
11
6.7838131496062992
21
-3.885253937007874
0
LINE
8
BLACK
6
CONTINUOUS
10
6.7838131496062992
20
-3.885253937007874
11
6.7800237401574801
21
-3.8901924015748031
0
LINE
8
BLACK
6
CONTINUOUS
10
6.7800237401574801
20
-3.8901924015748031
11
6.7800237401574801
21
-3.8901924409448818
0
LINE
8
BLACK
6
CONTINUOUS
10
6.7800237401574801
20
-3.8901924409448818
11
6.7776416535433066
21
-3.8959433070866143
0
LINE
8
BLACK
6
CONTINUOUS
10
6.7776416535433066
20
-3.8959433070866143
11
6.7776415748031491
21
-3.8959436220472439
0
LINE
8
BLACK
6
CONTINUOUS
10
6.7776415748031491
20
-3.8959436220472439
11
6.776829094488189
21
-3.9021151968503935
0
LINE
8
BLACK
6
CONTINUOUS
10
6.776829094488189
20
-3.9021151968503935
11
6.776829094488189
21
-3.9021152362204723
0
LINE
8
BLACK
6
CONTINUOUS
10
6.776829094488189
20
-3.9021152362204723
11
6.7776415748031491
21
-3.908286811023622
0
LINE
8
BLACK
6
CONTINUOUS
10
7.1516415748031497
20
-3.7096883858267717
11
7.1516416535433072
21
-3.7096887007874013
0
LINE
8
BLACK
6
CONTINUOUS
10
7.1516416535433072
20
-3.7096887007874013
11
7.1540237401574798
21
-3.7154395669291338
0
LINE
8
BLACK
6
CONTINUOUS
10
7.1540237401574798
20
-3.7154395669291338
11
7.1540237401574798
21
-3.7154396062992125
0
LINE
8
BLACK
6
CONTINUOUS
10
7.1540237401574798
20
-3.7154396062992125
11
7.1573598425196847
21
-3.7197872834645667
0
LINE
8
BLACK
6
CONTINUOUS
10
7.1573598425196847
20
-3.7197872834645667
11
7.1578133464566926
21
-3.7203783070866141
0
LINE
8
BLACK
6
CONTINUOUS
10
7.1578133464566926
20
-3.7203783070866141
11
7.1578135039370077
21
-3.7203784251968504
0
LINE
8
BLACK
6
CONTINUOUS
10
7.1578135039370077
20
-3.7203784251968504
11
7.1578135433070864
21
-3.7203784645669291
0
LINE
8
BLACK
6
CONTINUOUS
10
7.1578135433070864
20
-3.7203784645669291
11
7.1582005511811024
21
-3.7206754330708662
0
LINE
8
BLACK
6
CONTINUOUS
10
7.1582005511811024
20
-3.7206754330708662
11
7.1627519685039367
21
-3.724167834645669
0
LINE
8
BLACK
6
CONTINUOUS
10
7.1627519685039367
20
-3.724167834645669
11
7.1627520078740154
21
-3.724167834645669
0
LINE
8
BLACK
6
CONTINUOUS
10
7.1627520078740154
20
-3.724167834645669
11
7.1627520472440942
21
-3.7241678740157478
0
LINE
8
BLACK
6
CONTINUOUS
10
7.1627520472440942
20
-3.7241678740157478
11
7.1658454724409451
21
-3.7254492125984253
0
LINE
8
BLACK
6
CONTINUOUS
10
7.1658454724409451
20
-3.7254492125984253
11
7.1685031102362204
21
-3.7265500393700788
0
LINE
8
BLACK
6
CONTINUOUS
10
7.1685031102362204
20
-3.7265500393700788
11
7.1731318897637797
21
-3.7271594094488187
0
LINE
8
BLACK
6
CONTINUOUS
10
7.1731318897637797
20
-3.7271594094488187
11
7.1746748031496059
21
-3.727362559055118
0
LINE
8
BLACK
6
CONTINUOUS
10
7.1746748031496059
20
-3.727362559055118
11
7.1746748425196847
21
-3.727362559055118
0
LINE
8
BLACK
6
CONTINUOUS
10
7.1746748425196847
20
-3.727362559055118
11
7.1746748818897634
21
-3.727362559055118
0
LINE
8
BLACK
6
CONTINUOUS
10
7.1746748818897634
20
-3.727362559055118
11
7.1759091732283462
21
-3.7272000393700786
0
LINE
8
BLACK
6
CONTINUOUS
10
7.1759091732283462
20
-3.7272000393700786
11
7.1808465748031498
21
-3.7265500393700788
0
LINE
8
BLACK
6
CONTINUOUS
10
7.1808465748031498
20
-3.7265500393700788
11
7.1865977165354327
21
-3.724167834645669
0
LINE
8
BLACK
6
CONTINUOUS
10
7.1865977165354327
20
-3.724167834645669
11
7.1915363385826767
21
-3.7203783070866141
0
LINE
8
BLACK
6
CONTINUOUS
10
7.1915363385826767
20
-3.7203783070866141
11
7.1953258661417321
21
-3.7154396850393701
0
LINE
8
BLACK
6
CONTINUOUS
10
7.1953258661417321
20
-3.7154396850393701
11
7.1977080708661418
21
-3.7096885433070867
0
LINE
8
BLACK
6
CONTINUOUS
10
7.1977080708661418
20
-3.7096885433070867
11
7.1985205905511807
21
-3.7035168110236221
0
LINE
8
BLACK
6
CONTINUOUS
10
7.1985205905511807
20
-3.7035168110236221
11
7.1984527165354333
21
-3.7030013779527557
0
LINE
8
BLACK
6
CONTINUOUS
10
7.1984527165354333
20
-3.7030013779527557
11
7.1982528346456691
21
-3.7014828740157482
0
LINE
8
BLACK
6
CONTINUOUS
10
7.1982528346456691
20
-3.7014828740157482
11
7.1977080708661418
21
-3.6973450787401574
0
LINE
8
BLACK
6
CONTINUOUS
10
7.1977080708661418
20
-3.6973450787401574
11
7.196141732283464
21
-3.6935636220472441
0
LINE
8
BLACK
6
CONTINUOUS
10
7.196141732283464
20
-3.6935636220472441
11
7.1953259055118108
21
-3.6915940157480316
0
LINE
8
BLACK
6
CONTINUOUS
10
7.1953259055118108
20
-3.6915940157480316
11
7.1953259055118108
21
-3.6915939763779528
0
LINE
8
BLACK
6
CONTINUOUS
10
7.1953259055118108
20
-3.6915939763779528
11
7.1915364960629917
21
-3.6866555118110234
0
LINE
8
BLACK
6
CONTINUOUS
10
7.1915364960629917
20
-3.6866555118110234
11
7.191536456692913
21
-3.6866554724409446
0
LINE
8
BLACK
6
CONTINUOUS
10
7.191536456692913
20
-3.6866554724409446
11
7.1915363385826767
21
-3.68665531496063
0
LINE
8
BLACK
6
CONTINUOUS
10
7.1915363385826767
20
-3.68665531496063
11
7.1915361417322829
21
-3.686655157480315
0
LINE
8
BLACK
6
CONTINUOUS
10
7.1915361417322829
20
-3.686655157480315
11
7.1915361023622042
21
-3.6866551181102363
0
LINE
8
BLACK
6
CONTINUOUS
10
7.1915361023622042
20
-3.6866551181102363
11
7.1870151574803147
21
-3.6831861023622046
0
LINE
8
BLACK
6
CONTINUOUS
10
7.1870151574803147
20
-3.6831861023622046
11
7.1865977165354327
21
-3.6828657874015747
0
LINE
8
BLACK
6
CONTINUOUS
10
7.1865977165354327
20
-3.6828657874015747
11
7.1865976771653539
21
-3.6828657480314959
0
LINE
8
BLACK
6
CONTINUOUS
10
7.1865976771653539
20
-3.6828657480314959
11
7.1865975984251964
21
-3.6828657086614172
0
LINE
8
BLACK
6
CONTINUOUS
10
7.1865975984251964
20
-3.6828657086614172
11
7.1808467322834648
21
-3.6804836220472441
0
LINE
8
BLACK
6
CONTINUOUS
10
7.1808467322834648
20
-3.6804836220472441
11
7.1808464173228348
21
-3.6804835433070866
0
LINE
8
BLACK
6
CONTINUOUS
10
7.1808464173228348
20
-3.6804835433070866
11
7.1746748818897634
21
-3.6796710629921261
0
LINE
8
BLACK
6
CONTINUOUS
10
7.1746748818897634
20
-3.6796710629921261
11
7.1746748031496059
21
-3.6796710629921261
0
LINE
8
BLACK
6
CONTINUOUS
10
7.1746748031496059
20
-3.6796710629921261
11
7.1685032283464567
21
-3.6804835433070866
0
LINE
8
BLACK
6
CONTINUOUS
10
7.1685032283464567
20
-3.6804835433070866
11
7.1685029133858267
21
-3.6804836220472441
0
LINE
8
BLACK
6
CONTINUOUS
10
7.1685029133858267
20
-3.6804836220472441
11
7.1627520472440942
21
-3.6828657086614172
0
LINE
8
BLACK
6
CONTINUOUS
10
7.1627520472440942
20
-3.6828657086614172
11
7.1627520078740154
21
-3.6828657086614172
0
LINE
8
BLACK
6
CONTINUOUS
10
7.1627520078740154
20
-3.6828657086614172
11
7.1578135433070864
21
-3.6866551181102363
0
LINE
8
BLACK
6
CONTINUOUS
10
7.1578135433070864
20
-3.6866551181102363
11
7.1578131496062989
21
-3.6866555118110234
0
LINE
8
BLACK
6
CONTINUOUS
10
7.1578131496062989
20
-3.6866555118110234
11
7.1540237401574798
21
-3.6915939763779528
0
LINE
8
BLACK
6
CONTINUOUS
10
7.1540237401574798
20
-3.6915939763779528
11
7.1540237401574798
21
-3.6915940157480316
0
LINE
8
BLACK
6
CONTINUOUS
10
7.1540237401574798
20
-3.6915940157480316
11
7.1516416535433072
21
-3.6973448818897636
0
LINE
8
BLACK
6
CONTINUOUS
10
7.1516416535433072
20
-3.6973448818897636
11
7.1516415748031497
21
-3.6973451968503936
0
LINE
8
BLACK
6
CONTINUOUS
10
7.1516415748031497
20
-3.6973451968503936
11
7.1508290944881887
21
-3.7035167716535433
0
LINE
8
BLACK
6
CONTINUOUS
10
7.1508290944881887
20
-3.7035167716535433
11
7.1508290944881887
21
-3.7035168110236221
0
LINE
8
BLACK
6
CONTINUOUS
10
7.1508290944881887
20
-3.7035168110236221
11
7.1516415748031497
21
-3.7096883858267717
0
LINE
8
BLACK
6
CONTINUOUS
10
6.5234556692913381
20
-3.5760702362204722
11
6.5234557086614169
21
-3.5760703937007872
0
LINE
8
BLACK
6
CONTINUOUS
10
6.5234557086614169
20
-3.5760703937007872
11
6.5258012992125982
21
-3.5827735826771652
0
LINE
8
BLACK
6
CONTINUOUS
10
6.5258012992125982
20
-3.5827735826771652
11
6.5258012992125982
21
-3.5827736220472439
0
LINE
8
BLACK
6
CONTINUOUS
10
6.5258012992125982
20
-3.5827736220472439
11
6.5288242913385828
21
-3.5875846456692915
0
LINE
8
BLACK
6
CONTINUOUS
10
6.5288242913385828
20
-3.5875846456692915
11
6.5295797637795276
21
-3.5887869685039369
0
LINE
8
BLACK
6
CONTINUOUS
10
6.5295797637795276
20
-3.5887869685039369
11
6.5346015748031494
21
-3.5938087795275591
0
LINE
8
BLACK
6
CONTINUOUS
10
6.5346015748031494
20
-3.5938087795275591
11
6.5406149606299211
21
-3.597587244094488
0
LINE
8
BLACK
6
CONTINUOUS
10
6.5406149606299211
20
-3.597587244094488
11
6.5425785433070862
21
-3.5982743307086613
0
LINE
8
BLACK
6
CONTINUOUS
10
6.5425785433070862
20
-3.5982743307086613
11
6.5473181102362199
21
-3.5999327952755906
0
LINE
8
BLACK
6
CONTINUOUS
10
6.5473181102362199
20
-3.5999327952755906
11
6.5473182677165349
21
-3.5999328346456694
0
LINE
8
BLACK
6
CONTINUOUS
10
6.5473182677165349
20
-3.5999328346456694
11
6.5473183858267712
21
-3.5999328740157481
0
LINE
8
BLACK
6
CONTINUOUS
10
6.5473183858267712
20
-3.5999328740157481
11
6.5543756692913382
21
-3.6007280314960628
0
LINE
8
BLACK
6
CONTINUOUS
10
6.5543756692913382
20
-3.6007280314960628
11
6.5614329527559052
21
-3.5999328740157481
0
LINE
8
BLACK
6
CONTINUOUS
10
6.5614329527559052
20
-3.5999328740157481
11
6.5681363779527562
21
-3.597587244094488
0
LINE
8
BLACK
6
CONTINUOUS
10
6.5681363779527562
20
-3.597587244094488
11
6.574149763779527
21
-3.5938087795275591
0
LINE
8
BLACK
6
CONTINUOUS
10
6.574149763779527
20
-3.5938087795275591
11
6.5791715748031496
21
-3.5887869685039369
0
LINE
8
BLACK
6
CONTINUOUS
10
6.5791715748031496
20
-3.5887869685039369
11
6.5829500393700782
21
-3.5827735826771652
0
LINE
8
BLACK
6
CONTINUOUS
10
6.5829500393700782
20
-3.5827735826771652
11
6.5852956692913382
21
-3.5760701574803151
0
LINE
8
BLACK
6
CONTINUOUS
10
6.5852956692913382
20
-3.5760701574803151
11
6.5860908267716534
21
-3.5690128740157481
0
LINE
8
BLACK
6
CONTINUOUS
10
6.5860908267716534
20
-3.5690128740157481
11
6.5852956692913382
21
-3.5619555905511811
0
LINE
8
BLACK
6
CONTINUOUS
10
6.5852956692913382
20
-3.5619555905511811
11
6.5829500393700782
21
-3.5552521653543305
0
LINE
8
BLACK
6
CONTINUOUS
10
6.5829500393700782
20
-3.5552521653543305
11
6.5805401574803151
21
-3.5514168897637792
0
LINE
8
BLACK
6
CONTINUOUS
10
6.5805401574803151
20
-3.5514168897637792
11
6.5791716535433071
21
-3.5492388976377951
0
LINE
8
BLACK
6
CONTINUOUS
10
6.5791716535433071
20
-3.5492388976377951
11
6.5791716141732284
21
-3.5492388582677163
0
LINE
8
BLACK
6
CONTINUOUS
10
6.5791716141732284
20
-3.5492388582677163
11
6.5791715748031496
21
-3.5492387795275588
0
LINE
8
BLACK
6
CONTINUOUS
10
6.5791715748031496
20
-3.5492387795275588
11
6.574149763779527
21
-3.5442169685039371
0
LINE
8
BLACK
6
CONTINUOUS
10
6.574149763779527
20
-3.5442169685039371
11
6.5741496456692916
21
-3.5442168897637796
0
LINE
8
BLACK
6
CONTINUOUS
10
6.5741496456692916
20
-3.5442168897637796
11
6.5741496062992129
21
-3.5442168503937008
0
LINE
8
BLACK
6
CONTINUOUS
10
6.5741496062992129
20
-3.5442168503937008
11
6.5681364173228349
21
-3.5404385039370077
0
LINE
8
BLACK
6
CONTINUOUS
10
6.5681364173228349
20
-3.5404385039370077
11
6.5614331889763777
21
-3.5380929133858268
0
LINE
8
BLACK
6
CONTINUOUS
10
6.5614331889763777
20
-3.5380929133858268
11
6.5614330314960627
21
-3.538092874015748
0
LINE
8
BLACK
6
CONTINUOUS
10
6.5614330314960627
20
-3.538092874015748
11
6.5543756692913382
21
-3.5372977165354329
0
LINE
8
BLACK
6
CONTINUOUS
10
6.5543756692913382
20
-3.5372977165354329
11
6.5473182677165349
21
-3.538092874015748
0
LINE
8
BLACK
6
CONTINUOUS
10
6.5473182677165349
20
-3.538092874015748
11
6.5473181102362199
21
-3.5380929133858268
0
LINE
8
BLACK
6
CONTINUOUS
10
6.5473181102362199
20
-3.5380929133858268
11
6.5406149212598423
21
-3.5404385039370077
0
LINE
8
BLACK
6
CONTINUOUS
10
6.5406149212598423
20
-3.5404385039370077
11
6.5406148818897636
21
-3.5404385039370077
0
LINE
8
BLACK
6
CONTINUOUS
10
6.5406148818897636
20
-3.5404385039370077
11
6.5346016929133857
21
-3.5442168503937008
0
LINE
8
BLACK
6
CONTINUOUS
10
6.5346016929133857
20
-3.5442168503937008
11
6.5295796456692914
21
-3.5492388976377951
0
LINE
8
BLACK
6
CONTINUOUS
10
6.5295796456692914
20
-3.5492388976377951
11
6.5258012992125982
21
-3.555252086614173
0
LINE
8
BLACK
6
CONTINUOUS
10
6.5258012992125982
20
-3.555252086614173
11
6.5258012992125982
21
-3.5552521259842518
0
LINE
8
BLACK
6
CONTINUOUS
10
6.5258012992125982
20
-3.5552521259842518
11
6.5234557086614169
21
-3.5619553149606298
0
LINE
8
BLACK
6
CONTINUOUS
10
6.5234557086614169
20
-3.5619553149606298
11
6.5234556692913381
21
-3.5619554724409448
0
LINE
8
BLACK
6
CONTINUOUS
10
6.5234556692913381
20
-3.5619554724409448
11
6.5226605118110239
21
-3.5690128740157481
0
LINE
8
BLACK
6
CONTINUOUS
10
6.5226605118110239
20
-3.5690128740157481
11
6.5234556692913381
21
-3.5760702362204722
0
LINE
8
BLACK
6
CONTINUOUS
10
6.0047033464566928
20
-3.4636805118110234
11
6.0047034251968503
21
-3.4636808267716535
0
LINE
8
BLACK
6
CONTINUOUS
10
6.0047034251968503
20
-3.4636808267716535
11
6.0070855118110238
21
-3.4694316929133859
0
LINE
8
BLACK
6
CONTINUOUS
10
6.0070855118110238
20
-3.4694316929133859
11
6.0070855118110238
21
-3.4694317322834647
0
LINE
8
BLACK
6
CONTINUOUS
10
6.0070855118110238
20
-3.4694317322834647
11
6.0108452362204723
21
-3.4743314960629919
0
LINE
8
BLACK
6
CONTINUOUS
10
6.0108452362204723
20
-3.4743314960629919
11
6.0108751181102358
21
-3.4743704330708662
0
LINE
8
BLACK
6
CONTINUOUS
10
6.0108751181102358
20
-3.4743704330708662
11
6.0158137401574798
21
-3.4781599606299212
0
LINE
8
BLACK
6
CONTINUOUS
10
6.0158137401574798
20
-3.4781599606299212
11
6.0158137795275586
21
-3.4781599606299212
0
LINE
8
BLACK
6
CONTINUOUS
10
6.0158137795275586
20
-3.4781599606299212
11
6.0158138188976373
21
-3.4781599999999999
0
LINE
8
BLACK
6
CONTINUOUS
10
6.0158138188976373
20
-3.4781599999999999
11
6.0205212598425195
21
-3.4801098818897636
0
LINE
8
BLACK
6
CONTINUOUS
10
6.0205212598425195
20
-3.4801098818897636
11
6.0215648818897636
21
-3.4805421653543305
0
LINE
8
BLACK
6
CONTINUOUS
10
6.0215648818897636
20
-3.4805421653543305
11
6.0277366141732278
21
-3.4813546850393702
0
LINE
8
BLACK
6
CONTINUOUS
10
6.0277366141732278
20
-3.4813546850393702
11
6.0296070472440944
21
-3.4811084251968505
0
LINE
8
BLACK
6
CONTINUOUS
10
6.0296070472440944
20
-3.4811084251968505
11
6.0319755511811026
21
-3.4815474015748031
0
LINE
8
BLACK
6
CONTINUOUS
10
6.0319755511811026
20
-3.4815474015748031
11
6.0336337401574802
21
-3.4832947244094488
0
LINE
8
BLACK
6
CONTINUOUS
10
6.0336337401574802
20
-3.4832947244094488
11
6.0339801181102359
21
-3.4854812992125983
0
LINE
8
BLACK
6
CONTINUOUS
10
6.0339801181102359
20
-3.4854812992125983
11
6.033925787401575
21
-3.4858940944881889
0
LINE
8
BLACK
6
CONTINUOUS
10
6.033925787401575
20
-3.4858940944881889
11
6.0347382677165351
21
-3.4920656692913385
0
LINE
8
BLACK
6
CONTINUOUS
10
6.0347382677165351
20
-3.4920656692913385
11
6.0347383464566926
21
-3.4920659842519686
0
LINE
8
BLACK
6
CONTINUOUS
10
6.0347383464566926
20
-3.4920659842519686
11
6.0371204330708661
21
-3.4978168503937006
0
LINE
8
BLACK
6
CONTINUOUS
10
6.0371204330708661
20
-3.4978168503937006
11
6.0371204330708661
21
-3.4978168897637794
0
LINE
8
BLACK
6
CONTINUOUS
10
6.0371204330708661
20
-3.4978168897637794
11
6.0395521653543307
21
-3.5009859842519684
0
LINE
8
BLACK
6
CONTINUOUS
10
6.0395521653543307
20
-3.5009859842519684
11
6.040910039370079
21
-3.5027555905511809
0
LINE
8
BLACK
6
CONTINUOUS
10
6.040910039370079
20
-3.5027555905511809
11
6.040910196850394
21
-3.5027557086614172
0
LINE
8
BLACK
6
CONTINUOUS
10
6.040910196850394
20
-3.5027557086614172
11
6.0409102362204727
21
-3.5027557480314959
0
LINE
8
BLACK
6
CONTINUOUS
10
6.0409102362204727
20
-3.5027557480314959
11
6.0420661023622042
21
-3.5036426377952754
0
LINE
8
BLACK
6
CONTINUOUS
10
6.0420661023622042
20
-3.5036426377952754
11
6.045848661417323
21
-3.5065451181102363
0
LINE
8
BLACK
6
CONTINUOUS
10
6.045848661417323
20
-3.5065451181102363
11
6.0458487007874018
21
-3.5065451181102363
0
LINE
8
BLACK
6
CONTINUOUS
10
6.0458487007874018
20
-3.5065451181102363
11
6.0458487401574805
21
-3.506545157480315
0
LINE
8
BLACK
6
CONTINUOUS
10
6.0458487401574805
20
-3.506545157480315
11
6.0515202362204725
21
-3.5088943700787403
0
LINE
8
BLACK
6
CONTINUOUS
10
6.0515202362204725
20
-3.5088943700787403
11
6.0515998031496059
21
-3.5089273228346456
0
LINE
8
BLACK
6
CONTINUOUS
10
6.0515998031496059
20
-3.5089273228346456
11
6.0562285826771651
21
-3.5095366929133855
0
LINE
8
BLACK
6
CONTINUOUS
10
6.0562285826771651
20
-3.5095366929133855
11
6.0577714960629923
21
-3.5097398425196848
0
LINE
8
BLACK
6
CONTINUOUS
10
6.0577714960629923
20
-3.5097398425196848
11
6.057771535433071
21
-3.5097398425196848
0
LINE
8
BLACK
6
CONTINUOUS
10
6.057771535433071
20
-3.5097398425196848
11
6.0577715748031498
21
-3.5097398425196848
0
LINE
8
BLACK
6
CONTINUOUS
10
6.0577715748031498
20
-3.5097398425196848
11
6.0590058661417325
21
-3.5095773228346454
0
LINE
8
BLACK
6
CONTINUOUS
10
6.0590058661417325
20
-3.5095773228346454
11
6.0639432677165352
21
-3.5089273228346456
0
LINE
8
BLACK
6
CONTINUOUS
10
6.0639432677165352
20
-3.5089273228346456
11
6.069694409448819
21
-3.5065451181102363
0
LINE
8
BLACK
6
CONTINUOUS
10
6.069694409448819
20
-3.5065451181102363
11
6.074633031496063
21
-3.5027555905511809
0
LINE
8
BLACK
6
CONTINUOUS
10
6.074633031496063
20
-3.5027555905511809
11
6.0784225590551184
21
-3.4978169685039369
0
LINE
8
BLACK
6
CONTINUOUS
10
6.0784225590551184
20
-3.4978169685039369
11
6.0808047637795273
21
-3.4920658267716536
0
LINE
8
BLACK
6
CONTINUOUS
10
6.0808047637795273
20
-3.4920658267716536
11
6.081617283464567
21
-3.4858940944881889
0
LINE
8
BLACK
6
CONTINUOUS
10
6.081617283464567
20
-3.4858940944881889
11
6.0808047637795273
21
-3.4797223622047242
0
LINE
8
BLACK
6
CONTINUOUS
10
6.0808047637795273
20
-3.4797223622047242
11
6.0803199606299208
21
-3.4785519291338582
0
LINE
8
BLACK
6
CONTINUOUS
10
6.0803199606299208
20
-3.4785519291338582
11
6.0784225984251963
21
-3.4739712992125984
0
LINE
8
BLACK
6
CONTINUOUS
10
6.0784225984251963
20
-3.4739712992125984
11
6.0784225984251963
21
-3.4739712598425196
0
LINE
8
BLACK
6
CONTINUOUS
10
6.0784225984251963
20
-3.4739712598425196
11
6.0746331889763781
21
-3.4690327952755906
0
LINE
8
BLACK
6
CONTINUOUS
10
6.0746331889763781
20
-3.4690327952755906
11
6.0746331496062993
21
-3.4690327559055119
0
LINE
8
BLACK
6
CONTINUOUS
10
6.0746331496062993
20
-3.4690327559055119
11
6.074633031496063
21
-3.4690325984251968
0
LINE
8
BLACK
6
CONTINUOUS
10
6.074633031496063
20
-3.4690325984251968
11
6.0746328346456693
21
-3.4690324409448818
0
LINE
8
BLACK
6
CONTINUOUS
10
6.0746328346456693
20
-3.4690324409448818
11
6.0746327952755905
21
-3.4690324015748031
0
LINE
8
BLACK
6
CONTINUOUS
10
6.0746327952755905
20
-3.4690324015748031
11
6.0696942913385827
21
-3.465242992125984
0
LINE
8
BLACK
6
CONTINUOUS
10
6.0696942913385827
20
-3.465242992125984
11
6.0639434251968503
21
-3.4628609055118109
0
LINE
8
BLACK
6
CONTINUOUS
10
6.0639434251968503
20
-3.4628609055118109
11
6.0639431102362202
21
-3.4628608267716534
0
LINE
8
BLACK
6
CONTINUOUS
10
6.0639431102362202
20
-3.4628608267716534
11
6.0577715748031498
21
-3.4620483464566929
0
LINE
8
BLACK
6
CONTINUOUS
10
6.0577715748031498
20
-3.4620483464566929
11
6.0577714566929135
21
-3.4620483464566929
0
LINE
8
BLACK
6
CONTINUOUS
10
6.0577714566929135
20
-3.4620483464566929
11
6.055901023622047
21
-3.4622945669291338
0
LINE
8
BLACK
6
CONTINUOUS
10
6.055901023622047
20
-3.4622945669291338
11
6.0535324803149608
21
-3.4618555511811024
0
LINE
8
BLACK
6
CONTINUOUS
10
6.0535324803149608
20
-3.4618555511811024
11
6.0518743307086611
21
-3.4601081889763781
0
LINE
8
BLACK
6
CONTINUOUS
10
6.0518743307086611
20
-3.4601081889763781
11
6.0515280314960629
21
-3.4579214960629923
0
LINE
8
BLACK
6
CONTINUOUS
10
6.0515280314960629
20
-3.4579214960629923
11
6.0515823622047247
21
-3.4575089370078738
0
LINE
8
BLACK
6
CONTINUOUS
10
6.0515823622047247
20
-3.4575089370078738
11
6.050769842519685
21
-3.4513372047244095
0
LINE
8
BLACK
6
CONTINUOUS
10
6.050769842519685
20
-3.4513372047244095
11
6.0490428346456691
21
-3.4471678346456693
0
LINE
8
BLACK
6
CONTINUOUS
10
6.0490428346456691
20
-3.4471678346456693
11
6.048387677165354
21
-3.4455861417322833
0
LINE
8
BLACK
6
CONTINUOUS
10
6.048387677165354
20
-3.4455861417322833
11
6.048387677165354
21
-3.4455861023622045
0
LINE
8
BLACK
6
CONTINUOUS
10
6.048387677165354
20
-3.4455861023622045
11
6.0445982677165349
21
-3.4406476377952755
0
LINE
8
BLACK
6
CONTINUOUS
10
6.0445982677165349
20
-3.4406476377952755
11
6.044598228346457
21
-3.4406475984251967
0
LINE
8
BLACK
6
CONTINUOUS
10
6.044598228346457
20
-3.4406475984251967
11
6.0445981102362207
21
-3.4406474409448817
0
LINE
8
BLACK
6
CONTINUOUS
10
6.0445981102362207
20
-3.4406474409448817
11
6.044597913385827
21
-3.4406472834645667
0
LINE
8
BLACK
6
CONTINUOUS
10
6.044597913385827
20
-3.4406472834645667
11
6.0445978740157482
21
-3.440647244094488
0
LINE
8
BLACK
6
CONTINUOUS
10
6.0445978740157482
20
-3.440647244094488
11
6.0407422047244097
21
-3.4376887007874015
0
LINE
8
BLACK
6
CONTINUOUS
10
6.0407422047244097
20
-3.4376887007874015
11
6.0396594881889758
21
-3.4368579133858268
0
LINE
8
BLACK
6
CONTINUOUS
10
6.0396594881889758
20
-3.4368579133858268
11
6.0396594488188979
21
-3.436857874015748
0
LINE
8
BLACK
6
CONTINUOUS
10
6.0396594488188979
20
-3.436857874015748
11
6.0396593700787404
21
-3.4368578346456693
0
LINE
8
BLACK
6
CONTINUOUS
10
6.0396593700787404
20
-3.4368578346456693
11
6.0339085039370079
21
-3.4344757480314958
0
LINE
8
BLACK
6
CONTINUOUS
10
6.0339085039370079
20
-3.4344757480314958
11
6.0339081889763779
21
-3.4344756692913383
0
LINE
8
BLACK
6
CONTINUOUS
10
6.0339081889763779
20
-3.4344756692913383
11
6.0277366535433066
21
-3.4336631889763778
0
LINE
8
BLACK
6
CONTINUOUS
10
6.0277366535433066
20
-3.4336631889763778
11
6.0277365748031491
21
-3.4336631889763778
0
LINE
8
BLACK
6
CONTINUOUS
10
6.0277365748031491
20
-3.4336631889763778
11
6.0215649999999998
21
-3.4344756692913383
0
LINE
8
BLACK
6
CONTINUOUS
10
6.0215649999999998
20
-3.4344756692913383
11
6.0215646850393698
21
-3.4344757480314958
0
LINE
8
BLACK
6
CONTINUOUS
10
6.0215646850393698
20
-3.4344757480314958
11
6.0158138188976373
21
-3.4368578346456693
0
LINE
8
BLACK
6
CONTINUOUS
10
6.0158138188976373
20
-3.4368578346456693
11
6.0158137795275586
21
-3.4368578346456693
0
LINE
8
BLACK
6
CONTINUOUS
10
6.0158137795275586
20
-3.4368578346456693
11
6.0108753149606295
21
-3.440647244094488
0
LINE
8
BLACK
6
CONTINUOUS
10
6.0108753149606295
20
-3.440647244094488
11
6.010874921259842
21
-3.4406476377952755
0
LINE
8
BLACK
6
CONTINUOUS
10
6.010874921259842
20
-3.4406476377952755
11
6.0070855118110238
21
-3.4455861023622045
0
LINE
8
BLACK
6
CONTINUOUS
10
6.0070855118110238
20
-3.4455861023622045
11
6.0070855118110238
21
-3.4455861417322833
0
LINE
8
BLACK
6
CONTINUOUS
10
6.0070855118110238
20
-3.4455861417322833
11
6.0047034251968503
21
-3.4513370078740158
0
LINE
8
BLACK
6
CONTINUOUS
10
6.0047034251968503
20
-3.4513370078740158
11
6.0047033464566928
21
-3.4513373228346458
0
LINE
8
BLACK
6
CONTINUOUS
10
6.0047033464566928
20
-3.4513373228346458
11
6.0038908661417318
21
-3.457508897637795
0
LINE
8
BLACK
6
CONTINUOUS
10
6.0038908661417318
20
-3.457508897637795
11
6.0038908661417318
21
-3.4575089370078738
0
LINE
8
BLACK
6
CONTINUOUS
10
6.0038908661417318
20
-3.4575089370078738
11
6.0047033464566928
21
-3.4636805118110234
0
LINE
8
BLACK
6
CONTINUOUS
10
5.8096415748031491
20
-3.4376883858267715
11
5.8096416535433066
21
-3.4376887007874015
0
LINE
8
BLACK
6
CONTINUOUS
10
5.8096416535433066
20
-3.4376887007874015
11
5.8120237401574801
21
-3.443439566929134
0
LINE
8
BLACK
6
CONTINUOUS
10
5.8120237401574801
20
-3.443439566929134
11
5.8120237401574801
21
-3.4434396062992123
0
LINE
8
BLACK
6
CONTINUOUS
10
5.8120237401574801
20
-3.4434396062992123
11
5.8158131496062992
21
-3.4483780708661418
0
LINE
8
BLACK
6
CONTINUOUS
10
5.8158131496062992
20
-3.4483780708661418
11
5.815813346456693
21
-3.4483783070866143
0
LINE
8
BLACK
6
CONTINUOUS
10
5.815813346456693
20
-3.4483783070866143
11
5.8207519685039371
21
-3.4521678346456692
0
LINE
8
BLACK
6
CONTINUOUS
10
5.8207519685039371
20
-3.4521678346456692
11
5.8265031102362199
21
-3.4545500393700785
0
LINE
8
BLACK
6
CONTINUOUS
10
5.8265031102362199
20
-3.4545500393700785
11
5.8307663385826771
21
-3.4551112992125983
0
LINE
8
BLACK
6
CONTINUOUS
10
5.8307663385826771
20
-3.4551112992125983
11
5.8326748031496063
21
-3.4553625590551182
0
LINE
8
BLACK
6
CONTINUOUS
10
5.8326748031496063
20
-3.4553625590551182
11
5.832674842519685
21
-3.4553625590551182
0
LINE
8
BLACK
6
CONTINUOUS
10
5.832674842519685
20
-3.4553625590551182
11
5.8326748818897638
21
-3.4553625590551182
0
LINE
8
BLACK
6
CONTINUOUS
10
5.8326748818897638
20
-3.4553625590551182
11
5.834583346456693
21
-3.4551112992125983
0
LINE
8
BLACK
6
CONTINUOUS
10
5.834583346456693
20
-3.4551112992125983
11
5.8388465748031493
21
-3.4545500393700785
0
LINE
8
BLACK
6
CONTINUOUS
10
5.8388465748031493
20
-3.4545500393700785
11
5.844597716535433
21
-3.4521678346456692
0
LINE
8
BLACK
6
CONTINUOUS
10
5.844597716535433
20
-3.4521678346456692
11
5.8495363385826771
21
-3.4483783070866143
0
LINE
8
BLACK
6
CONTINUOUS
10
5.8495363385826771
20
-3.4483783070866143
11
5.8533258661417324
21
-3.4434396850393698
0
LINE
8
BLACK
6
CONTINUOUS
10
5.8533258661417324
20
-3.4434396850393698
11
5.8557080708661413
21
-3.4376885433070865
0
LINE
8
BLACK
6
CONTINUOUS
10
5.8557080708661413
20
-3.4376885433070865
11
5.856520590551181
21
-3.4315168110236218
0
LINE
8
BLACK
6
CONTINUOUS
10
5.856520590551181
20
-3.4315168110236218
11
5.8557080708661413
21
-3.4253450787401576
0
LINE
8
BLACK
6
CONTINUOUS
10
5.8557080708661413
20
-3.4253450787401576
11
5.8536370472440939
21
-3.4203451574803148
0
LINE
8
BLACK
6
CONTINUOUS
10
5.8536370472440939
20
-3.4203451574803148
11
5.8533259055118112
21
-3.4195940157480313
0
LINE
8
BLACK
6
CONTINUOUS
10
5.8533259055118112
20
-3.4195940157480313
11
5.8533259055118112
21
-3.4195939763779526
0
LINE
8
BLACK
6
CONTINUOUS
10
5.8533259055118112
20
-3.4195939763779526
11
5.8495364960629921
21
-3.4146555118110236
0
LINE
8
BLACK
6
CONTINUOUS
10
5.8495364960629921
20
-3.4146555118110236
11
5.8495364566929133
21
-3.4146554724409448
0
LINE
8
BLACK
6
CONTINUOUS
10
5.8495364566929133
20
-3.4146554724409448
11
5.8495363385826771
21
-3.4146553149606298
0
LINE
8
BLACK
6
CONTINUOUS
10
5.8495363385826771
20
-3.4146553149606298
11
5.8495361417322833
21
-3.4146551574803148
0
LINE
8
BLACK
6
CONTINUOUS
10
5.8495361417322833
20
-3.4146551574803148
11
5.8495361023622046
21
-3.414655118110236
0
LINE
8
BLACK
6
CONTINUOUS
10
5.8495361023622046
20
-3.414655118110236
11
5.8452451181102365
21
-3.4113625590551182
0
LINE
8
BLACK
6
CONTINUOUS
10
5.8452451181102365
20
-3.4113625590551182
11
5.844597716535433
21
-3.4108657874015749
0
LINE
8
BLACK
6
CONTINUOUS
10
5.844597716535433
20
-3.4108657874015749
11
5.8445976771653543
21
-3.4108657480314961
0
LINE
8
BLACK
6
CONTINUOUS
10
5.8445976771653543
20
-3.4108657480314961
11
5.8445975984251968
21
-3.4108657086614174
0
LINE
8
BLACK
6
CONTINUOUS
10
5.8445975984251968
20
-3.4108657086614174
11
5.8388467322834643
21
-3.4084836220472439
0
LINE
8
BLACK
6
CONTINUOUS
10
5.8388467322834643
20
-3.4084836220472439
11
5.8388464173228343
21
-3.4084835433070864
0
LINE
8
BLACK
6
CONTINUOUS
10
5.8388464173228343
20
-3.4084835433070864
11
5.8326748818897638
21
-3.4076710629921259
0
LINE
8
BLACK
6
CONTINUOUS
10
5.8326748818897638
20
-3.4076710629921259
11
5.8326748031496063
21
-3.4076710629921259
0
LINE
8
BLACK
6
CONTINUOUS
10
5.8326748031496063
20
-3.4076710629921259
11
5.8265032283464562
21
-3.4084835433070864
0
LINE
8
BLACK
6
CONTINUOUS
10
5.8265032283464562
20
-3.4084835433070864
11
5.826502913385827
21
-3.4084836220472439
0
LINE
8
BLACK
6
CONTINUOUS
10
5.826502913385827
20
-3.4084836220472439
11
5.8207520472440946
21
-3.4108657086614174
0
LINE
8
BLACK
6
CONTINUOUS
10
5.8207520472440946
20
-3.4108657086614174
11
5.8207520078740158
21
-3.4108657086614174
0
LINE
8
BLACK
6
CONTINUOUS
10
5.8207520078740158
20
-3.4108657086614174
11
5.8158135433070868
21
-3.414655118110236
0
LINE
8
BLACK
6
CONTINUOUS
10
5.8158135433070868
20
-3.414655118110236
11
5.8158131496062992
21
-3.4146555118110236
0
LINE
8
BLACK
6
CONTINUOUS
10
5.8158131496062992
20
-3.4146555118110236
11
5.8120237401574801
21
-3.4195939763779526
0
LINE
8
BLACK
6
CONTINUOUS
10
5.8120237401574801
20
-3.4195939763779526
11
5.8120237401574801
21
-3.4195940157480313
0
LINE
8
BLACK
6
CONTINUOUS
10
5.8120237401574801
20
-3.4195940157480313
11
5.8096416535433066
21
-3.4253448818897638
0
LINE
8
BLACK
6
CONTINUOUS
10
5.8096416535433066
20
-3.4253448818897638
11
5.8096415748031491
21
-3.4253451968503934
0
LINE
8
BLACK
6
CONTINUOUS
10
5.8096415748031491
20
-3.4253451968503934
11
5.8088290944881891
21
-3.4315167716535431
0
LINE
8
BLACK
6
CONTINUOUS
10
5.8088290944881891
20
-3.4315167716535431
11
5.8088290944881891
21
-3.4315168110236218
0
LINE
8
BLACK
6
CONTINUOUS
10
5.8088290944881891
20
-3.4315168110236218
11
5.8096415748031491
21
-3.4376883858267715
0
LINE
8
BLACK
6
CONTINUOUS
10
7.0376415748031498
20
-3.4336883858267715
11
7.0376416535433073
21
-3.4336887007874015
0
LINE
8
BLACK
6
CONTINUOUS
10
7.0376416535433073
20
-3.4336887007874015
11
7.0400237401574799
21
-3.439439566929134
0
LINE
8
BLACK
6
CONTINUOUS
10
7.0400237401574799
20
-3.439439566929134
11
7.0400237401574799
21
-3.4394396062992123
0
LINE
8
BLACK
6
CONTINUOUS
10
7.0400237401574799
20
-3.4394396062992123
11
7.043813149606299
21
-3.4443780708661418
0
LINE
8
BLACK
6
CONTINUOUS
10
7.043813149606299
20
-3.4443780708661418
11
7.0438133464566928
21
-3.4443783070866143
0
LINE
8
BLACK
6
CONTINUOUS
10
7.0438133464566928
20
-3.4443783070866143
11
7.0487519685039368
21
-3.4481678346456692
0
LINE
8
BLACK
6
CONTINUOUS
10
7.0487519685039368
20
-3.4481678346456692
11
7.0487520078740156
21
-3.4481678346456692
0
LINE
8
BLACK
6
CONTINUOUS
10
7.0487520078740156
20
-3.4481678346456692
11
7.0487520472440943
21
-3.448167874015748
0
LINE
8
BLACK
6
CONTINUOUS
10
7.0487520472440943
20
-3.448167874015748
11
7.0540503937007877
21
-3.4503625196850392
0
LINE
8
BLACK
6
CONTINUOUS
10
7.0540503937007877
20
-3.4503625196850392
11
7.0545031102362206
21
-3.4505500393700785
0
LINE
8
BLACK
6
CONTINUOUS
10
7.0545031102362206
20
-3.4505500393700785
11
7.0591318897637798
21
-3.4511594094488189
0
LINE
8
BLACK
6
CONTINUOUS
10
7.0591318897637798
20
-3.4511594094488189
11
7.060674803149606
21
-3.4513625590551182
0
LINE
8
BLACK
6
CONTINUOUS
10
7.060674803149606
20
-3.4513625590551182
11
7.0606748425196848
21
-3.4513625590551182
0
LINE
8
BLACK
6
CONTINUOUS
10
7.0606748425196848
20
-3.4513625590551182
11
7.0606748818897636
21
-3.4513625590551182
0
LINE
8
BLACK
6
CONTINUOUS
10
7.0606748818897636
20
-3.4513625590551182
11
7.0619091732283463
21
-3.4512000393700788
0
LINE
8
BLACK
6
CONTINUOUS
10
7.0619091732283463
20
-3.4512000393700788
11
7.066846574803149
21
-3.4505500393700785
0
LINE
8
BLACK
6
CONTINUOUS
10
7.066846574803149
20
-3.4505500393700785
11
7.0725977165354328
21
-3.4481678346456692
0
LINE
8
BLACK
6
CONTINUOUS
10
7.0725977165354328
20
-3.4481678346456692
11
7.0775363385826768
21
-3.4443783070866143
0
LINE
8
BLACK
6
CONTINUOUS
10
7.0775363385826768
20
-3.4443783070866143
11
7.0813258661417322
21
-3.4394396850393698
0
LINE
8
BLACK
6
CONTINUOUS
10
7.0813258661417322
20
-3.4394396850393698
11
7.083708070866142
21
-3.4336885433070865
0
LINE
8
BLACK
6
CONTINUOUS
10
7.083708070866142
20
-3.4336885433070865
11
7.0845205905511808
21
-3.4275168110236218
0
LINE
8
BLACK
6
CONTINUOUS
10
7.0845205905511808
20
-3.4275168110236218
11
7.083708070866142
21
-3.4213450787401576
0
LINE
8
BLACK
6
CONTINUOUS
10
7.083708070866142
20
-3.4213450787401576
11
7.0832938582677167
21
-3.4203450393700785
0
LINE
8
BLACK
6
CONTINUOUS
10
7.0832938582677167
20
-3.4203450393700785
11
7.081325905511811
21
-3.4155940157480313
0
LINE
8
BLACK
6
CONTINUOUS
10
7.081325905511811
20
-3.4155940157480313
11
7.081325905511811
21
-3.4155939763779526
0
LINE
8
BLACK
6
CONTINUOUS
10
7.081325905511811
20
-3.4155939763779526
11
7.0775364960629918
21
-3.4106555118110236
0
LINE
8
BLACK
6
CONTINUOUS
10
7.0775364960629918
20
-3.4106555118110236
11
7.0775364566929131
21
-3.4106554724409448
0
LINE
8
BLACK
6
CONTINUOUS
10
7.0775364566929131
20
-3.4106554724409448
11
7.0775363385826768
21
-3.4106553149606298
0
LINE
8
BLACK
6
CONTINUOUS
10
7.0775363385826768
20
-3.4106553149606298
11
7.0775361417322831
21
-3.4106551574803148
0
LINE
8
BLACK
6
CONTINUOUS
10
7.0775361417322831
20
-3.4106551574803148
11
7.0775361023622043
21
-3.410655118110236
0
LINE
8
BLACK
6
CONTINUOUS
10
7.0775361023622043
20
-3.410655118110236
11
7.0729913385826766
21
-3.4071678346456693
0
LINE
8
BLACK
6
CONTINUOUS
10
7.0729913385826766
20
-3.4071678346456693
11
7.0725977165354328
21
-3.4068657874015749
0
LINE
8
BLACK
6
CONTINUOUS
10
7.0725977165354328
20
-3.4068657874015749
11
7.072597677165354
21
-3.4068657480314961
0
LINE
8
BLACK
6
CONTINUOUS
10
7.072597677165354
20
-3.4068657480314961
11
7.0725975984251965
21
-3.4068657086614174
0
LINE
8
BLACK
6
CONTINUOUS
10
7.0725975984251965
20
-3.4068657086614174
11
7.066846732283464
21
-3.4044836220472439
0
LINE
8
BLACK
6
CONTINUOUS
10
7.066846732283464
20
-3.4044836220472439
11
7.0668464173228349
21
-3.4044835433070864
0
LINE
8
BLACK
6
CONTINUOUS
10
7.0668464173228349
20
-3.4044835433070864
11
7.0606748818897636
21
-3.4036710629921259
0
LINE
8
BLACK
6
CONTINUOUS
10
7.0606748818897636
20
-3.4036710629921259
11
7.060674803149606
21
-3.4036710629921259
0
LINE
8
BLACK
6
CONTINUOUS
10
7.060674803149606
20
-3.4036710629921259
11
7.0545032283464568
21
-3.4044835433070864
0
LINE
8
BLACK
6
CONTINUOUS
10
7.0545032283464568
20
-3.4044835433070864
11
7.0545029133858268
21
-3.4044836220472439
0
LINE
8
BLACK
6
CONTINUOUS
10
7.0545029133858268
20
-3.4044836220472439
11
7.0487520472440943
21
-3.4068657086614174
0
LINE
8
BLACK
6
CONTINUOUS
10
7.0487520472440943
20
-3.4068657086614174
11
7.0487520078740156
21
-3.4068657086614174
0
LINE
8
BLACK
6
CONTINUOUS
10
7.0487520078740156
20
-3.4068657086614174
11
7.0438135433070865
21
-3.410655118110236
0
LINE
8
BLACK
6
CONTINUOUS
10
7.0438135433070865
20
-3.410655118110236
11
7.043813149606299
21
-3.4106555118110236
0
LINE
8
BLACK
6
CONTINUOUS
10
7.043813149606299
20
-3.4106555118110236
11
7.0400237401574799
21
-3.4155939763779526
0
LINE
8
BLACK
6
CONTINUOUS
10
7.0400237401574799
20
-3.4155939763779526
11
7.0400237401574799
21
-3.4155940157480313
0
LINE
8
BLACK
6
CONTINUOUS
10
7.0400237401574799
20
-3.4155940157480313
11
7.0376416535433073
21
-3.4213448818897638
0
LINE
8
BLACK
6
CONTINUOUS
10
7.0376416535433073
20
-3.4213448818897638
11
7.0376415748031498
21
-3.4213451968503938
0
LINE
8
BLACK
6
CONTINUOUS
10
7.0376415748031498
20
-3.4213451968503938
11
7.0368290944881888
21
-3.4275167716535431
0
LINE
8
BLACK
6
CONTINUOUS
10
7.0368290944881888
20
-3.4275167716535431
11
7.0368290944881888
21
-3.4275168110236218
0
LINE
8
BLACK
6
CONTINUOUS
10
7.0368290944881888
20
-3.4275168110236218
11
7.0376415748031498
21
-3.4336883858267715
0
LINE
8
BLACK
6
CONTINUOUS
10
5.8756415748031499
20
-3.3866883858267718
11
5.8756416535433074
21
-3.3866887007874014
0
LINE
8
BLACK
6
CONTINUOUS
10
5.8756416535433074
20
-3.3866887007874014
11
5.87802374015748
21
-3.3924395669291338
0
LINE
8
BLACK
6
CONTINUOUS
10
5.87802374015748
20
-3.3924395669291338
11
5.87802374015748
21
-3.3924396062992126
0
LINE
8
BLACK
6
CONTINUOUS
10
5.87802374015748
20
-3.3924396062992126
11
5.8807997637795273
21
-3.3960574015748031
0
LINE
8
BLACK
6
CONTINUOUS
10
5.8807997637795273
20
-3.3960574015748031
11
5.8818133464566928
21
-3.3973783070866141
0
LINE
8
BLACK
6
CONTINUOUS
10
5.8818133464566928
20
-3.3973783070866141
11
5.8867519685039369
21
-3.4011678346456691
0
LINE
8
BLACK
6
CONTINUOUS
10
5.8867519685039369
20
-3.4011678346456691
11
5.8925031102362206
21
-3.4035500393700788
0
LINE
8
BLACK
6
CONTINUOUS
10
5.8925031102362206
20
-3.4035500393700788
11
5.897131889763779
21
-3.4041594094488188
0
LINE
8
BLACK
6
CONTINUOUS
10
5.897131889763779
20
-3.4041594094488188
11
5.8986748031496061
21
-3.4043625590551181
0
LINE
8
BLACK
6
CONTINUOUS
10
5.8986748031496061
20
-3.4043625590551181
11
5.8986748425196849
21
-3.4043625590551181
0
LINE
8
BLACK
6
CONTINUOUS
10
5.8986748425196849
20
-3.4043625590551181
11
5.8986748818897636
21
-3.4043625590551181
0
LINE
8
BLACK
6
CONTINUOUS
10
5.8986748818897636
20
-3.4043625590551181
11
5.8999091732283464
21
-3.4042000393700786
0
LINE
8
BLACK
6
CONTINUOUS
10
5.8999091732283464
20
-3.4042000393700786
11
5.9048465748031491
21
-3.4035500393700788
0
LINE
8
BLACK
6
CONTINUOUS
10
5.9048465748031491
20
-3.4035500393700788
11
5.9105977165354329
21
-3.4011678346456691
0
LINE
8
BLACK
6
CONTINUOUS
10
5.9105977165354329
20
-3.4011678346456691
11
5.9155363385826769
21
-3.3973783070866141
0
LINE
8
BLACK
6
CONTINUOUS
10
5.9155363385826769
20
-3.3973783070866141
11
5.9193258661417323
21
-3.3924396850393701
0
LINE
8
BLACK
6
CONTINUOUS
10
5.9193258661417323
20
-3.3924396850393701
11
5.921708070866142
21
-3.3866885433070864
0
LINE
8
BLACK
6
CONTINUOUS
10
5.921708070866142
20
-3.3866885433070864
11
5.9225205905511809
21
-3.3805168110236221
0
LINE
8
BLACK
6
CONTINUOUS
10
5.9225205905511809
20
-3.3805168110236221
11
5.921708070866142
21
-3.3743450787401574
0
LINE
8
BLACK
6
CONTINUOUS
10
5.921708070866142
20
-3.3743450787401574
11
5.919325905511811
21
-3.3685940157480316
0
LINE
8
BLACK
6
CONTINUOUS
10
5.919325905511811
20
-3.3685940157480316
11
5.919325905511811
21
-3.3685939763779529
0
LINE
8
BLACK
6
CONTINUOUS
10
5.919325905511811
20
-3.3685939763779529
11
5.9155364960629919
21
-3.3636555118110234
0
LINE
8
BLACK
6
CONTINUOUS
10
5.9155364960629919
20
-3.3636555118110234
11
5.9155364566929132
21
-3.3636554724409446
0
LINE
8
BLACK
6
CONTINUOUS
10
5.9155364566929132
20
-3.3636554724409446
11
5.9155363385826769
21
-3.3636553149606296
0
LINE
8
BLACK
6
CONTINUOUS
10
5.9155363385826769
20
-3.3636553149606296
11
5.9155361417322831
21
-3.3636551574803151
0
LINE
8
BLACK
6
CONTINUOUS
10
5.9155361417322831
20
-3.3636551574803151
11
5.9155361023622044
21
-3.3636551181102363
0
LINE
8
BLACK
6
CONTINUOUS
10
5.9155361023622044
20
-3.3636551181102363
11
5.9125257086614171
21
-3.3613451968503938
0
LINE
8
BLACK
6
CONTINUOUS
10
5.9125257086614171
20
-3.3613451968503938
11
5.9105977165354329
21
-3.3598657874015747
0
LINE
8
BLACK
6
CONTINUOUS
10
5.9105977165354329
20
-3.3598657874015747
11
5.9105976771653541
21
-3.359865748031496
0
LINE
8
BLACK
6
CONTINUOUS
10
5.9105976771653541
20
-3.359865748031496
11
5.9105975984251966
21
-3.3598657086614172
0
LINE
8
BLACK
6
CONTINUOUS
10
5.9105975984251966
20
-3.3598657086614172
11
5.9048467322834641
21
-3.3574836220472442
0
LINE
8
BLACK
6
CONTINUOUS
10
5.9048467322834641
20
-3.3574836220472442
11
5.9048464173228341
21
-3.3574835433070866
0
LINE
8
BLACK
6
CONTINUOUS
10
5.9048464173228341
20
-3.3574835433070866
11
5.8986748818897636
21
-3.3566710629921257
0
LINE
8
BLACK
6
CONTINUOUS
10
5.8986748818897636
20
-3.3566710629921257
11
5.8986748031496061
21
-3.3566710629921257
0
LINE
8
BLACK
6
CONTINUOUS
10
5.8986748031496061
20
-3.3566710629921257
11
5.8925032283464569
21
-3.3574835433070866
0
LINE
8
BLACK
6
CONTINUOUS
10
5.8925032283464569
20
-3.3574835433070866
11
5.8925029133858269
21
-3.3574836220472442
0
LINE
8
BLACK
6
CONTINUOUS
10
5.8925029133858269
20
-3.3574836220472442
11
5.8867520472440944
21
-3.3598657086614172
0
LINE
8
BLACK
6
CONTINUOUS
10
5.8867520472440944
20
-3.3598657086614172
11
5.8867520078740156
21
-3.3598657086614172
0
LINE
8
BLACK
6
CONTINUOUS
10
5.8867520078740156
20
-3.3598657086614172
11
5.8818135433070866
21
-3.3636551181102363
0
LINE
8
BLACK
6
CONTINUOUS
10
5.8818135433070866
20
-3.3636551181102363
11
5.8818131496062991
21
-3.3636555118110234
0
LINE
8
BLACK
6
CONTINUOUS
10
5.8818131496062991
20
-3.3636555118110234
11
5.87802374015748
21
-3.3685939763779529
0
LINE
8
BLACK
6
CONTINUOUS
10
5.87802374015748
20
-3.3685939763779529
11
5.87802374015748
21
-3.3685940157480316
0
LINE
8
BLACK
6
CONTINUOUS
10
5.87802374015748
20
-3.3685940157480316
11
5.8756416535433074
21
-3.3743448818897637
0
LINE
8
BLACK
6
CONTINUOUS
10
5.8756416535433074
20
-3.3743448818897637
11
5.8756415748031499
21
-3.3743451968503937
0
LINE
8
BLACK
6
CONTINUOUS
10
5.8756415748031499
20
-3.3743451968503937
11
5.8748290944881889
21
-3.3805167716535434
0
LINE
8
BLACK
6
CONTINUOUS
10
5.8748290944881889
20
-3.3805167716535434
11
5.8748290944881889
21
-3.3805168110236221
0
LINE
8
BLACK
6
CONTINUOUS
10
5.8748290944881889
20
-3.3805168110236221
11
5.8756415748031499
21
-3.3866883858267718
0
LINE
8
BLACK
6
CONTINUOUS
10
5.9937080708661412
20
-3.3073450787401573
11
5.9913259055118111
21
-3.3015940157480315
0
LINE
8
BLACK
6
CONTINUOUS
10
5.9913259055118111
20
-3.3015940157480315
11
5.9913259055118111
21
-3.3015939763779527
0
LINE
8
BLACK
6
CONTINUOUS
10
5.9913259055118111
20
-3.3015939763779527
11
5.987536496062992
21
-3.2966555118110237
0
LINE
8
BLACK
6
CONTINUOUS
10
5.987536496062992
20
-3.2966555118110237
11
5.9875364566929132
21
-3.2966554724409449
0
LINE
8
BLACK
6
CONTINUOUS
10
5.9875364566929132
20
-3.2966554724409449
11
5.987536338582677
21
-3.2966553149606299
0
LINE
8
BLACK
6
CONTINUOUS
10
5.987536338582677
20
-3.2966553149606299
11
5.9875361417322832
21
-3.2966551574803149
0
LINE
8
BLACK
6
CONTINUOUS
10
5.9875361417322832
20
-3.2966551574803149
11
5.9875361023622045
21
-3.2966551181102361
0
LINE
8
BLACK
6
CONTINUOUS
10
5.9875361023622045
20
-3.2966551181102361
11
5.9825975984251967
21
-3.292865708661417
0
LINE
8
BLACK
6
CONTINUOUS
10
5.9825975984251967
20
-3.292865708661417
11
5.9768467322834642
21
-3.290483622047244
0
LINE
8
BLACK
6
CONTINUOUS
10
5.9768467322834642
20
-3.290483622047244
11
5.9768464173228342
21
-3.2904835433070865
0
LINE
8
BLACK
6
CONTINUOUS
10
5.9768464173228342
20
-3.2904835433070865
11
5.9706748818897637
21
-3.289671062992126
0
LINE
8
BLACK
6
CONTINUOUS
10
5.9706748818897637
20
-3.289671062992126
11
5.9706748031496062
21
-3.289671062992126
0
LINE
8
BLACK
6
CONTINUOUS
10
5.9706748031496062
20
-3.289671062992126
11
5.964503228346457
21
-3.2904835433070865
0
LINE
8
BLACK
6
CONTINUOUS
10
5.964503228346457
20
-3.2904835433070865
11
5.9645029133858269
21
-3.290483622047244
0
LINE
8
BLACK
6
CONTINUOUS
10
5.9645029133858269
20
-3.290483622047244
11
5.9587520472440945
21
-3.292865708661417
0
LINE
8
BLACK
6
CONTINUOUS
10
5.9587520472440945
20
-3.292865708661417
11
5.9587520078740157
21
-3.292865708661417
0
LINE
8
BLACK
6
CONTINUOUS
10
5.9587520078740157
20
-3.292865708661417
11
5.9538135433070867
21
-3.2966551181102361
0
LINE
8
BLACK
6
CONTINUOUS
10
5.9538135433070867
20
-3.2966551181102361
11
5.9538131496062991
21
-3.2966555118110237
0
LINE
8
BLACK
6
CONTINUOUS
10
5.9538131496062991
20
-3.2966555118110237
11
5.95002374015748
21
-3.3015939763779527
0
LINE
8
BLACK
6
CONTINUOUS
10
5.95002374015748
20
-3.3015939763779527
11
5.95002374015748
21
-3.3015940157480315
0
LINE
8
BLACK
6
CONTINUOUS
10
5.95002374015748
20
-3.3015940157480315
11
5.9476416535433065
21
-3.3073448818897635
0
LINE
8
BLACK
6
CONTINUOUS
10
5.9476416535433065
20
-3.3073448818897635
11
5.947641574803149
21
-3.3073451968503935
0
LINE
8
BLACK
6
CONTINUOUS
10
5.947641574803149
20
-3.3073451968503935
11
5.946829094488189
21
-3.3135167716535432
0
LINE
8
BLACK
6
CONTINUOUS
10
5.946829094488189
20
-3.3135167716535432
11
5.946829094488189
21
-3.3135168110236219
0
LINE
8
BLACK
6
CONTINUOUS
10
5.946829094488189
20
-3.3135168110236219
11
5.947641574803149
21
-3.3196883858267716
0
LINE
8
BLACK
6
CONTINUOUS
10
5.947641574803149
20
-3.3196883858267716
11
5.9476416535433065
21
-3.3196887007874016
0
LINE
8
BLACK
6
CONTINUOUS
10
5.9476416535433065
20
-3.3196887007874016
11
5.95002374015748
21
-3.3254395669291337
0
LINE
8
BLACK
6
CONTINUOUS
10
5.95002374015748
20
-3.3254395669291337
11
5.95002374015748
21
-3.3254396062992124
0
LINE
8
BLACK
6
CONTINUOUS
10
5.95002374015748
20
-3.3254396062992124
11
5.9522788188976374
21
-3.3283784645669292
0
LINE
8
BLACK
6
CONTINUOUS
10
5.9522788188976374
20
-3.3283784645669292
11
5.9538133464566929
21
-3.330378307086614
0
LINE
8
BLACK
6
CONTINUOUS
10
5.9538133464566929
20
-3.330378307086614
11
5.958751968503937
21
-3.3341678346456693
0
LINE
8
BLACK
6
CONTINUOUS
10
5.958751968503937
20
-3.3341678346456693
11
5.9587520078740157
21
-3.3341678346456693
0
LINE
8
BLACK
6
CONTINUOUS
10
5.9587520078740157
20
-3.3341678346456693
11
5.9587520472440945
21
-3.3341678740157481
0
LINE
8
BLACK
6
CONTINUOUS
10
5.9587520472440945
20
-3.3341678740157481
11
5.9645029133858269
21
-3.3365499606299212
0
LINE
8
BLACK
6
CONTINUOUS
10
5.9645029133858269
20
-3.3365499606299212
11
5.9645031102362207
21
-3.3365500393700787
0
LINE
8
BLACK
6
CONTINUOUS
10
5.9645031102362207
20
-3.3365500393700787
11
5.9691318897637791
21
-3.3371594094488186
0
LINE
8
BLACK
6
CONTINUOUS
10
5.9691318897637791
20
-3.3371594094488186
11
5.9706748031496062
21
-3.3373625590551179
0
LINE
8
BLACK
6
CONTINUOUS
10
5.9706748031496062
20
-3.3373625590551179
11
5.9706748425196849
21
-3.3373625590551179
0
LINE
8
BLACK
6
CONTINUOUS
10
5.9706748425196849
20
-3.3373625590551179
11
5.9706748818897637
21
-3.3373625590551179
0
LINE
8
BLACK
6
CONTINUOUS
10
5.9706748818897637
20
-3.3373625590551179
11
5.9720220472440939
21
-3.3371851968503936
0
LINE
8
BLACK
6
CONTINUOUS
10
5.9720220472440939
20
-3.3371851968503936
11
5.9768465748031492
21
-3.3365500393700787
0
LINE
8
BLACK
6
CONTINUOUS
10
5.9768465748031492
20
-3.3365500393700787
11
5.9825977165354329
21
-3.3341678346456693
0
LINE
8
BLACK
6
CONTINUOUS
10
5.9825977165354329
20
-3.3341678346456693
11
5.987536338582677
21
-3.330378307086614
0
LINE
8
BLACK
6
CONTINUOUS
10
5.987536338582677
20
-3.330378307086614
11
5.9913258661417323
21
-3.3254396850393699
0
LINE
8
BLACK
6
CONTINUOUS
10
5.9913258661417323
20
-3.3254396850393699
11
5.9937080708661412
21
-3.3196885433070866
0
LINE
8
BLACK
6
CONTINUOUS
10
5.9937080708661412
20
-3.3196885433070866
11
5.9945205905511809
21
-3.3135168110236219
0
LINE
8
BLACK
6
CONTINUOUS
10
5.9945205905511809
20
-3.3135168110236219
11
5.9942572834645667
21
-3.3115168110236222
0
LINE
8
BLACK
6
CONTINUOUS
10
5.9942572834645667
20
-3.3115168110236222
11
5.9937080708661412
21
-3.3073450787401573
0
LINE
8
BLACK
6
CONTINUOUS
10
6.5136415748031498
20
-3.3336883070866139
11
6.5136416535433073
21
-3.3336886220472439
0
LINE
8
BLACK
6
CONTINUOUS
10
6.5136416535433073
20
-3.3336886220472439
11
6.5160237401574799
21
-3.3394394881889764
0
LINE
8
BLACK
6
CONTINUOUS
10
6.5160237401574799
20
-3.3394394881889764
11
6.5160237401574799
21
-3.3394395275590552
0
LINE
8
BLACK
6
CONTINUOUS
10
6.5160237401574799
20
-3.3394395275590552
11
6.519813149606299
21
-3.3443779921259842
0
LINE
8
BLACK
6
CONTINUOUS
10
6.519813149606299
20
-3.3443779921259842
11
6.5198133464566927
21
-3.3443782283464567
0
LINE
8
BLACK
6
CONTINUOUS
10
6.5198133464566927
20
-3.3443782283464567
11
6.5247519685039368
21
-3.3481677559055116
0
LINE
8
BLACK
6
CONTINUOUS
10
6.5247519685039368
20
-3.3481677559055116
11
6.5305031102362205
21
-3.3505499606299214
0
LINE
8
BLACK
6
CONTINUOUS
10
6.5305031102362205
20
-3.3505499606299214
11
6.5351318897637798
21
-3.3511593307086613
0
LINE
8
BLACK
6
CONTINUOUS
10
6.5351318897637798
20
-3.3511593307086613
11
6.536674803149606
21
-3.3513624803149606
0
LINE
8
BLACK
6
CONTINUOUS
10
6.536674803149606
20
-3.3513624803149606
11
6.5366748425196848
21
-3.3513624803149606
0
LINE
8
BLACK
6
CONTINUOUS
10
6.5366748425196848
20
-3.3513624803149606
11
6.5366748818897635
21
-3.3513624803149606
0
LINE
8
BLACK
6
CONTINUOUS
10
6.5366748818897635
20
-3.3513624803149606
11
6.5379091732283463
21
-3.3511999606299212
0
LINE
8
BLACK
6
CONTINUOUS
10
6.5379091732283463
20
-3.3511999606299212
11
6.542846574803149
21
-3.3505499606299214
0
LINE
8
BLACK
6
CONTINUOUS
10
6.542846574803149
20
-3.3505499606299214
11
6.5485977165354328
21
-3.3481677559055116
0
LINE
8
BLACK
6
CONTINUOUS
10
6.5485977165354328
20
-3.3481677559055116
11
6.5535363385826768
21
-3.3443782283464567
0
LINE
8
BLACK
6
CONTINUOUS
10
6.5535363385826768
20
-3.3443782283464567
11
6.5573258661417322
21
-3.3394396062992127
0
LINE
8
BLACK
6
CONTINUOUS
10
6.5573258661417322
20
-3.3394396062992127
11
6.5597080708661419
21
-3.3336884645669289
0
LINE
8
BLACK
6
CONTINUOUS
10
6.5597080708661419
20
-3.3336884645669289
11
6.5605205905511808
21
-3.3275167322834647
0
LINE
8
BLACK
6
CONTINUOUS
10
6.5605205905511808
20
-3.3275167322834647
11
6.5597080708661419
21
-3.321345
0
LINE
8
BLACK
6
CONTINUOUS
10
6.5597080708661419
20
-3.321345
11
6.5573259055118109
21
-3.3155939370078737
0
LINE
8
BLACK
6
CONTINUOUS
10
6.5573259055118109
20
-3.3155939370078737
11
6.5573259055118109
21
-3.315593897637795
0
LINE
8
BLACK
6
CONTINUOUS
10
6.5573259055118109
20
-3.315593897637795
11
6.5535364960629918
21
-3.310655433070866
0
LINE
8
BLACK
6
CONTINUOUS
10
6.5535364960629918
20
-3.310655433070866
11
6.5535364566929131
21
-3.3106553937007872
0
LINE
8
BLACK
6
CONTINUOUS
10
6.5535364566929131
20
-3.3106553937007872
11
6.5535363385826768
21
-3.3106552362204722
0
LINE
8
BLACK
6
CONTINUOUS
10
6.5535363385826768
20
-3.3106552362204722
11
6.553536141732283
21
-3.3106550787401572
0
LINE
8
BLACK
6
CONTINUOUS
10
6.553536141732283
20
-3.3106550787401572
11
6.5535361023622043
21
-3.3106550393700789
0
LINE
8
BLACK
6
CONTINUOUS
10
6.5535361023622043
20
-3.3106550393700789
11
6.5492224409448818
21
-3.3073450787401573
0
LINE
8
BLACK
6
CONTINUOUS
10
6.5492224409448818
20
-3.3073450787401573
11
6.5485977165354328
21
-3.3068657086614173
0
LINE
8
BLACK
6
CONTINUOUS
10
6.5485977165354328
20
-3.3068657086614173
11
6.548597677165354
21
-3.3068656692913385
0
LINE
8
BLACK
6
CONTINUOUS
10
6.548597677165354
20
-3.3068656692913385
11
6.5485975984251965
21
-3.3068656299212598
0
LINE
8
BLACK
6
CONTINUOUS
10
6.5485975984251965
20
-3.3068656299212598
11
6.542846732283464
21
-3.3044835433070867
0
LINE
8
BLACK
6
CONTINUOUS
10
6.542846732283464
20
-3.3044835433070867
11
6.5428464173228349
21
-3.3044834645669292
0
LINE
8
BLACK
6
CONTINUOUS
10
6.5428464173228349
20
-3.3044834645669292
11
6.5366748818897635
21
-3.3036709842519683
0
LINE
8
BLACK
6
CONTINUOUS
10
6.5366748818897635
20
-3.3036709842519683
11
6.536674803149606
21
-3.3036709842519683
0
LINE
8
BLACK
6
CONTINUOUS
10
6.536674803149606
20
-3.3036709842519683
11
6.5305032283464568
21
-3.3044834645669292
0
LINE
8
BLACK
6
CONTINUOUS
10
6.5305032283464568
20
-3.3044834645669292
11
6.5305029133858268
21
-3.3044835433070867
0
LINE
8
BLACK
6
CONTINUOUS
10
6.5305029133858268
20
-3.3044835433070867
11
6.5247520472440943
21
-3.3068656299212598
0
LINE
8
BLACK
6
CONTINUOUS
10
6.5247520472440943
20
-3.3068656299212598
11
6.5247520078740155
21
-3.3068656299212598
0
LINE
8
BLACK
6
CONTINUOUS
10
6.5247520078740155
20
-3.3068656299212598
11
6.5198135433070865
21
-3.3106550393700789
0
LINE
8
BLACK
6
CONTINUOUS
10
6.5198135433070865
20
-3.3106550393700789
11
6.519813149606299
21
-3.310655433070866
0
LINE
8
BLACK
6
CONTINUOUS
10
6.519813149606299
20
-3.310655433070866
11
6.5160237401574799
21
-3.315593897637795
0
LINE
8
BLACK
6
CONTINUOUS
10
6.5160237401574799
20
-3.315593897637795
11
6.5160237401574799
21
-3.3155939370078737
0
LINE
8
BLACK
6
CONTINUOUS
10
6.5160237401574799
20
-3.3155939370078737
11
6.5136416535433073
21
-3.3213448031496062
0
LINE
8
BLACK
6
CONTINUOUS
10
6.5136416535433073
20
-3.3213448031496062
11
6.5136415748031498
21
-3.3213451181102362
0
LINE
8
BLACK
6
CONTINUOUS
10
6.5136415748031498
20
-3.3213451181102362
11
6.5128290944881888
21
-3.3275166929133859
0
LINE
8
BLACK
6
CONTINUOUS
10
6.5128290944881888
20
-3.3275166929133859
11
6.5128290944881888
21
-3.3275167322834647
0
LINE
8
BLACK
6
CONTINUOUS
10
6.5128290944881888
20
-3.3275167322834647
11
6.5136415748031498
21
-3.3336883070866139
0
LINE
8
BLACK
6
CONTINUOUS
10
6.3556415748031494
20
-3.3176883858267714
11
6.3556416535433069
21
-3.3176887007874014
0
LINE
8
BLACK
6
CONTINUOUS
10
6.3556416535433069
20
-3.3176887007874014
11
6.3580237401574804
21
-3.3234395669291339
0
LINE
8
BLACK
6
CONTINUOUS
10
6.3580237401574804
20
-3.3234395669291339
11
6.3580237401574804
21
-3.3234396062992126
0
LINE
8
BLACK
6
CONTINUOUS
10
6.3580237401574804
20
-3.3234396062992126
11
6.3618131496062995
21
-3.3283780708661417
0
LINE
8
BLACK
6
CONTINUOUS
10
6.3618131496062995
20
-3.3283780708661417
11
6.3618133464566924
21
-3.3283783070866142
0
LINE
8
BLACK
6
CONTINUOUS
10
6.3618133464566924
20
-3.3283783070866142
11
6.3667519685039364
21
-3.3321678346456691
0
LINE
8
BLACK
6
CONTINUOUS
10
6.3667519685039364
20
-3.3321678346456691
11
6.3725031102362202
21
-3.3345500393700789
0
LINE
8
BLACK
6
CONTINUOUS
10
6.3725031102362202
20
-3.3345500393700789
11
6.3771318897637794
21
-3.3351594094488188
0
LINE
8
BLACK
6
CONTINUOUS
10
6.3771318897637794
20
-3.3351594094488188
11
6.3786748031496066
21
-3.3353625590551181
0
LINE
8
BLACK
6
CONTINUOUS
10
6.3786748031496066
20
-3.3353625590551181
11
6.3786748425196853
21
-3.3353625590551181
0
LINE
8
BLACK
6
CONTINUOUS
10
6.3786748425196853
20
-3.3353625590551181
11
6.3786748818897641
21
-3.3353625590551181
0
LINE
8
BLACK
6
CONTINUOUS
10
6.3786748818897641
20
-3.3353625590551181
11
6.3799091732283459
21
-3.3352000393700787
0
LINE
8
BLACK
6
CONTINUOUS
10
6.3799091732283459
20
-3.3352000393700787
11
6.3848465748031495
21
-3.3345500393700789
0
LINE
8
BLACK
6
CONTINUOUS
10
6.3848465748031495
20
-3.3345500393700789
11
6.3905977165354333
21
-3.3321678346456691
0
LINE
8
BLACK
6
CONTINUOUS
10
6.3905977165354333
20
-3.3321678346456691
11
6.3955363385826773
21
-3.3283783070866142
0
LINE
8
BLACK
6
CONTINUOUS
10
6.3955363385826773
20
-3.3283783070866142
11
6.3961974409448814
21
-3.3275167322834647
0
LINE
8
BLACK
6
CONTINUOUS
10
6.3961974409448814
20
-3.3275167322834647
11
6.3993258661417318
21
-3.3234396850393702
0
LINE
8
BLACK
6
CONTINUOUS
10
6.3993258661417318
20
-3.3234396850393702
11
6.4017080708661416
21
-3.3176885433070864
0
LINE
8
BLACK
6
CONTINUOUS
10
6.4017080708661416
20
-3.3176885433070864
11
6.4025205905511813
21
-3.3115168110236222
0
LINE
8
BLACK
6
CONTINUOUS
10
6.4025205905511813
20
-3.3115168110236222
11
6.4017080708661416
21
-3.3053450787401575
0
LINE
8
BLACK
6
CONTINUOUS
10
6.4017080708661416
20
-3.3053450787401575
11
6.400154330708661
21
-3.3015940157480315
0
LINE
8
BLACK
6
CONTINUOUS
10
6.400154330708661
20
-3.3015940157480315
11
6.3993259055118106
21
-3.2995940157480312
0
LINE
8
BLACK
6
CONTINUOUS
10
6.3993259055118106
20
-3.2995940157480312
11
6.3993259055118106
21
-3.2995939763779525
0
LINE
8
BLACK
6
CONTINUOUS
10
6.3993259055118106
20
-3.2995939763779525
11
6.3955364960629923
21
-3.2946555118110235
0
LINE
8
BLACK
6
CONTINUOUS
10
6.3955364960629923
20
-3.2946555118110235
11
6.3955364566929136
21
-3.2946554724409447
0
LINE
8
BLACK
6
CONTINUOUS
10
6.3955364566929136
20
-3.2946554724409447
11
6.3955363385826773
21
-3.2946553149606297
0
LINE
8
BLACK
6
CONTINUOUS
10
6.3955363385826773
20
-3.2946553149606297
11
6.3955361417322836
21
-3.2946551574803147
0
LINE
8
BLACK
6
CONTINUOUS
10
6.3955361417322836
20
-3.2946551574803147
11
6.3955361023622048
21
-3.2946551181102359
0
LINE
8
BLACK
6
CONTINUOUS
10
6.3955361023622048
20
-3.2946551181102359
11
6.390597598425197
21
-3.2908657086614173
0
LINE
8
BLACK
6
CONTINUOUS
10
6.390597598425197
20
-3.2908657086614173
11
6.3848467322834646
21
-3.2884836220472442
0
LINE
8
BLACK
6
CONTINUOUS
10
6.3848467322834646
20
-3.2884836220472442
11
6.3848464173228345
21
-3.2884835433070867
0
LINE
8
BLACK
6
CONTINUOUS
10
6.3848464173228345
20
-3.2884835433070867
11
6.3786748818897641
21
-3.2876710629921257
0
LINE
8
BLACK
6
CONTINUOUS
10
6.3786748818897641
20
-3.2876710629921257
11
6.3786748031496066
21
-3.2876710629921257
0
LINE
8
BLACK
6
CONTINUOUS
10
6.3786748031496066
20
-3.2876710629921257
11
6.3725032283464564
21
-3.2884835433070867
0
LINE
8
BLACK
6
CONTINUOUS
10
6.3725032283464564
20
-3.2884835433070867
11
6.3725029133858264
21
-3.2884836220472442
0
LINE
8
BLACK
6
CONTINUOUS
10
6.3725029133858264
20
-3.2884836220472442
11
6.3667520472440939
21
-3.2908657086614173
0
LINE
8
BLACK
6
CONTINUOUS
10
6.3667520472440939
20
-3.2908657086614173
11
6.3667520078740152
21
-3.2908657086614173
0
LINE
8
BLACK
6
CONTINUOUS
10
6.3667520078740152
20
-3.2908657086614173
11
6.3618135433070861
21
-3.2946551181102359
0
LINE
8
BLACK
6
CONTINUOUS
10
6.3618135433070861
20
-3.2946551181102359
11
6.3618131496062995
21
-3.2946555118110235
0
LINE
8
BLACK
6
CONTINUOUS
10
6.3618131496062995
20
-3.2946555118110235
11
6.3580237401574804
21
-3.2995939763779525
0
LINE
8
BLACK
6
CONTINUOUS
10
6.3580237401574804
20
-3.2995939763779525
11
6.3580237401574804
21
-3.2995940157480312
0
LINE
8
BLACK
6
CONTINUOUS
10
6.3580237401574804
20
-3.2995940157480312
11
6.3556416535433069
21
-3.3053448818897637
0
LINE
8
BLACK
6
CONTINUOUS
10
6.3556416535433069
20
-3.3053448818897637
11
6.3556415748031494
21
-3.3053451968503937
0
LINE
8
BLACK
6
CONTINUOUS
10
6.3556415748031494
20
-3.3053451968503937
11
6.3548290944881884
21
-3.3115167716535434
0
LINE
8
BLACK
6
CONTINUOUS
10
6.3548290944881884
20
-3.3115167716535434
11
6.3548290944881884
21
-3.3115168110236222
0
LINE
8
BLACK
6
CONTINUOUS
10
6.3548290944881884
20
-3.3115168110236222
11
6.3556415748031494
21
-3.3176883858267714
0
LINE
8
BLACK
6
CONTINUOUS
10
6.1178824803149601
20
-3.0326369291338584
11
6.1178823622047247
21
-3.0326369685039372
0
LINE
8
BLACK
6
CONTINUOUS
10
6.1178823622047247
20
-3.0326369685039372
11
6.1108281889763783
21
-3.0347768503937007
0
LINE
8
BLACK
6
CONTINUOUS
10
6.1108281889763783
20
-3.0347768503937007
11
6.1108281102362207
21
-3.0347768897637795
0
LINE
8
BLACK
6
CONTINUOUS
10
6.1108281102362207
20
-3.0347768897637795
11
6.1043276771653545
21
-3.0382514173228348
0
LINE
8
BLACK
6
CONTINUOUS
10
6.1043276771653545
20
-3.0382514173228348
11
6.104327440944882
21
-3.0382515748031493
0
LINE
8
BLACK
6
CONTINUOUS
10
6.104327440944882
20
-3.0382515748031493
11
6.0986294488188975
21
-3.0429277559055117
0
LINE
8
BLACK
6
CONTINUOUS
10
6.0986294488188975
20
-3.0429277559055117
11
6.0986290944881887
21
-3.0429281102362205
0
LINE
8
BLACK
6
CONTINUOUS
10
6.0986290944881887
20
-3.0429281102362205
11
6.0939529133858263
21
-3.0486261023622045
0
LINE
8
BLACK
6
CONTINUOUS
10
6.0939529133858263
20
-3.0486261023622045
11
6.0939527559055113
21
-3.0486263385826771
0
LINE
8
BLACK
6
CONTINUOUS
10
6.0939527559055113
20
-3.0486263385826771
11
6.0904782283464565
21
-3.0551267716535433
0
LINE
8
BLACK
6
CONTINUOUS
10
6.0904782283464565
20
-3.0551267716535433
11
6.0904781889763777
21
-3.0551268503937008
0
LINE
8
BLACK
6
CONTINUOUS
10
6.0904781889763777
20
-3.0551268503937008
11
6.0883383070866142
21
-3.0621810236220472
0
LINE
8
BLACK
6
CONTINUOUS
10
6.0883383070866142
20
-3.0621810236220472
11
6.0883382677165354
21
-3.0621811417322835
0
LINE
8
BLACK
6
CONTINUOUS
10
6.0883382677165354
20
-3.0621811417322835
11
6.0876158267716534
21
-3.0695166141732284
0
LINE
8
BLACK
6
CONTINUOUS
10
6.0876158267716534
20
-3.0695166141732284
11
6.0876158267716534
21
-3.0695169685039367
0
LINE
8
BLACK
6
CONTINUOUS
10
6.0876158267716534
20
-3.0695169685039367
11
6.0883382677165354
21
-3.0768524409448816
0
LINE
8
BLACK
6
CONTINUOUS
10
6.0883382677165354
20
-3.0768524409448816
11
6.0883383070866142
21
-3.0768525590551179
0
LINE
8
BLACK
6
CONTINUOUS
10
6.0883383070866142
20
-3.0768525590551179
11
6.0904781889763777
21
-3.0839067322834643
0
LINE
8
BLACK
6
CONTINUOUS
10
6.0904781889763777
20
-3.0839067322834643
11
6.0904782283464565
21
-3.0839068110236219
0
LINE
8
BLACK
6
CONTINUOUS
10
6.0904782283464565
20
-3.0839068110236219
11
6.0939527559055113
21
-3.0904072440944881
0
LINE
8
BLACK
6
CONTINUOUS
10
6.0939527559055113
20
-3.0904072440944881
11
6.0939528740157476
21
-3.0904074409448818
0
LINE
8
BLACK
6
CONTINUOUS
10
6.0939528740157476
20
-3.0904074409448818
11
6.0939529527559051
21
-3.0904075590551181
0
LINE
8
BLACK
6
CONTINUOUS
10
6.0939529527559051
20
-3.0904075590551181
11
6.0959029921259837
21
-3.092783661417323
0
LINE
8
BLACK
6
CONTINUOUS
10
6.0959029921259837
20
-3.092783661417323
11
6.0986290944881887
21
-3.0961054724409447
0
LINE
8
BLACK
6
CONTINUOUS
10
6.0986290944881887
20
-3.0961054724409447
11
6.0986294488188975
21
-3.0961058267716535
0
LINE
8
BLACK
6
CONTINUOUS
10
6.0986294488188975
20
-3.0961058267716535
11
6.1012868503937003
21
-3.0982866929133857
0
LINE
8
BLACK
6
CONTINUOUS
10
6.1012868503937003
20
-3.0982866929133857
11
6.1043274015748032
21
-3.1007820078740158
0
LINE
8
BLACK
6
CONTINUOUS
10
6.1043274015748032
20
-3.1007820078740158
11
6.1108283464566924
21
-3.1042568110236219
0
LINE
8
BLACK
6
CONTINUOUS
10
6.1108283464566924
20
-3.1042568110236219
11
6.1178822834645672
21
-3.1063966141732284
0
LINE
8
BLACK
6
CONTINUOUS
10
6.1178822834645672
20
-3.1063966141732284
11
6.1178823622047247
21
-3.1063966141732284
0
LINE
8
BLACK
6
CONTINUOUS
10
6.1178823622047247
20
-3.1063966141732284
11
6.1178824803149601
21
-3.1063966535433072
0
LINE
8
BLACK
6
CONTINUOUS
10
6.1178824803149601
20
-3.1063966535433072
11
6.1252179921259842
21
-3.1071191338582675
0
LINE
8
BLACK
6
CONTINUOUS
10
6.1252179921259842
20
-3.1071191338582675
11
6.1252181496062992
21
-3.1071191338582675
0
LINE
8
BLACK
6
CONTINUOUS
10
6.1252181496062992
20
-3.1071191338582675
11
6.1252183070866142
21
-3.1071191338582675
0
LINE
8
BLACK
6
CONTINUOUS
10
6.1252183070866142
20
-3.1071191338582675
11
6.1325537795275586
21
-3.1063966535433072
0
LINE
8
BLACK
6
CONTINUOUS
10
6.1325537795275586
20
-3.1063966535433072
11
6.1325538188976374
21
-3.1063966141732284
0
LINE
8
BLACK
6
CONTINUOUS
10
6.1325538188976374
20
-3.1063966141732284
11
6.1325540157480312
21
-3.1063966141732284
0
LINE
8
BLACK
6
CONTINUOUS
10
6.1325540157480312
20
-3.1063966141732284
11
6.1396079527559051
21
-3.1042568110236219
0
LINE
8
BLACK
6
CONTINUOUS
10
6.1396079527559051
20
-3.1042568110236219
11
6.1461088976377951
21
-3.1007820078740158
0
LINE
8
BLACK
6
CONTINUOUS
10
6.1461088976377951
20
-3.1007820078740158
11
6.1518070078740159
21
-3.0961056692913385
0
LINE
8
BLACK
6
CONTINUOUS
10
6.1518070078740159
20
-3.0961056692913385
11
6.1564833464566924
21
-3.0904075590551181
0
LINE
8
BLACK
6
CONTINUOUS
10
6.1564833464566924
20
-3.0904075590551181
11
6.1599581496062994
21
-3.0839066141732281
0
LINE
8
BLACK
6
CONTINUOUS
10
6.1599581496062994
20
-3.0839066141732281
11
6.1620979527559054
21
-3.0768526771653542
0
LINE
8
BLACK
6
CONTINUOUS
10
6.1620979527559054
20
-3.0768526771653542
11
6.162820472440945
21
-3.0695169685039367
0
LINE
8
BLACK
6
CONTINUOUS
10
6.162820472440945
20
-3.0695169685039367
11
6.162820472440945
21
-3.0695168110236222
0
LINE
8
BLACK
6
CONTINUOUS
10
6.162820472440945
20
-3.0695168110236222
11
6.162820472440945
21
-3.0695166141732284
0
LINE
8
BLACK
6
CONTINUOUS
10
6.162820472440945
20
-3.0695166141732284
11
6.1620979921259842
21
-3.0621811417322835
0
LINE
8
BLACK
6
CONTINUOUS
10
6.1620979921259842
20
-3.0621811417322835
11
6.1620979527559054
21
-3.0621810236220472
0
LINE
8
BLACK
6
CONTINUOUS
10
6.1620979527559054
20
-3.0621810236220472
11
6.1620979527559054
21
-3.0621809448818897
0
LINE
8
BLACK
6
CONTINUOUS
10
6.1620979527559054
20
-3.0621809448818897
11
6.1599581496062994
21
-3.0551270078740158
0
LINE
8
BLACK
6
CONTINUOUS
10
6.1599581496062994
20
-3.0551270078740158
11
6.1564833464566924
21
-3.0486260629921258
0
LINE
8
BLACK
6
CONTINUOUS
10
6.1564833464566924
20
-3.0486260629921258
11
6.1539880314960627
21
-3.0455855118110238
0
LINE
8
BLACK
6
CONTINUOUS
10
6.1539880314960627
20
-3.0455855118110238
11
6.1518071653543309
21
-3.0429281102362205
0
LINE
8
BLACK
6
CONTINUOUS
10
6.1518071653543309
20
-3.0429281102362205
11
6.1518068110236221
21
-3.0429277559055117
0
LINE
8
BLACK
6
CONTINUOUS
10
6.1518068110236221
20
-3.0429277559055117
11
6.148485
21
-3.0402016535433072
0
LINE
8
BLACK
6
CONTINUOUS
10
6.148485
20
-3.0402016535433072
11
6.1461088976377951
21
-3.0382516141732281
0
LINE
8
BLACK
6
CONTINUOUS
10
6.1461088976377951
20
-3.0382516141732281
11
6.1461087795275589
21
-3.0382515354330706
0
LINE
8
BLACK
6
CONTINUOUS
10
6.1461087795275589
20
-3.0382515354330706
11
6.1461085826771651
21
-3.0382514173228348
0
LINE
8
BLACK
6
CONTINUOUS
10
6.1461085826771651
20
-3.0382514173228348
11
6.1396081496062989
21
-3.0347768897637795
0
LINE
8
BLACK
6
CONTINUOUS
10
6.1396081496062989
20
-3.0347768897637795
11
6.1396080708661414
21
-3.0347768503937007
0
LINE
8
BLACK
6
CONTINUOUS
10
6.1396080708661414
20
-3.0347768503937007
11
6.1325538976377949
21
-3.0326369685039372
0
LINE
8
BLACK
6
CONTINUOUS
10
6.1325538976377949
20
-3.0326369685039372
11
6.1325537795275586
21
-3.0326369291338584
0
LINE
8
BLACK
6
CONTINUOUS
10
6.1325537795275586
20
-3.0326369291338584
11
6.1252183070866142
21
-3.0319144881889764
0
LINE
8
BLACK
6
CONTINUOUS
10
6.1252183070866142
20
-3.0319144881889764
11
6.1252179921259842
21
-3.0319144881889764
0
LINE
8
BLACK
6
CONTINUOUS
10
6.1252179921259842
20
-3.0319144881889764
11
6.1178824803149601
21
-3.0326369291338584
0
LINE
8
BLACK
6
CONTINUOUS
10
6.2804642519685041
20
-3.0768524409448816
11
6.2804642913385829
21
-3.0768525590551179
0
LINE
8
BLACK
6
CONTINUOUS
10
6.2804642913385829
20
-3.0768525590551179
11
6.2826041732283464
21
-3.0839067322834643
0
LINE
8
BLACK
6
CONTINUOUS
10
6.2826041732283464
20
-3.0839067322834643
11
6.2826042125984252
21
-3.0839068110236219
0
LINE
8
BLACK
6
CONTINUOUS
10
6.2826042125984252
20
-3.0839068110236219
11
6.28607874015748
21
-3.0904072440944881
0
LINE
8
BLACK
6
CONTINUOUS
10
6.28607874015748
20
-3.0904072440944881
11
6.2860788582677163
21
-3.0904074409448818
0
LINE
8
BLACK
6
CONTINUOUS
10
6.2860788582677163
20
-3.0904074409448818
11
6.2860789370078738
21
-3.0904075590551181
0
LINE
8
BLACK
6
CONTINUOUS
10
6.2860789370078738
20
-3.0904075590551181
11
6.2880289763779524
21
-3.092783661417323
0
LINE
8
BLACK
6
CONTINUOUS
10
6.2880289763779524
20
-3.092783661417323
11
6.2907550787401574
21
-3.0961054724409447
0
LINE
8
BLACK
6
CONTINUOUS
10
6.2907550787401574
20
-3.0961054724409447
11
6.2907554330708662
21
-3.0961058267716535
0
LINE
8
BLACK
6
CONTINUOUS
10
6.2907554330708662
20
-3.0961058267716535
11
6.293412834645669
21
-3.0982866929133857
0
LINE
8
BLACK
6
CONTINUOUS
10
6.293412834645669
20
-3.0982866929133857
11
6.2964533858267719
21
-3.1007820078740158
0
LINE
8
BLACK
6
CONTINUOUS
10
6.2964533858267719
20
-3.1007820078740158
11
6.3029543307086611
21
-3.1042568110236219
0
LINE
8
BLACK
6
CONTINUOUS
10
6.3029543307086611
20
-3.1042568110236219
11
6.310008267716535
21
-3.1063966141732284
0
LINE
8
BLACK
6
CONTINUOUS
10
6.310008267716535
20
-3.1063966141732284
11
6.3100083464566925
21
-3.1063966141732284
0
LINE
8
BLACK
6
CONTINUOUS
10
6.3100083464566925
20
-3.1063966141732284
11
6.3100084645669288
21
-3.1063966535433072
0
LINE
8
BLACK
6
CONTINUOUS
10
6.3100084645669288
20
-3.1063966535433072
11
6.3173439763779529
21
-3.1071191338582675
0
LINE
8
BLACK
6
CONTINUOUS
10
6.3173439763779529
20
-3.1071191338582675
11
6.3173441338582679
21
-3.1071191338582675
0
LINE
8
BLACK
6
CONTINUOUS
10
6.3173441338582679
20
-3.1071191338582675
11
6.3173442913385829
21
-3.1071191338582675
0
LINE
8
BLACK
6
CONTINUOUS
10
6.3173442913385829
20
-3.1071191338582675
11
6.3246797637795273
21
-3.1063966535433072
0
LINE
8
BLACK
6
CONTINUOUS
10
6.3246797637795273
20
-3.1063966535433072
11
6.3246798031496061
21
-3.1063966141732284
0
LINE
8
BLACK
6
CONTINUOUS
10
6.3246798031496061
20
-3.1063966141732284
11
6.3246799999999999
21
-3.1063966141732284
0
LINE
8
BLACK
6
CONTINUOUS
10
6.3246799999999999
20
-3.1063966141732284
11
6.3317339370078738
21
-3.1042568110236219
0
LINE
8
BLACK
6
CONTINUOUS
10
6.3317339370078738
20
-3.1042568110236219
11
6.3382348818897638
21
-3.1007820078740158
0
LINE
8
BLACK
6
CONTINUOUS
10
6.3382348818897638
20
-3.1007820078740158
11
6.3439329921259837
21
-3.0961056692913385
0
LINE
8
BLACK
6
CONTINUOUS
10
6.3439329921259837
20
-3.0961056692913385
11
6.3486093307086611
21
-3.0904075590551181
0
LINE
8
BLACK
6
CONTINUOUS
10
6.3486093307086611
20
-3.0904075590551181
11
6.3520841338582672
21
-3.0839066141732281
0
LINE
8
BLACK
6
CONTINUOUS
10
6.3520841338582672
20
-3.0839066141732281
11
6.3542239370078741
21
-3.0768526771653542
0
LINE
8
BLACK
6
CONTINUOUS
10
6.3542239370078741
20
-3.0768526771653542
11
6.3549464566929128
21
-3.0695168110236222
0
LINE
8
BLACK
6
CONTINUOUS
10
6.3549464566929128
20
-3.0695168110236222
11
6.3549464566929128
21
-3.0695166141732284
0
LINE
8
BLACK
6
CONTINUOUS
10
6.3549464566929128
20
-3.0695166141732284
11
6.3542239763779529
21
-3.0621811417322835
0
LINE
8
BLACK
6
CONTINUOUS
10
6.3542239763779529
20
-3.0621811417322835
11
6.3542239370078741
21
-3.0621810236220472
0
LINE
8
BLACK
6
CONTINUOUS
10
6.3542239370078741
20
-3.0621810236220472
11
6.3542239370078741
21
-3.0621809448818897
0
LINE
8
BLACK
6
CONTINUOUS
10
6.3542239370078741
20
-3.0621809448818897
11
6.3520841338582672
21
-3.0551270078740158
0
LINE
8
BLACK
6
CONTINUOUS
10
6.3520841338582672
20
-3.0551270078740158
11
6.3486093307086611
21
-3.0486260629921258
0
LINE
8
BLACK
6
CONTINUOUS
10
6.3486093307086611
20
-3.0486260629921258
11
6.3461140157480314
21
-3.0455855118110238
0
LINE
8
BLACK
6
CONTINUOUS
10
6.3461140157480314
20
-3.0455855118110238
11
6.3439331496062987
21
-3.0429281102362205
0
LINE
8
BLACK
6
CONTINUOUS
10
6.3439331496062987
20
-3.0429281102362205
11
6.3439327952755908
21
-3.0429277559055117
0
LINE
8
BLACK
6
CONTINUOUS
10
6.3439327952755908
20
-3.0429277559055117
11
6.3406109842519687
21
-3.0402016535433072
0
LINE
8
BLACK
6
CONTINUOUS
10
6.3406109842519687
20
-3.0402016535433072
11
6.3382348818897638
21
-3.0382516141732281
0
LINE
8
BLACK
6
CONTINUOUS
10
6.3382348818897638
20
-3.0382516141732281
11
6.3382347637795275
21
-3.0382515354330706
0
LINE
8
BLACK
6
CONTINUOUS
10
6.3382347637795275
20
-3.0382515354330706
11
6.3382345669291338
21
-3.0382514173228348
0
LINE
8
BLACK
6
CONTINUOUS
10
6.3382345669291338
20
-3.0382514173228348
11
6.3317341338582676
21
-3.0347768897637795
0
LINE
8
BLACK
6
CONTINUOUS
10
6.3317341338582676
20
-3.0347768897637795
11
6.33173405511811
21
-3.0347768503937007
0
LINE
8
BLACK
6
CONTINUOUS
10
6.33173405511811
20
-3.0347768503937007
11
6.3246798818897636
21
-3.0326369685039372
0
LINE
8
BLACK
6
CONTINUOUS
10
6.3246798818897636
20
-3.0326369685039372
11
6.3246797637795273
21
-3.0326369291338584
0
LINE
8
BLACK
6
CONTINUOUS
10
6.3246797637795273
20
-3.0326369291338584
11
6.3173442913385829
21
-3.0319144881889764
0
LINE
8
BLACK
6
CONTINUOUS
10
6.3173442913385829
20
-3.0319144881889764
11
6.3173439763779529
21
-3.0319144881889764
0
LINE
8
BLACK
6
CONTINUOUS
10
6.3173439763779529
20
-3.0319144881889764
11
6.3100084645669288
21
-3.0326369291338584
0
LINE
8
BLACK
6
CONTINUOUS
10
6.3100084645669288
20
-3.0326369291338584
11
6.3100083464566925
21
-3.0326369685039372
0
LINE
8
BLACK
6
CONTINUOUS
10
6.3100083464566925
20
-3.0326369685039372
11
6.3029541732283461
21
-3.0347768503937007
0
LINE
8
BLACK
6
CONTINUOUS
10
6.3029541732283461
20
-3.0347768503937007
11
6.3029540944881886
21
-3.0347768897637795
0
LINE
8
BLACK
6
CONTINUOUS
10
6.3029540944881886
20
-3.0347768897637795
11
6.2964536614173223
21
-3.0382514173228348
0
LINE
8
BLACK
6
CONTINUOUS
10
6.2964536614173223
20
-3.0382514173228348
11
6.2964534251968498
21
-3.0382515748031493
0
LINE
8
BLACK
6
CONTINUOUS
10
6.2964534251968498
20
-3.0382515748031493
11
6.2907554330708662
21
-3.0429277559055117
0
LINE
8
BLACK
6
CONTINUOUS
10
6.2907554330708662
20
-3.0429277559055117
11
6.2907550787401574
21
-3.0429281102362205
0
LINE
8
BLACK
6
CONTINUOUS
10
6.2907550787401574
20
-3.0429281102362205
11
6.286078897637795
21
-3.0486261023622045
0
LINE
8
BLACK
6
CONTINUOUS
10
6.286078897637795
20
-3.0486261023622045
11
6.28607874015748
21
-3.0486263385826771
0
LINE
8
BLACK
6
CONTINUOUS
10
6.28607874015748
20
-3.0486263385826771
11
6.2826042125984252
21
-3.0551267716535433
0
LINE
8
BLACK
6
CONTINUOUS
10
6.2826042125984252
20
-3.0551267716535433
11
6.2826041732283464
21
-3.0551268503937008
0
LINE
8
BLACK
6
CONTINUOUS
10
6.2826041732283464
20
-3.0551268503937008
11
6.2804642913385829
21
-3.0621810236220472
0
LINE
8
BLACK
6
CONTINUOUS
10
6.2804642913385829
20
-3.0621810236220472
11
6.2804642519685041
21
-3.0621811417322835
0
LINE
8
BLACK
6
CONTINUOUS
10
6.2804642519685041
20
-3.0621811417322835
11
6.2797418110236221
21
-3.0695166141732284
0
LINE
8
BLACK
6
CONTINUOUS
10
6.2797418110236221
20
-3.0695166141732284
11
6.2797418110236221
21
-3.0695169685039367
0
LINE
8
BLACK
6
CONTINUOUS
10
6.2797418110236221
20
-3.0695169685039367
11
6.2804642519685041
21
-3.0768524409448816
0
LINE
8
BLACK
6
CONTINUOUS
10
6.6085032283464562
20
-2.9664835433070866
11
6.6085029133858262
21
-2.9664836220472441
0
LINE
8
BLACK
6
CONTINUOUS
10
6.6085029133858262
20
-2.9664836220472441
11
6.6027520472440946
21
-2.9688657086614172
0
LINE
8
BLACK
6
CONTINUOUS
10
6.6027520472440946
20
-2.9688657086614172
11
6.6027520078740158
21
-2.9688657086614172
0
LINE
8
BLACK
6
CONTINUOUS
10
6.6027520078740158
20
-2.9688657086614172
11
6.5978135433070868
21
-2.9726551181102363
0
LINE
8
BLACK
6
CONTINUOUS
10
6.5978135433070868
20
-2.9726551181102363
11
6.5978131496062993
21
-2.9726555118110234
0
LINE
8
BLACK
6
CONTINUOUS
10
6.5978131496062993
20
-2.9726555118110234
11
6.5940237401574802
21
-2.9775939763779529
0
LINE
8
BLACK
6
CONTINUOUS
10
6.5940237401574802
20
-2.9775939763779529
11
6.5940237401574802
21
-2.9775940157480316
0
LINE
8
BLACK
6
CONTINUOUS
10
6.5940237401574802
20
-2.9775940157480316
11
6.5916416535433067
21
-2.9833448818897637
0
LINE
8
BLACK
6
CONTINUOUS
10
6.5916416535433067
20
-2.9833448818897637
11
6.5916415748031492
21
-2.9833451968503937
0
LINE
8
BLACK
6
CONTINUOUS
10
6.5916415748031492
20
-2.9833451968503937
11
6.5908290944881891
21
-2.9895167716535433
0
LINE
8
BLACK
6
CONTINUOUS
10
6.5908290944881891
20
-2.9895167716535433
11
6.5908290944881891
21
-2.9895168110236221
0
LINE
8
BLACK
6
CONTINUOUS
10
6.5908290944881891
20
-2.9895168110236221
11
6.5916415748031492
21
-2.9956883858267718
0
LINE
8
BLACK
6
CONTINUOUS
10
6.5916415748031492
20
-2.9956883858267718
11
6.5916416535433067
21
-2.9956887007874013
0
LINE
8
BLACK
6
CONTINUOUS
10
6.5916416535433067
20
-2.9956887007874013
11
6.5940237401574802
21
-3.0014395669291338
0
LINE
8
BLACK
6
CONTINUOUS
10
6.5940237401574802
20
-3.0014395669291338
11
6.5940237401574802
21
-3.0014396062992126
0
LINE
8
BLACK
6
CONTINUOUS
10
6.5940237401574802
20
-3.0014396062992126
11
6.5940238188976377
21
-3.0014396850393701
0
LINE
8
BLACK
6
CONTINUOUS
10
6.5940238188976377
20
-3.0014396850393701
11
6.597813346456693
21
-3.0063783070866141
0
LINE
8
BLACK
6
CONTINUOUS
10
6.597813346456693
20
-3.0063783070866141
11
6.6027519685039371
21
-3.0101678346456691
0
LINE
8
BLACK
6
CONTINUOUS
10
6.6027519685039371
20
-3.0101678346456691
11
6.6085031102362199
21
-3.0125500393700788
0
LINE
8
BLACK
6
CONTINUOUS
10
6.6085031102362199
20
-3.0125500393700788
11
6.6131318897637792
21
-3.0131594094488188
0
LINE
8
BLACK
6
CONTINUOUS
10
6.6131318897637792
20
-3.0131594094488188
11
6.6146748031496063
21
-3.0133625590551181
0
LINE
8
BLACK
6
CONTINUOUS
10
6.6146748031496063
20
-3.0133625590551181
11
6.6146748425196851
21
-3.0133625590551181
0
LINE
8
BLACK
6
CONTINUOUS
10
6.6146748425196851
20
-3.0133625590551181
11
6.6146748818897638
21
-3.0133625590551181
0
LINE
8
BLACK
6
CONTINUOUS
10
6.6146748818897638
20
-3.0133625590551181
11
6.6159091732283466
21
-3.0132000393700786
0
LINE
8
BLACK
6
CONTINUOUS
10
6.6159091732283466
20
-3.0132000393700786
11
6.6208465748031493
21
-3.0125500393700788
0
LINE
8
BLACK
6
CONTINUOUS
10
6.6208465748031493
20
-3.0125500393700788
11
6.6265977165354331
21
-3.0101678346456691
0
LINE
8
BLACK
6
CONTINUOUS
10
6.6265977165354331
20
-3.0101678346456691
11
6.6315363385826771
21
-3.0063783070866141
0
LINE
8
BLACK
6
CONTINUOUS
10
6.6315363385826771
20
-3.0063783070866141
11
6.6353258661417325
21
-3.0014396850393701
0
LINE
8
BLACK
6
CONTINUOUS
10
6.6353258661417325
20
-3.0014396850393701
11
6.6377080708661413
21
-2.9956885433070863
0
LINE
8
BLACK
6
CONTINUOUS
10
6.6377080708661413
20
-2.9956885433070863
11
6.638520590551181
21
-2.9895168110236221
0
LINE
8
BLACK
6
CONTINUOUS
10
6.638520590551181
20
-2.9895168110236221
11
6.6377080708661413
21
-2.9833450787401574
0
LINE
8
BLACK
6
CONTINUOUS
10
6.6377080708661413
20
-2.9833450787401574
11
6.6353259055118112
21
-2.9775940157480316
0
LINE
8
BLACK
6
CONTINUOUS
10
6.6353259055118112
20
-2.9775940157480316
11
6.6353259055118112
21
-2.9775939763779529
0
LINE
8
BLACK
6
CONTINUOUS
10
6.6353259055118112
20
-2.9775939763779529
11
6.6315364960629921
21
-2.9726555118110234
0
LINE
8
BLACK
6
CONTINUOUS
10
6.6315364960629921
20
-2.9726555118110234
11
6.6315364566929134
21
-2.9726554724409446
0
LINE
8
BLACK
6
CONTINUOUS
10
6.6315364566929134
20
-2.9726554724409446
11
6.6315363385826771
21
-2.9726553149606301
0
LINE
8
BLACK
6
CONTINUOUS
10
6.6315363385826771
20
-2.9726553149606301
11
6.6315361417322833
21
-2.9726551574803151
0
LINE
8
BLACK
6
CONTINUOUS
10
6.6315361417322833
20
-2.9726551574803151
11
6.6315361023622046
21
-2.9726551181102363
0
LINE
8
BLACK
6
CONTINUOUS
10
6.6315361023622046
20
-2.9726551181102363
11
6.6265975984251968
21
-2.9688657086614172
0
LINE
8
BLACK
6
CONTINUOUS
10
6.6265975984251968
20
-2.9688657086614172
11
6.6208467322834643
21
-2.9664836220472441
0
LINE
8
BLACK
6
CONTINUOUS
10
6.6208467322834643
20
-2.9664836220472441
11
6.6208464173228343
21
-2.9664835433070866
0
LINE
8
BLACK
6
CONTINUOUS
10
6.6208464173228343
20
-2.9664835433070866
11
6.6146748818897638
21
-2.9656710629921261
0
LINE
8
BLACK
6
CONTINUOUS
10
6.6146748818897638
20
-2.9656710629921261
11
6.6146748031496063
21
-2.9656710629921261
0
LINE
8
BLACK
6
CONTINUOUS
10
6.6146748031496063
20
-2.9656710629921261
11
6.6085032283464562
21
-2.9664835433070866
0
LINE
8
BLACK
6
CONTINUOUS
10
7.3096474015748027
20
-4.7921427952755904
11
7.332227440944882
21
-4.7921427952755904
0
LINE
8
BLACK
6
CONTINUOUS
10
7.332227440944882
20
-4.7921427952755904
11
7.3333725984251963
21
-4.7901592913385826
0
LINE
8
BLACK
6
CONTINUOUS
10
7.3333725984251963
20
-4.7901592913385826
11
7.3370062992125984
21
-4.7865255905511814
0
LINE
8
BLACK
6
CONTINUOUS
10
7.3370062992125984
20
-4.7865255905511814
11
7.3414566535433066
21
-4.7839561811023623
0
LINE
8
BLACK
6
CONTINUOUS
10
7.3414566535433066
20
-4.7839561811023623
11
7.3464203937007868
21
-4.782626181102362
0
LINE
8
BLACK
6
CONTINUOUS
10
7.3464203937007868
20
-4.782626181102362
11
7.3489898031496059
21
-4.7824577559055115
0
LINE
8
BLACK
6
CONTINUOUS
10
7.3489898031496059
20
-4.7824577559055115
11
7.3586748425196848
21
-4.7824577559055115
0
LINE
8
BLACK
6
CONTINUOUS
10
7.3586748425196848
20
-4.7824577559055115
11
7.3586748425196848
21
-4.7615916535433067
0
LINE
8
BLACK
6
CONTINUOUS
10
7.3586748425196848
20
-4.7615916535433067
11
7.3586748031496061
21
-4.761591614173228
0
LINE
8
BLACK
6
CONTINUOUS
10
7.3586748031496061
20
-4.761591614173228
11
7.3469975984251965
21
-4.761591614173228
0
LINE
8
BLACK
6
CONTINUOUS
10
7.3469975984251965
20
-4.761591614173228
11
7.3410405905511809
21
-4.7621782677165356
0
LINE
8
BLACK
6
CONTINUOUS
10
7.3410405905511809
20
-4.7621782677165356
11
7.3410403543307083
21
-4.7621783070866144
0
LINE
8
BLACK
6
CONTINUOUS
10
7.3410403543307083
20
-4.7621783070866144
11
7.3333964173228345
21
-4.7644970866141731
0
LINE
8
BLACK
6
CONTINUOUS
10
7.3333964173228345
20
-4.7644970866141731
11
7.3263517716535436
21
-4.768262519685039
0
LINE
8
BLACK
6
CONTINUOUS
10
7.3263517716535436
20
-4.768262519685039
11
7.3201772047244091
21
-4.7733298425196846
0
LINE
8
BLACK
6
CONTINUOUS
10
7.3201772047244091
20
-4.7733298425196846
11
7.3201768503937004
21
-4.7733301968503934
0
LINE
8
BLACK
6
CONTINUOUS
10
7.3201768503937004
20
-4.7733301968503934
11
7.3151095275590547
21
-4.7795047637795278
0
LINE
8
BLACK
6
CONTINUOUS
10
7.3151095275590547
20
-4.7795047637795278
11
7.3113440944881889
21
-4.7865494094488188
0
LINE
8
BLACK
6
CONTINUOUS
10
7.3113440944881889
20
-4.7865494094488188
11
7.309647362204724
21
-4.7921427559055116
0
LINE
8
BLACK
6
CONTINUOUS
10
7.309647362204724
20
-4.7921427559055116
11
7.3096474015748027
21
-4.7921427952755904
0
LINE
8
BLACK
6
CONTINUOUS
10
7.206589094488189
20
-4.7537003149606294
11
7.2094994488188977
21
-4.7582289763779526
0
LINE
8
BLACK
6
CONTINUOUS
10
7.2094994488188977
20
-4.7582289763779526
11
7.2135678346456693
21
-4.7617542125984249
0
LINE
8
BLACK
6
CONTINUOUS
10
7.2135678346456693
20
-4.7617542125984249
11
7.2135678740157481
21
-4.7617542125984249
0
LINE
8
BLACK
6
CONTINUOUS
10
7.2135678740157481
20
-4.7617542125984249
11
7.2135679133858268
21
-4.7617542519685037
0
LINE
8
BLACK
6
CONTINUOUS
10
7.2135679133858268
20
-4.7617542519685037
11
7.2184643700787401
21
-4.763990433070866
0
LINE
8
BLACK
6
CONTINUOUS
10
7.2184643700787401
20
-4.763990433070866
11
7.2184644881889763
21
-4.763990433070866
0
LINE
8
BLACK
6
CONTINUOUS
10
7.2184644881889763
20
-4.763990433070866
11
7.2184645275590551
21
-4.7639904724409448
0
LINE
8
BLACK
6
CONTINUOUS
10
7.2184645275590551
20
-4.7639904724409448
11
7.2184645669291339
21
-4.7639904724409448
0
LINE
8
BLACK
6
CONTINUOUS
10
7.2184645669291339
20
-4.7639904724409448
11
7.2184647244094489
21
-4.7639905118110235
0
LINE
8
BLACK
6
CONTINUOUS
10
7.2184647244094489
20
-4.7639905118110235
11
7.22245374015748
21
-4.7645640551181101
0
LINE
8
BLACK
6
CONTINUOUS
10
7.22245374015748
20
-4.7645640551181101
11
7.2224539370078737
21
-4.7645640551181101
0
LINE
8
BLACK
6
CONTINUOUS
10
7.2224539370078737
20
-4.7645640551181101
11
7.2251321653543306
21
-4.7645640551181101
0
LINE
8
BLACK
6
CONTINUOUS
10
7.2251321653543306
20
-4.7645640551181101
11
7.2291211417322829
21
-4.7639905118110235
0
LINE
8
BLACK
6
CONTINUOUS
10
7.2291211417322829
20
-4.7639905118110235
11
7.2291211811023617
21
-4.7639904724409448
0
LINE
8
BLACK
6
CONTINUOUS
10
7.2291211811023617
20
-4.7639904724409448
11
7.2291213779527554
21
-4.7639904724409448
0
LINE
8
BLACK
6
CONTINUOUS
10
7.2291213779527554
20
-4.7639904724409448
11
7.2291214173228342
21
-4.763990433070866
0
LINE
8
BLACK
6
CONTINUOUS
10
7.2291214173228342
20
-4.763990433070866
11
7.2291214960629917
21
-4.763990433070866
0
LINE
8
BLACK
6
CONTINUOUS
10
7.2291214960629917
20
-4.763990433070866
11
7.2315697244094483
21
-4.7628723228346459
0
LINE
8
BLACK
6
CONTINUOUS
10
7.2315697244094483
20
-4.7628723228346459
11
7.2340180708661412
21
-4.7617542125984249
0
LINE
8
BLACK
6
CONTINUOUS
10
7.2340180708661412
20
-4.7617542125984249
11
7.2380864566929128
21
-4.7582289763779526
0
LINE
8
BLACK
6
CONTINUOUS
10
7.2380864566929128
20
-4.7582289763779526
11
7.2409968110236216
21
-4.7537003149606294
0
LINE
8
BLACK
6
CONTINUOUS
10
7.2409968110236216
20
-4.7537003149606294
11
7.2425134251968499
21
-4.7485351968503933
0
LINE
8
BLACK
6
CONTINUOUS
10
7.2425134251968499
20
-4.7485351968503933
11
7.2425134251968499
21
-4.7431519685039367
0
LINE
8
BLACK
6
CONTINUOUS
10
7.2425134251968499
20
-4.7431519685039367
11
7.2409968110236216
21
-4.7379868503937006
0
LINE
8
BLACK
6
CONTINUOUS
10
7.2409968110236216
20
-4.7379868503937006
11
7.2380864566929128
21
-4.7334581889763783
0
LINE
8
BLACK
6
CONTINUOUS
10
7.2380864566929128
20
-4.7334581889763783
11
7.2340180708661412
21
-4.7299329527559051
0
LINE
8
BLACK
6
CONTINUOUS
10
7.2340180708661412
20
-4.7299329527559051
11
7.2340179921259837
21
-4.7299329133858263
0
LINE
8
BLACK
6
CONTINUOUS
10
7.2340179921259837
20
-4.7299329133858263
11
7.234017952755905
21
-4.7299328740157476
0
LINE
8
BLACK
6
CONTINUOUS
10
7.234017952755905
20
-4.7299328740157476
11
7.2291214960629917
21
-4.7276966929133861
0
LINE
8
BLACK
6
CONTINUOUS
10
7.2291214960629917
20
-4.7276966929133861
11
7.2291211417322829
21
-4.7276966141732286
0
LINE
8
BLACK
6
CONTINUOUS
10
7.2291211417322829
20
-4.7276966141732286
11
7.2251321653543306
21
-4.7271231102362208
0
LINE
8
BLACK
6
CONTINUOUS
10
7.2251321653543306
20
-4.7271231102362208
11
7.2251319685039368
21
-4.7271231102362208
0
LINE
8
BLACK
6
CONTINUOUS
10
7.2251319685039368
20
-4.7271231102362208
11
7.2224539370078737
21
-4.7271231102362208
0
LINE
8
BLACK
6
CONTINUOUS
10
7.2224539370078737
20
-4.7271231102362208
11
7.22245374015748
21
-4.7271231102362208
0
LINE
8
BLACK
6
CONTINUOUS
10
7.22245374015748
20
-4.7271231102362208
11
7.2184647244094489
21
-4.7276966141732286
0
LINE
8
BLACK
6
CONTINUOUS
10
7.2184647244094489
20
-4.7276966141732286
11
7.2184643700787401
21
-4.7276966929133861
0
LINE
8
BLACK
6
CONTINUOUS
10
7.2184643700787401
20
-4.7276966929133861
11
7.2135679133858268
21
-4.7299328740157476
0
LINE
8
BLACK
6
CONTINUOUS
10
7.2135679133858268
20
-4.7299328740157476
11
7.2094994881889765
21
-4.7334581496062995
0
LINE
8
BLACK
6
CONTINUOUS
10
7.2094994881889765
20
-4.7334581496062995
11
7.2094994488188977
21
-4.7334581889763783
0
LINE
8
BLACK
6
CONTINUOUS
10
7.2094994488188977
20
-4.7334581889763783
11
7.206589094488189
21
-4.7379868503937006
0
LINE
8
BLACK
6
CONTINUOUS
10
7.206589094488189
20
-4.7379868503937006
11
7.2065890551181102
21
-4.7379869291338581
0
LINE
8
BLACK
6
CONTINUOUS
10
7.2065890551181102
20
-4.7379869291338581
11
7.2050724803149606
21
-4.7431518897637792
0
LINE
8
BLACK
6
CONTINUOUS
10
7.2050724803149606
20
-4.7431518897637792
11
7.2050724803149606
21
-4.7431519685039367
0
LINE
8
BLACK
6
CONTINUOUS
10
7.2050724803149606
20
-4.7431519685039367
11
7.2050724803149606
21
-4.7485351968503933
0
LINE
8
BLACK
6
CONTINUOUS
10
7.2050724803149606
20
-4.7485351968503933
11
7.206589094488189
21
-4.7537003149606294
0
LINE
8
BLACK
6
CONTINUOUS
10
7.2055151181102364
20
-4.5224836220472442
11
7.206589094488189
21
-4.5261412598425199
0
LINE
8
BLACK
6
CONTINUOUS
10
7.206589094488189
20
-4.5261412598425199
11
7.2094994488188977
21
-4.5306699212598422
0
LINE
8
BLACK
6
CONTINUOUS
10
7.2094994488188977
20
-4.5306699212598422
11
7.2135678346456693
21
-4.5341951574803145
0
LINE
8
BLACK
6
CONTINUOUS
10
7.2135678346456693
20
-4.5341951574803145
11
7.2135678740157481
21
-4.5341951574803145
0
LINE
8
BLACK
6
CONTINUOUS
10
7.2135678740157481
20
-4.5341951574803145
11
7.2135679133858268
21
-4.5341951968503933
0
LINE
8
BLACK
6
CONTINUOUS
10
7.2135679133858268
20
-4.5341951968503933
11
7.2184643700787401
21
-4.5364313779527556
0
LINE
8
BLACK
6
CONTINUOUS
10
7.2184643700787401
20
-4.5364313779527556
11
7.2184644881889763
21
-4.5364313779527556
0
LINE
8
BLACK
6
CONTINUOUS
10
7.2184644881889763
20
-4.5364313779527556
11
7.2184645275590551
21
-4.5364314173228344
0
LINE
8
BLACK
6
CONTINUOUS
10
7.2184645275590551
20
-4.5364314173228344
11
7.2184645669291339
21
-4.5364314173228344
0
LINE
8
BLACK
6
CONTINUOUS
10
7.2184645669291339
20
-4.5364314173228344
11
7.2184647244094489
21
-4.5364314566929131
0
LINE
8
BLACK
6
CONTINUOUS
10
7.2184647244094489
20
-4.5364314566929131
11
7.22245374015748
21
-4.5370049999999997
0
LINE
8
BLACK
6
CONTINUOUS
10
7.22245374015748
20
-4.5370049999999997
11
7.2224539370078737
21
-4.5370049999999997
0
LINE
8
BLACK
6
CONTINUOUS
10
7.2224539370078737
20
-4.5370049999999997
11
7.2251321653543306
21
-4.5370049999999997
0
LINE
8
BLACK
6
CONTINUOUS
10
7.2251321653543306
20
-4.5370049999999997
11
7.2291211417322829
21
-4.5364314566929131
0
LINE
8
BLACK
6
CONTINUOUS
10
7.2291211417322829
20
-4.5364314566929131
11
7.2291211811023617
21
-4.5364314173228344
0
LINE
8
BLACK
6
CONTINUOUS
10
7.2291211811023617
20
-4.5364314173228344
11
7.2291213779527554
21
-4.5364314173228344
0
LINE
8
BLACK
6
CONTINUOUS
10
7.2291213779527554
20
-4.5364314173228344
11
7.2291214173228342
21
-4.5364313779527556
0
LINE
8
BLACK
6
CONTINUOUS
10
7.2291214173228342
20
-4.5364313779527556
11
7.2291214960629917
21
-4.5364313779527556
0
LINE
8
BLACK
6
CONTINUOUS
10
7.2291214960629917
20
-4.5364313779527556
11
7.2331446850393695
21
-4.5345940157480316
0
LINE
8
BLACK
6
CONTINUOUS
10
7.2331446850393695
20
-4.5345940157480316
11
7.2340180708661412
21
-4.5341951574803145
0
LINE
8
BLACK
6
CONTINUOUS
10
7.2340180708661412
20
-4.5341951574803145
11
7.2380864566929128
21
-4.5306699212598422
0
LINE
8
BLACK
6
CONTINUOUS
10
7.2380864566929128
20
-4.5306699212598422
11
7.2409968110236216
21
-4.5261412598425199
0
LINE
8
BLACK
6
CONTINUOUS
10
7.2409968110236216
20
-4.5261412598425199
11
7.2425134251968499
21
-4.5209761417322838
0
LINE
8
BLACK
6
CONTINUOUS
10
7.2425134251968499
20
-4.5209761417322838
11
7.2425134251968499
21
-4.5155929133858264
0
LINE
8
BLACK
6
CONTINUOUS
10
7.2425134251968499
20
-4.5155929133858264
11
7.2409968110236216
21
-4.5104277952755902
0
LINE
8
BLACK
6
CONTINUOUS
10
7.2409968110236216
20
-4.5104277952755902
11
7.2380864566929128
21
-4.5058991338582679
0
LINE
8
BLACK
6
CONTINUOUS
10
7.2380864566929128
20
-4.5058991338582679
11
7.2340180708661412
21
-4.5023738976377956
0
LINE
8
BLACK
6
CONTINUOUS
10
7.2340180708661412
20
-4.5023738976377956
11
7.2340179921259837
21
-4.5023738582677169
0
LINE
8
BLACK
6
CONTINUOUS
10
7.2340179921259837
20
-4.5023738582677169
11
7.234017952755905
21
-4.5023738188976381
0
LINE
8
BLACK
6
CONTINUOUS
10
7.234017952755905
20
-4.5023738188976381
11
7.2291214960629917
21
-4.5001376377952758
0
LINE
8
BLACK
6
CONTINUOUS
10
7.2291214960629917
20
-4.5001376377952758
11
7.2291211417322829
21
-4.5001375590551183
0
LINE
8
BLACK
6
CONTINUOUS
10
7.2291211417322829
20
-4.5001375590551183
11
7.2251321653543306
21
-4.4995640551181104
0
LINE
8
BLACK
6
CONTINUOUS
10
7.2251321653543306
20
-4.4995640551181104
11
7.2251319685039368
21
-4.4995640551181104
0
LINE
8
BLACK
6
CONTINUOUS
10
7.2251319685039368
20
-4.4995640551181104
11
7.2224539370078737
21
-4.4995640551181104
0
LINE
8
BLACK
6
CONTINUOUS
10
7.2224539370078737
20
-4.4995640551181104
11
7.22245374015748
21
-4.4995640551181104
0
LINE
8
BLACK
6
CONTINUOUS
10
7.22245374015748
20
-4.4995640551181104
11
7.2184647244094489
21
-4.5001375590551183
0
LINE
8
BLACK
6
CONTINUOUS
10
7.2184647244094489
20
-4.5001375590551183
11
7.2184643700787401
21
-4.5001376377952758
0
LINE
8
BLACK
6
CONTINUOUS
10
7.2184643700787401
20
-4.5001376377952758
11
7.2135679133858268
21
-4.5023738188976381
0
LINE
8
BLACK
6
CONTINUOUS
10
7.2135679133858268
20
-4.5023738188976381
11
7.2104446062992125
21
-4.5050801574803145
0
LINE
8
BLACK
6
CONTINUOUS
10
7.2104446062992125
20
-4.5050801574803145
11
7.2094994488188977
21
-4.5058991338582679
0
LINE
8
BLACK
6
CONTINUOUS
10
7.2094994488188977
20
-4.5058991338582679
11
7.2071249606299208
21
-4.5095939763779525
0
LINE
8
BLACK
6
CONTINUOUS
10
7.2071249606299208
20
-4.5095939763779525
11
7.2065890551181102
21
-4.5104278740157477
0
LINE
8
BLACK
6
CONTINUOUS
10
7.2065890551181102
20
-4.5104278740157477
11
7.2050724803149606
21
-4.5155928346456689
0
LINE
8
BLACK
6
CONTINUOUS
10
7.2050724803149606
20
-4.5155928346456689
11
7.2050724803149606
21
-4.5209761811023625
0
LINE
8
BLACK
6
CONTINUOUS
10
7.2050724803149606
20
-4.5209761811023625
11
7.2055151181102364
21
-4.5224836220472442
0
LINE
8
BLACK
6
CONTINUOUS
10
7.2187317716535429
20
-4.4905286220472442
11
7.2108577559055114
21
-4.4826546062992128
0
LINE
8
BLACK
6
CONTINUOUS
10
7.2108577559055114
20
-4.4826546062992128
11
7.1973580708661418
21
-4.4826546062992128
0
LINE
8
BLACK
6
CONTINUOUS
10
7.1973580708661418
20
-4.4826546062992128
11
7.1894840551181103
21
-4.4905286220472442
0
LINE
8
BLACK
6
CONTINUOUS
10
7.1894840551181103
20
-4.4905286220472442
11
7.2187317716535429
21
-4.4905286220472442
0
LINE
8
BLACK
6
CONTINUOUS
10
7.1559081889763778
20
-4.4702271259842519
11
7.1585511023622042
21
-4.4763541338582673
0
LINE
8
BLACK
6
CONTINUOUS
10
7.1585511023622042
20
-4.4763541338582673
11
7.1625355905511805
21
-4.4817062204724412
0
LINE
8
BLACK
6
CONTINUOUS
10
7.1625355905511805
20
-4.4817062204724412
11
7.162535669291338
21
-4.4817062992125987
0
LINE
8
BLACK
6
CONTINUOUS
10
7.162535669291338
20
-4.4817062992125987
11
7.1668485039370076
21
-4.4853252362204721
0
LINE
8
BLACK
6
CONTINUOUS
10
7.1668485039370076
20
-4.4853252362204721
11
7.1727162598425194
21
-4.4794574409448815
0
LINE
8
BLACK
6
CONTINUOUS
10
7.1727162598425194
20
-4.4794574409448815
11
7.1708559448818896
21
-4.4783833858267714
0
LINE
8
BLACK
6
CONTINUOUS
10
7.1708559448818896
20
-4.4783833858267714
11
7.1670405511811026
21
-4.4745679921259844
0
LINE
8
BLACK
6
CONTINUOUS
10
7.1670405511811026
20
-4.4745679921259844
11
7.1643426771653544
21
-4.4698951181102364
0
LINE
8
BLACK
6
CONTINUOUS
10
7.1643426771653544
20
-4.4698951181102364
11
7.1629461417322835
21
-4.4646831889763776
0
LINE
8
BLACK
6
CONTINUOUS
10
7.1629461417322835
20
-4.4646831889763776
11
7.1629461417322835
21
-4.4592874409448822
0
LINE
8
BLACK
6
CONTINUOUS
10
7.1629461417322835
20
-4.4592874409448822
11
7.1643426771653544
21
-4.4540755118110233
0
LINE
8
BLACK
6
CONTINUOUS
10
7.1643426771653544
20
-4.4540755118110233
11
7.1670405511811026
21
-4.4494026377952753
0
LINE
8
BLACK
6
CONTINUOUS
10
7.1670405511811026
20
-4.4494026377952753
11
7.1708559448818896
21
-4.4455872440944884
0
LINE
8
BLACK
6
CONTINUOUS
10
7.1708559448818896
20
-4.4455872440944884
11
7.1727162992125981
21
-4.4445131496062995
0
LINE
8
BLACK
6
CONTINUOUS
10
7.1727162992125981
20
-4.4445131496062995
11
7.1669014173228343
21
-4.4386982677165356
0
LINE
8
BLACK
6
CONTINUOUS
10
7.1669014173228343
20
-4.4386982677165356
11
7.1649664566929134
21
-4.4399709448818898
0
LINE
8
BLACK
6
CONTINUOUS
10
7.1649664566929134
20
-4.4399709448818898
11
7.1603875196850391
21
-4.4448242913385823
0
LINE
8
BLACK
6
CONTINUOUS
10
7.1603875196850391
20
-4.4448242913385823
11
7.1603874803149603
21
-4.4448242913385823
0
LINE
8
BLACK
6
CONTINUOUS
10
7.1603874803149603
20
-4.4448242913385823
11
7.1570512598425191
21
-4.4506028740157477
0
LINE
8
BLACK
6
CONTINUOUS
10
7.1570512598425191
20
-4.4506028740157477
11
7.1551375590551176
21
-4.4569949212598425
0
LINE
8
BLACK
6
CONTINUOUS
10
7.1551375590551176
20
-4.4569949212598425
11
7.1547496062992124
21
-4.4636562598425193
0
LINE
8
BLACK
6
CONTINUOUS
10
7.1547496062992124
20
-4.4636562598425193
11
7.1559081889763778
21
-4.4702271259842519
0
LINE
8
BLACK
6
CONTINUOUS
10
7.3096474015748027
20
-4.4519853149606297
11
7.332227440944882
21
-4.4519853149606297
0
LINE
8
BLACK
6
CONTINUOUS
10
7.332227440944882
20
-4.4519853149606297
11
7.3333725984251963
21
-4.4500018110236219
0
LINE
8
BLACK
6
CONTINUOUS
10
7.3333725984251963
20
-4.4500018110236219
11
7.3370062992125984
21
-4.4463681102362207
0
LINE
8
BLACK
6
CONTINUOUS
10
7.3370062992125984
20
-4.4463681102362207
11
7.3414566535433066
21
-4.4437987007874016
0
LINE
8
BLACK
6
CONTINUOUS
10
7.3414566535433066
20
-4.4437987007874016
11
7.3464203937007868
21
-4.4424687007874013
0
LINE
8
BLACK
6
CONTINUOUS
10
7.3464203937007868
20
-4.4424687007874013
11
7.3489898031496059
21
-4.4423002755905507
0
LINE
8
BLACK
6
CONTINUOUS
10
7.3489898031496059
20
-4.4423002755905507
11
7.3586748425196848
21
-4.4423002755905507
0
LINE
8
BLACK
6
CONTINUOUS
10
7.3586748425196848
20
-4.4423002755905507
11
7.3586748425196848
21
-4.421434173228346
0
LINE
8
BLACK
6
CONTINUOUS
10
7.3586748425196848
20
-4.421434173228346
11
7.3586748031496061
21
-4.4214341338582672
0
LINE
8
BLACK
6
CONTINUOUS
10
7.3586748031496061
20
-4.4214341338582672
11
7.3469975984251965
21
-4.4214341338582672
0
LINE
8
BLACK
6
CONTINUOUS
10
7.3469975984251965
20
-4.4214341338582672
11
7.3410405905511809
21
-4.4220207874015749
0
LINE
8
BLACK
6
CONTINUOUS
10
7.3410405905511809
20
-4.4220207874015749
11
7.3410403543307083
21
-4.4220208267716536
0
LINE
8
BLACK
6
CONTINUOUS
10
7.3410403543307083
20
-4.4220208267716536
11
7.3333964173228345
21
-4.4243396062992124
0
LINE
8
BLACK
6
CONTINUOUS
10
7.3333964173228345
20
-4.4243396062992124
11
7.3263517716535436
21
-4.4281050393700783
0
LINE
8
BLACK
6
CONTINUOUS
10
7.3263517716535436
20
-4.4281050393700783
11
7.3201772047244091
21
-4.4331723622047239
0
LINE
8
BLACK
6
CONTINUOUS
10
7.3201772047244091
20
-4.4331723622047239
11
7.3201768503937004
21
-4.4331727165354327
0
LINE
8
BLACK
6
CONTINUOUS
10
7.3201768503937004
20
-4.4331727165354327
11
7.3151095275590547
21
-4.4393472834645671
0
LINE
8
BLACK
6
CONTINUOUS
10
7.3151095275590547
20
-4.4393472834645671
11
7.3113440944881889
21
-4.4463919291338581
0
LINE
8
BLACK
6
CONTINUOUS
10
7.3113440944881889
20
-4.4463919291338581
11
7.309647362204724
21
-4.4519852755905509
0
LINE
8
BLACK
6
CONTINUOUS
10
7.309647362204724
20
-4.4519852755905509
11
7.3096474015748027
21
-4.4519853149606297
0
CIRCLE
8
BLACK
10
6.8886748425196851
20
-3.0975168110236222
40
0.0068897637795276
0
CIRCLE
8
BLACK
10
4.0886748425196853
20
-3.0975168110236222
40
0.0068897637795276
0
CIRCLE
8
BLACK
10
4.0886748425196853
20
-4.6975168110236218
40
0.0068897637795276
0
CIRCLE
8
BLACK
10
4.493399251968504
20
-3.4644459448818896
40
0.0068897637795276
0
CIRCLE
8
BLACK
10
4.296548858267716
20
-3.4644459448818896
40
0.0068897637795276
0
CIRCLE
8
BLACK
10
6.8886748425196851
20
-4.6975168110236218
40
0.0068897637795276
0
CIRCLE
8
BLACK
10
6.1252181496062992
20
-3.0695168110236222
40
0.0068897637795276
0
CIRCLE
8
BLACK
10
6.3173441338582679
20
-3.0695168110236222
40
0.0068897637795276
0
CIRCLE
8
BLACK
10
7.2237929527559057
20
-4.5182845275590546
40
0.0068897637795276
0
CIRCLE
8
BLACK
10
7.2237929527559057
20
-4.745843582677165
40
0.0068897637795276
0
LINE
8
BLACK
6
CONTINUOUS
10
7.3859645275590546
20
-4.4502753543307083
11
7.3889427559055116
21
-4.4510733464566927
0
LINE
8
BLACK
6
CONTINUOUS
10
7.3889427559055116
20
-4.4510733464566927
11
7.3916129527559056
21
-4.4526149999999998
0
LINE
8
BLACK
6
CONTINUOUS
10
7.3916129527559056
20
-4.4526149999999998
11
7.3937931889763782
21
-4.4547952362204724
0
LINE
8
BLACK
6
CONTINUOUS
10
7.3937931889763782
20
-4.4547952362204724
11
7.3953348425196852
21
-4.4574654330708663
0
LINE
8
BLACK
6
CONTINUOUS
10
7.3953348425196852
20
-4.4574654330708663
11
7.3961328346456687
21
-4.4604436614173224
0
LINE
8
BLACK
6
CONTINUOUS
10
7.3961328346456687
20
-4.4604436614173224
11
7.3961328346456687
21
-4.4635269685039365
0
LINE
8
BLACK
6
CONTINUOUS
10
7.3961328346456687
20
-4.4635269685039365
11
7.3953348425196852
21
-4.4665051968503935
0
LINE
8
BLACK
6
CONTINUOUS
10
7.3953348425196852
20
-4.4665051968503935
11
7.3937931889763782
21
-4.4691753937007874
0
LINE
8
BLACK
6
CONTINUOUS
10
7.3937931889763782
20
-4.4691753937007874
11
7.3916129527559056
21
-4.47135562992126
0
LINE
8
BLACK
6
CONTINUOUS
10
7.3916129527559056
20
-4.47135562992126
11
7.3889427559055116
21
-4.4728972834645671
0
LINE
8
BLACK
6
CONTINUOUS
10
7.3889427559055116
20
-4.4728972834645671
11
7.3859645275590546
21
-4.4736952755905515
0
LINE
8
BLACK
6
CONTINUOUS
10
7.3859645275590546
20
-4.4736952755905515
11
7.3844228740157476
21
-4.4737963385826767
0
LINE
8
BLACK
6
CONTINUOUS
10
7.3844228740157476
20
-4.4737963385826767
11
7.3529268110236217
21
-4.4737963385826767
0
LINE
8
BLACK
6
CONTINUOUS
10
7.3529268110236217
20
-4.4737963385826767
11
7.3513851574803146
21
-4.4736952755905515
0
LINE
8
BLACK
6
CONTINUOUS
10
7.3513851574803146
20
-4.4736952755905515
11
7.3484069291338585
21
-4.4728972834645671
0
LINE
8
BLACK
6
CONTINUOUS
10
7.3484069291338585
20
-4.4728972834645671
11
7.3457367322834646
21
-4.47135562992126
0
LINE
8
BLACK
6
CONTINUOUS
10
7.3457367322834646
20
-4.47135562992126
11
7.343556496062992
21
-4.4691753937007874
0
LINE
8
BLACK
6
CONTINUOUS
10
7.343556496062992
20
-4.4691753937007874
11
7.3420148425196849
21
-4.4665051968503935
0
LINE
8
BLACK
6
CONTINUOUS
10
7.3420148425196849
20
-4.4665051968503935
11
7.3412168503937005
21
-4.4635269685039365
0
LINE
8
BLACK
6
CONTINUOUS
10
7.3412168503937005
20
-4.4635269685039365
11
7.3412168503937005
21
-4.4604436614173224
0
LINE
8
BLACK
6
CONTINUOUS
10
7.3412168503937005
20
-4.4604436614173224
11
7.3420148425196849
21
-4.4574654330708663
0
LINE
8
BLACK
6
CONTINUOUS
10
7.3420148425196849
20
-4.4574654330708663
11
7.343556496062992
21
-4.4547952362204724
0
LINE
8
BLACK
6
CONTINUOUS
10
7.343556496062992
20
-4.4547952362204724
11
7.3457367322834646
21
-4.4526149999999998
0
LINE
8
BLACK
6
CONTINUOUS
10
7.3457367322834646
20
-4.4526149999999998
11
7.3484069291338585
21
-4.4510733464566927
0
LINE
8
BLACK
6
CONTINUOUS
10
7.3484069291338585
20
-4.4510733464566927
11
7.3513851574803146
21
-4.4502753543307083
0
LINE
8
BLACK
6
CONTINUOUS
10
7.3513851574803146
20
-4.4502753543307083
11
7.3529268110236217
21
-4.4501742913385822
0
LINE
8
BLACK
6
CONTINUOUS
10
7.3529268110236217
20
-4.4501742913385822
11
7.3844228740157476
21
-4.4501742913385822
0
LINE
8
BLACK
6
CONTINUOUS
10
7.3844228740157476
20
-4.4501742913385822
11
7.3859645275590546
21
-4.4502753543307083
0
LINE
8
BLACK
6
CONTINUOUS
10
7.3859645275590546
20
-4.790432834645669
11
7.3889427559055116
21
-4.7912308267716535
0
LINE
8
BLACK
6
CONTINUOUS
10
7.3889427559055116
20
-4.7912308267716535
11
7.3916129527559056
21
-4.7927724803149605
0
LINE
8
BLACK
6
CONTINUOUS
10
7.3916129527559056
20
-4.7927724803149605
11
7.3937931889763782
21
-4.7949527165354331
0
LINE
8
BLACK
6
CONTINUOUS
10
7.3937931889763782
20
-4.7949527165354331
11
7.3953348425196852
21
-4.797622913385827
0
LINE
8
BLACK
6
CONTINUOUS
10
7.3953348425196852
20
-4.797622913385827
11
7.3961328346456687
21
-4.8006011417322831
0
LINE
8
BLACK
6
CONTINUOUS
10
7.3961328346456687
20
-4.8006011417322831
11
7.3961328346456687
21
-4.8036844488188972
0
LINE
8
BLACK
6
CONTINUOUS
10
7.3961328346456687
20
-4.8036844488188972
11
7.3953348425196852
21
-4.8066626771653542
0
LINE
8
BLACK
6
CONTINUOUS
10
7.3953348425196852
20
-4.8066626771653542
11
7.3937931889763782
21
-4.8093328740157482
0
LINE
8
BLACK
6
CONTINUOUS
10
7.3937931889763782
20
-4.8093328740157482
11
7.3916129527559056
21
-4.8115131102362207
0
LINE
8
BLACK
6
CONTINUOUS
10
7.3916129527559056
20
-4.8115131102362207
11
7.3889427559055116
21
-4.8130547637795278
0
LINE
8
BLACK
6
CONTINUOUS
10
7.3889427559055116
20
-4.8130547637795278
11
7.3859645275590546
21
-4.8138527559055113
0
LINE
8
BLACK
6
CONTINUOUS
10
7.3859645275590546
20
-4.8138527559055113
11
7.3844228740157476
21
-4.8139538188976374
0
LINE
8
BLACK
6
CONTINUOUS
10
7.3844228740157476
20
-4.8139538188976374
11
7.3529268110236217
21
-4.8139538188976374
0
LINE
8
BLACK
6
CONTINUOUS
10
7.3529268110236217
20
-4.8139538188976374
11
7.3513851574803146
21
-4.8138527559055113
0
LINE
8
BLACK
6
CONTINUOUS
10
7.3513851574803146
20
-4.8138527559055113
11
7.3484069291338585
21
-4.8130547637795278
0
LINE
8
BLACK
6
CONTINUOUS
10
7.3484069291338585
20
-4.8130547637795278
11
7.3457367322834646
21
-4.8115131102362207
0
LINE
8
BLACK
6
CONTINUOUS
10
7.3457367322834646
20
-4.8115131102362207
11
7.343556496062992
21
-4.8093328740157482
0
LINE
8
BLACK
6
CONTINUOUS
10
7.343556496062992
20
-4.8093328740157482
11
7.3420148425196849
21
-4.8066626771653542
0
LINE
8
BLACK
6
CONTINUOUS
10
7.3420148425196849
20
-4.8066626771653542
11
7.3412168503937005
21
-4.8036844488188972
0
LINE
8
BLACK
6
CONTINUOUS
10
7.3412168503937005
20
-4.8036844488188972
11
7.3412168503937005
21
-4.8006011417322831
0
LINE
8
BLACK
6
CONTINUOUS
10
7.3412168503937005
20
-4.8006011417322831
11
7.3420148425196849
21
-4.797622913385827
0
LINE
8
BLACK
6
CONTINUOUS
10
7.3420148425196849
20
-4.797622913385827
11
7.343556496062992
21
-4.7949527165354331
0
LINE
8
BLACK
6
CONTINUOUS
10
7.343556496062992
20
-4.7949527165354331
11
7.3457367322834646
21
-4.7927724803149605
0
LINE
8
BLACK
6
CONTINUOUS
10
7.3457367322834646
20
-4.7927724803149605
11
7.3484069291338585
21
-4.7912308267716535
0
LINE
8
BLACK
6
CONTINUOUS
10
7.3484069291338585
20
-4.7912308267716535
11
7.3513851574803146
21
-4.790432834645669
0
LINE
8
BLACK
6
CONTINUOUS
10
7.3513851574803146
20
-4.790432834645669
11
7.3529268110236217
21
-4.790331771653543
0
LINE
8
BLACK
6
CONTINUOUS
10
7.3529268110236217
20
-4.790331771653543
11
7.3844228740157476
21
-4.790331771653543
0
LINE
8
BLACK
6
CONTINUOUS
10
7.3844228740157476
20
-4.790331771653543
11
7.3859645275590546
21
-4.790432834645669
0
LINE
8
BLACK
6
CONTINUOUS
10
7.2273031102362202
20
-4.4502753543307083
11
7.2302813385826772
21
-4.4510733464566927
0
LINE
8
BLACK
6
CONTINUOUS
10
7.2302813385826772
20
-4.4510733464566927
11
7.2329515354330711
21
-4.4526149999999998
0
LINE
8
BLACK
6
CONTINUOUS
10
7.2329515354330711
20
-4.4526149999999998
11
7.2351317716535428
21
-4.4547952362204724
0
LINE
8
BLACK
6
CONTINUOUS
10
7.2351317716535428
20
-4.4547952362204724
11
7.2366734251968499
21
-4.4574654330708663
0
LINE
8
BLACK
6
CONTINUOUS
10
7.2366734251968499
20
-4.4574654330708663
11
7.2374714173228343
21
-4.4604436614173224
0
LINE
8
BLACK
6
CONTINUOUS
10
7.2374714173228343
20
-4.4604436614173224
11
7.2374714173228343
21
-4.4635269685039365
0
LINE
8
BLACK
6
CONTINUOUS
10
7.2374714173228343
20
-4.4635269685039365
11
7.2366734251968499
21
-4.4665051968503935
0
LINE
8
BLACK
6
CONTINUOUS
10
7.2366734251968499
20
-4.4665051968503935
11
7.2351317716535428
21
-4.4691753937007874
0
LINE
8
BLACK
6
CONTINUOUS
10
7.2351317716535428
20
-4.4691753937007874
11
7.2329515354330711
21
-4.47135562992126
0
LINE
8
BLACK
6
CONTINUOUS
10
7.2329515354330711
20
-4.47135562992126
11
7.2302813385826772
21
-4.4728972834645671
0
LINE
8
BLACK
6
CONTINUOUS
10
7.2302813385826772
20
-4.4728972834645671
11
7.2273031102362202
21
-4.4736952755905515
0
LINE
8
BLACK
6
CONTINUOUS
10
7.2273031102362202
20
-4.4736952755905515
11
7.2257614566929131
21
-4.4737963385826767
0
LINE
8
BLACK
6
CONTINUOUS
10
7.2257614566929131
20
-4.4737963385826767
11
7.18245437007874
21
-4.4737963385826767
0
LINE
8
BLACK
6
CONTINUOUS
10
7.18245437007874
20
-4.4737963385826767
11
7.1809127165354329
21
-4.4736952755905515
0
LINE
8
BLACK
6
CONTINUOUS
10
7.1809127165354329
20
-4.4736952755905515
11
7.1779344881889759
21
-4.4728972834645671
0
LINE
8
BLACK
6
CONTINUOUS
10
7.1779344881889759
20
-4.4728972834645671
11
7.1752642913385829
21
-4.47135562992126
0
LINE
8
BLACK
6
CONTINUOUS
10
7.1752642913385829
20
-4.47135562992126
11
7.1730840551181103
21
-4.4691753937007874
0
LINE
8
BLACK
6
CONTINUOUS
10
7.1730840551181103
20
-4.4691753937007874
11
7.1715424015748033
21
-4.4665051968503935
0
LINE
8
BLACK
6
CONTINUOUS
10
7.1715424015748033
20
-4.4665051968503935
11
7.1707444094488189
21
-4.4635269685039365
0
LINE
8
BLACK
6
CONTINUOUS
10
7.1707444094488189
20
-4.4635269685039365
11
7.1707444094488189
21
-4.4604436614173224
0
LINE
8
BLACK
6
CONTINUOUS
10
7.1707444094488189
20
-4.4604436614173224
11
7.1715424015748033
21
-4.4574654330708663
0
LINE
8
BLACK
6
CONTINUOUS
10
7.1715424015748033
20
-4.4574654330708663
11
7.1730840551181103
21
-4.4547952362204724
0
LINE
8
BLACK
6
CONTINUOUS
10
7.1730840551181103
20
-4.4547952362204724
11
7.1752642913385829
21
-4.4526149999999998
0
LINE
8
BLACK
6
CONTINUOUS
10
7.1752642913385829
20
-4.4526149999999998
11
7.1779344881889759
21
-4.4510733464566927
0
LINE
8
BLACK
6
CONTINUOUS
10
7.1779344881889759
20
-4.4510733464566927
11
7.1809127165354329
21
-4.4502753543307083
0
LINE
8
BLACK
6
CONTINUOUS
10
7.1809127165354329
20
-4.4502753543307083
11
7.18245437007874
21
-4.4501742913385822
0
LINE
8
BLACK
6
CONTINUOUS
10
7.18245437007874
20
-4.4501742913385822
11
7.2257614566929131
21
-4.4501742913385822
0
LINE
8
BLACK
6
CONTINUOUS
10
7.2257614566929131
20
-4.4501742913385822
11
7.2273031102362202
21
-4.4502753543307083
0
LINE
8
BLACK
6
CONTINUOUS
10
7.2273031102362202
20
-4.790432834645669
11
7.2302813385826772
21
-4.7912308267716535
0
LINE
8
BLACK
6
CONTINUOUS
10
7.2302813385826772
20
-4.7912308267716535
11
7.2329515354330711
21
-4.7927724803149605
0
LINE
8
BLACK
6
CONTINUOUS
10
7.2329515354330711
20
-4.7927724803149605
11
7.2351317716535428
21
-4.7949527165354331
0
LINE
8
BLACK
6
CONTINUOUS
10
7.2351317716535428
20
-4.7949527165354331
11
7.2366734251968499
21
-4.797622913385827
0
LINE
8
BLACK
6
CONTINUOUS
10
7.2366734251968499
20
-4.797622913385827
11
7.2374714173228343
21
-4.8006011417322831
0
LINE
8
BLACK
6
CONTINUOUS
10
7.2374714173228343
20
-4.8006011417322831
11
7.2374714173228343
21
-4.8036844488188972
0
LINE
8
BLACK
6
CONTINUOUS
10
7.2374714173228343
20
-4.8036844488188972
11
7.2366734251968499
21
-4.8066626771653542
0
LINE
8
BLACK
6
CONTINUOUS
10
7.2366734251968499
20
-4.8066626771653542
11
7.2351317716535428
21
-4.8093328740157482
0
LINE
8
BLACK
6
CONTINUOUS
10
7.2351317716535428
20
-4.8093328740157482
11
7.2329515354330711
21
-4.8115131102362207
0
LINE
8
BLACK
6
CONTINUOUS
10
7.2329515354330711
20
-4.8115131102362207
11
7.2302813385826772
21
-4.8130547637795278
0
LINE
8
BLACK
6
CONTINUOUS
10
7.2302813385826772
20
-4.8130547637795278
11
7.2273031102362202
21
-4.8138527559055113
0
LINE
8
BLACK
6
CONTINUOUS
10
7.2273031102362202
20
-4.8138527559055113
11
7.2257614566929131
21
-4.8139538188976374
0
LINE
8
BLACK
6
CONTINUOUS
10
7.2257614566929131
20
-4.8139538188976374
11
7.18245437007874
21
-4.8139538188976374
0
LINE
8
BLACK
6
CONTINUOUS
10
7.18245437007874
20
-4.8139538188976374
11
7.1809127165354329
21
-4.8138527559055113
0
LINE
8
BLACK
6
CONTINUOUS
10
7.1809127165354329
20
-4.8138527559055113
11
7.1779344881889759
21
-4.8130547637795278
0
LINE
8
BLACK
6
CONTINUOUS
10
7.1779344881889759
20
-4.8130547637795278
11
7.1752642913385829
21
-4.8115131102362207
0
LINE
8
BLACK
6
CONTINUOUS
10
7.1752642913385829
20
-4.8115131102362207
11
7.1730840551181103
21
-4.8093328740157482
0
LINE
8
BLACK
6
CONTINUOUS
10
7.1730840551181103
20
-4.8093328740157482
11
7.1715424015748033
21
-4.8066626771653542
0
LINE
8
BLACK
6
CONTINUOUS
10
7.1715424015748033
20
-4.8066626771653542
11
7.1707444094488189
21
-4.8036844488188972
0
LINE
8
BLACK
6
CONTINUOUS
10
7.1707444094488189
20
-4.8036844488188972
11
7.1707444094488189
21
-4.8006011417322831
0
LINE
8
BLACK
6
CONTINUOUS
10
7.1707444094488189
20
-4.8006011417322831
11
7.1715424015748033
21
-4.797622913385827
0
LINE
8
BLACK
6
CONTINUOUS
10
7.1715424015748033
20
-4.797622913385827
11
7.1730840551181103
21
-4.7949527165354331
0
LINE
8
BLACK
6
CONTINUOUS
10
7.1730840551181103
20
-4.7949527165354331
11
7.1752642913385829
21
-4.7927724803149605
0
LINE
8
BLACK
6
CONTINUOUS
10
7.1752642913385829
20
-4.7927724803149605
11
7.1779344881889759
21
-4.7912308267716535
0
LINE
8
BLACK
6
CONTINUOUS
10
7.1779344881889759
20
-4.7912308267716535
11
7.1809127165354329
21
-4.790432834645669
0
LINE
8
BLACK
6
CONTINUOUS
10
7.1809127165354329
20
-4.790432834645669
11
7.18245437007874
21
-4.790331771653543
0
LINE
8
BLACK
6
CONTINUOUS
10
7.18245437007874
20
-4.790331771653543
11
7.2257614566929131
21
-4.790331771653543
0
LINE
8
BLACK
6
CONTINUOUS
10
7.2257614566929131
20
-4.790331771653543
11
7.2273031102362202
21
-4.790432834645669
0
CIRCLE
8
BLACK
10
5.1306748425196851
20
-4.8315168110236222
40
0.0078740157480315
0
CIRCLE
8
BLACK
10
4.3886748425196851
20
-3.0975168110236222
40
0.0078740157480315
0
CIRCLE
8
BLACK
10
6.3386748425196853
20
-3.2375168110236219
40
0.0078740157480315
0
CIRCLE
8
BLACK
10
6.7086748425196845
20
-4.825516811023622
40
0.0078740157480315
0
CIRCLE
8
BLACK
10
7.3986748425196849
20
-4.0375168110236217
40
0.0078740157480315
0
CIRCLE
8
BLACK
10
7.3686748425196846
20
-4.2675168110236221
40
0.0078740157480315
0
CIRCLE
8
BLACK
10
5.619674842519685
20
-4.1285168110236219
40
0.0078740157480315
0
CIRCLE
8
BLACK
10
5.808674842519685
20
-3.2675168110236221
40
0.0078740157480315
0
CIRCLE
8
BLACK
10
6.1496748425196852
20
-3.1485168110236219
40
0.0078740157480315
0
CIRCLE
8
BLACK
10
6.6966748425196849
20
-3.0085168110236218
40
0.0078740157480315
0
CIRCLE
8
BLACK
10
5.3026748425196848
20
-3.5275168110236219
40
0.0078740157480315
0
CIRCLE
8
BLACK
10
6.486674842519685
20
-2.962516811023622
40
0.0078740157480315
0
CIRCLE
8
BLACK
10
4.9886748425196847
20
-4.6040128740157478
40
0.0078740157480315
0
CIRCLE
8
BLACK
10
4.6886748425196849
20
-3.0975168110236222
40
0.0078740157480315
0
CIRCLE
8
BLACK
10
6.5016748425196846
20
-4.6115168110236215
40
0.0078740157480315
0
CIRCLE
8
BLACK
10
5.1886748425196849
20
-2.9975168110236221
40
0.0078740157480315
0
CIRCLE
8
BLACK
10
6.6186748425196846
20
-4.8275168110236217
40
0.0078740157480315
0
CIRCLE
8
BLACK
10
5.5907846062992128
20
-4.4682508267716532
40
0.0078740157480315
0
CIRCLE
8
BLACK
10
5.6666748425196847
20
-3.5555168110236219
40
0.0078740157480315
0
CIRCLE
8
BLACK
10
7.308674842519685
20
-4.0375168110236217
40
0.0078740157480315
0
CIRCLE
8
BLACK
10
6.3286748425196846
20
-4.8275168110236217
40
0.0078740157480315
0
CIRCLE
8
BLACK
10
5.5238970866141734
20
-4.5227902755905509
40
0.0078740157480315
0
CIRCLE
8
BLACK
10
6.5806748425196853
20
-4.405516811023622
40
0.0078740157480315
0
CIRCLE
8
BLACK
10
7.2486748425196845
20
-4.3075168110236222
40
0.0078740157480315
0
CIRCLE
8
BLACK
10
7.3686748425196846
20
-3.8425168110236219
40
0.0078740157480315
0
CIRCLE
8
BLACK
10
6.6871737401574798
20
-3.2139827952755904
40
0.0078740157480315
0
CIRCLE
8
BLACK
10
5.9350274015748026
20
-4.8520443700787403
40
0.0078740157480315
0
CIRCLE
8
BLACK
10
6.7786748425196848
20
-3.829516811023622
40
0.0078740157480315
0
CIRCLE
8
BLACK
10
6.2586748425196852
20
-3.0325168110236218
40
0.0078740157480315
0
CIRCLE
8
BLACK
10
4.2128766141732283
20
-4.4043577952755903
40
0.0078740157480315
0
CIRCLE
8
BLACK
10
7.308674842519685
20
-4.3325168110236216
40
0.0078740157480315
0
CIRCLE
8
BLACK
10
6.0226748425196845
20
-3.2535168110236219
40
0.0078740157480315
0
CIRCLE
8
BLACK
10
4.1638593307086618
20
-4.3082541338582674
40
0.0078740157480315
0
CIRCLE
8
BLACK
10
6.6114536614173227
20
-3.4506893307086615
40
0.0078740157480315
0
CIRCLE
8
BLACK
10
4.7886748425196846
20
-3.0975168110236222
40
0.0078740157480315
0
CIRCLE
8
BLACK
10
5.8786748425196853
20
-2.9975168110236221
40
0.0078740157480315
0
CIRCLE
8
BLACK
10
7.3106748425196848
20
-4.091516811023622
40
0.0078740157480315
0
CIRCLE
8
BLACK
10
6.9026748425196844
20
-3.6015168110236218
40
0.0078740157480315
0
CIRCLE
8
BLACK
10
4.3886748425196851
20
-2.9975168110236221
40
0.0078740157480315
0
CIRCLE
8
BLACK
10
4.2889424015748032
20
-4.642787244094488
40
0.0078740157480315
0
CIRCLE
8
BLACK
10
5.079777204724409
20
-4.6040128740157478
40
0.0078740157480315
0
CIRCLE
8
BLACK
10
7.4506748425196845
20
-2.9365168110236222
40
0.0078740157480315
0
CIRCLE
8
BLACK
10
6.9596748425196848
20
-3.514516811023622
40
0.0078740157480315
0
CIRCLE
8
BLACK
10
4.7326748425196845
20
-4.7415168110236223
40
0.0078740157480315
0
CIRCLE
8
BLACK
10
5.2246748425196845
20
-4.8395168110236222
40
0.0078740157480315
0
CIRCLE
8
BLACK
10
5.6266748425196846
20
-3.9805168110236218
40
0.0078740157480315
0
CIRCLE
8
BLACK
10
5.3016748425196853
20
-3.2655168110236219
40
0.0078740157480315
0
CIRCLE
8
BLACK
10
7.3686748425196846
20
-4.5875168110236215
40
0.0078740157480315
0
CIRCLE
8
BLACK
10
5.2406748425196845
20
-4.7415168110236223
40
0.0078740157480315
0
CIRCLE
8
BLACK
10
7.4186748425196845
20
-3.877516811023622
40
0.0078740157480315
0
CIRCLE
8
BLACK
10
6.5926748425196848
20
-4.163516811023622
40
0.0078740157480315
0
CIRCLE
8
BLACK
10
7.3786748425196853
20
-3.647516811023622
40
0.0078740157480315
0
CIRCLE
8
BLACK
10
6.8346748425196848
20
-3.4795168110236219
40
0.0078740157480315
0
CIRCLE
8
BLACK
10
7.3396748425196847
20
-3.0635168110236219
40
0.0078740157480315
0
CIRCLE
8
BLACK
10
5.9686748425196852
20
-2.9775168110236221
40
0.0078740157480315
0
CIRCLE
8
BLACK
10
6.2906748425196852
20
-2.9815168110236221
40
0.0078740157480315
0
CIRCLE
8
BLACK
10
5.994674842519685
20
-4.4285168110236217
40
0.0078740157480315
0
CIRCLE
8
BLACK
10
4.6827626771653543
20
-4.5815340157480318
40
0.0078740157480315
0
CIRCLE
8
BLACK
10
4.7886748425196846
20
-4.6040128740157478
40
0.0078740157480315
0
CIRCLE
8
BLACK
10
6.0898094094488187
20
-4.8707924015748034
40
0.0078740157480315
0
CIRCLE
8
BLACK
10
7.3686748425196846
20
-4.647516811023622
40
0.0078740157480315
0
CIRCLE
8
BLACK
10
4.2886748425196846
20
-3.0975168110236222
40
0.0078740157480315
0
CIRCLE
8
BLACK
10
7.3686748425196846
20
-4.7175168110236223
40
0.0078740157480315
0
CIRCLE
8
BLACK
10
6.4726748425196847
20
-4.0125168110236222
40
0.0078740157480315
0
CIRCLE
8
BLACK
10
6.6206748425196853
20
-3.9425168110236219
40
0.0078740157480315
0
CIRCLE
8
BLACK
10
7.0296748425196851
20
-4.2225168110236222
40
0.0078740157480315
0
CIRCLE
8
BLACK
10
7.0446748425196848
20
-3.5155168110236219
40
0.0078740157480315
0
CIRCLE
8
BLACK
10
5.526674842519685
20
-3.6285168110236219
40
0.0078740157480315
0
CIRCLE
8
BLACK
10
6.0127919685039366
20
-4.0835681889763782
40
0.0078740157480315
0
CIRCLE
8
BLACK
10
6.7386748425196847
20
-3.2225168110236218
40
0.0078740157480315
0
CIRCLE
8
BLACK
10
5.353674842519685
20
-4.4835168110236223
40
0.0078740157480315
0
CIRCLE
8
BLACK
10
4.8886748425196851
20
-3.0975168110236222
40
0.0078740157480315
0
CIRCLE
8
BLACK
10
6.3056748425196849
20
-4.3535168110236215
40
0.0078740157480315
0
CIRCLE
8
BLACK
10
6.994674842519685
20
-3.599516811023622
40
0.0078740157480315
0
CIRCLE
8
BLACK
10
6.6167850787401576
20
-3.3158632677165354
40
0.0078740157480315
0
CIRCLE
8
BLACK
10
4.8816748425196845
20
-3.1985168110236222
40
0.0078740157480315
0
CIRCLE
8
BLACK
10
7.0236748425196849
20
-3.982516811023622
40
0.0078740157480315
0
CIRCLE
8
BLACK
10
7.3686748425196846
20
-4.5325168110236218
40
0.0078740157480315
0
CIRCLE
8
BLACK
10
6.183674842519685
20
-3.0325168110236218
40
0.0078740157480315
0
CIRCLE
8
BLACK
10
6.0386748425196846
20
-2.9775168110236221
40
0.0078740157480315
0
CIRCLE
8
BLACK
10
4.8886748425196851
20
-4.6040128740157478
40
0.0078740157480315
0
CIRCLE
8
BLACK
10
6.2644228740157475
20
-3.5961782283464565
40
0.0078740157480315
0
CIRCLE
8
BLACK
10
6.7316748425196851
20
-3.4555168110236218
40
0.0078740157480315
0
CIRCLE
8
BLACK
10
7.4286748425196851
20
-3.5375168110236221
40
0.0078740157480315
0
CIRCLE
8
BLACK
10
4.8096748425196854
20
-4.8205168110236221
40
0.0078740157480315
0
CIRCLE
8
BLACK
10
5.6186748425196846
20
-3.2305168110236218
40
0.0078740157480315
0
CIRCLE
8
BLACK
10
6.1686748425196853
20
-2.9775168110236221
40
0.0078740157480315
0
CIRCLE
8
BLACK
10
5.8386748425196853
20
-4.8520443700787403
40
0.0078740157480315
0
CIRCLE
8
BLACK
10
7.3976748425196845
20
-2.9365168110236222
40
0.0078740157480315
0
CIRCLE
8
BLACK
10
4.4886748425196847
20
-3.0975168110236222
40
0.0078740157480315
0
CIRCLE
8
BLACK
10
5.3636748425196847
20
-4.8225168110236218
40
0.0078740157480315
0
CIRCLE
8
BLACK
10
5.5521492519685038
20
-4.026991220472441
40
0.0078740157480315
0
CIRCLE
8
BLACK
10
5.5886748425196853
20
-4.6975168110236218
40
0.0078740157480315
0
CIRCLE
8
BLACK
10
7.1396748425196845
20
-2.9595168110236219
40
0.0078740157480315
0
CIRCLE
8
BLACK
10
4.3016748425196853
20
-4.7185168110236217
40
0.0078740157480315
0
CIRCLE
8
BLACK
10
6.3976748425196845
20
-3.9775168110236221
40
0.0078740157480315
0
CIRCLE
8
BLACK
10
6.736674842519685
20
-2.9595168110236219
40
0.0078740157480315
0
CIRCLE
8
BLACK
10
6.8016748425196845
20
-3.978516811023622
40
0.0078740157480315
0
CIRCLE
8
BLACK
10
4.5046748425196848
20
-3.1785168110236222
40
0.0078740157480315
0
CIRCLE
8
BLACK
10
6.1086748425196848
20
-2.9775168110236221
40
0.0078740157480315
0
CIRCLE
8
BLACK
10
5.4276748425196848
20
-3.6215168110236218
40
0.0078740157480315
0
CIRCLE
8
BLACK
10
5.0886748425196853
20
-2.9975168110236221
40
0.0078740157480315
0
CIRCLE
8
BLACK
10
5.2066748425196847
20
-3.2035168110236221
40
0.0078740157480315
0
CIRCLE
8
BLACK
10
7.3686748425196846
20
-3.5375168110236221
40
0.0078740157480315
0
CIRCLE
8
BLACK
10
7.0836748425196845
20
-4.8025168110236223
40
0.0078740157480315
0
CIRCLE
8
BLACK
10
6.9803362598425194
20
-4.41685531496063
40
0.0078740157480315
0
CIRCLE
8
BLACK
10
7.3836748425196852
20
-3.7225168110236218
40
0.0078740157480315
0
CIRCLE
8
BLACK
10
4.2886748425196846
20
-2.9975168110236221
40
0.0078740157480315
0
CIRCLE
8
BLACK
10
6.1626748425196851
20
-4.2760128740157484
40
0.0078740157480315
0
CIRCLE
8
BLACK
10
7.3186748425196848
20
-3.5375168110236221
40
0.0078740157480315
0
CIRCLE
8
BLACK
10
5.8966748425196851
20
-4.357516811023622
40
0.0078740157480315
0
CIRCLE
8
BLACK
10
7.0604498425196844
20
-4.1300364960629921
40
0.0078740157480315
0
CIRCLE
8
BLACK
10
6.0318584645669286
20
-4.8567924015748032
40
0.0078740157480315
0
CIRCLE
8
BLACK
10
7.207674842519685
20
-2.9365168110236222
40
0.0078740157480315
0
CIRCLE
8
BLACK
10
7.4536748425196846
20
-3.0635168110236219
40
0.0078740157480315
0
CIRCLE
8
BLACK
10
7.4046748425196851
20
-3.0655168110236222
40
0.0078740157480315
0
CIRCLE
8
BLACK
10
7.0556748425196849
20
-2.9805168110236218
40
0.0078740157480315
0
CIRCLE
8
BLACK
10
5.9036748425196848
20
-3.2315168110236221
40
0.0078740157480315
0
CIRCLE
8
BLACK
10
6.8676748425196852
20
-3.3115168110236222
40
0.0078740157480315
0
CIRCLE
8
BLACK
10
5.6686748425196853
20
-3.3175168110236219
40
0.0078740157480315
0
CIRCLE
8
BLACK
10
6.2236748425196851
20
-3.1045168110236219
40
0.0078740157480315
0
CIRCLE
8
BLACK
10
6.7826748425196852
20
-3.7465168110236218
40
0.0078740157480315
0
CIRCLE
8
BLACK
10
5.4296748425196846
20
-2.9575168110236221
40
0.0078740157480315
0
CIRCLE
8
BLACK
10
6.4986748425196845
20
-4.3245168110236216
40
0.0078740157480315
0
CIRCLE
8
BLACK
10
6.4826748425196845
20
-3.220516811023622
40
0.0078740157480315
0
CIRCLE
8
BLACK
10
4.6086748425196848
20
-4.5805168110236218
40
0.0078740157480315
0
CIRCLE
8
BLACK
10
5.3726748425196851
20
-4.2065168110236222
40
0.0078740157480315
0
CIRCLE
8
BLACK
10
5.6386748425196851
20
-4.740516811023622
40
0.0078740157480315
0
CIRCLE
8
BLACK
10
4.2916748425196847
20
-3.1735168110236218
40
0.0078740157480315
0
CIRCLE
8
BLACK
10
5.8786748425196853
20
-3.0675168110236219
40
0.0078740157480315
0
CIRCLE
8
BLACK
10
7.4186748425196845
20
-4.2675168110236221
40
0.0078740157480315
0
CIRCLE
8
BLACK
10
7.0460790157480311
20
-3.5986604724409448
40
0.0078740157480315
0
CIRCLE
8
BLACK
10
4.5886748425196853
20
-3.0975168110236222
40
0.0078740157480315
0
CIRCLE
8
BLACK
10
5.2886748425196846
20
-2.9975168110236221
40
0.0078740157480315
0
CIRCLE
8
BLACK
10
6.9796958267716533
20
-3.9610380314960629
40
0.0078740157480315
0
CIRCLE
8
BLACK
10
4.4196748425196848
20
-4.7295168110236219
40
0.0078740157480315
0
CIRCLE
8
BLACK
10
7.3206748425196846
20
-2.9415168110236221
40
0.0078740157480315
0
CIRCLE
8
BLACK
10
7.4486748425196847
20
-4.0375168110236217
40
0.0078740157480315
0
CIRCLE
8
BLACK
10
5.7016748425196848
20
-3.9425168110236219
40
0.0078740157480315
0
CIRCLE
8
BLACK
10
6.8987635826771649
20
-3.9070590944881887
40
0.0078740157480315
0
CIRCLE
8
BLACK
10
6.433674842519685
20
-4.1865168110236217
40
0.0078740157480315
0
CIRCLE
8
BLACK
10
5.6636748425196846
20
-4.3325168110236216
40
0.0078740157480315
0
CIRCLE
8
BLACK
10
6.4686748425196852
20
-4.8275168110236217
40
0.0078740157480315
0
CIRCLE
8
BLACK
10
5.7158024015748028
20
-3.7268470472440942
40
0.0078740157480315
0
CIRCLE
8
BLACK
10
5.9706748425196849
20
-3.3135168110236219
40
0.0078740157480315
0
CIRCLE
8
BLACK
10
6.0663539370078743
20
-3.3987940157480314
40
0.0078740157480315
0
CIRCLE
8
BLACK
10
6.0274216141732282
20
-3.3929386220472439
40
0.0078740157480315
0
CIRCLE
8
BLACK
10
6.7648165748031497
20
-4.473343582677165
40
0.0078740157480315
0
CIRCLE
8
BLACK
10
6.8186748425196848
20
-4.1405168110236223
40
0.0078740157480315
0
CIRCLE
8
BLACK
10
6.3287523228346458
20
-3.5316427952755904
40
0.0078740157480315
0
CIRCLE
8
BLACK
10
5.3132415748031496
20
-4.6998201574803149
40
0.0078740157480315
0
CIRCLE
8
BLACK
10
5.3132417716535434
20
-4.6119262598425195
40
0.0078740157480315
0
CIRCLE
8
BLACK
10
6.1849979921259841
20
-3.4923126771653541
40
0.0078740157480315
0
CIRCLE
8
BLACK
10
6.5543756692913382
20
-3.5690128740157481
40
0.0078740157480315
0
CIRCLE
8
BLACK
10
5.3876748425196848
20
-4.039114960629921
40
0.0078740157480315
0
CIRCLE
8
BLACK
10
6.7648165748031497
20
-4.3690128740157483
40
0.0078740157480315
0
CIRCLE
8
BLACK
10
7.0919819291338584
20
-4.0847609055118106
40
0.0078740157480315
0
CIRCLE
8
BLACK
10
4.4446748425196851
20
-3.893516811023622
40
0.0078740157480315
0
CIRCLE
8
BLACK
10
4.3286748425196846
20
-3.337516811023622
40
0.0078740157480315
0
CIRCLE
8
BLACK
10
6.1772600393700783
20
-3.9320931102362202
40
0.0078740157480315
0
CIRCLE
8
BLACK
10
4.6486748425196849
20
-3.3325168110236221
40
0.0078740157480315
0
CIRCLE
8
BLACK
10
5.042525236220472
20
-4.1835168110236216
40
0.0078740157480315
0
CIRCLE
8
BLACK
10
5.8218841338582674
20
-3.7586670472440944
40
0.0078740157480315
0
CIRCLE
8
BLACK
10
4.9264037007874011
20
-4.235787874015748
40
0.0078740157480315
0
CIRCLE
8
BLACK
10
6.1540765748031498
20
-3.84811531496063
40
0.0078740157480315
0
CIRCLE
8
BLACK
10
5.1009583070866142
20
-3.5675168110236219
40
0.0078740157480315
0
CIRCLE
8
BLACK
10
5.1816748425196852
20
-3.6265168110236221
40
0.0078740157480315
0
CIRCLE
8
BLACK
10
4.7266748425196852
20
-4.0415168110236221
40
0.0078740157480315
0
CIRCLE
8
BLACK
10
4.9206748425196851
20
-3.651516811023622
40
0.0078740157480315
0
CIRCLE
8
BLACK
10
6.1256747637795277
20
-4.0063143307086611
40
0.0078740157480315
0
CIRCLE
8
BLACK
10
4.2726748425196845
20
-4.0855168110236217
40
0.0078740157480315
0
CIRCLE
8
BLACK
10
5.978674842519685
20
-3.7875168110236221
40
0.0078740157480315
0
CIRCLE
8
BLACK
10
4.058674842519685
20
-3.5975168110236218
40
0.0078740157480315
0
CIRCLE
8
BLACK
10
4.9686748425196852
20
-3.647516811023622
40
0.0078740157480315
0
CIRCLE
8
BLACK
10
4.6606748425196853
20
-4.3915168110236218
40
0.0078740157480315
0
CIRCLE
8
BLACK
10
5.0247496456692913
20
-3.3395916141732283
40
0.0078740157480315
0
CIRCLE
8
BLACK
10
5.0886748425196853
20
-4.2415168110236223
40
0.0078740157480315
0
CIRCLE
8
BLACK
10
4.691674842519685
20
-4.4723395669291337
40
0.0078740157480315
0
CIRCLE
8
BLACK
10
6.6166747637795273
20
-4.5955168110236215
40
0.0078740157480315
0
CIRCLE
8
BLACK
10
6.800674842519685
20
-3.9021152362204723
40
0.0078740157480315
0
CIRCLE
8
BLACK
10
6.4186748425196845
20
-4.5955168110236215
40
0.0078740157480315
0
CIRCLE
8
BLACK
10
6.129304763779527
20
-3.3841346062992126
40
0.0078740157480315
0
CIRCLE
8
BLACK
10
6.7183598818897634
20
-4.0512961811023622
40
0.0078740157480315
0
CIRCLE
8
BLACK
10
5.6096984645669288
20
-3.6764931889763779
40
0.0078740157480315
0
CIRCLE
8
BLACK
10
5.832674842519685
20
-3.4315168110236218
40
0.0078740157480315
0
CIRCLE
8
BLACK
10
6.3030024409448817
20
-3.4920327165354328
40
0.0078740157480315
0
CIRCLE
8
BLACK
10
5.8236748425196847
20
-3.925516811023622
40
0.0078740157480315
0
CIRCLE
8
BLACK
10
5.7876747637795276
20
-4.5455168110236217
40
0.0078740157480315
0
CIRCLE
8
BLACK
10
6.183674842519685
20
-4.5425168110236216
40
0.0078740157480315
0
CIRCLE
8
BLACK
10
5.9896748425196851
20
-4.546516811023622
40
0.0078740157480315
0
CIRCLE
8
BLACK
10
6.6146748425196851
20
-2.9895168110236221
40
0.0078740157480315
0
CIRCLE
8
BLACK
10
7.0626748425196846
20
-3.3675168110236218
40
0.0078740157480315
0
CIRCLE
8
BLACK
10
6.5366748425196848
20
-3.3275167322834647
40
0.0078740157480315
0
CIRCLE
8
BLACK
10
7.0606748425196848
20
-3.4275168110236218
40
0.0078740157480315
0
CIRCLE
8
BLACK
10
6.3786748425196853
20
-3.3115168110236222
40
0.0078740157480315
0
CIRCLE
8
BLACK
10
5.8986748425196849
20
-3.3805168110236221
40
0.0078740157480315
0
CIRCLE
8
BLACK
10
5.018674842519685
20
-3.6785168110236222
40
0.0078740157480315
0
CIRCLE
8
BLACK
10
5.8256748425196845
20
-3.8785168110236219
40
0.0078740157480315
0
CIRCLE
8
BLACK
10
6.315745433070866
20
-3.7059391732283462
40
0.0078740157480315
0
CIRCLE
8
BLACK
10
5.8886748425196851
20
-4.4475168110236218
40
0.0078740157480315
0
CIRCLE
8
BLACK
10
6.2487961417322833
20
-3.7165968897637796
40
0.0078740157480315
0
CIRCLE
8
BLACK
10
6.2906748425196852
20
-4.5215168110236217
40
0.0078740157480315
0
CIRCLE
8
BLACK
10
6.2791224015748028
20
-3.6914905511811025
40
0.0078740157480315
0
CIRCLE
8
BLACK
10
6.1896748425196852
20
-4.3125168110236221
40
0.0078740157480315
0
CIRCLE
8
BLACK
10
5.8966748425196851
20
-4.2795167322834642
40
0.0078740157480315
0
CIRCLE
8
BLACK
10
6.0277366141732278
20
-3.4575089370078738
40
0.0078740157480315
0
CIRCLE
8
BLACK
10
7.1100455118110233
20
-4.4972494094488189
40
0.0078740157480315
0
CIRCLE
8
BLACK
10
7.1086748425196848
20
-4.5925168110236223
40
0.0078740157480315
0
CIRCLE
8
BLACK
10
6.6262338976377952
20
-4.4253120866141735
40
0.0078740157480315
0
CIRCLE
8
BLACK
10
6.979383503937008
20
-4.3119262598425196
40
0.0078740157480315
0
CIRCLE
8
BLACK
10
7.1746748425196847
20
-3.7035168110236221
40
0.0078740157480315
0
CIRCLE
8
BLACK
10
7.0646753937007869
20
-4.49751625984252
40
0.0078740157480315
0
CIRCLE
8
BLACK
10
6.7749669291338579
20
-4.5260415354330705
40
0.0078740157480315
0
CIRCLE
8
BLACK
10
7.1186748425196846
20
-4.7275168110236221
40
0.0078740157480315
0
CIRCLE
8
BLACK
10
5.1852596850393704
20
-4.3289499212598423
40
0.0078740157480315
0
CIRCLE
8
BLACK
10
5.8313790157480314
20
-3.6358610236220472
40
0.0078740157480315
0
CIRCLE
8
BLACK
10
5.7806748425196846
20
-3.6831861023622046
40
0.0078740157480315
0
CIRCLE
8
BLACK
10
4.3442337007874015
20
-3.6749579527559053
40
0.0078740157480315
0
CIRCLE
8
BLACK
10
5.273871692913386
20
-4.1345168110236221
40
0.0078740157480315
0
CIRCLE
8
BLACK
10
4.9970932677165356
20
-3.8770117322834645
40
0.0078740157480315
0
CIRCLE
8
BLACK
10
4.2576750787401574
20
-3.752516811023622
40
0.0078740157480315
0
CIRCLE
8
BLACK
10
6.3484150000000001
20
-3.6434799999999998
40
0.0078740157480315
0
CIRCLE
8
BLACK
10
7.3386748425196853
20
-3.2235168110236221
40
0.0078740157480315
0
CIRCLE
8
BLACK
10
6.5150429527559055
20
-3.7251487007874013
40
0.0078740157480315
0
CIRCLE
8
BLACK
10
5.5728348818897633
20
-4.2483961417322833
40
0.0078740157480315
0
CIRCLE
8
BLACK
10
4.2816749212598424
20
-4.4545168503937003
40
0.0078740157480315
0
CIRCLE
8
BLACK
10
5.5143579921259844
20
-4.7101999606299207
40
0.0078740157480315
0
CIRCLE
8
BLACK
10
6.3423453937007874
20
-3.6044459448818897
40
0.0078740157480315
0
CIRCLE
8
BLACK
10
7.3366748425196846
20
-3.2735168110236219
40
0.0078740157480315
0
CIRCLE
8
BLACK
10
5.4926748425196852
20
-4.6735168110236218
40
0.0078740157480315
0
CIRCLE
8
BLACK
10
4.4099260629921258
20
-4.4582656692913387
40
0.0078740157480315
0
CIRCLE
8
BLACK
10
5.5597535826771649
20
-4.1785168110236217
40
0.0078740157480315
0
CIRCLE
8
BLACK
10
6.6351497637795278
20
-3.6872337007874014
40
0.0078740157480315
0
CIRCLE
8
BLACK
10
6.7385205118110232
20
-4.2171303937007876
40
0.0078740157480315
0
CIRCLE
8
BLACK
10
7.0146748425196845
20
-3.8055168110236219
40
0.0078740157480315
0
CIRCLE
8
BLACK
10
6.3441709055118105
20
-3.4265167716535432
40
0.0078740157480315
0
CIRCLE
8
BLACK
10
6.9036748425196848
20
-4.1525168110236219
40
0.0078740157480315
0
CIRCLE
8
BLACK
10
7.0159380314960629
20
-3.8907800787401574
40
0.0078740157480315
0
CIRCLE
8
BLACK
10
6.3106744488188973
20
-3.3875168110236218
40
0.0078740157480315
0
CIRCLE
8
BLACK
10
6.9586748425196845
20
-4.163516811023622
40
0.0078740157480315
0
CIRCLE
8
BLACK
10
6.7683655118110231
20
-4.1914538188976378
40
0.0078740157480315
0
CIRCLE
8
BLACK
10
4.7404071259842517
20
-4.1773002755905511
40
0.0078740157480315
0
CIRCLE
8
BLACK
10
6.057771535433071
20
-3.4858940944881889
40
0.0078740157480315
  0
ENDSEC
  0
EOF
